11508.csv,鼎沐國際股份有限公司,65013242,,新北市鶯歌區鳳鳴里福安街62號1樓,新北市鶯歌區鳳鳴里,陳虹志,96791277,股份有限公司,,1141229,生產中,32家具製造業  ,320家具  
11508.csv,鼎泰超合金鋁業股份有限公司,99659346,08310011140084,臺南市關廟區埤頭里關新路2段36號Ａ棟,臺南市關廟區埤頭里,洪玉環　,89223068,股份有限公司,0830822,0830829,生產中,24基本金屬製造業  ,242鋁  
11508.csv,龍慶鋼鐵企業股份有限公司第二廠,64003777,6364091642,高雄市小港區山明里利昌街５號,高雄市小港區山明里,謝進南,85793919,股份有限公司,0630709,0731128,生產中,24基本金屬製造業  ,241鋼鐵  
11508.csv,龍慶鋼鐵企業股份有限公司,64000032,,高雄市小港區山明里利昌街4號,高雄市小港區山明里,謝進南,85793919,股份有限公司,,0661128,生產中,24基本金屬製造業  ,241鋼鐵  
11508.csv,龍谷精密工業有限公司,S6600018,,臺中市豐原區朴子里國豐路三段375號,臺中市豐原區朴子里,王明志,24252624,有限公司,,1090422,生產中,29機械設備製造業  ,293通用機械設備  
11508.csv,鼎泰超合金鋁業股份有限公司左鎮廠,67004059,,臺南市左鎮區內庄里內庄54之18號,臺南市左鎮區內庄里,洪玉環,89223068,股份有限公司,,1140428,生產中,24基本金屬製造業  ,242鋁  
11508.csv,鼎瀚工業社,07006101,11410007800239,彰化縣埔鹽鄉崑崙村彰水路一段110號一樓,彰化縣埔鹽鄉崑崙村,陳清為,82435622,合夥,1140701,1140708,生產中,25金屬製品製造業  ,259其他金屬製品  
11508.csv,齊安塑膠廠,07004369,11010007801295,彰化縣大城鄉菜寮村東平路8之10號,彰化縣大城鄉菜寮村,林昆毅,82421872,獨資,1100707,1100719,生產中,22塑膠製品製造業  ,220塑膠製品  
11508.csv,鼎元光電科技股份有限公司科中廠,95D00121,,新竹科學園區苗栗縣竹南鎮科中路15號,苗栗縣竹南鎮,李榮寰,22434156,股份有限公司,,1071005,生產中,26電子零組件製造業  ,264光電材料及元件、269其他電子零組件  
11508.csv,鼎元工業有限公司,66012435,,臺中市神岡區岸裡里大富路61巷94號1樓,臺中市神岡區岸裡里,王俊煌,53515560,有限公司,,1150519,生產中,29機械設備製造業  ,292其他專用機械設備、293通用機械設備  
11508.csv,鼎元鑫鋼品有限公司,07004732,,彰化縣鹿港鎮詔安里詔安巷136-5號1樓,彰化縣鹿港鎮詔安里,黃惠珠,90206088,有限公司,,1110329,生產中,25金屬製品製造業  ,252金屬結構及建築組件、259其他金屬製品  
11508.csv,鼎特美有限公司,99718863,,新北市五股區興珍里中興路一段四六巷三二號一樓,新北市五股區興珍里,王建成,24260808,有限公司,,0971124,生產中,29機械設備製造業、33其他製造業  ,293通用機械設備、332醫療器材及用品  
11508.csv,鼎剛有限公司,99622756,08410003008310,桃園市蘆竹區內厝里長興路三段二二九巷四九號,桃園市蘆竹區內厝里,連明通　　　,89903522,有限公司,0840119,0840829,生產中,24基本金屬製造業  ,242鋁、243銅  
11508.csv,鼎力興金屬工業股份有限公司分廠,99644181,08410006014048,臺中市潭子區栗林里中山路三段四九九號,臺中市潭子區栗林里,林榮燦,89889280,股份有限公司,0840119,0850924,生產中,24基本金屬製造業、25金屬製品製造業  ,241鋼鐵、254金屬加工處理、259其他金屬製品  
11508.csv,鼎勝塑膠有限公司,99695628,,新北市新莊區頭前里化成路三九八巷一一號一樓,新北市新莊區頭前里,黃品州,13024379,有限公司,,0950623,生產中,22塑膠製品製造業、29機械設備製造業、25金屬製品製造業  ,220塑膠製品、293通用機械設備、251金屬刀具、手工具及模具  
11508.csv,鼎發國際有限公司,68000433,,桃園市龍潭區高平里高楊南路238巷125弄14號(1樓),桃園市龍潭區高平里,林珅億,24369413,有限公司,,1041230,生產中,08食品製造業  ,083蔬果加工  
11508.csv,鼎發實業社,03001858,,桃園市龜山區南上里民生北路一段397號2樓,桃園市龜山區南上里,鍾旭奇,30241202,獨資,,1020821,生產中,12成衣及服飾品製造業  ,121成衣  
11508.csv,齊豐實業有限公司,99610551,07910001162241,新北市新莊區建安里新樹路四四號,新北市新莊區建安里,劉瑞仁,34663219,有限公司,0790629,0790818,生產中,25金屬製品製造業、29機械設備製造業  ,259其他金屬製品、293通用機械設備  
11508.csv,齊鋁精材股份有限公司,67003077,,臺南市永康區王行里環工路41號,臺南市永康區王行里,王國清,83104001,股份有限公司,,1100726,生產中,24基本金屬製造業  ,242鋁  
11508.csv,龍鈦精密有限公司,04000180,,新竹縣竹北市泰和里博愛街646巷8號3樓,新竹縣竹北市泰和里,徐俊能,24226555,有限公司,,1010725,生產中,25金屬製品製造業、29機械設備製造業  ,251金屬刀具、手工具及模具、254金屬加工處理、293通用機械設備  
11508.csv,鼎勝造船企業有限公司八里廠,99692416,,新北市八里區大崁里忠孝路二五八號一樓,新北市八里區大崁里,李長順,23089049,有限公司,,0930419,生產中,31其他運輸工具及其零件製造業  ,311船舶及浮動設施  
11508.csv,鼎原鋼品有限公司,S0703675,,彰化縣和美鎮面前里西安路141巷78弄臨69-1號,彰化縣和美鎮面前里,李春亨,42756788,有限公司,,1150326,生產中,25金屬製品製造業  ,259其他金屬製品、252金屬結構及建築組件  
11508.csv,鼎原鋼品有限公司二廠,07002137,,彰化縣和美鎮竹營里德美路260巷39號1樓,彰化縣和美鎮竹營里,賴素卿,42756788,有限公司,,1060511,生產中,25金屬製品製造業  ,252金屬結構及建築組件、259其他金屬製品  
11508.csv,鼎叡企業有限公司,65002568,,新北市汐止區環河里福德二路343號1樓,新北市汐止區環河里,林飛井,86161243,有限公司,,1021029,生產中,25金屬製品製造業、30汽車及其零件製造業  ,252金屬結構及建築組件、303汽車零件  
11508.csv,鼎合股份有限公司,99666380,08010014324140,臺東縣臺東市豐樂里大勇路四十六號,臺東縣臺東市豐樂里,田丁義,84536626,股份有限公司,0801218,0820621,生產中,25金屬製品製造業  ,252金屬結構及建築組件  
11508.csv,鼎吉企業有限公司,99641826,08610006250550,臺中市豐原區南村里水源路427巷1號,臺中市豐原區南村里,江裕民,86214760,有限公司,0860922,0861015,生產中,24基本金屬製造業、29機械設備製造業  ,241鋼鐵、242鋁、293通用機械設備、243銅  
11508.csv,鼎盛國際展業有限公司,65011427,,新北市樹林區三多里三德街57號,新北市樹林區三多里,陳奕任,93762411,有限公司,,1121005,生產中,14木竹製品製造業  ,140木竹製品  
11508.csv,龍錡鋼鐵有限公司,S0500238,,苗栗縣頭份市山下里5鄰山下街236巷143號,苗栗縣頭份市山下里,吳志添,24614041,有限公司,,1130611,生產中,25金屬製品製造業  ,252金屬結構及建築組件  
11508.csv,鼎和實業股份有限公司下營廠,S6700613,,臺南市下營區西連里連表1之28號,臺南市下營區西連里,石亦豐,24208629,股份有限公司,,1091015,生產中,17石油及煤製品製造業  ,170石油及煤製品  
11508.csv,龍佑鋼鐵工業有限公司一廠,64010135,,高雄市大寮區會結里河堤路三段568號,高雄市大寮區會結里,陳坤龍,53041607,有限公司,,1140602,生產中,25金屬製品製造業、25金屬製品製造業  ,254金屬加工處理  
11508.csv,龍陞鋼鐵有限公司高雄廠,99704674,,高雄市仁武區竹後里竹楠路３３巷３２號,高雄市仁武區竹後里,王天意,76488403,有限公司,,0940302,生產中,25金屬製品製造業  ,254金屬加工處理  
11508.csv,龍雲鑄造股份有限公司,99633283,07910006174920,臺中市大甲區日南里幼獅路六三號,臺中市大甲區日南里,王澤民,56660904,股份有限公司,0791018,0720705,生產中,24基本金屬製造業  ,241鋼鐵  
11508.csv,龍雲鑄造股份有限公司機械廠,99633282,07910006174921,臺中市大甲區日南里工三路二０號,臺中市大甲區日南里,王澤民,56660904,股份有限公司,0791019,0791019,生產中,25金屬製品製造業、24基本金屬製造業  ,259其他金屬製品、241鋼鐵  
11508.csv,鼎糧食品廠有限公司新北廠,65012422,,新北市鶯歌區二甲里二甲路300號,新北市鶯歌區二甲里,廖書琛,29174535,有限公司,,1140103,生產中,08食品製造業  ,089其他食品、083蔬果加工  
11508.csv,龍泰鋼鐵工業股份有限公司二廠,99707638,,桃園市龜山區南上里民生北路１段５４巷５１號,桃園市龜山區南上里,葉步春　　　,43742030,股份有限公司,,0970604,生產中,25金屬製品製造業  ,254金屬加工處理、252金屬結構及建築組件  
11508.csv,龍頂鋼鐵股份有限公司,99706547,,桃園市龍潭區烏林里３８鄰工二路５０號,桃園市龍潭區烏林里,游正崇,89855697,股份有限公司,,0950823,生產中,25金屬製品製造業  ,252金屬結構及建築組件  
11508.csv,鼎宏欣實業有限公司二廠,07006241,,彰化縣彰化市茄苳里茄苳路二段565巷19號,彰化縣彰化市茄苳里,林孟葦,55940105,有限公司,,1141118,生產中,25金屬製品製造業  ,259其他金屬製品  
11508.csv,鼎翰光電股份有限公司,99713415,,臺中市大里區仁化里仁義路１４０號,臺中市大里區仁化里,王俊堯,24227479,股份有限公司,,0981021,生產中,29機械設備製造業、28電力設備及配備製造業  ,292其他專用機械設備、293通用機械設備、284照明設備及配備  
11508.csv,龍全科技股份有限公司,65002437,,新北市三重區永發里後竹圍街301號1樓,新北市三重區永發里,伍景郁,80565346,股份有限公司,,1020820,生產中,25金屬製品製造業、29機械設備製造業  ,259其他金屬製品、293通用機械設備  
11508.csv,鼎富金屬有限公司,68005042,,桃園市龜山區福源里湖山街180巷110號,桃園市龜山區福源里,謝士斌,68473407,有限公司,,1110825,生產中,24基本金屬製造業  ,242鋁  
11508.csv,鼎富高壓科技股份有限公司,13000943,,屏東縣內埔鄉豐田村建工路12-6號,屏東縣內埔鄉豐田村,鄭育欣,00252439,股份有限公司,,1140123,生產中,25金屬製品製造業  ,254金屬加工處理  
11508.csv,鼎寶巽實業股份有限公司,99684468,,臺南市關廟區下湖里南雄路2段900號,臺南市關廟區下湖里,潘兆麟,80711523,股份有限公司,,0930623,生產中,24基本金屬製造業  ,242鋁  
11508.csv,鼎寶鑫鋼品有限公司,07006141,,彰化縣鹿港鎮大有里復興南路508巷6號1樓,彰化縣鹿港鎮大有里,陳雅瑄,00034011,有限公司,,1140814,生產中,25金屬製品製造業  ,252金屬結構及建築組件、259其他金屬製品  
11508.csv,鼎尚工業股份有限公司,99720564,,臺中市北屯區東光里北屯路298巷57號,臺中市北屯區東光里,高振輝,24371488,股份有限公司,,0980330,生產中,29機械設備製造業  ,292其他專用機械設備  
11508.csv,鼎臻實業有限公司,99614070,07710001174161,新北市蘆洲區溪墘里中山一路九五巷二二弄九號,新北市蘆洲區溪墘里,謝哲仁,23512475,有限公司,0770621,0781128,生產中,24基本金屬製造業  ,242鋁  
11508.csv,鼎臻實業有限公司林口廠,65007752,,新北市林口區東林里工五路2之1號,新北市林口區東林里,謝哲仁,23512475,有限公司,,1080515,生產中,24基本金屬製造業、25金屬製品製造業、26電子零組件製造業、30汽車及其零件製造業  ,242鋁、259其他金屬製品、269其他電子零組件、303汽車零件  
11508.csv,鼎臻實業有限公司蘆洲廠,65000716,,新北市蘆洲區溪墘里中山一路95巷22弄13號1樓,新北市蘆洲區溪墘里,謝哲仁,23512475,有限公司,,1000831,生產中,24基本金屬製造業  ,242鋁  
11508.csv,龍助企業社,99613078,08910001087381,新北市樹林區東山里東順街九０巷三弄一七號一樓,新北市樹林區東山里,黃清發,08567817,獨資,0890420,0890524,生產中,25金屬製品製造業、29機械設備製造業、24基本金屬製造業  ,241鋼鐵、254金屬加工處理、242鋁、252金屬結構及建築組件  
11508.csv,龍勝五金鋼鐵有限公司,64004515,7664105719,高雄市鼓山區龍子里大順一路432巷39號,高雄市鼓山區龍子里,黃阿娥,81082086,有限公司,0760519,0780726,生產中,25金屬製品製造業  ,259其他金屬製品  
11508.csv,龍王企業股份有限公司,99674548,06010000009614,臺南市安南區安東里安和路2段54巷81號,臺南市安南區安東里,王鑑鍾,68995102,股份有限公司,0600225,0620111,生產中,24基本金屬製造業  ,242鋁  
11508.csv,鼎川橡膠興業有限公司,S6400358,,高雄市大寮區翁園里光明路三段４３６號,高雄市大寮區翁園里,莊育川,70423241,有限公司,,1090821,生產中,21橡膠製品製造業  ,210橡膠製品  
11508.csv,錩國際有限公司,99720512,,臺中市南區樹德里復興北路432巷8號,臺中市南區樹德里,洪德音,28128886,有限公司,,0971021,生產中,24基本金屬製造業  ,241鋼鐵  
11508.csv,鼎強鐵材有限公司,99661059,08010011133469,臺南市永康區尚頂里中正南路349巷68之1號,臺南市永康區尚頂里,許晋榜　,86188778,有限公司,0801007,0810628,生產中,25金屬製品製造業、24基本金屬製造業  ,252金屬結構及建築組件、242鋁  
11508.csv,龍宏工業有限公司,99644242,08610006041642,臺中市龍井區三德里中厝路一三七巷二號,臺中市龍井區三德里,楊世雄,22491851,有限公司,0860304,0860321,生產中,22塑膠製品製造業、33其他製造業  ,220塑膠製品、331育樂用品  
11508.csv,龍秀特殊鋼股份有限公司,99632512,07410000285624,苗栗縣頭份市濫坑里二鄰尖豐路七八三巷一七弄五號,苗栗縣頭份市濫坑里,郭建麟,50547700,股份有限公司,0740905,0750606,生產中,24基本金屬製造業  ,241鋼鐵  
11508.csv,龍緗實業有限公司,99625304,08210003075241,桃園市八德區瑞德里介壽路二段一四○八號一樓,桃園市八德區瑞德里,郭正發　　　,22566992,有限公司,0820617,0820702,生產中,29機械設備製造業、25金屬製品製造業  ,254金屬加工處理、293通用機械設備  
11508.csv,鼎新盛鋼品有限公司,66006150,,臺中市烏日區前竹里光明路383號,臺中市烏日區前竹里,許金麗,24427194,有限公司,,1070111,生產中,25金屬製品製造業  ,254金屬加工處理  
11508.csv,鼎新醫技有限公司,07002401,,彰化縣芬園鄉芬園村彰南路三段478號、478-1號,彰化縣芬園鄉芬園村,林美玲,24374838,有限公司,,1061214,生產中,33其他製造業  ,332醫療器材及用品  
11508.csv,鼎錄鋼鐵股份有限公司,99620690,07710000286111,宜蘭縣冬山鄉大興村德興一路71號,宜蘭縣冬山鄉大興村,羅雙溪　　　,22308806,股份有限公司,0771228,0820128,生產中,25金屬製品製造業、29機械設備製造業  ,253金屬容器、259其他金屬製品、293通用機械設備、292其他專用機械設備  
11508.csv,鼎昌實業有限公司,65004221,,新北市中和區碧河里建八路139巷2號(1、2樓),新北市中和區碧河里,曾瑀翔,24305729,有限公司,,1040729,生產中,08食品製造業  ,081肉類加工  
11508.csv,鼎鑫冷凍食品有限公司,02000241,,宜蘭縣五結鄉成興村利工一路二段99號,宜蘭縣五結鄉成興村,林宏勇,54226321,有限公司,,1050901,生產中,08食品製造業  ,081肉類加工、082水產加工  
11508.csv,宜美不銹鋼工業有限公司,99625188,08210000074664,桃園市桃園區大林里桃鶯路４４５之１號１樓,桃園市桃園區大林里,郭顯芬　　　,22413743,有限公司,0820601,0821230,生產中,32家具製造業  ,320家具  
11508.csv,家騏有限公司,03000784,,桃園市八德區大福里力行街50巷15弄5號,桃園市八德區大福里,謝明煌,24256500,有限公司,,1001128,生產中,08食品製造業  ,081肉類加工  
11508.csv,富承機械工程有限公司一廠,09000163,,雲林縣虎尾鎮興南里64之1號1樓,雲林縣虎尾鎮興南里,林峻翌,80624393,有限公司,,1010204,生產中,25金屬製品製造業  ,259其他金屬製品  
11508.csv,富揚企業有限公司(桃園二廠),68001238,,桃園市蘆竹區內厝里長興路3段267號(1樓),桃園市蘆竹區內厝里,蘇文郁,53687036,有限公司,,1060502,生產中,25金屬製品製造業、24基本金屬製造業  ,254金屬加工處理、243銅、249其他基本金屬  
11508.csv,富甲工業股份有限公司三芝廠,99600715,08810001245341,新北市三芝區埔坪里埔頭坑八三號,新北市三芝區埔坪里,徐春煌,35958788,股份有限公司,0880716,0900724,生產中,25金屬製品製造業、24基本金屬製造業  ,259其他金屬製品、242鋁、249其他基本金屬  
11508.csv,富甲工業股份有限公司淡水廠,99619078,07610001304238,新北市淡水區水源里商工路381號,新北市淡水區水源里,徐春煌,35958788,股份有限公司,0761016,0770505,生產中,25金屬製品製造業、29機械設備製造業、24基本金屬製造業  ,259其他金屬製品、293通用機械設備、241鋼鐵、254金屬加工處理  
11508.csv,富農化學工業股份有限公司二廠,99624246,,桃園市觀音區保障里9鄰草漯51之10號,桃園市觀音區保障里,翁壽良,03431502,股份有限公司,,0910416,生產中,19其他化學製品製造業  ,199未分類其他化學製品  
11508.csv,寶銘企業有限公司,64009834,,高雄市大寮區江山里江山路96-57號,高雄市大寮區江山里,洪承銘,83697454,有限公司,,1130508,生產中,24基本金屬製造業、25金屬製品製造業  ,242鋁、259其他金屬製品  
11508.csv,居易科技股份有限公司新竹廠,99630443,,新竹縣湖口鄉鳳山村復興路２６號,新竹縣湖口鄉鳳山村,馬鴻方,16242320,股份有限公司,,0901126,生產中,27電腦、電子產品及光學製品製造業  ,272通訊傳播設備  
11508.csv,展利科技有限公司,99624390,,桃園市八德區茄苳里華康街２０９號,桃園市八德區茄苳里,陳皇富,13063105,有限公司,,0910426,生產中,27電腦、電子產品及光學製品製造業、26電子零組件製造業  ,271電腦及其週邊設備、262被動電子元件  
11508.csv,展廣鋼鐵有限公司,S6601254,,臺中市太平區興隆里光興路1256號,臺中市太平區興隆里,徐玉娟,89510462,有限公司,,1090916,生產中,25金屬製品製造業  ,254金屬加工處理  
11508.csv,展晟精機廠,S6600489,,臺中市神岡區豐洲里神洲路230巷38號,臺中市神岡區豐洲里,徐朝政,84024358,獨資,,1090716,生產中,25金屬製品製造業  ,259其他金屬製品  
11508.csv,展碁精密有限公司,07006322,,彰化縣鹿港鎮詔安里某旦巷23號,彰化縣鹿港鎮詔安里,黃培倫,54962432,有限公司,,1150129,生產中,25金屬製品製造業  ,254金屬加工處理、259其他金屬製品  
11508.csv,展穩伸銅股份有限公司彰濱廠,99679319,,彰化縣鹿港鎮東石里鹿工南二路１８號,彰化縣鹿港鎮東石里,楊鴻鎰,22949181,股份有限公司,,0930324,生產中,24基本金屬製造業  ,243銅  
11508.csv,峰緯機械有限公司土城廠,65008212,,新北市土城區大安里中央路3段76巷31號,新北市土城區大安里,李卋豐,24372418,有限公司,,1081128,生產中,29機械設備製造業  ,291金屬加工用機械設備、292其他專用機械設備、293通用機械設備  
11508.csv,峻隆實業股份有限公司,99641555,08310006265976,臺中市神岡區社南里中山路八四七巷二弄二四號,臺中市神岡區社南里,廖春田,89241066,股份有限公司,0831114,0831124,生產中,29機械設備製造業  ,293通用機械設備  
11508.csv,崑明鋼鐵股份有限公司一廠,66008438,,臺中市豐原區翁明里明興街7號一樓,臺中市豐原區翁明里,劉崑銘,22310367,股份有限公司,,1090806,生產中,25金屬製品製造業  ,254金屬加工處理  
11508.csv,崑晉鋼鐵企業有限公司,13000835,,屏東縣枋寮鄉新龍村中山路354號,屏東縣枋寮鄉新龍村,陳晉賢,54982042,有限公司,,1120512,生產中,25金屬製品製造業  ,252金屬結構及建築組件  
11508.csv,崑瑞五金有限公司,99610827,06510000044476,新北市新莊區營盤里中正路五五八之六號,新北市新莊區營盤里,陳阿海,35852080,有限公司,0580101,0660323,生產中,25金屬製品製造業、29機械設備製造業、24基本金屬製造業  ,242鋁、259其他金屬製品、293通用機械設備  
11508.csv,崧駿精密工業有限公司(二廠),S0800195,,南投縣草屯鎮石川里石川路47之35號,南投縣草屯鎮石川里,李銘煌,24355662,有限公司,,1150602,生產中,25金屬製品製造業、29機械設備製造業  ,254金屬加工處理、259其他金屬製品、291金屬加工用機械設備  
11508.csv,川億興業有限公司二廠,S6602417,,臺中市豐原區西湳里三豐路二段549巷178弄39號,臺中市豐原區西湳里,張國銓,28919425,有限公司,,1140428,生產中,25金屬製品製造業  ,259其他金屬製品  
11508.csv,川勤雷射精工股份有限公司,99673407,06710000209649,臺南市南區彰南里新平路10號,臺南市南區彰南里,張博文,69734719,股份有限公司,0670805,0710721,生產中,29機械設備製造業、25金屬製品製造業、24基本金屬製造業  ,241鋼鐵、292其他專用機械設備、253金屬容器、254金屬加工處理  
11508.csv,川厚工業有限公司,99640243,,臺中市神岡區山皮里光復路五一六巷七０號,臺中市神岡區山皮里,阮忠美,16577654,有限公司,,0920110,生產中,29機械設備製造業  ,293通用機械設備  
11508.csv,巧新科技工業股份有限公司屏東一廠,13000508,,屏東縣屏東市前進里大溪路323、325號,屏東縣屏東市前進里,黃聰榮,84980915,股份有限公司,,1070928,生產中,24基本金屬製造業、25金屬製品製造業  ,242鋁、254金屬加工處理  
11508.csv,巧穗有限公司,99649862,08010007077781,彰化縣田中鎮中潭里員集路３段２５０巷３０號,彰化縣田中鎮中潭里,蕭秀惠　　,24283393,有限公司,0801217,0801217,生產中,12成衣及服飾品製造業  ,123服飾品  
11508.csv,巧立佳事業有限公司,05000525,,苗栗縣銅鑼鄉中平村一三鄰中隆三路二號,苗栗縣銅鑼鄉中平村,吳偉存,70594011,有限公司,,1081003,生產中,24基本金屬製造業  ,241鋼鐵  
11508.csv,巨基環保企業股份有限公司,99699627,,屏東縣萬丹鄉萬生村萬壽路1段208號,屏東縣萬丹鄉萬生村,汪輝,27439476,股份有限公司,,0931227,生產中,24基本金屬製造業、33其他製造業  ,241鋼鐵、242鋁、243銅、249其他基本金屬、339未分類其他製品  
11508.csv,巨孚儀器工業股份有限公司樹林廠,99600241,,新北市樹林區彭厝里八德街三二八號,新北市樹林區彭厝里,洪境松,34559270,股份有限公司,,0900524,生產中,29機械設備製造業、25金屬製品製造業、26電子零組件製造業、27電腦、電子產品及光學製品製造業  ,293通用機械設備、251金屬刀具、手工具及模具、264光電材料及元件、269其他電子零組件、275量測、導航、控制設備及鐘錶  
11508.csv,巨昌金屬股份有限公司,65005030,,新北市三重區頂崁里中興北街176號及光復路2段88巷65號,新北市三重區頂崁里,王國榮,22681515,股份有限公司,,1050621,生產中,24基本金屬製造業、25金屬製品製造業  ,241鋼鐵、254金屬加工處理  
11508.csv,帛邦企業股份有限公司,99722419,,桃園市蘆竹區長興里南崁路二段228巷266弄27號,桃園市蘆竹區長興里,陳敏惠,12732698,股份有限公司,,0990413,生產中,29機械設備製造業  ,293通用機械設備  
11508.csv,帛雍工程有限公司,67003050,,臺南市鹽水區橋南里治水路73巷146號,臺南市鹽水區橋南里,黃桂英,24251857,有限公司,,1100623,生產中,29機械設備製造業  ,293通用機械設備  
11508.csv,府騰鋁業有限公司,07001426,,彰化縣和美鎮和東里忠孝路49號1樓,彰化縣和美鎮和東里,徐世育,24230827,有限公司,,1040120,生產中,25金屬製品製造業  ,252金屬結構及建築組件  
11508.csv,廣嶺企業股份有限公司,S0700504,,彰化縣芬園鄉大埔村德興路一段241號,彰化縣芬園鄉大埔村,張協章,23869039,股份有限公司,,1090605,生產中,14木竹製品製造業  ,140木竹製品  
11508.csv,維新企業社,99664198,06610000084028,高雄市永安區維新里維新路光明９巷７６號,高雄市永安區維新里,許張員英,88652435,合夥,0660603,0660617,生產中,18化學材料及肥料製造業  ,184塑膠及合成橡膠原料  
11508.csv,維新鋁業股份有限公司,99659921,06210000049459,臺南市仁德區二行里二仁路一段491巷31號,臺南市仁德區二行里,陳美美　　　,69259876,股份有限公司,0620502,0640228,生產中,24基本金屬製造業  ,242鋁  
11508.csv,廣翰實業股份有限公司永科三廠,67003595,,臺南市永康區王行里永科環路107號,臺南市永康區王行里,柯武郎,22280997,股份有限公司,,1120619,生產中,24基本金屬製造業  ,242鋁  
11508.csv,廣翰實業股份有限公司永科廠,67000314,,臺南市永康區王行里永科環路301、303號,臺南市永康區王行里,柯武郎,22280997,股份有限公司,,1010209,生產中,24基本金屬製造業、25金屬製品製造業  ,242鋁、252金屬結構及建築組件  
11508.csv,廣翰實業股份有限公司永科新廠,67001289,,臺南市永康區王行里永科環路299號,臺南市永康區王行里,柯武郎,22280997,股份有限公司,,1040826,生產中,24基本金屬製造業、25金屬製品製造業、33其他製造業  ,242鋁、254金屬加工處理、332醫療器材及用品  
11508.csv,廣翰實業股份有限公司環工廠,99657794,07610000112954,臺南市永康區王行里環工路66號,臺南市永康區王行里,柯武郎,22280997,股份有限公司,0760223,0760814,生產中,24基本金屬製造業、25金屬製品製造業  ,242鋁、252金屬結構及建築組件  
11508.csv,廣翰鋼鐵有限公司,S6601852,,臺中市大雅區員林里民生路二段48-5號,臺中市大雅區員林里,方衍智,24595086,有限公司,,1120331,生產中,25金屬製品製造業  ,259其他金屬製品  
11508.csv,廣進源建材有限公司,S1300402,,屏東縣鹽埔鄉新二村大仁東街20巷36號,屏東縣鹽埔鄉新二村,王順源,86595418,有限公司,,1130820,生產中,24基本金屬製造業  ,241鋼鐵  
11508.csv,廣運機械工程股份有限公司瑞芳三廠,99693243,,新北市瑞芳區傑魚里頂坪路三六號,新北市瑞芳區傑魚里,謝明凱,04757891,股份有限公司,,0931028,生產中,29機械設備製造業  ,292其他專用機械設備、293通用機械設備  
11508.csv,建勝鋼鐵工業股份有限公司,99634364,06410000152897,臺中市大肚區永和里沙田路二段三九九巷三九號,臺中市大肚區永和里,陳龍男,55759029,股份有限公司,0580101,,生產中,24基本金屬製造業  ,241鋼鐵  
11508.csv,建成鋼鐵工業股份有限公司,99669515,05810000008631,臺中市東區振興里立德街１２３號,臺中市東區振興里,陳龍男,51464306,股份有限公司,0580101,0600601,生產中,24基本金屬製造業、25金屬製品製造業  ,241鋼鐵、254金屬加工處理  
11508.csv,建成鋼鐵工業股份有限公司烏日工廠,99633613,06610006067854,臺中市烏日區仁德里中山路一段五二五號,臺中市烏日區仁德里,陳龍男,51464306,股份有限公司,0590325,0660625,生產中,24基本金屬製造業  ,249其他基本金屬  
11508.csv,建成鋼鐵工業股份有限公司龍井廠,99633655,08710006235751,臺中市龍井區竹坑里沙田路四段104號,臺中市龍井區竹坑里,陳龍男,51464306,股份有限公司,0870911,0890428,生產中,24基本金屬製造業、25金屬製品製造業  ,241鋼鐵、254金屬加工處理  
11508.csv,安固企業行,S1600001,,澎湖縣白沙鄉中屯村13-11號,澎湖縣白沙鄉中屯村,楊龍春,77192414,獨資,,1091221,生產中,25金屬製品製造業、25金屬製品製造業  ,252金屬結構及建築組件  
11508.csv,安盛電焊工程業有限公司,66009699,,臺中市清水區下湳里中山路402巷12號1樓,臺中市清水區下湳里,林大智,24249305,有限公司,,1101222,生產中,25金屬製品製造業  ,252金屬結構及建築組件  
11508.csv,宏元電器股份有限公司工廠,67003848,,臺南市安南區安慶里安中路一段130巷17號,臺南市安南區安慶里,黃永裕,22787242,股份有限公司,,1130528,生產中,28電力設備及配備製造業  ,285家用電器  
11508.csv,宏岡鋼鐵股份有限公司分廠,99641937,08510006150469,臺中市大里區健民里仁化路二二一巷五０號,臺中市大里區健民里,游淑芳,89532629,股份有限公司,0850626,0850626,生產中,25金屬製品製造業  ,259其他金屬製品、293通用機械設備、254金屬加工處理  
11508.csv,宏崧織造股份有限公司工廠,07002421,,彰化縣田中鎮沙崙里新工二路80號,彰化縣田中鎮沙崙里,陳慶鐘,31119806,股份有限公司,,1070110,生產中,12成衣及服飾品製造業  ,123服飾品  
11508.csv,宏杰鋼鐵有限公司工廠,S0702677,,彰化縣秀水鄉莊雅村秀中街69號,彰化縣秀水鄉莊雅村,鄭晏峰,24200133,有限公司,,1131106,生產中,25金屬製品製造業  ,254金屬加工處理  
11508.csv,宏軒名有限公司,99631263,08410004016310,新竹縣竹東鎮中正里工業一路４７號,新竹縣竹東鎮中正里,鄒進發　　　,84857231,有限公司,0840315,0850523,生產中,24基本金屬製造業、25金屬製品製造業  ,241鋼鐵、252金屬結構及建築組件  
11508.csv,宗囿工業社,S0702419,,彰化縣彰化市南美里崙美路240巷22弄臨7號,彰化縣彰化市南美里,余玉珍,59229993,獨資,,1130531,生產中,29機械設備製造業  ,293通用機械設備  
11508.csv,宗威鋼鐵股份有限公司,99659161,08510011301499,臺南市歸仁區大廟里大廟一街184號,臺南市歸仁區大廟里,蔡淑玲　　　,86189235,股份有限公司,0850302,0850311,生產中,25金屬製品製造業  ,254金屬加工處理  
11508.csv,宜聯鋼鐵股份有限公司,99620591,06310000015003,宜蘭縣冬山鄉安平村大安路451號,宜蘭縣冬山鄉安平村,王信豐　　　,42032010,股份有限公司,0580101,0680413,生產中,24基本金屬製造業  ,241鋼鐵  
11508.csv,宥興鋼鐵有限公司二廠,S6600981,,臺中市神岡區豐洲里大洲路123巷123-5號,臺中市神岡區豐洲里,潘憶如,27605565,有限公司,,1090831,生產中,25金屬製品製造業  ,254金屬加工處理  
11508.csv,宥良生物科技有限公司工廠,67000635,,臺南市柳營區八翁里八老爺39之26號1樓,臺南市柳營區八翁里,林芯羽,24234078,有限公司,,1020523,生產中,08食品製造業  ,089其他食品  
11508.csv,宥華企業股份有限公司,65001142,,新北市新莊區瓊林里瓊林南路42巷25、27號（1、2樓）,新北市新莊區瓊林里,吳進益,01411656,有限公司,,1010224,生產中,25金屬製品製造業、24基本金屬製造業  ,251金屬刀具、手工具及模具、259其他金屬製品、242鋁  
11508.csv,宸宥科技股份有限公司,99710299,,新竹市香山區埔前里埔前路240號,新竹市香山區埔前里,葉東源,24391689,股份有限公司,,0980630,生產中,26電子零組件製造業  ,269其他電子零組件  
11508.csv,宸寰科技有限公司龍潭廠,68002243,,桃園市龍潭區烏林里39鄰工七路58號(2樓),桃園市龍潭區烏林里,呂杰錡,24550503,有限公司,,1071024,生產中,19其他化學製品製造業  ,192塗料、染料及顏料  
11508.csv,富政企業有限公司第三廠,99631372,08010004023914,新竹縣竹北市泰和里６鄰沿河街７８巷２號,新竹縣竹北市泰和里,鄧鎮友,84247528,有限公司,0800528,0801126,生產中,29機械設備製造業、25金屬製品製造業、24基本金屬製造業  ,292其他專用機械設備、241鋼鐵、254金屬加工處理  
11508.csv,富達企業社,07001782,,彰化縣二林鎮趙甲里鎮平巷50號之8，一樓,彰化縣二林鎮趙甲里,張芮菊,82417321,獨資,,1050510,生產中,22塑膠製品製造業  ,220塑膠製品  
11508.csv,富達企業社,99632027,08210005059424,苗栗縣頭份市斗煥里十五鄰培德新村一八號,苗栗縣頭份市斗煥里,黃進福,02942436,獨資,0820531,0820615,生產中,29機械設備製造業、25金屬製品製造業  ,293通用機械設備、251金屬刀具、手工具及模具  
11508.csv,富達企業社第二廠,05000514,,苗栗縣頭份市斗煥里一一鄰介壽街四０巷一三號,苗栗縣頭份市斗煥里,黃進福,02942436,獨資,,1080819,生產中,25金屬製品製造業  ,254金屬加工處理  
11508.csv,富達食品有限公司,66004783,,臺中市大肚區王田里沙田路一段251號1、2樓,臺中市大肚區王田里,楊梓榮,54902420,有限公司,,1050729,生產中,08食品製造業  ,089其他食品  
11508.csv,寬和股份有限公司,99642249,06710006161847,臺中市后里區墩東里公安路一段76巷1號,臺中市后里區墩東里,王寬一,23959073,股份有限公司,0680105,,生產中,14木竹製品製造業、24基本金屬製造業、25金屬製品製造業、32家具製造業、33其他製造業  ,140木竹製品、242鋁、252金屬結構及建築組件、320家具、331育樂用品  
11508.csv,居磁工業股份有限公司,99702503,,基隆市安樂區內寮里武訓街98號一樓,基隆市安樂區內寮里,沈學榮,96925228,股份有限公司,,0931126,生產中,26電子零組件製造業、24基本金屬製造業  ,262被動電子元件、241鋼鐵、249其他基本金屬  
11508.csv,展力測試儀器有限公司,99619384,07510000335587,新北市中和區平河里建一路一０三號一樓,新北市中和區平河里,張秋庚,34444242,有限公司,0751223,0770613,生產中,27電腦、電子產品及光學製品製造業  ,275量測、導航、控制設備及鐘錶  
11508.csv,展慶金屬有限公司二廠,S6601352,,臺中市烏日區光明里五光路復光一巷26號,臺中市烏日區光明里,郭協松,80040243,有限公司,,1090924,生產中,25金屬製品製造業  ,254金屬加工處理  
11508.csv,展曳車體有限公司二廠,S6600217,,臺中市大安區龜里龜壳路200-8號,臺中市大安區龜里,王秋發,24403242,有限公司,,1090529,生產中,30汽車及其零件製造業  ,302車體  
11508.csv,展松應用塑膠有限公司,S0700231,,彰化縣二林鎮趙甲里成田巷11號,彰化縣二林鎮趙甲里,吳佩芬,28124278,有限公司,,1090511,生產中,22塑膠製品製造業  ,220塑膠製品  
11508.csv,展維鋁業股份有限公司,99659386,07810011108769,臺南市仁德區仁義里義林路148巷40、41、45、46號,臺南市仁德區仁義里,陳信志,23264904,股份有限公司,0780821,0790714,生產中,24基本金屬製造業  ,242鋁  
11508.csv,展鐿實業股份有限公司,99611491,07610001010242,新北市新莊區頭前里化成路五五四巷一三號,新北市新莊區頭前里,蘇世維,22078396,股份有限公司,0760121,0761110,生產中,25金屬製品製造業、29機械設備製造業  ,259其他金屬製品、293通用機械設備  
11508.csv,山林鐵工廠,99666317,08010000339441,臺東縣臺東市豐樂里大正路6號,臺東縣臺東市豐樂里,林裕仁,78759922,獨資,0800107,0830111,生產中,24基本金屬製造業  ,241鋼鐵  
11508.csv,岑泰企業有限公司,68007208,,桃園市龜山區南美里南上路242號(1樓),桃園市龜山區南美里,曾長明,84561737,有限公司,,1141209,生產中,11紡織業  ,112織布  
11508.csv,岠燁工業股份有限公司,99713133,,臺中市大甲區日南里工六路19號,臺中市大甲區日南里,張正諺,13013990,股份有限公司,,0980116,生產中,24基本金屬製造業  ,241鋼鐵  
11508.csv,岳峰企業有限公司,99661873,,高雄市大寮區潮寮里建民街３３、３５號,高雄市大寮區潮寮里,洪瑞峰,22389429,有限公司,,0901204,生產中,21橡膠製品製造業、22塑膠製品製造業、24基本金屬製造業  ,210橡膠製品、220塑膠製品、241鋼鐵、242鋁、243銅、249其他基本金屬  
11508.csv,峰興機械股份有限公司,99638241,07310006121236,臺中市太平區中興里新平路一段279巷53號,臺中市太平區中興里,施惠珠,84186873,股份有限公司,0730723,0750721,生產中,25金屬製品製造業、29機械設備製造業  ,251金屬刀具、手工具及模具、293通用機械設備  
11508.csv,峰茂有限公司,07004701,,彰化縣和美鎮好修里西鄉路118號,彰化縣和美鎮好修里,周新峯,90429243,有限公司,,1110308,生產中,25金屬製品製造業、30汽車及其零件製造業、31其他運輸工具及其零件製造業  ,251金屬刀具、手工具及模具、303汽車零件、312機車及其零件  
11508.csv,峰誠興業股份有限公司,S6602418,,臺中市大雅區上楓里鳳鳴路22之1號,臺中市大雅區上楓里,張玟惠,86329475,股份有限公司,,1140424,生產中,25金屬製品製造業  ,259其他金屬製品  
11508.csv,崴新企業有限公司,S1000241,,嘉義縣中埔鄉和睦村公館54之9號,嘉義縣中埔鄉和睦村,林長泉,84824099,有限公司,,1140704,生產中,25金屬製品製造業、25金屬製品製造業  ,251金屬刀具、手工具及模具  
11508.csv,紡煜實業股份有限公司,99624370,08610003302961,桃園市桃園區汴洲里經國路八四○號三樓,桃園市桃園區汴洲里,許明熊　　　,22812220,股份有限公司,0860422,0860505,生產中,11紡織業  ,115紡織品  
11508.csv,紳貿有限公司,65003243,,新北市三峽區大埔里中正路二段550號1樓,新北市三峽區大埔里,劉紜潔,54732100,有限公司,,1030711,生產中,24基本金屬製造業、25金屬製品製造業  ,242鋁、254金屬加工處理  
11508.csv,統揚鋼鐵有限公司楊梅廠,99629456,08610000802689,桃園市楊梅區高山里廿三鄰高青路十巷一一號,桃園市楊梅區高山里,高永　　　　,97372907,有限公司,0860331,0891024,生產中,24基本金屬製造業、25金屬製品製造業  ,241鋼鐵、254金屬加工處理  
11508.csv,常友實業股份有限公司,99604291,07310001092422,新北市新莊區福營里後港一路一八０號,新北市新莊區福營里,何滿,36015739,股份有限公司,0730501,0730523,生產中,25金屬製品製造業、29機械設備製造業  ,259其他金屬製品、293通用機械設備、292其他專用機械設備  
11508.csv,帝亞砥玉工業股份有限公司,99606566,07810001172039,新北市鶯歌區中湖里大湖路109巷8號,新北市鶯歌區中湖里,林雅惠,23243795,股份有限公司,0780619,0780627,生產中,23非金屬礦物製品製造業  ,232耐火、黏土建材及其他陶瓷製品、239其他非金屬礦物製品  
11508.csv,平城企業有限公司,99617932,06010000024388,新北市三重區福隆里溪尾街二三０巷二五號,新北市三重區福隆里,曾洽益,35863798,有限公司,0580101,0610217,生產中,22塑膠製品製造業、33其他製造業  ,220塑膠製品、339未分類其他製品  
11508.csv,年勝工業股份有限公司,99609081,07510001096525,新北市汐止區環河里南陽街九０巷二六號,新北市汐止區環河里,吳瑞源,04780099,股份有限公司,0750418,0751231,生產中,25金屬製品製造業、29機械設備製造業、24基本金屬製造業  ,259其他金屬製品、293通用機械設備、251金屬刀具、手工具及模具、242鋁  
11508.csv,綠明科技股份有限公司二廠,65011822,,新北市中和區平河里建一路186號地下1層之4,新北市中和區平河里,李元隆,24203217,股份有限公司,,1130425,生產中,25金屬製品製造業、28電力設備及配備製造業  ,259其他金屬製品、284照明設備及配備  
11508.csv,維利包裝有限公司一廠,68005017,,桃園市新屋區石磊里華興路690巷199弄83號,桃園市新屋區石磊里,江靜嫺,24279551,有限公司,,1110805,生產中,14木竹製品製造業  ,140木竹製品  
11508.csv,維展金屬股份有限公司,99683683,08710011308982,臺南市永康區建國里復興路26巷37之1號,臺南市永康區建國里,黃榮廣　　　,96905659,股份有限公司,0871001,0871007,生產中,24基本金屬製造業  ,243銅  
11508.csv,維德機械股份有限公司,99676064,,嘉義縣大林鎮明華里湖底１３８號,嘉義縣大林鎮明華里,余綢,24274508,股份有限公司,,0971224,生產中,29機械設備製造業  ,293通用機械設備  
11508.csv,維格工業股份有限公司二廠,66005912,,臺中市大甲區日南里工七路5號一樓,臺中市大甲區日南里,余秋香,56642152,股份有限公司,,1061002,生產中,24基本金屬製造業、31其他運輸工具及其零件製造業  ,242鋁、313自行車及其零件  
11508.csv,維格工業股份有限公司,99636312,08310006606370,臺中市大甲區日南里工七路三號,臺中市大甲區日南里,余秋香,56642152,股份有限公司,0831223,0781227,生產中,24基本金屬製造業、25金屬製品製造業、31其他運輸工具及其零件製造業、33其他製造業  ,242鋁、254金屬加工處理、313自行車及其零件、331育樂用品  
11508.csv,維紜農產行,09001178,,雲林縣西螺鎮新豐里市場南路301號,雲林縣西螺鎮新豐里,蔡蓓蓉,72417370,獨資,,1110207,生產中,08食品製造業、08食品製造業  ,083蔬果加工  
11508.csv,廣至股份有限公司龍潭廠,68001242,,桃園市龍潭區北興里民主街188巷26、28號,桃園市龍潭區北興里,徐春福,22120583,股份有限公司,,1060508,生產中,25金屬製品製造業、29機械設備製造業、31其他運輸工具及其零件製造業、30汽車及其零件製造業  ,251金屬刀具、手工具及模具、293通用機械設備、312機車及其零件、303汽車零件  
11508.csv,廣霖配管材料有限公司,99631134,08710004200145,新竹縣竹北巿泰和里中和街６２巷１７弄９號,新竹縣竹北市泰和里,范光棟　　　,16276088,有限公司,0870417,0871119,生產中,24基本金屬製造業  ,241鋼鐵  
11508.csv,廣驛工業有限公司彰濱二廠,07005730,,彰化縣線西鄉線西村彰濱東十一路17號,彰化縣線西鄉線西村,劉世清,79984807,有限公司,,1130930,生產中,24基本金屬製造業  ,243銅  
11508.csv,廣驛工業有限公司彰濱廠,99678887,,彰化縣線西鄉溝內村彰濱東三路一號,彰化縣線西鄉溝內村,劉世清,79984807,有限公司,,0920402,生產中,24基本金屬製造業  ,243銅  
11508.csv,廷鑫興業股份有限公司台南廠,67000621,,臺南市仁德區保安里保安路一段68號A棟,臺南市仁德區保安里,顏德新,22447526,股份有限公司,,1020510,生產中,24基本金屬製造業  ,242鋁  
11508.csv,建合興業有限公司二廠,65005509,,新北市鶯歌區永昌里建國路405巷3號1樓、2樓,新北市鶯歌區永昌里,謝昀穎,34468980,有限公司,,1051214,生產中,24基本金屬製造業、25金屬製品製造業  ,242鋁、243銅、249其他基本金屬、251金屬刀具、手工具及模具、259其他金屬製品  
11508.csv,建承開發股份有限公司,99711737,,臺南市永康區尚頂里國聖街78號,臺南市永康區尚頂里,陳建典,24257590,股份有限公司,,0980521,生產中,25金屬製品製造業  ,259其他金屬製品  
11508.csv,建輝鋼鐵股份有限公司,99686551,06510000092935,桃園市蘆竹區內厝里南山路二段173號,桃園市蘆竹區內厝里,陳建忠,43765167,股份有限公司,0650622,0670111,生產中,25金屬製品製造業、24基本金屬製造業  ,254金屬加工處理、241鋼鐵  
11508.csv,建迦工程有限公司工廠,07004485,,彰化縣北斗鎮光復里光仁街231巷9號1樓,彰化縣北斗鎮光復里,陳文貴,24237878,有限公司,,1100922,生產中,25金屬製品製造業  ,252金屬結構及建築組件、254金屬加工處理  
11508.csv,建通精密工業股份有限公司,99662417,08110012057444,高雄市路竹區鴨寮里復興路２５號,高雄市路竹區鴨寮里,蘇敦禮,84433564,股份有限公司,0810502,0820531,生產中,26電子零組件製造業  ,269其他電子零組件  
11508.csv,弘傳國際有限公司,68004591,,桃園市桃園區汴洲里春日路1490號5樓,桃園市桃園區汴洲里,黃子豪,24386291,有限公司,,1101201,生產中,27電腦、電子產品及光學製品製造業、28電力設備及配備製造業  ,275量測、導航、控制設備及鐘錶、281發電、輸電及配電機械  
11508.csv,弘儒科技有限公司矽谷廠,65010597,,新北市汐止區樟樹里中興路43之3號2樓,新北市汐止區樟樹里,溫弘裕,24285857,有限公司,,1110830,生產中,27電腦、電子產品及光學製品製造業  ,275量測、導航、控制設備及鐘錶  
11508.csv,安國精密工業股份有限公司二廠,S6603243,,臺中市霧峰區吉峰里錦州路296號,臺中市霧峰區吉峰里,張東煥,22702292,股份有限公司,,1150428,生產中,29機械設備製造業、30汽車及其零件製造業、31其他運輸工具及其零件製造業  ,292其他專用機械設備、293通用機械設備、303汽車零件、312機車及其零件、313自行車及其零件  
11508.csv,安科自動化股份有限公司,66012241,,臺中市南屯區文山里精科八路38號,臺中市南屯區文山里,柯志隆,28020421,股份有限公司,,1150119,生產中,27電腦、電子產品及光學製品製造業、29機械設備製造業  ,275量測、導航、控制設備及鐘錶、291金屬加工用機械設備、293通用機械設備  
11508.csv,安立達股份有限公司,99612415,08910001195327,新北市三重區中興里光復路1段82之8號5樓,新北市三重區中興里,羅今鴻,84308221,股份有限公司,0890623,0890711,生產中,27電腦、電子產品及光學製品製造業  ,272通訊傳播設備  
11508.csv,宏庭旺實業股份有限公司,99652277,08710000920242,南投縣南投市平山里自強三路11號,南投縣南投市平山里,陳世芳,20786909,股份有限公司,0870221,0870302,生產中,19其他化學製品製造業、19其他化學製品製造業  ,192塗料、染料及顏料  
11508.csv,宏康鋼管股份有限公司,99684492,,臺南市永康區王行里環工路65號,臺南市永康區王行里,康峻銘,80465748,股份有限公司,,0930722,生產中,25金屬製品製造業、24基本金屬製造業  ,254金屬加工處理、241鋼鐵  
11508.csv,宏康鋼管股份有限公司新市廠,S6700122,,臺南市新市區永就里永就68之8號,臺南市新市區永就里,康峻銘,80465748,股份有限公司,,1090820,生產中,24基本金屬製造業  ,241鋼鐵  
11508.csv,宏森鋼品有限公司,S6400103,,高雄市大寮區過溪里光明路一段1153巷43-1號,高雄市大寮區過溪里,石侑鑫,53251912,有限公司,,1090615,生產中,25金屬製品製造業  ,252金屬結構及建築組件  
11508.csv,定琳企業股份有限公司,99659663,08610011300565,臺南市永康區塩行里中正南路344巷8之3號,臺南市永康區塩行里,徐健志　　　,86403241,股份有限公司,0860110,0861117,生產中,30汽車及其零件製造業、29機械設備製造業  ,303汽車零件、293通用機械設備  
11508.csv,宜興玻璃科技股份有限公司竹南廠,99677654,,苗栗縣竹南鎮崎頂里三鄰青草五一之八號,苗栗縣竹南鎮崎頂里,吳春池,80241558,股份有限公司,,0970118,生產中,23非金屬礦物製品製造業  ,231玻璃及其製品  
11508.csv,宥誠金屬門窗有限公司,05000950,,苗栗縣苗栗市福星里中華路243之2號,苗栗縣苗栗市福星里,賴龍瑞,57147222,有限公司,,1150615,生產中,25金屬製品製造業  ,252金屬結構及建築組件  
11508.csv,宥達貿易有限公司,65003450,,新北市八里區長坑里楓林坑1之16號,新北市八里區長坑里,許湘琪,24239806,有限公司,,1031006,生產中,22塑膠製品製造業  ,220塑膠製品  
11508.csv,宸峰工程科技股份有限公司二廠,S6400241,,高雄市燕巢區瓊林里安招路90號,高雄市燕巢區瓊林里,蔡月娥,13164862,股份有限公司,,1090716,生產中,25金屬製品製造業  ,252金屬結構及建築組件  
11508.csv,富商工程行,08000515,,南投縣埔里鎮蜈蚣里蜈蚣路31-16號1樓,南投縣埔里鎮蜈蚣里,潘建源,99376464,合夥,,1130717,生產中,24基本金屬製造業、25金屬製品製造業  ,241鋼鐵、252金屬結構及建築組件  
11508.csv,富春興業廠股份有限公司,99613386,07210000097870,新北市樹林區金寮里光武街三四巷一號,新北市樹林區金寮里,林文吉,22983363,有限公司,0580101,0720629,生產中,24基本金屬製造業  ,242鋁  
11508.csv,富春興業廠股份有限公司樹林二廠,99613243,08310001274742,新北市樹林區金寮里光武街三四巷二號,新北市樹林區金寮里,林文吉,22983363,股份有限公司,0830818,0831026,生產中,24基本金屬製造業  ,242鋁  
11508.csv,富昱山機器股份有限公司,99673740,06710000306430,臺南市安南區梅花里梅花一路290號,臺南市安南區梅花里,王飳乾,69324285,股份有限公司,0671223,0680215,生產中,29機械設備製造業  ,292其他專用機械設備  
11508.csv,富盛豐實業有限公司,68003586,,桃園市蘆竹區內厝里內溪路內溪巷8號,桃園市蘆竹區內厝里,張豐鑠,24278928,有限公司,,1090818,生產中,19其他化學製品製造業  ,193清潔用品及化粧品  
11508.csv,富邦螺絲有限公司工廠,66000060,,臺中市南區福興里南平路242號,臺中市南區福興里,邱富源,27292613,有限公司,,1000211,生產中,25金屬製品製造業  ,259其他金屬製品  
11508.csv,富郁鋼鐵股份有限公司,S6401218,,高雄市鳥松區鳥松里松埔北巷37-1號,高雄市鳥松區鳥松里,黃國勝,59311803,股份有限公司,,1140325,生產中,25金屬製品製造業  ,252金屬結構及建築組件  
11508.csv,寬廷實業股份有限公司,68005617,,桃園市中壢區忠義里忠義路29號(1樓),桃園市中壢區忠義里,蔡泰廷,24247812,股份有限公司,,1120810,生產中,25金屬製品製造業、28電力設備及配備製造業  ,259其他金屬製品、281發電、輸電及配電機械、285家用電器  
11508.csv,寶雄精密科技有限公司,66006872,,臺中市潭子區栗林里中山路三段505號,臺中市潭子區栗林里,莊俊雄,24234149,有限公司,,1071016,生產中,25金屬製品製造業、29機械設備製造業  ,259其他金屬製品、293通用機械設備  
11508.csv,寶電儲能股份有限公司,02000512,,宜蘭縣五結鄉成興村利工三路67號,宜蘭縣五結鄉成興村,呂萬賢,52411285,股份有限公司,,1121207,生產中,28電力設備及配備製造業  ,282電池  
11508.csv,尚億企業有限公司,99674951,07310021000028,臺南市北區延平里公園路634巷41號,臺南市北區延平里,鄭基文,69724347,有限公司,0730125,0730211,生產中,30汽車及其零件製造業、28電力設備及配備製造業  ,281發電、輸電及配電機械、285家用電器、303汽車零件  
11508.csv,尚佳纖維股份有限公司,99627243,06310000114165,桃園市龜山區福源里14鄰湖山街180巷1弄10號,桃園市龜山區福源里,李沈瑞珍,22086086,股份有限公司,0630828,0640820,生產中,33其他製造業、11紡織業、22塑膠製品製造業  ,112織布、114染整、220塑膠製品、331育樂用品  
11508.csv,尚億企業有限公司安定廠,S6700762,,臺南市安定區港口里港口422號,臺南市安定區港口里,鄭基文,69724347,有限公司,,1110408,生產中,30汽車及其零件製造業  ,303汽車零件  
11508.csv,尚億企業有限公司新吉廠,67002545,,臺南市安南區佃東里安新二路399號,臺南市安南區佃東里,鄭基文,69724347,有限公司,,1081105,生產中,30汽車及其零件製造業  ,303汽車零件  
11508.csv,尚溢企業股份有限公司,99615090,07810001171910,新北市中和區碧河里建八路一七二號　一、二樓,新北市中和區碧河里,徐菊珠,23243704,有限公司,0780616,0851224,生產中,22塑膠製品製造業  ,220塑膠製品  
11508.csv,尚潁有限公司,99663339,06810012036136,高雄市大寮區後庄里大漢路255號,高雄市大寮區後庄里,吳慶隆,16937953,有限公司,0980915,0680915,生產中,25金屬製品製造業、24基本金屬製造業  ,241鋼鐵、242鋁、252金屬結構及建築組件  
11508.csv,展倚鋁業股份有限公司,99683490,06910000134448,臺南市永康區南灣里南興路2巷7號,臺南市永康區南灣里,汪大石　　　,73683494,股份有限公司,0690522,0710504,生產中,24基本金屬製造業  ,242鋁  
11508.csv,展基橡膠廠股份有限公司工廠,99651654,07510007061273,彰化縣和美鎮和東里彰美路四段四三七號,彰化縣和美鎮和東里,王耀堂　,22133243,股份有限公司,0751230,0760909,生產中,25金屬製品製造業、29機械設備製造業、33其他製造業  ,251金屬刀具、手工具及模具、293通用機械設備、331育樂用品  
11508.csv,展業金屬股份有限公司,99638802,08310006274205,臺中市烏日區前竹里中山路一段229巷15號,臺中市烏日區前竹里,楊瑞忠,89899787,股份有限公司,0831129,0831208,生產中,24基本金屬製造業  ,241鋼鐵  
11508.csv,岡俊企業股份有限公司,99644601,06210006097965,臺中市大安區福興里興安路115號,臺中市大安區福興里,白得揚,56627167,股份有限公司,0620730,0620730,生產中,22塑膠製品製造業、24基本金屬製造業  ,220塑膠製品、242鋁、243銅  
11508.csv,岡山金屬工業股份有限公司,99664324,00010012010564,高雄市岡山區協和里青年街３４號,高雄市岡山區協和里,靳耀輝,88121958,股份有限公司,0791231,0791231,生產中,24基本金屬製造業、29機械設備製造業  ,241鋼鐵、293通用機械設備  
11508.csv,岳玲有限公司,66005194,,臺中市豐原區南嵩里水源路247巷18-1號,臺中市豐原區南嵩里,林士豐,24292739,有限公司,,1060124,生產中,22塑膠製品製造業、25金屬製品製造業  ,220塑膠製品、259其他金屬製品  
11508.csv,峰連工程股份有限公司秀水廠,S0702434,,彰化縣秀水鄉秀水村彰秀路6之35號,彰化縣秀水鄉秀水村,張秋成,27506283,股份有限公司,,1130624,生產中,25金屬製品製造業  ,252金屬結構及建築組件  
11508.csv,崇幃工程有限公司,65001114,,新北市蘆洲區中路里和平路114巷8號（1樓及夾層）,新北市蘆洲區中路里,黃永富,27779973,有限公司,,1010214,生產中,24基本金屬製造業、25金屬製品製造業  ,242鋁、252金屬結構及建築組件、259其他金屬製品  
11508.csv,崴畯遊艇企業股份有限公司,64008574,,高雄市茄萣區崎漏里民福路35號,高雄市茄萣區崎漏里,蔡昆達,24216439,股份有限公司,,1081111,生產中,31其他運輸工具及其零件製造業、31其他運輸工具及其零件製造業  ,311船舶及浮動設施  
11508.csv,崴皇科技有限公司,99705994,,臺南市安南區安順里開安三街21號1樓,臺南市安南區安順里,莊銘裕,24263592,有限公司,,0980113,生產中,25金屬製品製造業  ,251金屬刀具、手工具及模具  
11508.csv,崴盛塑膠有限公司,S0701204,,彰化縣和美鎮鎮平里南平路46-2、48號,彰化縣和美鎮鎮平里,柯伯忠,12772430,有限公司,,1090903,生產中,13皮革、毛皮及其製品製造業、22塑膠製品製造業  ,130皮革、毛皮及其製品、220塑膠製品  
11508.csv,川宗鋼鐵企業股份有限公司,99661554,07210012088447,高雄市路竹區竹東里中山路３１３號,高雄市路竹區竹東里,鄭金木,88737981,股份有限公司,0791231,0791231,生產中,24基本金屬製造業  ,241鋼鐵  
11508.csv,統業工程有限公司二廠,S0701448,,彰化縣大城鄉西港村北勢路29-6號,彰化縣大城鄉西港村,陳志民,97242834,有限公司,,1100318,生產中,23非金屬礦物製品製造業  ,233水泥及其製品  
11508.csv,統榮鋼鐵企業股份有限公司仁德廠,99660018,99910099000252,臺南市仁德區保安里中正路1段73、75號ABC棟,臺南市仁德區保安里,陳德裕　　　,69704095,股份有限公司,0590301,0590301,生產中,24基本金屬製造業、25金屬製品製造業  ,241鋼鐵、254金屬加工處理  
11508.csv,統榮鋼鐵企業股份有限公司永康廠,67000500,,臺南市永康區王行里永科北路129號,臺南市永康區王行里,陳德裕,69704095,股份有限公司,,1011122,生產中,24基本金屬製造業  ,241鋼鐵  
11508.csv,統翔輪胎有限公司,99700670,,新竹縣竹東鎮東寧里北興路一段65號,新竹縣竹東鎮東寧里,詹靜芳,24294645,有限公司,,0990817,生產中,30汽車及其零件製造業、31其他運輸工具及其零件製造業  ,301汽車、302車體、303汽車零件、319未分類其他運輸工具及其零件  
11508.csv,綉龍實業有限公司,99635535,08010006002423,臺中市太平區德隆里華安街一００巷一０號,臺中市太平區德隆里,柯進財,23814669,有限公司,0800129,0800208,生產中,22塑膠製品製造業  ,220塑膠製品  
11508.csv,經典國際家具有限公司,65002823,,新北市新店區寶福里寶橋路205巷1號(1樓),新北市新店區寶福里,林俊明,12624184,有限公司,,1030207,生產中,32家具製造業  ,320家具  
11508.csv,綠彩列印有限公司,65003838,,新北市三重區龍濱里龍門路270號(1樓),新北市三重區龍濱里,李鍵宏,24350060,有限公司,,1040212,生產中,29機械設備製造業、33其他製造業  ,292其他專用機械設備、339未分類其他製品  
11508.csv,綠環境科技有限公司,68003510,,桃園市楊梅區高榮里高榮路239巷138號,桃園市楊梅區高榮里,施泙如,24493139,有限公司,,1090714,生產中,22塑膠製品製造業、24基本金屬製造業  ,220塑膠製品、242鋁、243銅  
11508.csv,綠茵生技股份有限公司,93A00242,,中部科學園區臺中市大雅區秀山里科雅路43號5樓,臺中市大雅區秀山里,吳嘉峰,54059626,股份有限公司,,1040512,生產中,08食品製造業  ,089其他食品  
11508.csv,綠電再生股份有限公司楊梅廠,99623469,08810003324890,桃園市楊梅區頭湖里泰圳路313巷128號,桃園市楊梅區頭湖里,陳正林,16636181,股份有限公司,0880202,0881026,生產中,24基本金屬製造業、18化學材料及肥料製造業、23非金屬礦物製品製造業  ,184塑膠及合成橡膠原料、231玻璃及其製品、241鋼鐵、242鋁、243銅  
11508.csv,維味香食品工廠,99657085,06510000085243,臺南市六甲區龜港里龜子港142號,臺南市六甲區龜港里,薛景德,72041260,獨資,0650609,0660525,生產中,08食品製造業  ,089其他食品  
11508.csv,維勝鋼鐵股份有限公司,13000265,,屏東縣崁頂鄉崁頂村中正路1-26號,屏東縣崁頂鄉崁頂村,郭石煌,83713594,股份有限公司,,1040514,生產中,25金屬製品製造業  ,254金屬加工處理  
11508.csv,維塑企業有限公司,99612205,07710001243130,新北市三重區中興里光復路一段三十巷二二號,新北市三重區中興里,王雪琴,36033595,有限公司,0770819,0771114,生產中,22塑膠製品製造業  ,220塑膠製品  
11508.csv,維拉鑄造股份有限公司二廠,S6400958,,高雄市路竹區民有路159號,高雄市路竹區,張德根,23870964,股份有限公司,,1100226,生產中,24基本金屬製造業  ,241鋼鐵  
11508.csv,廣興水泥製品有限公司,64008689,,高雄市仁武區後安里鳳仁路388號,高雄市仁武區後安里,羅新哲,83533241,有限公司,,1090514,生產中,23非金屬礦物製品製造業  ,233水泥及其製品  
11508.csv,廷鑫金屬股份有限公司,99711489,,臺南市仁德區保安里保安路1段68號Ｂ棟,臺南市仁德區保安里,顏秀香,80108968,股份有限公司,,0970624,生產中,24基本金屬製造業  ,242鋁  
11508.csv,建和實業有限公司,99603343,08210000087047,新北市五股區興珍里五權三路二七號,新北市五股區興珍里,楊勝宗,22577739,有限公司,0821227,0830131,生產中,24基本金屬製造業、25金屬製品製造業  ,241鋼鐵、254金屬加工處理  
11508.csv,建名平面研磨有限公司,66009241,,臺中市太平區太平里永成北路219巷80號1樓,臺中市太平區太平里,曾潔雨,50819408,有限公司,,1100628,生產中,25金屬製品製造業  ,251金屬刀具、手工具及模具  
11508.csv,建昇發鋼鐵工業有限公司,S0900476,,雲林縣土庫鎮東平里馬光路2之20號,雲林縣土庫鎮東平里,盧志鴻,80005344,有限公司,,1150811,生產中,25金屬製品製造業  ,252金屬結構及建築組件  
11508.csv,建發齒輪工業社,99669970,06710000227241,臺中市東區東門里東光園路１００巷６弄２８號,臺中市東區東門里,蕭金俊,52544503,獨資,0580101,0681009,生產中,29機械設備製造業  ,293通用機械設備  
11508.csv,建通精密工業股份有限公司第二廠,99662420,08210012205325,高雄市路竹區社南里大同路５１３巷１３８號,高雄市路竹區社南里,蘇敦禮,84433564,股份有限公司,0821214,0841205,生產中,24基本金屬製造業、25金屬製品製造業、29機械設備製造業  ,243銅、251金屬刀具、手工具及模具、254金屬加工處理、293通用機械設備  
11508.csv,弘晟水泥製品股份有限公司,99655505,06810000143915,嘉義縣溪口鄉疊溪村三疊溪１１之２０號,嘉義縣溪口鄉疊溪村,謝明峰,66503242,股份有限公司,0580101,0691205,生產中,23非金屬礦物製品製造業  ,233水泥及其製品  
11508.csv,弘智企業有限公司,99618278,08510001212423,新北市汐止區復興里新臺五路一段八一號九樓之七,新北市汐止區復興里,林光超,09497656,有限公司,0850629,0850717,生產中,27電腦、電子產品及光學製品製造業  ,272通訊傳播設備、275量測、導航、控制設備及鐘錶  
11508.csv,弘英實業有限公司大園一廠,S6800110,,桃園市大園區後厝里後厝路182號,桃園市大園區後厝里,吳弘杰,70650929,有限公司,,1090514,生產中,22塑膠製品製造業、24基本金屬製造業  ,220塑膠製品、243銅  
11508.csv,弘苙有限公司,99684558,,臺南市新市區永就里中山路271巷14號A棟,臺南市新市區永就里,林榮忠,24291106,有限公司,,0931018,生產中,21橡膠製品製造業、22塑膠製品製造業  ,210橡膠製品、220塑膠製品  
11508.csv,弘英實業有限公司大園廠,S6800520,,桃園市大園區後厝里2鄰後厝路182號,桃園市大園區後厝里,吳弘杰,70650929,有限公司,,1140912,生產中,22塑膠製品製造業、24基本金屬製造業  ,220塑膠製品、243銅  
11508.csv,宇瞻科技股份有限公司,65002430,,新北市土城區大安里忠承路32號2、3樓,新北市土城區大安里,陳益世,97444368,股份有限公司,,1020816,生產中,26電子零組件製造業、27電腦、電子產品及光學製品製造業  ,269其他電子零組件、271電腦及其週邊設備、274資料儲存媒體  
11508.csv,宇祥鋼鐵工業股份有限公司,99670063,08010000322539,臺中市西屯區協和里工業區三十四路10號,臺中市西屯區協和里,謝美枝,01979883,股份有限公司,0801030,0820421,生產中,25金屬製品製造業  ,252金屬結構及建築組件  
11508.csv,宏典科技有限公司,66001724,,臺中市大里區健民里仁化工三路100號1樓,臺中市大里區健民里,劉昭伯,24272620,有限公司,,1020325,生產中,25金屬製品製造業、29機械設備製造業  ,259其他金屬製品、293通用機械設備  
11508.csv,宏彰工業社,99647428,08810007354365,彰化縣員林市湖水里湖水路176巷35號,彰化縣員林市湖水里,饒家彰,17299243,獨資,0881013,0881021,生產中,22塑膠製品製造業  ,220塑膠製品  
11508.csv,宏榮鋼瓶股份有限公司,99622241,07010000250198,桃園市龍潭區烏林里工二路99號,桃園市龍潭區烏林里,邱源選,44408316,股份有限公司,0701125,0720105,生產中,25金屬製品製造業  ,253金屬容器、259其他金屬製品  
11508.csv,宏榮鑄造有限公司,10000274,,嘉義縣太保市過溝里嘉太工業區光復路18號,嘉義縣太保市過溝里,黃吉和,24912392,有限公司,,1060926,生產中,24基本金屬製造業  ,241鋼鐵  
11508.csv,宗彥機械股份有限公司西湖廠,66007791,,臺中市大里區西湖里西湖路242之1號,臺中市大里區西湖里,鍾淑姬,52525230,股份有限公司,,1081003,生產中,25金屬製品製造業、29機械設備製造業、30汽車及其零件製造業、31其他運輸工具及其零件製造業  ,259其他金屬製品、292其他專用機械設備、303汽車零件、312機車及其零件  
11508.csv,宗揚鋁業有限公司,99657142,,臺南市仁德區保安里開發五路31號,臺南市仁德區保安里,林宗淇,80466943,有限公司,,0901205,生產中,24基本金屬製造業  ,242鋁  
11508.csv,宸暐金屬工業股份有限公司,66004634,,臺中市大安區海墘里大安港路942號,臺中市大安區海墘里,林緯峰,54766781,股份有限公司,,1050531,生產中,24基本金屬製造業  ,241鋼鐵  
11508.csv,宸暘鑄造股份有限公司,13000647,,屏東縣長治鄉繁昌村中山路162號,屏東縣長治鄉繁昌村,陳志忠,54966535,股份有限公司,,1090928,生產中,24基本金屬製造業  ,241鋼鐵  
11508.csv,富昱有限公司,07002435,,彰化縣溪湖鎮大庭里崙子腳路45號1樓,彰化縣溪湖鎮大庭里,潘巧軒,91029408,有限公司,,1070117,生產中,25金屬製品製造業  ,259其他金屬製品、252金屬結構及建築組件  
11508.csv,寬濰國際有限公司,65002973,,新北市中和區平河里建一路173號9樓及175號9樓,新北市中和區平河里,傅韻芯,24201029,有限公司,,1030411,生產中,12成衣及服飾品製造業  ,123服飾品  
11508.csv,寬煌實業有限公司,99668438,07910018115631,新竹市牛埔里中華路四段四五一巷一０二號,新竹市香山區牛埔里,莊許錦華　　,47242916,有限公司,0791006,0800508,生產中,13皮革、毛皮及其製品製造業  ,130皮革、毛皮及其製品  
11508.csv,寶馨實業股份有限公司,99626549,06510000184773,桃園市平鎮區北富里金陵路三段262號,桃園市平鎮區北富里,葉雲宙　　　,43707884,股份有限公司,0580101,0660907,生產中,24基本金屬製造業、25金屬製品製造業、30汽車及其零件製造業、31其他運輸工具及其零件製造業  ,242鋁、251金屬刀具、手工具及模具、254金屬加工處理、303汽車零件、312機車及其零件、313自行車及其零件  
11508.csv,寶鴻企業股份有限公司台中廠,66004476,,臺中市南屯區寶山里工業區二十五路29號,臺中市南屯區寶山里,陳金忠,23856436,股份有限公司,,1050401,生產中,24基本金屬製造業、25金屬製品製造業  ,242鋁、251金屬刀具、手工具及模具  
11508.csv,尚億達鋁業股份有限公司,99627353,08710003268005,桃園市楊梅區高山里高平路９０、９６號,桃園市楊梅區高山里,魏麗華　　　,16524278,股份有限公司,0870819,0880705,生產中,24基本金屬製造業、25金屬製品製造業  ,242鋁、252金屬結構及建築組件  
11508.csv,尚億達鋁業股份有限公司二廠,S6800392,,桃園市楊梅區高上里梅高路二段120號,桃園市楊梅區高上里,魏麗華,16524278,股份有限公司,,1121102,生產中,25金屬製品製造業  ,254金屬加工處理  
11508.csv,尚瑩生技股份有限公司,99717656,,桃園市新屋區頭洲里高鐵南路六段45巷25號,桃園市新屋區頭洲里,陳美杏,24367105,股份有限公司,,0980428,生產中,19其他化學製品製造業  ,193清潔用品及化粧品  
11508.csv,尚發消防工程有限公司,65012436,,新北市樹林區三龍里三俊街81巷4號(2樓),新北市樹林區三龍里,蔡政輝,53688963,有限公司,,1140108,生產中,29機械設備製造業  ,292其他專用機械設備、293通用機械設備  
11508.csv,展岱股份有限公司,07003021,,彰化縣秀水鄉安溪村彰水路一段863號1樓,彰化縣秀水鄉安溪村,林浩祥,22418402,股份有限公司,,1080318,生產中,25金屬製品製造業  ,259其他金屬製品  
11508.csv,展岱股份有限公司三廠,S0702177,,彰化縣秀水鄉金興村新興街220號,彰化縣秀水鄉金興村,林浩祥,22418402,股份有限公司,,1121117,生產中,25金屬製品製造業  ,259其他金屬製品  
11508.csv,展岱股份有限公司二廠,S0701550,,彰化縣秀水鄉金興村新興街179-6號、179-7號,彰化縣秀水鄉金興村,林浩祥,22418402,股份有限公司,,1101116,生產中,25金屬製品製造業  ,259其他金屬製品  
11508.csv,展新工程行,07005715,,彰化縣鹿港鎮永安里鹿和路一段193巷20號1樓,彰化縣鹿港鎮永安里,許茹瑩,94562242,獨資,,1130913,生產中,25金屬製品製造業  ,252金屬結構及建築組件  
11508.csv,展泰興實業有限公司台南廠,99684745,,臺南市永康區南灣里南興路38號,臺南市永康區南灣里,汪進強,16425806,有限公司,,0940614,生產中,24基本金屬製造業  ,242鋁  
11508.csv,展泰貿易有限公司,65007515,,新北市林口區工六路7號,新北市林口區,宋哲瑋,50970190,有限公司,,1080121,生產中,24基本金屬製造業、25金屬製品製造業  ,243銅、254金屬加工處理  
11508.csv,層層包裝事業股份有限公司,99633220,07310006139828,臺中市大甲區日南里幼獅路76號,臺中市大甲區日南里,劉明政,34482414,股份有限公司,0730809,0830511,生產中,22塑膠製品製造業  ,220塑膠製品  
11508.csv,山河電機廠股份有限公司,99601241,06710000048432,新北市蘆洲區得仁里和平路六五號,新北市蘆洲區得仁里,紀裕倉,35916606,股份有限公司,0580101,0670605,生產中,22塑膠製品製造業、28電力設備及配備製造業、29機械設備製造業、25金屬製品製造業  ,220塑膠製品、293通用機械設備、251金屬刀具、手工具及模具、284照明設備及配備、289其他電力設備及配備  
11508.csv,山洋製香工廠,99620393,08110002107244,宜蘭縣五結鄉大吉村三吉路一一三號,宜蘭縣五結鄉大吉村,蘇寶惠　　　,02426303,獨資,0811117,0811123,生產中,14木竹製品製造業  ,140木竹製品  
11508.csv,岡廷企業有限公司,99685125,07410012092652,高雄市大寮區潮寮里田單四街２４號,高雄市大寮區潮寮里,林建廷,22848347,有限公司,0791231,0791231,生產中,24基本金屬製造業、25金屬製品製造業、21橡膠製品製造業、22塑膠製品製造業  ,241鋼鐵、242鋁、243銅、249其他基本金屬、254金屬加工處理、259其他金屬製品、210橡膠製品、220塑膠製品  
11508.csv,峰鼎建設有限公司,65012947,,新北市土城區廷寮里永豐路195巷2之1號5樓,新北市土城區廷寮里,楊騰越,54735021,有限公司,,1140815,生產中,24基本金屬製造業  ,241鋼鐵  
11508.csv,崙金企業股份有限公司永康廠,99656921,07510000335514,臺南市永康區王行里環工路91號,臺南市永康區王行里,高全合　,16335501,股份有限公司,0751228,0770601,生產中,24基本金屬製造業、25金屬製品製造業  ,241鋼鐵、254金屬加工處理  
11508.csv,巨利晟有限公司,99710242,,新竹市香山區埔前里埔前路二六九號一樓,新竹市香山區虎山里,莊清錦,97413148,有限公司,,0960802,生產中,22塑膠製品製造業  ,220塑膠製品  
11508.csv,巨朋興業有限公司,99672437,,臺中市西區和龍里篤信街43巷29號1樓,臺中市西區和龍里,賴朝盛,79999338,有限公司,,0920526,生產中,29機械設備製造業  ,291金屬加工用機械設備  
11508.csv,巨鵬汽車有限公司,99688592,,桃園市中壢區內定里內定二十街15巷25號1樓,桃園市中壢區內定里,余進興,27624232,有限公司,,0940915,生產中,30汽車及其零件製造業、31其他運輸工具及其零件製造業  ,303汽車零件、312機車及其零件  
11508.csv,巨鵬汽車有限公司中壢二廠,03002124,,桃園市中壢區內定里內定二十街76巷22號(1、3、4樓),桃園市中壢區內定里,余進興,27624232,有限公司,,1030116,生產中,29機械設備製造業、30汽車及其零件製造業  ,292其他專用機械設備、293通用機械設備、303汽車零件  
11508.csv,常勤鐵工工程有限公司,96300016,08609020024212,金門縣金城鎮東門里伯玉路一段八十巷十八弄十四號,金門縣金城鎮東門里,常春明　　　,27258565,有限公司,0861127,0870120,生產中,25金屬製品製造業  ,252金屬結構及建築組件、253金屬容器、259其他金屬製品  
11508.csv,常坤鋼鐵工程,07002081,,彰化縣和美鎮鎮平里彰草路二段658巷15弄10號1樓,彰化縣和美鎮鎮平里,林添常,39946005,獨資,,1060331,生產中,25金屬製品製造業  ,252金屬結構及建築組件  
11508.csv,年晟企業有限公司,99641399,07510006167826,臺中市龍井區忠和里高園路二三八巷二八弄九號,臺中市龍井區忠和里,高陳綉線,22242170,有限公司,0751015,0760617,生產中,22塑膠製品製造業  ,220塑膠製品  
11508.csv,廣德塑膠有限公司,66000262,,臺中市太平區中興里永平路2段521巷104號,臺中市太平區中興里,洪德麟,24232971,有限公司,,1000526,生產中,22塑膠製品製造業  ,220塑膠製品  
11508.csv,廣德塑膠有限公司,S0703572,,彰化縣芬園鄉嘉興村碧興路201巷85弄臨61號,彰化縣芬園鄉嘉興村,洪德麟,24232971,有限公司,,1141224,生產中,22塑膠製品製造業  ,220塑膠製品  
11508.csv,廣政鋼鐵有限公司,07003697,,彰化縣和美鎮好修里北園路256號,彰化縣和美鎮好修里,楊淑玲,16851322,有限公司,,1090602,生產中,25金屬製品製造業  ,259其他金屬製品  
11508.csv,廣立興實業股份有限公司,64005469,8464125242,高雄市前鎮區仁愛里新強路17號,高雄市前鎮區仁愛里,林伯瑜,16100785,股份有限公司,0840510,0870724,生產中,15紙漿、紙及紙製品製造業  ,152瓦楞紙板及紙容器  
11508.csv,廣記興業股份有限公司,66010702,,臺中市太平區太平里永豐路108巷12之30弄7號,臺中市太平區太平里,曾信德,24297410,股份有限公司,,1120714,生產中,22塑膠製品製造業  ,220塑膠製品  
11508.csv,廣誠興業有限公司,S0702874,,彰化縣彰化市牛埔里中彰路253號,彰化縣彰化市牛埔里,梁惠玲,90241368,有限公司,,1140225,生產中,29機械設備製造業  ,292其他專用機械設備  
11508.csv,廣豐特殊鋼有限公司,99662194,07810012145540,高雄市岡山區台上里成功路４６０巷１０號,高雄市岡山區台上里,朱炳憲,23834460,有限公司,0791231,0791231,生產中,24基本金屬製造業  ,241鋼鐵  
11508.csv,建增企業股份有限公司,99678243,07310007045509,彰化縣和美鎮鐵山里鐵勢路一四一巷一０號,彰化縣和美鎮鐵山里,李俊德,59312079,股份有限公司,0730608,0730621,生產中,31其他運輸工具及其零件製造業  ,313自行車及其零件  
11508.csv,建明鋁材有限公司工廠,S0701242,,彰化縣員林市中央里中央路337巷155號,彰化縣員林市中央里,呂宗承,27847867,有限公司,,1090907,生產中,25金屬製品製造業  ,252金屬結構及建築組件  
11508.csv,建易企業有限公司,99671214,06510000056685,臺中市東區樂成里振興路２７９號,臺中市東區樂成里,陳憲一,52365304,有限公司,0580101,0660112,生產中,24基本金屬製造業、25金屬製品製造業  ,241鋼鐵、254金屬加工處理  
11508.csv,建禎股份有限公司第一廠,99639808,07610006006565,臺中市豐原區社皮里成功路310巷25號,臺中市豐原區社皮里,蔡智賢,22413595,股份有限公司,0760127,0760307,生產中,22塑膠製品製造業  ,220塑膠製品  
11508.csv,建銘製刀有限公司,S0702117,,彰化縣大村鄉南勢村南一橫巷3之28號,彰化縣大村鄉南勢村,邱琮閔,24287588,有限公司,,1120906,生產中,25金屬製品製造業  ,251金屬刀具、手工具及模具  
11508.csv,弘博鋼鐵股份有限公司台南廠,99660318,07710000176368,臺南市官田區二鎮里成功街67號,臺南市官田區二鎮里,郭永成　　　,07638005,股份有限公司,0770412,0780606,生產中,25金屬製品製造業  ,252金屬結構及建築組件  
11508.csv,弘原鋼鐵工業股份有限公司,99613250,07010000089979,新北市樹林區圳安里俊英街一一一巷一七號,新北市樹林區圳安里,吳梁木,22079304,股份有限公司,0580101,0701008,生產中,24基本金屬製造業、25金屬製品製造業、29機械設備製造業、26電子零組件製造業  ,241鋼鐵、254金屬加工處理、259其他金屬製品、293通用機械設備、264光電材料及元件、269其他電子零組件、251金屬刀具、手工具及模具  
11508.csv,弘合新塑膠有限公司,99656288,08610011303989,臺南市永康區尚頂里中正南路242巷11號B棟及11之1號,臺南市永康區尚頂里,陳美姿,16047728,有限公司,0860702,0860711,生產中,22塑膠製品製造業  ,220塑膠製品  
11508.csv,強新工業股份有限公司,99656893,08210000087028,臺南市佳里區海澄里萊芉寮12之19號,臺南市佳里區海澄里,吳孟縈,84703335,股份有限公司,0821224,0830611,生產中,24基本金屬製造業、18化學材料及肥料製造業  ,241鋼鐵、181化學原材料  
11508.csv,強新工業股份有限公司五廠,67001259,,臺南市佳里區海澄里萊芉寮12之35號,臺南市佳里區海澄里,吳孟縈,84703335,股份有限公司,,1040723,生產中,24基本金屬製造業  ,241鋼鐵  
11508.csv,強新工業股份有限公司佳里七廠,67002599,,臺南市佳里區海澄里萊芉寮12之37號,臺南市佳里區海澄里,吳孟縈,84703335,股份有限公司,,1081225,生產中,24基本金屬製造業  ,241鋼鐵  
11508.csv,強新工業股份有限公司佳里三廠,99709710,,臺南市佳里區海澄里萊芉寮12之22、12之23、12之25號,臺南市佳里區海澄里,吳孟縈,84703335,股份有限公司,,0960117,生產中,24基本金屬製造業  ,241鋼鐵  
11508.csv,福盛實業有限公司汐止廠,99608048,08510001420532,新北市汐止區復興里新臺五路一段七五號七樓之六,新北市汐止區復興里,葉惠文,22024224,有限公司,0851205,0851216,生產中,27電腦、電子產品及光學製品製造業  ,275量測、導航、控制設備及鐘錶  
11508.csv,福隆尖端科技股份有限公司,99683429,08810000060897,臺南市善化區溪美里溪尾72之36號,臺南市善化區溪美里,蔡子良　　　,73630027,股份有限公司,0880129,0890125,生產中,24基本金屬製造業、25金屬製品製造業、29機械設備製造業  ,241鋼鐵、259其他金屬製品、293通用機械設備  
11508.csv,宇綸食品有限公司,99676781,,臺南市安南區布袋里工明南一路3號,臺南市安南區布袋里,蔡宇綸,24251998,有限公司,,0930119,生產中,08食品製造業  ,089其他食品  
11508.csv,安定企業有限公司,99663668,07610012095414,高雄市大寮區潮寮里田單六街６號,高雄市大寮區潮寮里,鄭張美雪,85804486,有限公司,0791231,0791231,生產中,24基本金屬製造業  ,241鋼鐵  
11508.csv,安宥創意金屬有限公司,65013674,,新北市汐止區中興里福德一路342巷1弄11號1樓,新北市汐止區中興里,朱芸萱,24700242,有限公司,,1150708,生產中,25金屬製品製造業  ,252金屬結構及建築組件  
11508.csv,安宥創意金屬有限公司汐止廠,65010211,,新北市汐止區環河里南陽街120巷29號1樓,新北市汐止區環河里,朱芸萱,24700242,有限公司,,1110304,生產中,25金屬製品製造業  ,252金屬結構及建築組件  
11508.csv,安良船燈照明有限公司,S6700836,,臺南市安南區佃東里海佃路4段388巷2弄258號,臺南市安南區佃東里,林文旗,24260223,有限公司,,1120704,生產中,28電力設備及配備製造業  ,284照明設備及配備  
11508.csv,宏剛鋼鐵有限公司,S6500315,,新北市三重區頂崁里光復路2段167號,新北市三重區頂崁里,邱奕遠,97043173,有限公司,,1090605,生產中,25金屬製品製造業  ,254金屬加工處理  
11508.csv,宏欣工業社二廠,S6600953,,臺中市外埔區中山里大馬路121號,臺中市外埔區中山里,王清風,95243055,獨資,,1090825,生產中,31其他運輸工具及其零件製造業、31其他運輸工具及其零件製造業、28電力設備及配備製造業  ,313自行車及其零件、281發電、輸電及配電機械  
11508.csv,宗松實業股份有限公司,S6601721,,臺中市大雅區上楓里鳳鳴路1-9號,臺中市大雅區上楓里,張世賢,56800644,股份有限公司,,1100719,生產中,24基本金屬製造業  ,242鋁  
11508.csv,宜伸企業股份有限公司,99660897,07510011023091,臺南市永康區新樹里富強路2段278巷29號,臺南市永康區新樹里,陳英俊　　　,72193152,股份有限公司,0750304,0750414,生產中,24基本金屬製造業  ,242鋁  
11508.csv,宜伸企業股份有限公司二廠,S6700311,,臺南市永康區新樹里富強路二段278巷30號,臺南市永康區新樹里,陳英俊,72193152,股份有限公司,,1090723,生產中,24基本金屬製造業  ,242鋁  
11508.csv,宜通股份有限公司,99624355,08310000601476,桃園市觀音區草漯里大同一路二三之一號,桃園市觀音區草漯里,徐庚龍　　　,23037774,股份有限公司,0830910,0840519,生產中,25金屬製品製造業  ,259其他金屬製品  
11508.csv,宜進鋼鐵工業股份有限公司,99620242,08510000406234,宜蘭縣蘇澳鎮龍德里龍祥一路六之一號,宜蘭縣蘇澳鎮龍德里,蘇晉慶　　,23986178,股份有限公司,0580101,,生產中,25金屬製品製造業、25金屬製品製造業  ,259其他金屬製品  
11508.csv,宥鴻實業有限公司,99680936,,彰化縣鹿港鎮頂厝里頂厝巷１２－１號,彰化縣鹿港鎮頂厝里,李建居,24392218,有限公司,,0980430,生產中,11紡織業、22塑膠製品製造業  ,111紡紗、115紡織品、220塑膠製品  
11508.csv,宸石鑫鋼鐵企業有限公司,02000243,,宜蘭縣五結鄉成興村利工一路二段140號,宜蘭縣五結鄉成興村,蔡文彬,24289832,有限公司,,1050926,生產中,25金屬製品製造業  ,252金屬結構及建築組件  
11508.csv,宸笙工業社,99645028,08210007059143,彰化縣秀水鄉埔崙村彰水路二段102巷65號,彰化縣秀水鄉埔崙村,蔡威珊,82423870,獨資,0820913,0830111,生產中,22塑膠製品製造業  ,220塑膠製品  
11508.csv,富堡村五金股份有限公司蘆竹廠,68004204,,桃園市蘆竹區山鼻里長興路二段58號(1樓),桃園市蘆竹區山鼻里,侯昭旭,28738310,股份有限公司,,1100608,生產中,24基本金屬製造業  ,242鋁  
11508.csv,富暐帆布有限公司龜山廠,68007408,,桃園市龜山區大坑里南上路520巷28弄7號,桃園市龜山區大坑里,蔡炘宬,50910243,有限公司,,1150310,生產中,25金屬製品製造業  ,252金屬結構及建築組件  
11508.csv,富格蘭科技有限公司,99632437,,苗栗縣銅鑼鄉銅鑼村三八鄰雙峰路五二號,苗栗縣銅鑼鄉銅鑼村,何瑞媛,97368256,有限公司,,0880727,生產中,29機械設備製造業  ,291金屬加工用機械設備、293通用機械設備  
11508.csv,寬譜醫學科技股份有限公司,99697241,,新北市新店區復興里民權路一三０巷四號二樓,新北市新店區復興里,李其然,84279416,股份有限公司,,0961206,生產中,27電腦、電子產品及光學製品製造業、33其他製造業  ,276輻射及電子醫學設備、277光學儀器及設備、332醫療器材及用品  
11508.csv,寬輾重車股份有限公司後龍廠,05000794,,苗栗縣後龍鎮福寧里9鄰烏眉82之1號,苗栗縣後龍鎮福寧里,杜建寬,24393429,股份有限公司,,1121120,生產中,25金屬製品製造業、25金屬製品製造業、30汽車及其零件製造業  ,252金屬結構及建築組件、253金屬容器、259其他金屬製品、303汽車零件  
11508.csv,寶齡富錦生技股份有限公司平鎮廠,99622436,06510000068538,桃園市平鎮區鎮興里興隆路266號,桃園市平鎮區鎮興里,張立秋　　,04742997,股份有限公司,0650510,0650510,生產中,20藥品及醫用化學製品製造業、08食品製造業  ,200藥品及醫用化學製品、089其他食品  
11508.csv,尚的有限公司,67002243,,臺南市仁德區太子里太子路689巷21號,臺南市仁德區太子里,鄭振國,80105049,有限公司,,1071218,生產中,22塑膠製品製造業、33其他製造業  ,220塑膠製品、331育樂用品  
11508.csv,尚益金屬科技股份有限公司梧棲廠,66010210,,臺中市梧棲區草湳里港埠路一段547號,臺中市梧棲區草湳里,何書育,83070564,股份有限公司,,1110907,生產中,24基本金屬製造業、25金屬製品製造業、29機械設備製造業、30汽車及其零件製造業、31其他運輸工具及其零件製造業  ,242鋁、254金屬加工處理、293通用機械設備、303汽車零件、312機車及其零件、313自行車及其零件  
11508.csv,展昇精機股份有限公司,99662435,07610012124700,高雄市路竹區竹西里中山路２巷５９號,高雄市路竹區竹西里,周清賢,22559079,股份有限公司,0791231,0791231,生產中,25金屬製品製造業、29機械設備製造業  ,259其他金屬製品、293通用機械設備  
11508.csv,展璋鋁業有限公司,67002181,,臺南市仁德區保安里開發五路27號,臺南市仁德區保安里,蔣慶璋,97222393,有限公司,,1071023,生產中,24基本金屬製造業  ,242鋁  
11508.csv,展田企業股份有限公司,99719893,,新北市土城區沛陂里中山路一０號,新北市土城區沛陂里,黃思宸,24297517,股份有限公司,,0990125,生產中,25金屬製品製造業、23非金屬礦物製品製造業、32家具製造業  ,252金屬結構及建築組件、232耐火、黏土建材及其他陶瓷製品、320家具  
11508.csv,展言企業有限公司,18000193,,新竹市香山區鹽水里中華路六段81巷15號,新竹市香山區鹽水里,李碧瑾,24222328,有限公司,,1040408,生產中,25金屬製品製造業、30汽車及其零件製造業  ,259其他金屬製品、303汽車零件  
11508.csv,山中鋼鐵有限公司,99647168,07610007058243,彰化縣和美鎮新庄里彰美路２段１１１號,彰化縣和美鎮新庄里,李俊儒　,96918676,有限公司,0761111,0770825,生產中,25金屬製品製造業  ,254金屬加工處理  
11508.csv,山海明永業有限公司,03000241,,桃園市楊梅區青山里獅一路10號,桃園市楊梅區青山里,賴庭鵬,24473485,有限公司,,1000131,生產中,08食品製造業、09飲料製造業  ,089其他食品、091酒精飲料、092非酒精飲料  
11508.csv,山源工業有限公司,99713506,,臺中市大里區健民里仁化路125巷8弄10號1樓,臺中市大里區健民里,高瑞源,23702242,有限公司,,0981225,生產中,33其他製造業  ,331育樂用品  
11508.csv,山田鋼鐵有限公司,07001684,,彰化縣永靖鄉新莊村永社路78號1樓,彰化縣永靖鄉新莊村,陳峻楷,23798133,有限公司,,1050104,生產中,25金屬製品製造業  ,254金屬加工處理、259其他金屬製品  
11508.csv,山田鋼鐵有限公司永靖廠,S0703490,,彰化縣永靖鄉新莊村永社路78號、臨78-1號,彰化縣永靖鄉新莊村,陳峻楷,23798133,有限公司,,1141120,生產中,25金屬製品製造業、30汽車及其零件製造業  ,254金屬加工處理、259其他金屬製品、303汽車零件  
11508.csv,岡群企業股份有限公司三廠,99685661,,高雄市岡山區程香里岡燕路４８５巷３２號,高雄市岡山區程香里,陳宋錦月,23524140,股份有限公司,,0931115,生產中,25金屬製品製造業  ,259其他金屬製品  
11508.csv,岡輝股份有限公司,99661399,07110012034128,高雄市岡山區大莊里大莊路８０巷３５號,高雄市岡山區大莊里,陳榮霖,24235864,股份有限公司,0791231,0791231,生產中,25金屬製品製造業  ,259其他金屬製品  
11508.csv,岳邱企業社(南投廠),08000386,,南投縣草屯鎮碧洲里碧峰路988號,南投縣草屯鎮碧洲里,邱岳彬,77567833,合夥,,1091119,生產中,25金屬製品製造業、24基本金屬製造業  ,251金屬刀具、手工具及模具、242鋁  
11508.csv,岳鑽傳播有限公司,07004688,,彰化縣彰化市快官里彰南路四段300巷25號1樓,彰化縣彰化市快官里,林佐岳,24297755,有限公司,,1110214,生產中,25金屬製品製造業  ,259其他金屬製品  
11508.csv,崇文科技股份有限公司,04000060,,新竹縣湖口鄉鳳山村仁政路５號１樓,新竹縣湖口鄉鳳山村,林維倫,24202934,股份有限公司,,1000413,生產中,29機械設備製造業  ,292其他專用機械設備  
11508.csv,崧佑工業有限公司大安廠,99643559,07510006092688,臺中市大安區海墘里東西九路243號,臺中市大安區海墘里,徐張雪娥,22248548,股份有限公司,0750806,,生產中,22塑膠製品製造業、25金屬製品製造業  ,220塑膠製品、251金屬刀具、手工具及模具  
11508.csv,崧佑工業有限公司一廠,S6601637,,臺中市大安區海墘里東西九路243號,臺中市大安區海墘里,徐張雪娥,22248548,有限公司,,1091118,生產中,30汽車及其零件製造業、31其他運輸工具及其零件製造業  ,303汽車零件、313自行車及其零件  
11508.csv,川慶化學股份有限公司觀音廠,99624174,07510000336009,桃園市觀音區草漯里大同二路15號,桃園市觀音區草漯里,李承宗　　,22374452,股份有限公司,0751205,0800626,生產中,18化學材料及肥料製造業、19其他化學製品製造業  ,184塑膠及合成橡膠原料、199未分類其他化學製品  
11508.csv,巨一科技股份有限公司,99612421,08910001086889,新北市三重區中興里光復路一段八０號七樓,新北市三重區中興里,廖偉釧,84465805,股份有限公司,0890331,0890429,生產中,27電腦、電子產品及光學製品製造業、26電子零組件製造業  ,271電腦及其週邊設備、272通訊傳播設備、275量測、導航、控制設備及鐘錶、269其他電子零組件、262被動電子元件  
11508.csv,巨帥企業社,S0800106,,南投縣草屯鎮石川里墩煌路二段199巷39號,南投縣草屯鎮石川里,洪炎煌,19241346,獨資,,1130719,生產中,22塑膠製品製造業  ,220塑膠製品  
11508.csv,巨根精密工業有限公司,S0800047,,南投縣南投市內新里南營路532巷5、7號,南投縣南投市內新里,林秀雲,23242281,有限公司,,1110126,生產中,22塑膠製品製造業  ,220塑膠製品  
11508.csv,巨榜鋼鐵股份有限公司,99720541,,臺中市南區樹義里大慶街一段261號,臺中市南區樹義里,黃光宗,89695833,股份有限公司,,0980120,生產中,24基本金屬製造業、25金屬製品製造業  ,241鋼鐵、254金屬加工處理  
11508.csv,巨榜鋼鐵股份有限公司沙鹿廠,66006480,,臺中市沙鹿區興安里興安路68號,臺中市沙鹿區興安里,黃光宗,89695833,股份有限公司,,1070601,生產中,25金屬製品製造業  ,254金屬加工處理  
11508.csv,帝壹統環保科技股份有限公司台中廠,99704178,,臺中市梧棲區草湳里自強路１６９號,臺中市梧棲區草湳里,王玉餘,28392153,股份有限公司,,0960326,生產中,24基本金屬製造業  ,241鋼鐵、242鋁、243銅  
11508.csv,康健生醫科技股份有限公司,65002412,,新北市五股區興珍里五權五路29號4樓、5樓,新北市五股區興珍里,葉延銘,27981667,股份有限公司,,1020809,生產中,33其他製造業  ,332醫療器材及用品  
11508.csv,廣錩不銹鋼有限公司岡山廠,99685203,08610012171810,高雄市岡山區程香里岡燕路４８５巷９３號,高雄市岡山區程香里,陳建明,84884146,有限公司,0860913,0861121,生產中,24基本金屬製造業、25金屬製品製造業  ,241鋼鐵、252金屬結構及建築組件  
11508.csv,建佑興業有限公司鶯歌廠,65005753,,新北市鶯歌區永昌里建國路405巷3號2樓,新北市鶯歌區永昌里,謝慧華,27395385,有限公司,,1060317,生產中,24基本金屬製造業、25金屬製品製造業  ,242鋁、243銅、249其他基本金屬、251金屬刀具、手工具及模具、259其他金屬製品  
11508.csv,建信木箱企業有限公司,68003677,,桃園市楊梅區上田里和平路180巷150號,桃園市楊梅區上田里,林宏諭,24246341,有限公司,,1090930,生產中,14木竹製品製造業  ,140木竹製品  
11508.csv,建大鋼鐵廠有限公司,99610170,05810000004789,新北市新莊區思源里思源路八七巷一０號,新北市新莊區思源里,陳品宏,35268307,有限公司,0580101,0800606,生產中,29機械設備製造業  ,291金屬加工用機械設備、293通用機械設備  
11508.csv,建奕鋼鐵工業股份有限公司,99637876,06510000008369,臺中市烏日區前竹里中山路一段265巷12號,臺中市烏日區前竹里,陳澄煌,55747360,股份有限公司,0580101,0650506,生產中,25金屬製品製造業  ,254金屬加工處理  
11508.csv,建穎鋼鐵企業有限公司,99684501,,臺南市永康區王行里中山北路799號,臺南市永康區王行里,劉學勳,16387654,有限公司,,0930805,生產中,25金屬製品製造業  ,254金屬加工處理  
11508.csv,建維有限公司,99613349,08710001565716,新北市新莊區福營里中正路八五三號四樓,新北市新莊區福營里,林資欽,16243474,有限公司,0871012,0871222,生產中,16印刷及資料儲存媒體複製業  ,160印刷及資料儲存媒體複製  
11508.csv,弘嘉貿易有限公司,66001381,,臺中市神岡區社口里社口街481號,臺中市神岡區社口里,范瑞玲,24288572,有限公司,,1010925,生產中,19其他化學製品製造業  ,193清潔用品及化粧品  
11508.csv,弘城工業社太平二廠,66001369,,臺中市太平區中興里新平路一段279巷103號、101號,臺中市太平區中興里,黃茂城,45582425,獨資,,1010917,生產中,25金屬製品製造業  ,254金屬加工處理  
11508.csv,強新工業股份有限公司佳里六廠A棟,67002067,,臺南市佳里區海澄里萊芉寮17之32號,臺南市佳里區海澄里,吳孟縈,84703335,股份有限公司,,1070608,生產中,24基本金屬製造業  ,241鋼鐵  
11508.csv,強新工業股份有限公司佳里二廠,99656236,08910000906879,臺南市佳里區海澄里萊芉寮1之25號,臺南市佳里區海澄里,吳孟縈,84703335,股份有限公司,0891103,0900509,生產中,24基本金屬製造業、25金屬製品製造業  ,241鋼鐵、254金屬加工處理  
11508.csv,強新工業股份有限公司佳里六廠B棟,67002068,,臺南市佳里區海澄里萊芉寮17之35號,臺南市佳里區海澄里,吳孟縈,84703335,股份有限公司,,1070608,生產中,24基本金屬製造業、24基本金屬製造業  ,241鋼鐵  
11508.csv,強新工程有限公司,09000030,,雲林縣麥寮鄉施厝村施厝路241號,雲林縣麥寮鄉施厝村,王曉雯,80089857,有限公司,,1000105,生產中,25金屬製品製造業  ,259其他金屬製品  
11508.csv,彩裕興業有限公司,99622423,08110000072345,桃園市龜山區兔坑里茶專路39巷12弄19號,桃園市龜山區兔坑里,林怡安,12714024,有限公司,0810508,0820212,生產中,22塑膠製品製造業  ,220塑膠製品  
11508.csv,福隆鋁業科技股份有限公司,64008996,,高雄市路竹區竹西里中山路88巷56號,高雄市路竹區竹西里,戴美玲,50932540,股份有限公司,,1100330,生產中,24基本金屬製造業  ,242鋁  
11508.csv,福隆金屬材料科技有限公司,07002412,,彰化縣福興鄉三汴村彰水路189號,彰化縣福興鄉三汴村,梁育豪,53900206,有限公司,,1061220,生產中,25金屬製品製造業  ,254金屬加工處理  
11508.csv,禾和企業有限公司,67002430,,臺南市麻豆區油車里新生北路57號2樓前段,臺南市麻豆區油車里,楊春芳,13043143,有限公司,,1080710,生產中,11紡織業、12成衣及服飾品製造業  ,115紡織品、121成衣  
11508.csv,禾益佳股份有限公司一廠,66005646,,臺中市大肚區永和里溪洲路241號,臺中市大肚區永和里,張春成,25076701,股份有限公司,,1060713,生產中,15紙漿、紙及紙製品製造業、22塑膠製品製造業  ,152瓦楞紙板及紙容器、220塑膠製品  
11508.csv,安山實業股份有限公司大寮廠,99662341,07410012092362,高雄市大寮區大寮里大有一街３５號,高雄市大寮區大寮里,鄭坤瑞,97159510,股份有限公司,0791231,0791231,生產中,24基本金屬製造業  ,241鋼鐵  
11508.csv,宏惠光電股份有限公司,99722666,,桃園市中壢區文化里安東路5號、5號2樓,桃園市中壢區文化里,張智年,22507994,股份有限公司,,0990923,生產中,27電腦、電子產品及光學製品製造業、25金屬製品製造業、24基本金屬製造業  ,277光學儀器及設備、275量測、導航、控制設備及鐘錶、271電腦及其週邊設備、251金屬刀具、手工具及模具、241鋼鐵、242鋁、243銅  
11508.csv,宏懋機械工業股份有限公司,99624361,07010000143844,桃園市楊梅區豐野里中正路五四九巷一之一號,桃園市楊梅區豐野里,林金興,23966969,股份有限公司,0700701,0720118,生產中,30汽車及其零件製造業、31其他運輸工具及其零件製造業、28電力設備及配備製造業、32家具製造業、25金屬製品製造業  ,303汽車零件、312機車及其零件、284照明設備及配備、320家具、259其他金屬製品  
11508.csv,宏毅科技工業股份有限公司,13000022,,屏東縣屏東市橋南里工業一路2、4、6號,屏東縣屏東市橋南里,牛佳元,12161450,股份有限公司,,1000303,生產中,25金屬製品製造業、24基本金屬製造業  ,242鋁、251金屬刀具、手工具及模具、252金屬結構及建築組件、259其他金屬製品  
11508.csv,宏祺企業社,99631273,08710004200370,新竹縣竹東鎮仁愛里１鄰沿河街４６７號,新竹縣竹東鎮仁愛里,范揚江　　　,77982424,獨資,0870828,0870922,生產中,25金屬製品製造業  ,252金屬結構及建築組件  
11508.csv,宏遠鋼鐵工程興業有限公司,13000684,,屏東縣屏東市大洲里大成路211號,屏東縣屏東市大洲里,吳松琳,90783200,有限公司,,1100622,生產中,25金屬製品製造業  ,252金屬結構及建築組件、254金屬加工處理  
11508.csv,宜全實業有限公司,99624258,08410003149114,桃園市八德區大竹里榮興路七三巷二四號二樓,桃園市八德區大竹里,張書易,23187415,有限公司,0840824,0840829,生產中,26電子零組件製造業  ,269其他電子零組件  
11508.csv,宜鑠精密工業股份有限公司大社廠,99712242,,高雄市大社區保社里旗楠路８０巷２０７之３號,高雄市大社區保社里,陳宗榮,13196739,股份有限公司,,0970731,生產中,29機械設備製造業  ,291金屬加工用機械設備  
11508.csv,宮前五金股份有限公司龜山廠,99622356,06610000109418,桃園市龜山區大華里頂湖一街24號,桃園市龜山區大華里,張豪良,35883226,股份有限公司,0580101,0690123,生產中,24基本金屬製造業  ,243銅  
11508.csv,宮島有限公司,99608618,,新北市新店區復興里中正路560巷15號1樓,新北市新店區復興里,張呂朴,80220028,有限公司,,0910910,生產中,24基本金屬製造業、25金屬製品製造業  ,241鋼鐵、254金屬加工處理  
11508.csv,宸翊金屬有限公司,99717884,,桃園市龜山區兔坑里大同路９４９巷１４號２樓,桃園市龜山區兔坑里,林士斌,12909512,有限公司,,0981030,生產中,24基本金屬製造業、25金屬製品製造業、29機械設備製造業  ,242鋁、251金屬刀具、手工具及模具、252金屬結構及建築組件、293通用機械設備  
11508.csv,宸言科技有限公司,65009014,,新北市蘆洲區中華里正和街41號6樓,新北市蘆洲區中華里,謝馨嬁,24322754,有限公司,,1091123,生產中,26電子零組件製造業  ,269其他電子零組件  
11508.csv,富士鮮品股份有限公司,09000234,,雲林縣斗南鎮小東里德業路33巷13號,雲林縣斗南鎮小東里,鄭嘉仁,24387670,股份有限公司,,1010925,生產中,08食品製造業  ,083蔬果加工  
11508.csv,富笙工廠,99149947,078345248,新北市新莊區化成路349巷22號,新北市新莊區,顏瑞城,02202431,合夥,0781121,0781121,生產中,26電子零組件製造業  ,269其他電子零組件  
11508.csv,富笙電鍍工廠,99610761,07810001345248,新北市新莊區頭前里化成路349巷22號,新北市新莊區頭前里,顏韶廷,02202431,合夥,0781114,0781121,生產中,29機械設備製造業、25金屬製品製造業、26電子零組件製造業  ,293通用機械設備、251金屬刀具、手工具及模具、264光電材料及元件、269其他電子零組件、254金屬加工處理  
11508.csv,富錡鋼鐵有限公司經國廠,68005643,,桃園市桃園區汴洲里經國路618號7樓之4,桃園市桃園區汴洲里,余彥棠,83750627,有限公司,,1120823,生產中,25金屬製品製造業  ,254金屬加工處理  
11508.csv,尚福堂興業有限公司,99633895,08910006000482,臺中市清水區東山里神清路6之7號,臺中市清水區東山里,何義豐,24372613,有限公司,0890301,0890309,生產中,32家具製造業  ,320家具  
11508.csv,展盛鋁業股份有限公司,99659642,08310011012466,臺南市仁德區仁愛里大同路三段110號,臺南市仁德區仁愛里,郭士彰　　　,23070457,股份有限公司,0830207,0830301,生產中,25金屬製品製造業、24基本金屬製造業  ,252金屬結構及建築組件、242鋁  
11508.csv,展盛鋁業股份有限公司路竹廠,99664528,08110012068893,高雄市路竹區甲南里大仁路５４５號,高雄市路竹區甲南里,郭士彰,23070457,股份有限公司,0810530,0830419,生產中,24基本金屬製造業  ,242鋁  
11508.csv,展躍光電科技股份有限公司,99725751,,新北市中和區中原里板南路四九八號六樓之三,新北市中和區中原里,歐陽正德,24279166,股份有限公司,,0990513,生產中,26電子零組件製造業、27電腦、電子產品及光學製品製造業、28電力設備及配備製造業  ,262被動電子元件、264光電材料及元件、269其他電子零組件、271電腦及其週邊設備、272通訊傳播設備、273視聽電子產品、284照明設備及配備  
11508.csv,山內鑄造工業股份有限公司,99667652,06810000149850,新竹市香山區大湖里五福路一段四六六號,新竹市香山區大湖里,陳聰賢　　,47229723,股份有限公司,0681004,0691218,生產中,24基本金屬製造業  ,241鋼鐵  
11508.csv,山益包裝有限公司三廠,68002562,,桃園市新屋區石磊里華興路690巷199弄85號,桃園市新屋區石磊里,陳國雄,24244081,有限公司,,1080308,生產中,14木竹製品製造業  ,140木竹製品  
11508.csv,山益包裝有限公司二廠,68007221,,桃園市觀音區藍埔里快速路八段236巷5號(1樓),桃園市觀音區藍埔里,陳國雄,24244081,有限公司,,1141212,生產中,14木竹製品製造業  ,140木竹製品  
11508.csv,岦昂企業社工廠,07004482,,彰化縣花壇鄉長沙村忠孝街228巷18號1樓,彰化縣花壇鄉長沙村,陳泳璁,82418010,合夥,,1100922,生產中,25金屬製品製造業  ,254金屬加工處理、259其他金屬製品  
11508.csv,岦盛鋼鐵股份有限公司,02000507,,宜蘭縣冬山鄉大興村德興九路9-1號,宜蘭縣冬山鄉大興村,林棟樑,90233254,股份有限公司,,1121003,生產中,25金屬製品製造業  ,254金屬加工處理  
11508.csv,岦裕鋼鐵有限公司,99671345,07310019002757,臺中市東區東門里建成路５０１號,臺中市東區東門里,郭張素娥,52924068,有限公司,0731113,0750809,生產中,25金屬製品製造業  ,254金屬加工處理  
11508.csv,岦陞股份有限公司,68001241,,桃園市觀音區大潭里1鄰環科路236號,桃園市觀音區大潭里,黃宣諺,54256555,股份有限公司,,1060503,生產中,23非金屬礦物製品製造業  ,239其他非金屬礦物製品  
11508.csv,岩堡石業股份有限公司,99704639,,花蓮縣吉安鄉光華村華工四路２０號,花蓮縣吉安鄉光華村,彭億妹,24208640,股份有限公司,,0980521,生產中,23非金屬礦物製品製造業  ,234石材製品  
11508.csv,岩堡石業股份有限公司-岩堡二廠,S1500058,,花蓮縣吉安鄉光華村005鄰華城二街148號一樓,花蓮縣吉安鄉光華村,彭億妹,24208640,股份有限公司,,1150402,生產中,25金屬製品製造業  ,254金屬加工處理  
11508.csv,峻峯企業社,S6400791,,高雄市路竹區甲北里環球路242-1號,高雄市路竹區甲北里,趙家生,26000146,獨資,,1091006,生產中,25金屬製品製造業  ,251金屬刀具、手工具及模具  
11508.csv,崇淮雷射科技有限公司二廠,S0702410,,彰化縣福興鄉元中村復興路7之3號,彰化縣福興鄉元中村,楊雅真,24617624,有限公司,,1130529,生產中,25金屬製品製造業  ,254金屬加工處理  
11508.csv,崇源企業有限公司工廠,07006541,,彰化縣彰化市中庄里中山路三段410巷36號1樓,彰化縣彰化市中庄里,游崧源,90241418,有限公司,,1150821,生產中,25金屬製品製造業  ,252金屬結構及建築組件、254金屬加工處理、259其他金屬製品  
11508.csv,川本國際包裝股份有限公司,66009080,,臺中市烏日區前竹里中山路一段229巷36弄12號1樓,臺中市烏日區前竹里,簡苡安,28324199,股份有限公司,,1100503,生產中,15紙漿、紙及紙製品製造業、22塑膠製品製造業  ,152瓦楞紙板及紙容器、159其他紙製品、220塑膠製品  
11508.csv,川本國際包裝股份有限公司食品廠,66011097,,臺中市烏日區前竹里中山路一段229巷36弄12號3樓,臺中市烏日區前竹里,簡苡安,28324199,股份有限公司,,1130223,生產中,08食品製造業  ,089其他食品  
11508.csv,巨呈工業股份有限公司高雄大發廠,99665373,07410012093434,高雄市大寮區潮寮里建民街１７號,高雄市大寮區潮寮里,盧文力,22839375,股份有限公司,0791231,0791231,生產中,24基本金屬製造業  ,241鋼鐵  
11508.csv,巨渥工業有限公司,99656602,08510011312214,臺南市歸仁區南興里中山路3段436巷58號,臺南市歸仁區南興里,陳智斌　,24278244,有限公司,0851118,0870730,生產中,22塑膠製品製造業  ,220塑膠製品  
11508.csv,巨熒企業有限公司,99717747,,桃園市龍潭區高平里高楊南路350號１樓　,桃園市龍潭區高平里,王升伯,24293857,有限公司,,0980721,生產中,25金屬製品製造業、29機械設備製造業  ,251金屬刀具、手工具及模具、291金屬加工用機械設備  
11508.csv,巨豐企業股份有限公司,99618185,06210000132377,新北市土城區頂埔里大暖路七三號,新北市土城區頂埔里,曾順龍,33689275,股份有限公司,0580101,0630412,生產中,24基本金屬製造業  ,243銅  
11508.csv,帝屋鑄造工廠股份有限公司,99654923,07610000195681,嘉義縣民雄鄉北斗村民雄工業區成功街35號,嘉義縣民雄鄉北斗村,黃文松,66651799,股份有限公司,0760527,0770621,生產中,24基本金屬製造業  ,241鋼鐵  
11508.csv,康城機械工業有限公司,99631444,08810004308397,新竹縣竹東鎮瑞峰里６鄰燥樹排３７號,新竹縣竹東鎮瑞峰里,彭依強,86791191,有限公司,0881011,0881021,生產中,24基本金屬製造業、25金屬製品製造業  ,241鋼鐵、249其他基本金屬、259其他金屬製品  
11508.csv,廣佑鋼鐵有限公司柳營廠,S6700030,,臺南市柳營區光福里柳營路1段198巷160弄1號,臺南市柳營區光福里,沈勝智,86828850,有限公司,,1090610,生產中,25金屬製品製造業  ,252金屬結構及建築組件、254金屬加工處理  
11508.csv,廣才有限公司,65007628,,新北市八里區下罟里下罟子58-1號1樓,新北市八里區下罟里,陳淑媛,24281901,有限公司,,1080326,生產中,25金屬製品製造業  ,252金屬結構及建築組件、254金屬加工處理  
11508.csv,廣昇工業股份有限公司,99675464,06610000204293,臺南市安南區佃東里海佃路4段318號,臺南市安南區佃東里,高群博,69313007,股份有限公司,0661210,0670109,生產中,31其他運輸工具及其零件製造業、29機械設備製造業、24基本金屬製造業  ,241鋼鐵、292其他專用機械設備、312機車及其零件  
11508.csv,廣鑫光電科技有限公司,99717989,,桃園市中壢區永福里南園路11號(1樓、2樓),桃園市中壢區永福里,林賢正,24213159,有限公司,,0990107,生產中,25金屬製品製造業、29機械設備製造業  ,259其他金屬製品、292其他專用機械設備  
11508.csv,廣鑫鋼鐵有限公司,S6400765,,高雄市鳥松區仁美里大同路2-50號,高雄市鳥松區仁美里,林裕淵,28066925,有限公司,,1091006,生產中,25金屬製品製造業  ,254金屬加工處理  
11508.csv,建宏焊接工業有限公司,S0701965,,彰化縣員林市大饒路542巷23-6號,彰化縣員林市,張文棋,24279270,有限公司,,1120421,生產中,25金屬製品製造業  ,254金屬加工處理  
11508.csv,建東鐵工廠,99675393,06110000131368,臺南市安南區安東里安和路1段368號,臺南市安南區安東里,柯梅芳,70024119,獨資,0611205,0630203,生產中,25金屬製品製造業、29機械設備製造業  ,259其他金屬製品、293通用機械設備  
11508.csv,建翰企業有限公司,99656512,07510011111153,臺南市永康區塩洲里正南六街88、92號,臺南市永康區塩洲里,王福城　　,97243361,有限公司,0750925,0751024,生產中,25金屬製品製造業  ,254金屬加工處理  
11508.csv,建翰企業有限公司分廠,99709725,,臺南市永康區塩洲里正南六街75號,臺南市永康區塩洲里,高明吉,97243361,有限公司,,0960213,生產中,25金屬製品製造業  ,254金屬加工處理  
11508.csv,建鑫鋼鐵股份有限公司工廠,S0701008,,彰化縣伸港鄉大同村彰新路七段601巷26號,彰化縣伸港鄉大同村,姚燕玉,29115240,股份有限公司,,1090721,生產中,25金屬製品製造業  ,254金屬加工處理  
11508.csv,建鑫鑄造工業有限公司,99681074,,彰化縣線西鄉塭仔村彰濱東二路１１號１樓,彰化縣線西鄉塭仔村,林宗毅,27438814,有限公司,,0981224,生產中,24基本金屬製造業、25金屬製品製造業  ,241鋼鐵、251金屬刀具、手工具及模具  
11508.csv,弘大金屬工業股份有限公司,99658929,06310000041823,臺南市善化區牛庄里牛庄538號,臺南市善化區牛庄里,陳俊宏,72015592,股份有限公司,0630401,0631001,生產中,24基本金屬製造業  ,242鋁  
11508.csv,弘泰鋼鐵股份有限公司,99672578,06810000124591,嘉義市東區後湖里保忠三街５０號,嘉義市東區後湖里,李嘉祥　　　,66523367,股份有限公司,0680523,0690425,生產中,25金屬製品製造業、29機械設備製造業、32家具製造業、28電力設備及配備製造業  ,285家用電器、252金屬結構及建築組件、253金屬容器、320家具、293通用機械設備、251金屬刀具、手工具及模具  
11508.csv,弘運鋼鐵工業股份有限公司台南廠,99660329,08110000070934,臺南市官田區二鎮里成功街69號,臺南市官田區二鎮里,郭永成　　　,86119246,股份有限公司,0810226,0810310,生產中,24基本金屬製造業、25金屬製品製造業  ,241鋼鐵、254金屬加工處理  
11508.csv,弘達儀器股份有限公司一廠,66002699,,臺中市南屯區文山里精科中路20號一樓、二樓,臺中市南屯區文山里,陳和順,52438046,股份有限公司,,1030502,生產中,27電腦、電子產品及光學製品製造業、29機械設備製造業  ,275量測、導航、控制設備及鐘錶、292其他專用機械設備、293通用機械設備  
11508.csv,強煜股份有限公司機械廠,99624378,08910003326830,桃園市楊梅區瑞原里民豐路５１０號１樓,桃園市楊梅區瑞原里,葉佐鈞,45904328,股份有限公司,0891123,0891201,生產中,29機械設備製造業  ,293通用機械設備  
11508.csv,強生遊艇股份有限公司,64006498,,高雄市小港區鳳宮里光和路101號,高雄市小港區鳳宮里,黃文弘,22421912,股份有限公司,,1010319,生產中,31其他運輸工具及其零件製造業  ,311船舶及浮動設施  
11508.csv,彩電企業股份有限公司,99601385,07710001155106,新北市淡水區義山里淡金路三段四六一巷一八號,新北市淡水區義山里,陳碧琴,36124223,股份有限公司,0770602,0780202,生產中,26電子零組件製造業  ,269其他電子零組件  
11508.csv,秀水工業有限公司彰化廠,07001985,,彰化縣彰化市南興里南興街121巷13號1樓,彰化縣彰化市南興里,張志東,59241103,有限公司,,1051213,生產中,31其他運輸工具及其零件製造業  ,312機車及其零件  
11508.csv,穎杰鑄造工業股份有限公司,99655956,05810000017325,嘉義縣太保市過溝里嘉太工業區和順路５號,嘉義縣太保市過溝里,涂志詠,66570608,股份有限公司,0580101,0700305,生產中,24基本金屬製造業  ,241鋼鐵  
11508.csv,穎杰鑄造工業股份有限公司二廠,99675838,,嘉義縣太保市過溝里嘉太工業區光復路３２號,嘉義縣太保市過溝里,涂志詠,66570608,股份有限公司,,0930423,生產中,24基本金屬製造業  ,241鋼鐵  
11508.csv,宇貹農產產銷股份有限公司,63022439,,臺北市士林區永倫里延平北路六段四五七號二樓、三樓,臺北市士林區永倫里,林郁貹,80684650,股份有限公司,,1070213,生產中,08食品製造業  ,089其他食品  
11508.csv,宇軒鋼鐵工程股份有限公司楊梅廠,68006723,,桃園市楊梅區富岡里富聯路236號(1樓),桃園市楊梅區富岡里,鄭瑀珊,54929624,股份有限公司,,1140501,生產中,25金屬製品製造業  ,252金屬結構及建築組件、254金屬加工處理  
11508.csv,宇軫有限公司,99610423,08810001024288,新北市新莊區化成里化成路二九巷七０號,新北市新莊區化成里,陳韋廷,16722762,有限公司,0880203,0880211,生產中,29機械設備製造業、25金屬製品製造業、27電腦、電子產品及光學製品製造業、26電子零組件製造業、30汽車及其零件製造業  ,293通用機械設備、251金屬刀具、手工具及模具、271電腦及其週邊設備、272通訊傳播設備、269其他電子零組件、303汽車零件  
11508.csv,宏原鋼鐵有限公司一廠,S6700612,,臺南市新市區大社里大社580號,臺南市新市區大社里,吳柏賢,80014343,有限公司,,1091014,生產中,24基本金屬製造業、29機械設備製造業  ,241鋼鐵、292其他專用機械設備  
11508.csv,宏合精研股份有限公司台中廠,99713161,,臺中市大肚區頂街里沙田路三段245巷81之36號,臺中市大肚區頂街里,林纈合,80522115,股份有限公司,,0980219,生產中,24基本金屬製造業  ,242鋁  
11508.csv,宏承鋼鐵股份有限公司林口廠,99621655,08110003006022,桃園市龜山區大崗里頂湖六街六號,桃園市龜山區大崗里,吳俊彥,86322563,股份有限公司,0810111,0821228,生產中,25金屬製品製造業  ,254金屬加工處理  
11508.csv,宏泰光電有限公司,65002887,,新北市五股區興珍里五工一路103號3樓,新北市五股區興珍里,陳泰利,24373676,有限公司,,1030307,生產中,28電力設備及配備製造業  ,284照明設備及配備  
11508.csv,宏積實業股份有限公司,64008521,,高雄市路竹區社南里復興路9-9號,高雄市路竹區社南里,蔡朝全,24374372,股份有限公司,,1080912,生產中,25金屬製品製造業  ,259其他金屬製品  
11508.csv,宜協有限公司,99628635,08910003324333,桃園市平鎮區雙連里民族路雙連二段118巷49弄32號,桃園市平鎮區雙連里,蔡淑惠,89694222,有限公司,0890615,0890620,生產中,29機械設備製造業  ,293通用機械設備、291金屬加工用機械設備  
11508.csv,家和鋼鐵業有限公司,66004426,,臺中市外埔區六分里水頭路160號一樓,臺中市外埔區六分里,林宇函,25027857,有限公司,,1050323,生產中,25金屬製品製造業  ,252金屬結構及建築組件  
11508.csv,家地麗國際股份有限公司,S6600644,,臺中市烏日區螺潭里慶光路98-9號,臺中市烏日區螺潭里,賴珈汶,27816490,股份有限公司,,1090722,生產中,24基本金屬製造業  ,242鋁  
11508.csv,家天下實業有限公司龍井廠,66012461,,臺中市龍井區麗水里龍港路501巷48弄29號,臺中市龍井區麗水里,陳雪嬌,24245259,有限公司,,1150609,生產中,28電力設備及配備製造業  ,284照明設備及配備  
11508.csv,富好股份有限公司大園廠,99627046,07710003144579,桃園市大園區五權里21鄰五青路150巷26號,桃園市大園區五權里,林麗珠,86869726,股份有限公司,0771018,0771102,生產中,24基本金屬製造業、25金屬製品製造業、29機械設備製造業  ,241鋼鐵、259其他金屬製品、293通用機械設備  
11508.csv,富閎鋁業有限公司,S6701028,,臺南市關廟區五甲里南雄路一段510號,臺南市關廟區五甲里,王建涵,13051608,有限公司,,1140318,生產中,24基本金屬製造業  ,242鋁  
11508.csv,寰奇機電有限公司,66012462,,臺中市龍井區忠和里工業路188巷26號,臺中市龍井區忠和里,吳柏政,24270806,有限公司,,1150609,生產中,25金屬製品製造業  ,252金屬結構及建築組件  
11508.csv,將吉企業社,07004882,11110007801879,彰化縣溪湖鎮湖西里華興街24號1樓,彰化縣溪湖鎮湖西里,張秉菘,82425434,獨資,1110726,1110902,生產中,25金屬製品製造業  ,252金屬結構及建築組件、254金屬加工處理  
11508.csv,展輝工業有限公司,66000205,,臺中市龍井區龍津里蚵寮路328號,臺中市龍井區龍津里,陳春生,22916512,有限公司,,1000428,生產中,24基本金屬製造業、25金屬製品製造業  ,241鋼鐵、242鋁、251金屬刀具、手工具及模具  
11508.csv,展通精密有限公司,67000706,,臺南市永康區王行里永科七路18號,臺南市永康區王行里,劉奕岑,28930420,有限公司,,1020909,生產中,24基本金屬製造業、25金屬製品製造業  ,243銅、259其他金屬製品  
11508.csv,展造工業股份有限公司,99634871,08210006043386,臺中市神岡區社南里中山路827號,臺中市神岡區社南里,楊深裕,84197077,股份有限公司,0820323,0820607,生產中,24基本金屬製造業、25金屬製品製造業、29機械設備製造業、30汽車及其零件製造業、31其他運輸工具及其零件製造業  ,242鋁、251金屬刀具、手工具及模具、254金屬加工處理、259其他金屬製品、293通用機械設備、303汽車零件、312機車及其零件、313自行車及其零件  
11508.csv,山聯長金屬股份有限公司,99683111,07210011123006,臺南市仁德區一甲里太乙二街27號,臺南市仁德區一甲里,謝宗良,84794026,股份有限公司,0721118,0840308,生產中,24基本金屬製造業  ,241鋼鐵  
11508.csv,崇瑋工業股份有限公司,99661817,07810012145595,高雄市大社區保社里萬金路8之6號,高雄市大社區保社里,李水達,22824252,股份有限公司,0791231,0791231,生產中,30汽車及其零件製造業、31其他運輸工具及其零件製造業  ,303汽車零件、312機車及其零件  
11508.csv,崇瑋工業股份有限公司二廠,64008974,,高雄市大社區保社里萬金路6號1樓,高雄市大社區保社里,李水達,22824252,股份有限公司,,1100311,生產中,30汽車及其零件製造業、31其他運輸工具及其零件製造業  ,303汽車零件、312機車及其零件  
11508.csv,崧峻鋼鐵企業有限公司二廠,S6600391,,臺中市烏日區溪埧里溪南路一段48號,臺中市烏日區溪埧里,柯惠𡝮,12842077,有限公司,,1090706,生產中,29機械設備製造業  ,291金屬加工用機械設備  
11508.csv,川湖塑膠工業股份有限公司,S1000178,,嘉義縣民雄鄉山中村215之10號,嘉義縣民雄鄉,張文旗,24238588,股份有限公司,,1120614,生產中,22塑膠製品製造業  ,220塑膠製品  
11508.csv,巨旦科技股份有限公司,99687385,,桃園市蘆竹區山鼻里3鄰南山路二段470巷131號,桃園市蘆竹區山鼻里,游森雄,89713311,股份有限公司,,0921225,生產中,24基本金屬製造業、25金屬製品製造業、30汽車及其零件製造業、31其他運輸工具及其零件製造業  ,242鋁、252金屬結構及建築組件、303汽車零件、312機車及其零件、313自行車及其零件  
11508.csv,巨盈企業有限公司,99632020,08210005020433,苗栗縣頭份市民生里一二鄰中華路四七二號,苗栗縣頭份市民生里,曾富田,86367625,股份有限公司,0820224,0820301,生產中,24基本金屬製造業  ,241鋼鐵  
11508.csv,巨益工業有限公司,99664020,07410012092568,高雄市大寮區潮寮里富民街１３號,高雄市大寮區潮寮里,邱元利,86418841,有限公司,0791231,0791231,生產中,24基本金屬製造業  ,241鋼鐵  
11508.csv,巨路國際股份有限公司,99712415,,高雄市大寮區大寮里裕民街８號,高雄市大寮區大寮里,林建國,14033663,股份有限公司,,0980330,生產中,28電力設備及配備製造業、29機械設備製造業  ,283電線及配線器材、289其他電力設備及配備、291金屬加工用機械設備、292其他專用機械設備、293通用機械設備  
11508.csv,巽轟企業有限公司,99662469,07510012094709,高雄市大寮區潮寮里田單六街２０號,高雄市大寮區潮寮里,林明達,06722736,有限公司,0791231,0791231,生產中,24基本金屬製造業  ,241鋼鐵  
11508.csv,市工工業股份有限公司,99610516,08610001211309,新北市新莊區化成里化成路四七號,新北市新莊區化成里,吳金成,23812424,股份有限公司,0860618,0860715,生產中,29機械設備製造業、25金屬製品製造業  ,293通用機械設備、251金屬刀具、手工具及模具、259其他金屬製品  
11508.csv,布瑞斯科技有限公司,64010020,,高雄市前鎮區信義里千富街241巷20號,高雄市前鎮區信義里,林俊忠,95439375,有限公司,,1131217,生產中,11紡織業  ,113不織布  
11508.csv,帝泰精密工業股份有限公司,99619416,08810001024176,新北市新莊區西盛里新樹路三一０巷五號,新北市新莊區西盛里,黃昌輝,22686363,股份有限公司,0880205,0880318,生產中,29機械設備製造業、25金屬製品製造業  ,293通用機械設備、251金屬刀具、手工具及模具  
11508.csv,帝瑋機械股份有限公司,99703177,,臺中市神岡區社南里中山路６６７巷３４號,臺中市神岡區社南里,林國良,56800243,股份有限公司,,0940928,生產中,29機械設備製造業、25金屬製品製造業  ,259其他金屬製品、292其他專用機械設備  
11508.csv,常琪鋁業股份有限公司,99656690,,臺南市新營區嘉芳里四維路9號及9之1號及新工路20號、新嘉街2號,臺南市新營區嘉芳里,陳聖義,89563615,股份有限公司,,0900917,生產中,24基本金屬製造業、19其他化學製品製造業  ,242鋁、199未分類其他化學製品  
11508.csv,常琪鋁業股份有限公司順豐廠,67002890,,臺南市新營區嘉芳里四維路16號,臺南市新營區嘉芳里,陳聖義,89563615,股份有限公司,,1091223,生產中,24基本金屬製造業  ,242鋁  
11508.csv,幸太興業有限公司,99609542,07510001122120,新北市樹林區圳民里中正路248巷28弄38號,新北市樹林區圳民里,楊寶秀,35987242,有限公司,0750426,0750513,生產中,15紙漿、紙及紙製品製造業  ,152瓦楞紙板及紙容器  
11508.csv,康得科技有限公司,63022115,,臺北市內湖區湖元里行愛路七十八巷二十八號二樓之三,臺北市內湖區湖元里,許庭豪,24301316,有限公司,,0980703,生產中,27電腦、電子產品及光學製品製造業、28電力設備及配備製造業  ,272通訊傳播設備  
11508.csv,廣信鋼品有限公司,65005282,,新北市八里區下罟里下罟子58-1號1樓,新北市八里區下罟里,陳家偉,16996093,有限公司,,1050908,生產中,25金屬製品製造業  ,252金屬結構及建築組件、254金屬加工處理  
11508.csv,廣明國際科技有限公司,65000705,,新北市樹林區圳民里中正路242號1樓,新北市樹林區圳民里,蔡文明,28925735,有限公司,,1000829,生產中,22塑膠製品製造業、26電子零組件製造業、25金屬製品製造業、33其他製造業  ,220塑膠製品、269其他電子零組件、254金屬加工處理、332醫療器材及用品  
11508.csv,廣春生物科技有限公司,99699087,,嘉義市東區後湖里保順路１４２號,嘉義市東區後湖里,陳朝春,24350441,有限公司,,0990902,生產中,08食品製造業  ,089其他食品  
11508.csv,建全工業社,99652412,08010008001012,南投縣草屯鎮北投里史館路致興巷一二七號,南投縣草屯鎮北投里,鄭建全,77370487,其他,0800926,0801008,生產中,25金屬製品製造業  ,259其他金屬製品、293通用機械設備  
11508.csv,建全鋼鐵工業股份有限公司,99669899,06510000082478,臺中市南區樹義里復興路一段260號,臺中市南區樹義里,李仁壽,51450772,股份有限公司,0580101,0670609,生產中,25金屬製品製造業、29機械設備製造業  ,259其他金屬製品、293通用機械設備  
11508.csv,建山鋼鐵企業有限公司,S6401058,,高雄市岡山區為隨里為隨東路82-1號,高雄市岡山區為隨里,郭江河,54573665,有限公司,,1130115,生產中,25金屬製品製造業  ,254金屬加工處理  
11508.csv,建順煉鋼股份有限公司,99632693,,苗栗縣通霄鎮五北里68之4號,苗栗縣通霄鎮五北里,王丕彰,55695790,股份有限公司,,0641227,生產中,24基本金屬製造業  ,241鋼鐵  
11508.csv,強益精密實業有限公司,99717560,,桃園市龜山區大坑里南上路３８６巷２０、２２號,桃園市龜山區大坑里,陳韋佑,24241747,有限公司,,0980216,生產中,29機械設備製造業、26電子零組件製造業、25金屬製品製造業  ,293通用機械設備、269其他電子零組件、259其他金屬製品  
11508.csv,強盛木藝股份有限公司工廠,66005241,,臺中市神岡區岸裡里大富路61巷22號1樓,臺中市神岡區岸裡里,涂添彬,86555464,股份有限公司,,1060307,生產中,14木竹製品製造業  ,140木竹製品  
11508.csv,福綺實業有限公司,99683465,06910000184257,臺南市永康區塩洲里洲尾街1Ｏ7號,臺南市永康區塩洲里,郭徐芽里　　,22242755,有限公司,0690822,0701130,生產中,11紡織業  ,112織布  
11508.csv,禾宇展業有限公司,07002450,,彰化縣員林市振興里山脚路二段238巷26號1樓,彰化縣員林市振興里,李寳村,53286243,有限公司,,1070131,生產中,13皮革、毛皮及其製品製造業  ,130皮革、毛皮及其製品  
11508.csv,禾宇展業有限公司二廠,S0703834,,彰化縣員林市大峯里阿寶巷86-9號,彰化縣員林市大峯里,李寶村,53286243,有限公司,,1150727,生產中,13皮革、毛皮及其製品製造業  ,130皮革、毛皮及其製品  
11508.csv,禾宏塑膠工業有限公司,65013324,,新北市樹林區圳生里俊興街242號(1樓),新北市樹林區圳生里,陳榮尚,82787908,有限公司,,1150126,生產中,22塑膠製品製造業、25金屬製品製造業  ,220塑膠製品、251金屬刀具、手工具及模具  
11508.csv,科林研發製造股份有限公司,68000339,,桃園市中壢區忠義里自強三路3號,桃園市中壢區忠義里,陳建倫,42587242,股份有限公司,,1041026,生產中,29機械設備製造業  ,292其他專用機械設備  
11508.csv,科比易隔間材料有限公司樹林廠,65013243,,新北市樹林區東山里中山路2段151巷12之3號4樓,新北市樹林區東山里,林志青,66401842,有限公司,,1141226,生產中,25金屬製品製造業  ,252金屬結構及建築組件  
11508.csv,程美生技食品有限公司,99709523,,雲林縣二崙鄉永定村尖厝崙路132號,雲林縣二崙鄉永定村,陳翠華,24381850,有限公司,,0980619,生產中,08食品製造業  ,089其他食品  
11508.csv,穎洋企業股份有限公司,99680243,,彰化縣埤頭鄉豐崙村光復東路３１６號,彰化縣埤頭鄉豐崙村,葉麗珠,16218264,股份有限公司,,0951128,生產中,25金屬製品製造業  ,252金屬結構及建築組件  
11508.csv,穎玖機械工業有限公司,99667860,08710018130327,新竹市香山區南隘里南隘路一段五０巷三號一樓,新竹市香山區南隘里,陳聰楠　　　,23545948,有限公司,0870603,0870722,生產中,25金屬製品製造業、24基本金屬製造業  ,259其他金屬製品、242鋁、249其他基本金屬  
11508.csv,立大消防設備工程有限公司,68002098,,桃園市大園區南港里長發一路242號,桃園市大園區南港里,廖偉任,28540892,有限公司,,1070731,生產中,29機械設備製造業  ,293通用機械設備  
11508.csv,立奇機械企業社,99620248,07510002094464,宜蘭縣冬山鄉東城村東城路七二號,宜蘭縣冬山鄉東城村,張立奇,02431912,合夥,0751217,0760108,生產中,29機械設備製造業  ,293通用機械設備  
11508.csv,安鈦工業股份有限公司西屯廠,99670000,08310000153499,臺中市西屯區協和里工業區三十六路１８號,臺中市西屯區協和里,白烈光,23056595,股份有限公司,0830421,0830505,生產中,24基本金屬製造業  ,241鋼鐵  
11508.csv,宏名鑄造廠股份有限公司三義廠,05000677,,苗栗縣三義鄉西湖村14鄰伯公坑39之7號,苗栗縣三義鄉西湖村,游其福,55971583,股份有限公司,,1101123,生產中,24基本金屬製造業  ,241鋼鐵  
11508.csv,宏名鑄造廠股份有限公司,99641665,07210006094093,臺中市潭子區栗林里中山路三段287巷9弄154號,臺中市潭子區栗林里,游其福,55971583,股份有限公司,0720624,0790531,生產中,24基本金屬製造業  ,241鋼鐵  
11508.csv,宏名鑄造廠股份有限公司二廠,66003211,,臺中市潭子區栗林里弘智街163號,臺中市潭子區栗林里,游其福,55971583,股份有限公司,,1031118,生產中,24基本金屬製造業  ,241鋼鐵  
11508.csv,宏君光學有限公司,99683283,08510011302972,臺南市永康區東橋里中正路217巷3弄38號,臺南市永康區東橋里,儲佑丞　　,85022434,有限公司,0850417,0850423,生產中,33其他製造業  ,332醫療器材及用品  
11508.csv,宏周鋼鐵有限公司,99688220,,桃園市蘆竹區新興里中興路９０號（１樓）,桃園市蘆竹區新興里,張榮宏,80569390,有限公司,,0940203,生產中,25金屬製品製造業  ,254金屬加工處理、259其他金屬製品  
11508.csv,宏泰碾米工廠,99651130,07110000114565,彰化縣大城鄉東城村潭墘路３號,彰化縣大城鄉東城村,許勝益,24171876,合夥,0710525,0730806,生產中,08食品製造業  ,086碾榖、磨粉及澱粉製品  
11508.csv,宏穎企業股份有限公司,99661738,08210012131770,高雄市路竹區社南里大同路５１３巷１３２、１３６號、復興路１巷３２弄１５、１７之１、之２、之３、之５、１９之１、之２、之３、之５號,高雄市路竹區社南里,蔣秋珠,22412104,股份有限公司,0820813,0830407,生產中,25金屬製品製造業  ,259其他金屬製品  
11508.csv,宏穎企業股份有限公司第三廠,99721671,,高雄市路竹區社西里大仁路６２３巷１１３號,高雄市路竹區社西里,蔣秋珠,22412104,股份有限公司,,0990531,生產中,25金屬製品製造業  ,259其他金屬製品  
11508.csv,宏穎真空鍍金股份有限公司,99607489,06910000241946,新北市板橋區聚安里大觀路2段174巷178、180號,新北市板橋區聚安里,許承光 ,34446728,股份有限公司,0580101,0700326,生產中,25金屬製品製造業、22塑膠製品製造業  ,220塑膠製品、254金屬加工處理  
11508.csv,容和工程行,05000782,,苗栗縣後龍鎮龍津里15鄰南社171號,苗栗縣後龍鎮龍津里,李鳴貴,39673243,獨資,,1120908,生產中,14木竹製品製造業、14木竹製品製造業  ,140木竹製品  
11508.csv,富宥銘版股份有限公司,66008310,,臺中市大里區健民里仁化工三路132號1樓,臺中市大里區健民里,魏志嘉,27824180,股份有限公司,,1090526,生產中,16印刷及資料儲存媒體複製業、16印刷及資料儲存媒體複製業  ,160印刷及資料儲存媒體複製  
11508.csv,富群鐵線網有限公司,99649143,08910007300061,彰化縣伸港鄉定興村彰新路７段４６４巷３９６號,彰化縣伸港鄉定興村,葉順津,89792434,有限公司,0890117,0890129,生產中,25金屬製品製造業  ,259其他金屬製品  
11508.csv,富群顏料工業有限公司,99713027,,臺中市大里區大元里國光路一段206-7號,臺中市大里區大元里,姚智元,24219251,有限公司,,0971030,生產中,19其他化學製品製造業  ,192塗料、染料及顏料  
11508.csv,富翔企業社,68007360,,桃園市楊梅區新榮里電研路69巷32號(1樓),桃園市楊梅區新榮里,陳逢源,87932418,合夥,,1150213,生產中,29機械設備製造業  ,292其他專用機械設備  
11508.csv,富翔欣業有限公司,99637149,07510000269938,臺中市清水區清水里星海三街１１１號,臺中市清水區清水里,曾俊仁,24296432,股份有限公司,0751016,0751016,生產中,12成衣及服飾品製造業、22塑膠製品製造業  ,123服飾品、220塑膠製品  
11508.csv,富隆鋼鐵股份有限公司,99657546,07810000175860,臺南市新營區嘉芳里五福路122號,臺南市新營區嘉芳里,張中田,51619738,股份有限公司,0780415,0790106,生產中,25金屬製品製造業  ,254金屬加工處理、259其他金屬製品  
11508.csv,寰捷企業股份有限公司,99684383,,臺南市仁德區土庫里大順路131號,臺南市仁德區土庫里,李鈴卿,97041772,股份有限公司,,0930312,生產中,24基本金屬製造業  ,241鋼鐵  
11508.csv,寰楠鋼鐵有限公司,99667666,07310018006276,新竹市香山區牛埔里中華路四段五０九號,新竹市香山區牛埔里,徐偉倫　,84891527,有限公司,0730403,0740125,生產中,25金屬製品製造業、25金屬製品製造業  ,254金屬加工處理  
11508.csv,將立工業有限公司環河廠,S6500518,,新北市新莊區西盛里環漢路4段3號,新北市新莊區西盛里,郭金鳳,36275642,有限公司,,1101130,生產中,24基本金屬製造業、25金屬製品製造業  ,241鋼鐵、242鋁、243銅、252金屬結構及建築組件  
11508.csv,尚繹鋼鐵有限公司,03001401,,桃園市中壢區內厝里福全路159號,桃園市中壢區內厝里,彭美媚,12791979,有限公司,,1011114,生產中,29機械設備製造業  ,291金屬加工用機械設備、292其他專用機械設備、293通用機械設備  
11508.csv,岱勝企業有限公司,99624278,08710003264263,桃園市蘆竹區錦興里錦秀街6號,桃園市蘆竹區錦興里,鍾秋菊　　,16374010,有限公司,0870307,0870403,生產中,26電子零組件製造業  ,263印刷電路板  
11508.csv,岱宇國際股份有限公司彰化二廠,99681079,,彰化縣伸港鄉溪底村興工路３６號,彰化縣伸港鄉溪底村,林佑穎,23751545,股份有限公司,,0981230,生產中,33其他製造業、24基本金屬製造業、25金屬製品製造業  ,331育樂用品、241鋼鐵、252金屬結構及建築組件  
11508.csv,峯鐵五金有限公司,65002868,,新北市新莊區西盛里瓊林南路201號1樓,新北市新莊區西盛里,周文隆,70655966,有限公司,,1030226,生產中,24基本金屬製造業、25金屬製品製造業  ,241鋼鐵、252金屬結構及建築組件、259其他金屬製品  
11508.csv,峻晟實業股份有限公司北斗廠,07005699,,彰化縣北斗鎮大道里中山路二段509巷9號,彰化縣北斗鎮大道里,林嘉惠,24325990,股份有限公司,,1130905,生產中,23非金屬礦物製品製造業  ,234石材製品  
11508.csv,峻榮工業股份有限公司,99679794,,彰化縣鹿港鎮海埔里工業西五路１８號,彰化縣鹿港鎮海埔里,吳鎮伯,97594128,股份有限公司,,0940906,生產中,24基本金屬製造業  ,241鋼鐵  
11508.csv,崇祥鋼鐵有限公司,65000302,,新北市深坑區萬順里北深路3段107巷24號,新北市深坑區萬順里,李鴻銘,23876382,有限公司,,1000415,生產中,25金屬製品製造業  ,252金屬結構及建築組件、254金屬加工處理  
11508.csv,崇聖億精密有限公司,99667521,08210018120219,新竹市香山區樹下里樹下街九號,新竹市香山區樹下里,陳俊霖　　,24222376,有限公司,0820517,0820622,生產中,29機械設備製造業  ,292其他專用機械設備  
11508.csv,川澤電子股份有限公司,99670389,08810019000818,臺中市北區建成里天祥街１９８號,臺中市北區建成里,吳明聰,89824273,股份有限公司,0880813,0880825,生產中,26電子零組件製造業  ,269其他電子零組件  
11508.csv,川琦紙業有限公司,S0900363,,雲林縣元長鄉下寮村東興路196巷37號,雲林縣元長鄉下寮村,吳辰妹,86824117,有限公司,,1140121,生產中,15紙漿、紙及紙製品製造業、15紙漿、紙及紙製品製造業  ,152瓦楞紙板及紙容器  
11508.csv,巨辰實業有限公司林園廠,S6400161,,高雄市林園區林內里溪州一路870巷26號,高雄市林園區林內里,張榮聰,16690038,有限公司,,1090707,生產中,24基本金屬製造業  ,242鋁  
11508.csv,巨達塑膠工業有限公司,99686253,,桃園市蘆竹區五福里五福一路五０巷一八號,桃園市蘆竹區五福里,林茂松,80242281,有限公司,,0920218,生產中,22塑膠製品製造業  ,220塑膠製品  
11508.csv,巨邦工業股份有限公司,99644033,07210006182428,臺中市神岡區三角里大豐路四段236號,臺中市神岡區三角里,謝隆發,55914319,股份有限公司,0721114,0721114,生產中,27電腦、電子產品及光學製品製造業、28電力設備及配備製造業、29機械設備製造業  ,293通用機械設備、273視聽電子產品、289其他電力設備及配備、285家用電器、281發電、輸電及配電機械、291金屬加工用機械設備  
11508.csv,巨鈦數位有限公司,99718892,,新北市三重區中興里光復路一段八五號二樓,新北市三重區中興里,李建富,24263328,有限公司,,0971203,生產中,27電腦、電子產品及光學製品製造業、28電力設備及配備製造業  ,273視聽電子產品、277光學儀器及設備、284照明設備及配備  
11508.csv,布魯歐信廣告有限公司,65008013,,新北市三重區中興里中興北街104巷11號(1樓),新北市三重區中興里,張榮森,24339930,有限公司,,1080830,生產中,16印刷及資料儲存媒體複製業  ,160印刷及資料儲存媒體複製  
11508.csv,帝祥工業股份有限公司,99624718,06810000220182,桃園市中壢區內定里北園路三四號,桃園市中壢區內定里,連榮次　　　,07654216,股份有限公司,0580101,0701001,生產中,24基本金屬製造業  ,241鋼鐵  
11508.csv,幸瑞營有限公司,68002419,,桃園市平鎮區鎮興里興隆路29號,桃園市平鎮區鎮興里,張培柏,80012984,有限公司,,1071219,生產中,19其他化學製品製造業  ,199未分類其他化學製品  
11508.csv,康得科技有限公司一廠,63022669,,臺北市內湖區湖元里新湖二路一０九號五樓,臺北市內湖區湖元里,許庭豪,24301316,有限公司,,1150102,生產中,27電腦、電子產品及光學製品製造業、31其他運輸工具及其零件製造業  ,272通訊傳播設備、319未分類其他運輸工具及其零件  
11508.csv,康德富塑膠股份有限公司,99642438,08710006316563,臺中市大里區仁德里仁化路727號,臺中市大里區仁德里,鄭淑惠,86104996,股份有限公司,0871210,0890511,生產中,22塑膠製品製造業、25金屬製品製造業  ,220塑膠製品、251金屬刀具、手工具及模具  
11508.csv,廣億鋼鐵股份有限公司,99622131,08110000074794,桃園市觀音區樹林里經建一路四０號,桃園市觀音區樹林里,曾英哲,23045599,股份有限公司,0810824,0811215,生產中,30汽車及其零件製造業、31其他運輸工具及其零件製造業  ,303汽車零件、312機車及其零件  
11508.csv,廣元精機股份有限公司泰山廠,99692412,,新北市泰山區貴和里貴陽街57號1、2樓,新北市泰山區貴和里,藍張麗霞,80714508,股份有限公司,,0930415,生產中,25金屬製品製造業、29機械設備製造業  ,259其他金屬製品、293通用機械設備  
11508.csv,廣全興實業有限公司,99636692,08910006000242,臺中市大里區仁德里仁化路701巷20號1樓,臺中市大里區仁德里,陳美月,89700218,有限公司,0890124,0890224,生產中,22塑膠製品製造業、25金屬製品製造業  ,220塑膠製品、251金屬刀具、手工具及模具  
11508.csv,廣昱研磨材料有限公司,99660653,08710011301242,臺南市永康區王行里王行路866巷29弄114號壹樓,臺南市永康區王行里,楊千慧,16250340,有限公司,0870203,0870209,生產中,29機械設備製造業  ,291金屬加工用機械設備、293通用機械設備  
11508.csv,建幃工程有限公司,07005445,,彰化縣埔心鄉二重村五義路8-1號1樓,彰化縣埔心鄉二重村,胡惠蓉,24351976,有限公司,,1130122,生產中,25金屬製品製造業、29機械設備製造業  ,252金屬結構及建築組件、254金屬加工處理、259其他金屬製品、292其他專用機械設備  
11508.csv,建興碾米工廠富興分廠,99666388,07510014054322,臺東縣池上鄉富興村１鄰水墜８之１號,臺東縣池上鄉富興村,梁正賢,93242502,獨資,0750714,0750828,生產中,08食品製造業  ,0853990、086碾榖、磨粉及澱粉製品  
11508.csv,建興碾米工廠,99666302,06110014118409,臺東縣池上鄉福原村十鄰中山路一九三號,臺東縣池上鄉福原村,梁正賢,93242502,獨資,0611116,0611123,生產中,08食品製造業  ,086碾榖、磨粉及澱粉製品  
11508.csv,建鼎股份有限公司,99624197,07810003146998,桃園市大溪區員林里員林路二段三八二巷六二號,桃園市大溪區員林里,劉柯月梨,43792447,股份有限公司,0781127,0781212,生產中,19其他化學製品製造業  ,199未分類其他化學製品  
11508.csv,建龍機械工業股份有限公司樹林廠,65010653,,新北市樹林區東山里東豐街85巷9號1、2、3、4樓,新北市樹林區東山里,郭呂鳳嬌,86179150,股份有限公司,,1110919,生產中,24基本金屬製造業、25金屬製品製造業、29機械設備製造業  ,241鋼鐵、242鋁、251金屬刀具、手工具及模具、254金屬加工處理、291金屬加工用機械設備、293通用機械設備  
11508.csv,弘展鋼鐵有限公司,67004148,,臺南市新營區嘉芳里新嘉街8號,臺南市新營區嘉芳里,茆智翔,60723624,有限公司,,1140904,生產中,25金屬製品製造業、25金屬製品製造業  ,252金屬結構及建築組件  
11508.csv,弘煜有限公司,65012432,,新北市板橋區廣福里干城路10號(1樓),新北市板橋區廣福里,王竹勝,42699909,有限公司,,1140108,生產中,26電子零組件製造業  ,269其他電子零組件  
11508.csv,弘錩工業科技股份有限公司,S6701024,,臺南市安定區新吉里新吉282之1號,臺南市安定區新吉里,郭佳縈,85080454,股份有限公司,,1140307,生產中,24基本金屬製造業  ,242鋁  
11508.csv,強逸鋼鐵股份有限公司,99623506,08310003065650,桃園市平鎮區東勢里東龍街1188號,桃園市平鎮區東勢里,張水,43822723,股份有限公司,0830623,0840330,生產中,25金屬製品製造業  ,254金屬加工處理  
11508.csv,禧嘉實業股份有限公司,99650877,07510007059817,彰化縣彰化市東芳里彰馬路189巷19弄28號,彰化縣彰化市東芳里,林其發,89241571,股份有限公司,0751110,0751119,生產中,22塑膠製品製造業、25金屬製品製造業  ,220塑膠製品、259其他金屬製品  
11508.csv,禧嘉實業股份有限公司二廠,S0700451,,彰化縣秀水鄉鶴鳴村明山街16號,彰化縣秀水鄉鶴鳴村,林其發,89241571,有限公司,,1090618,生產中,22塑膠製品製造業、25金屬製品製造業  ,220塑膠製品、259其他金屬製品  
11508.csv,禾寶機械有限公司,99677721,,苗栗縣苑裡鎮苑港里二鄰苑港一０之五九號一樓,苗栗縣苑裡鎮苑港里,鄭進忠,24237217,有限公司,,0971125,生產中,29機械設備製造業  ,291金屬加工用機械設備、292其他專用機械設備、293通用機械設備  
11508.csv,禾耕紡織品企業社,99686813,08010003149346,桃園市八德區大興里重慶街１８８巷４８號１樓,桃園市八德區大興里,王宇量　　　,49852435,獨資,0800924,0801002,生產中,11紡織業、12成衣及服飾品製造業  ,115紡織品、123服飾品  
11508.csv,秉威企業有限公司,99705698,,臺南市南區佛壇里興南街455號,臺南市南區佛壇里,蘇瑞興,22418233,有限公司,,0950504,生產中,25金屬製品製造業  ,254金屬加工處理  
11508.csv,秉壕機械有限公司,99692439,,新北市土城區大安里慶祥街四一號一樓,新北市土城區大安里,吳易芳,89340087,有限公司,,0930422,生產中,29機械設備製造業  ,291金屬加工用機械設備、293通用機械設備、292其他專用機械設備  
11508.csv,秉峰有限公司,99701403,,臺中市大里區仁德里至善路250號,臺中市大里區仁德里,施家宏,24266866,有限公司,,0921205,生產中,14木竹製品製造業  ,140木竹製品  
11508.csv,秉慶科技有限公司觀音廠,03001457,,桃園市觀音區樹林里經建三路33號1樓,桃園市觀音區樹林里,陳佩瑜,24238335,有限公司,,1011205,生產中,25金屬製品製造業  ,254金屬加工處理  
11508.csv,科瑞工業股份有限公司,67003782,,臺南市安南區媽祖宮里工業二路59號B棟1樓B區,臺南市安南區媽祖宮里,劉舒珮,90243176,股份有限公司,,1130217,生產中,25金屬製品製造業  ,259其他金屬製品  
11508.csv,程詳實業有限公司,68001273,,桃園市蘆竹區內厝里長安路一段159巷13號,桃園市蘆竹區內厝里,簡俊傑,22423756,有限公司,,1060525,生產中,11紡織業  ,115紡織品  
11508.csv,程達汽車實業股份有限公司,99663276,07610012095243,高雄市大寮區過溪里光華路１７號,高雄市大寮區過溪里,陳王麗香,27609696,股份有限公司,0791231,0791231,生產中,30汽車及其零件製造業  ,302車體、301汽車  
11508.csv,立威鋼鐵工程有限公司,99626253,07710000266111,桃園市八德區大發里26鄰和成路五六號,桃園市八德區大發里,黃福添,22057786,有限公司,0770715,0790511,生產中,25金屬製品製造業  ,252金屬結構及建築組件  
11508.csv,立宇資訊事務用品有限公司,99690241,08810001057548,新北市中和區中原里立德街148巷42號3樓、48號3樓,新北市中和區中原里,廖桂鳳,86037316,有限公司,0880304,0880325,生產中,16印刷及資料儲存媒體複製業  ,160印刷及資料儲存媒體複製  
11508.csv,立得興企業有限公司,68002049,,桃園市龍潭區烏林里工五路191巷67弄17號(1、2樓),桃園市龍潭區烏林里,游雅雯,54925423,有限公司,,1070710,生產中,24基本金屬製造業、25金屬製品製造業  ,243銅、259其他金屬製品  
11508.csv,立德光電有限公司,65012412,,新北市樹林區北園里西圳街1段173號,新北市樹林區北園里,劉佳琦,66605304,有限公司,,1131231,生產中,27電腦、電子產品及光學製品製造業、27電腦、電子產品及光學製品製造業  ,273視聽電子產品  
11508.csv,立畜實業有限公司,65010956,,新北市中和區中原里中板路18巷3弄8號1樓,新北市中和區中原里,陳居春,25128243,有限公司,,1120218,生產中,33其他製造業  ,339未分類其他製品  
11508.csv,安成營造有限公司,07002938,,彰化縣彰化市向陽里向陽街99巷56弄23號1樓,彰化縣彰化市向陽里,黃筠婷,13066243,有限公司,,1080110,生產中,25金屬製品製造業  ,252金屬結構及建築組件  
11508.csv,宏泰高分子企業有限公司桃園廠,99626363,08410003224218,桃園市蘆竹區蘆竹里蘆竹街１２３號,桃園市蘆竹區蘆竹里,林英麟　　　,36155386,有限公司,0841020,0850821,生產中,22塑膠製品製造業、21橡膠製品製造業  ,210橡膠製品、220塑膠製品  
11508.csv,宏錏實業股份有限公司,S6601687,,臺中市大雅區橫山里中山11路86、88、90號,臺中市大雅區橫山里,朱朝厚,23261998,股份有限公司,,1100217,生產中,24基本金屬製造業、29機械設備製造業、30汽車及其零件製造業、33其他製造業  ,242鋁、292其他專用機械設備、303汽車零件、331育樂用品  
11508.csv,宗穩企業有限公司,99683375,07610011122003,臺南市永康區龍潭里龍中街30巷79號,臺南市永康區龍潭里,李明宗　　　,73677958,有限公司,0761020,0761221,生產中,24基本金屬製造業  ,243銅  
11508.csv,宣富工業股份有限公司,68006124,,桃園市八德區大發里和平路772巷6號,桃園市八德區大發里,羅賢俐,24244771,股份有限公司,,1130528,生產中,25金屬製品製造業  ,252金屬結構及建築組件、254金屬加工處理  
11508.csv,宣德科技股份有限公司,99621117,,桃園市龜山區南上里民生北路一段568號（1、2、3、4、5、6樓）,桃園市龜山區南上里,蔡鎮隆,23866949,股份有限公司,,0900525,生產中,24基本金屬製造業、25金屬製品製造業、26電子零組件製造業、27電腦、電子產品及光學製品製造業、28電力設備及配備製造業  ,243銅、251金屬刀具、手工具及模具、259其他金屬製品、269其他電子零組件、271電腦及其週邊設備、272通訊傳播設備、283電線及配線器材  
11508.csv,家得鋼鐵股份有限公司,65002233,,新北市五股區興珍里五工三路116巷11號,新北市五股區興珍里,謝清風,36351015,股份有限公司,,1020516,生產中,25金屬製品製造業、29機械設備製造業  ,254金屬加工處理、259其他金屬製品、291金屬加工用機械設備  
11508.csv,寁登有限公司,66008913,,臺中市龍井區忠和里海尾路240巷34號2樓,臺中市龍井區忠和里,林柏成,83376848,有限公司,,1100310,生產中,24基本金屬製造業、25金屬製品製造業  ,241鋼鐵、242鋁、254金屬加工處理、259其他金屬製品  
11508.csv,富專鋼鐵有限公司,68004399,,桃園市大園區埔心里中正東路一段840巷78號(1樓),桃園市大園區埔心里,張添發,80018220,有限公司,,1100817,生產中,25金屬製品製造業  ,254金屬加工處理  
11508.csv,富專鋼鐵有限公司大園廠,99688690,,桃園市大園區埔心里中正東路一段840巷99號1樓,桃園市大園區埔心里,張添發,80018220,有限公司,,0941115,生產中,25金屬製品製造業  ,254金屬加工處理  
11508.csv,富山共同製茶廠,99609881,07510000207375,新北市三峽區成福里成福路247、249號,新北市三峽區成福里,曾進東,01924348,合夥,0750801,0760402,生產中,08食品製造業  ,089其他食品  
11508.csv,富山塑膠廠,99671842,06910000246096,臺中市北區建成里東成路52號,臺中市北區建成里,吳嘉鴻,52428032,獨資,0580101,0700514,生產中,22塑膠製品製造業、28電力設備及配備製造業  ,220塑膠製品、283電線及配線器材  
11508.csv,富永昌企業有限公司新莊廠,65002242,,新北市新莊區思源里長青街19號1、2樓,新北市新莊區思源里,邱進龍,24228890,有限公司,,1020520,生產中,25金屬製品製造業、26電子零組件製造業、27電腦、電子產品及光學製品製造業  ,259其他金屬製品、269其他電子零組件、271電腦及其週邊設備  
11508.csv,富耕精製肥料股份有限公司,99713196,,臺中市霧峰區峰谷里峰谷路177號,臺中市霧峰區峰谷里,詹益喜,24295519,股份有限公司,,0980319,生產中,18化學材料及肥料製造業  ,183肥料及氮化合物  
11508.csv,寰翰電子股份有限公司,99669584,07410019001509,臺中市北屯區松安里崇德六路一段１４７號,臺中市北屯區松安里,游青榆,52724147,股份有限公司,0740522,0740605,生產中,26電子零組件製造業  ,262被動電子元件、269其他電子零組件  
11508.csv,寰義鋼管股份有限公司,99663873,07510012072649,高雄市大樹區竹寮里竹寮路１６之１號,高雄市大樹區竹寮里,黃招猛,85961014,股份有限公司,0791231,0791231,生產中,24基本金屬製造業、29機械設備製造業  ,241鋼鐵、293通用機械設備  
11508.csv,尚膜實業股份有限公司花壇廠,07002436,,彰化縣花壇鄉花壇村茄苳路133號1樓,彰化縣花壇鄉花壇村,楊知諺,90079772,股份有限公司,,1070117,生產中,22塑膠製品製造業  ,220塑膠製品  
11508.csv,尚興鋼鐵工業股份有限公司,99662403,06910012045359,高雄市仁武區竹後里竹工二巷１９號,高雄市仁武區竹後里,余正彥,85655752,股份有限公司,0791231,0791231,生產中,24基本金屬製造業、25金屬製品製造業  ,241鋼鐵、254金屬加工處理  
11508.csv,尚興鋼鐵工業股份有限公司三廠,99712476,,高雄市仁武區竹後里竹工二巷１４號,高雄市仁武區竹後里,余正彥,85655752,股份有限公司,,0980716,生產中,25金屬製品製造業  ,254金屬加工處理  
11508.csv,尚興鋼鐵工業股份有限公司二廠,99705098,,高雄市仁武區竹後里竹業巷７之４號,高雄市仁武區竹後里,余正彥,85655752,股份有限公司,,0950831,生產中,24基本金屬製造業  ,249其他基本金屬  
11508.csv,山鑫育樂開發股份有限公司汐止廠,99618242,08610001084709,新北市汐止區大同路一段三０六號七樓之一,新北市汐止區,謝添丁,84760172,股份有限公司,0860314,0860320,生產中,26電子零組件製造業  ,264光電材料及元件、269其他電子零組件  
11508.csv,峰允展鋼鐵股份有限公司,66001745,,臺中市太平區福隆里光興路1463巷42弄67號,臺中市太平區福隆里,陳昌輝,28515346,股份有限公司,,1020409,生產中,25金屬製品製造業、29機械設備製造業  ,259其他金屬製品、293通用機械設備  
11508.csv,峰光精密工業有限公司,99636449,06710000211145,臺中市神岡區岸裡里大富路69號,臺中市神岡區岸裡里,谷崴,79982414,有限公司,0580101,0681023,生產中,25金屬製品製造業  ,251金屬刀具、手工具及模具  
11508.csv,崧林科技事業有限公司,68002581,,桃園市中壢區普忠里普忠路245號(3樓),桃園市中壢區普忠里,林志忠,24270051,有限公司,,1080322,生產中,33其他製造業  ,332醫療器材及用品  
11508.csv,崧柏企業有限公司,99627110,06710000024113,桃園市桃園區文中里壽星街一九號,桃園市桃園區文中里,呂錦昌　　　,43872173,有限公司,0670221,0671110,生產中,26電子零組件製造業  ,269其他電子零組件  
11508.csv,崧榜工業股份有限公司,99642419,05810000600528,臺中市大肚區永順里文昌路五二六號,臺中市大肚區永順里,陳蒼柏,97582235,股份有限公司,0580101,,生產中,29機械設備製造業  ,293通用機械設備  
11508.csv,巨鎧工業有限公司,99613000,07610001088362,新北市三重區中興里中興北街一五五巷二八號,新北市三重區中興里,張槐庭,12415927,有限公司,0760428,0860115,生產中,25金屬製品製造業  ,254金屬加工處理  
11508.csv,帆茂股份有限公司,67001884,,臺南市永康區東橋里中正路279巷5號,臺南市永康區東橋里,林哲弘,64931085,股份有限公司,,1060921,生產中,24基本金屬製造業  ,241鋼鐵  
11508.csv,常鈞實業股份有限公司,99660216,08410011310541,臺南市永康區新樹里中山北路742號,臺南市永康區新樹里,張素青,89721868,股份有限公司,0841021,0851022,生產中,24基本金屬製造業  ,242鋁  
11508.csv,廣勝工業有限公司,67004205,,臺南市安定區中沙里中崙171之1號1樓,臺南市安定區中沙里,王啓新,24399280,有限公司,,1141124,生產中,29機械設備製造業  ,293通用機械設備  
11508.csv,廣勝工業有限公司永康廠,67000648,,臺南市永康區王行里中山北路701號,臺南市永康區王行里,王啟新,24399280,有限公司,,1020621,生產中,29機械設備製造業  ,293通用機械設備  
11508.csv,建泰鐵工廠股份有限公司,63021153,05263000001141,臺北市內湖區葫洲里安康路九十七號,臺北市內湖區葫洲里,高鴻耀,24047103,股份有限公司,0510101,0520913,生產中,24基本金屬製造業  ,241鋼鐵  
11508.csv,建萊企業股份有限公司一廠,S6601837,,臺中市大雅區橫山里中山三路101號,臺中市大雅區橫山里,洪振豪,24234083,股份有限公司,,1120223,生產中,22塑膠製品製造業  ,220塑膠製品  
11508.csv,建蓁開發股份有限公司新竹廠,04000186,,新竹縣湖口鄉鳳山村中華路2號,新竹縣湖口鄉鳳山村,陳光雄,24328672,股份有限公司,,1010824,生產中,29機械設備製造業  ,291金屬加工用機械設備、292其他專用機械設備、293通用機械設備  
11508.csv,弘錩興業有限公司頂崁廠,65009041,,新北市三重區頂崁里新北大道2段139巷32號,新北市三重區頂崁里,林永昌,24270192,有限公司,,1091202,生產中,25金屬製品製造業  ,254金屬加工處理  
11508.csv,弘錩鋼模有限公司,99668396,07510018001499,新竹市東區柴橋里明湖路六○四巷一弄五號,新竹市東區柴橋里,陳彩美　　　,22242360,有限公司,0750524,0750828,生產中,29機械設備製造業、25金屬製品製造業  ,293通用機械設備、251金屬刀具、手工具及模具  
11508.csv,福興工作所,99660242,08410011302838,臺南市永康區尚頂里中正南路235巷6弄7號,臺南市永康區尚頂里,王全福　　　,97821003,獨資,0840306,0841127,生產中,14木竹製品製造業、25金屬製品製造業  ,140木竹製品、251金屬刀具、手工具及模具  
11508.csv,禾聚實業股份有限公司,65000953,,新北市五股區興珍里五權八路36號1樓,新北市五股區興珍里,林素芳,24328954,股份有限公司,,1001202,生產中,19其他化學製品製造業  ,199未分類其他化學製品  
11508.csv,禾聲興科技有限公司,67001120,,臺南市永康區尚頂里中正南路242巷4弄26號1樓,臺南市永康區尚頂里,陳麗容,80215355,有限公司,,1040125,生產中,26電子零組件製造業  ,269其他電子零組件  
11508.csv,禾茂企業有限公司,S6602421,,臺中市豐原區西湳里豐原大道七段162巷231弄10號,臺中市豐原區西湳里,周木生,24593236,有限公司,,1140505,生產中,25金屬製品製造業、31其他運輸工具及其零件製造業  ,251金屬刀具、手工具及模具、259其他金屬製品、313自行車及其零件  
11508.csv,禾莆有限公司,99704705,,高雄市仁武區竹後里鳳仁路３６９巷２３弄２號,高雄市仁武區竹後里,劉展良,80112490,有限公司,,0940421,生產中,24基本金屬製造業、29機械設備製造業  ,241鋼鐵、293通用機械設備  
11508.csv,程鼎實業股份有限公司二廠,S6602426,,臺中市大雅區員林里神林路一段526號,臺中市大雅區員林里,劉增郎,80112978,股份有限公司,,1140502,生產中,25金屬製品製造業  ,259其他金屬製品  
11508.csv,穩立鋼鐵有限公司工廠,66011390,,臺中市太平區中興里永平路二段476巷66弄15號1樓,臺中市太平區中興里,王秋燕,82859634,有限公司,,1130822,生產中,25金屬製品製造業  ,251金屬刀具、手工具及模具、252金屬結構及建築組件  
11508.csv,立凱事業有限公司二廠,07004942,,彰化縣和美鎮仁愛里和健一街28號1樓,彰化縣和美鎮仁愛里,柯丹惟,24273938,有限公司,,1111021,生產中,29機械設備製造業  ,293通用機械設備  
11508.csv,立安工業社,99637603,07710006055381,臺中市烏日區前竹里仁義街三０號,臺中市烏日區前竹里,林東達,69482241,獨資,0770425,0790414,生產中,29機械設備製造業、30汽車及其零件製造業  ,293通用機械設備、303汽車零件  
11508.csv,立意有限公司,99665441,,高雄市燕巢區角宿里四林路１６之１０號,高雄市燕巢區角宿里,楊宇仁,24273183,有限公司,,0910820,生產中,25金屬製品製造業  ,252金屬結構及建築組件  
11508.csv,立晟精密科技股份有限公司,66008094,,臺中市太平區建興里鵬儀路326巷13弄1號1樓,臺中市太平區建興里,翁晟航,22521243,股份有限公司,,1090219,生產中,29機械設備製造業、29機械設備製造業  ,291金屬加工用機械設備  
11508.csv,立晶機械有限公司,99675800,,嘉義縣竹崎鄉灣橋村五間厝４９之１號,嘉義縣竹崎鄉灣橋村,李淑華,24366990,有限公司,,0921014,生產中,29機械設備製造業、25金屬製品製造業  ,293通用機械設備、251金屬刀具、手工具及模具  
11508.csv,立暉鋁業科技股份有限公司,67000570,,臺南市柳營區大農里環園西路一段1號,臺南市柳營區大農里,劉淑芬,53248298,股份有限公司,,1020206,生產中,24基本金屬製造業  ,242鋁  
11508.csv,立發美術印刷股份有限公司,99671243,08110019000402,臺中市南區和平里新和街26號,臺中市南區和平里,賴建邦,23814324,股份有限公司,0810324,0810406,生產中,16印刷及資料儲存媒體複製業  ,160印刷及資料儲存媒體複製  
11508.csv,立盈環保科技股份有限公司,03002434,,桃園市平鎮區湧豐里工業二路7號,桃園市平鎮區湧豐里,陳俊琦,54662717,股份有限公司,,1030916,生產中,18化學材料及肥料製造業  ,181化學原材料  
11508.csv,立盈環保科技股份有限公司一廠,03002411,,桃園市平鎮區湧豐里工業二路7號,桃園市平鎮區湧豐里,陳俊琦,54662717,股份有限公司,,1030904,生產中,18化學材料及肥料製造業  ,181化學原材料  
11508.csv,立興企業社,99620884,07410002056379,宜蘭縣冬山鄉永美村永安路三巷九號,宜蘭縣冬山鄉永美村,林淮彬　　　,02422765,獨資,0740809,0741111,生產中,25金屬製品製造業  ,253金屬容器  
11508.csv,立興木製家具有限公司,07002515,,彰化縣鹿港鎮街尾里復興南路84號1樓,彰化縣鹿港鎮街尾里,粘長興,59062425,有限公司,,1070323,生產中,14木竹製品製造業、32家具製造業  ,140木竹製品、320家具  
11508.csv,宇隆企業社,65002365,,新北市新莊區化成里化成路178巷7號,新北市新莊區化成里,陳德芳,99295250,獨資,,1020718,生產中,24基本金屬製造業  ,241鋼鐵  
11508.csv,宏城企業股份有限公司新園廠,99666266,06310099160920,屏東縣新園鄉五房村五房路973號,屏東縣新園鄉五房村,謝宗翰,85112054,股份有限公司,0580101,0660823,生產中,24基本金屬製造業  ,242鋁  
11508.csv,宏城機械廠,99650368,07410007055865,彰化縣埔心鄉埤霞村五通北路１１６巷３８號,彰化縣埔心鄉埤霞村,黃尚彬,05962429,合夥,0740904,0740919,生產中,29機械設備製造業  ,291金屬加工用機械設備  
11508.csv,宏鎰金屬有限公司,07003152,,彰化縣秀水鄉福安村彰水路二段627巷45號1樓,彰化縣秀水鄉福安村,沈宗和,24279567,有限公司,,1080529,生產中,25金屬製品製造業  ,259其他金屬製品  
11508.csv,宏鑫企業社,99632429,08310005107926,苗栗縣苗栗市北苗里十鄰國華路五０四號,苗栗縣苗栗市北苗里,楊宏硯,66801642,獨資,0831005,0840214,生產中,11紡織業  ,115紡織品  
11508.csv,宏鑫鋼鐵有限公司,99657637,07710011088059,臺南市新營區中營里東山三路75號,臺南市新營區中營里,顏志同　　　,84627772,有限公司,0770801,0790221,生產中,25金屬製品製造業  ,254金屬加工處理  
11508.csv,宏鑫鋼鐵有限公司二廠,67001816,,臺南市新營區中營里東山三路73號,臺南市新營區中營里,顏志同,84627772,有限公司,,1060630,生產中,25金屬製品製造業  ,254金屬加工處理  
11508.csv,宜得世股份有限公司八里廠,99725757,,新北市八里區大崁里觀海大道二一七號一樓,新北市八里區大崁里,柯義雄,24362951,股份有限公司,,0990518,生產中,29機械設備製造業  ,292其他專用機械設備、293通用機械設備  
11508.csv,家昇鋼鐵股份有限公司,S6500180,,新北市鶯歌區大湖里大湖路530號-2,新北市鶯歌區大湖里,許濬宸,28316233,股份有限公司,,1090518,生產中,25金屬製品製造業  ,254金屬加工處理  
11508.csv,富泰益實業有限公司,13000530,,屏東縣屏東市清溪里15鄰建國路332巷44弄66號,屏東縣屏東市清溪里,林家慶,16683297,有限公司,,1071220,生產中,24基本金屬製造業  ,241鋼鐵  
11508.csv,富泰祥實業有限公司,99624303,08610003301617,桃園市平鎮區建安里平東路一段一七八巷二六弄一四號,桃園市平鎮區建安里,邱德雙　　　,84646095,有限公司,0860128,0860218,生產中,25金屬製品製造業、29機械設備製造業  ,259其他金屬製品、291金屬加工用機械設備  
11508.csv,富騁企業有限公司,65009780,,新北市新莊區福營里福營路227巷48號(1樓),新北市新莊區福營里,林義傑,24224162,有限公司,,1100914,生產中,25金屬製品製造業、29機械設備製造業  ,251金屬刀具、手工具及模具、259其他金屬製品、293通用機械設備  
11508.csv,寳芳企業社,67000397,,臺南市永康區尚頂里中正南路242巷4弄3號,臺南市永康區尚頂里,郭龍安,17580729,合夥,,1010626,生產中,29機械設備製造業  ,293通用機械設備  
11508.csv,寶一金屬工業股份有限公司,99658595,06710000084059,臺南市將軍區忠嘉里忠興132之6號,臺南市將軍區忠嘉里,蔡江乾　　　,72140141,股份有限公司,0670519,0680321,生產中,25金屬製品製造業、30汽車及其零件製造業、24基本金屬製造業  ,259其他金屬製品、303汽車零件、241鋼鐵  
11508.csv,寶田股份有限公司南崗二廠,08000068,,南投縣南投市永豐里南崗三路77、77-1號,南投縣南投市永豐里,許勝銘,24202147,股份有限公司,,1011011,生產中,08食品製造業、08食品製造業、09飲料製造業  ,083蔬果加工、092非酒精飲料  
11508.csv,寶田股份有限公司旺來一廠,08000514,,南投縣南投市嘉和里旺來路18號,南投縣南投市嘉和里,許勝銘,24202147,股份有限公司,,1130715,生產中,08食品製造業  ,083蔬果加工、089其他食品  
11508.csv,寶發鋼鐵廠股份有限公司,99662903,07010012054604,高雄市仁武區竹後里水管路２１號,高雄市仁武區竹後里,黃家核,85803846,股份有限公司,0791231,0791231,生產中,24基本金屬製造業  ,241鋼鐵  
11508.csv,尚藝不銹鋼工業有限公司,99692275,,新北市樹林區三多里三俊街73巷11號,新北市樹林區三多里,林碧卿,96895771,有限公司,,0930323,生產中,24基本金屬製造業、25金屬製品製造業、29機械設備製造業  ,241鋼鐵、254金屬加工處理、253金屬容器、259其他金屬製品、293通用機械設備  
11508.csv,尚融實業有限公司,99655124,08510010000730,嘉義縣東石鄉洲仔村１２３－１號,嘉義縣東石鄉洲仔村,莊喜皓,89724128,有限公司,0850212,0850302,生產中,32家具製造業  ,320家具  
11508.csv,尚融實業有限公司,S1000115,,嘉義縣東石鄉洲仔村5鄰洲子123號附1,嘉義縣東石鄉洲仔村,莊喜皓,89724128,有限公司,,1090622,生產中,32家具製造業  ,320家具  
11508.csv,岱毅科技有限公司,66002582,,臺中市梧棲區永安里向上路九段562巷52號,臺中市梧棲區永安里,林佳億,24289523,有限公司,,1030321,生產中,22塑膠製品製造業  ,220塑膠製品  
11508.csv,嵩錸精機有限公司,99624352,,桃園市蘆竹區長興里八鄰南崁路二段二二八巷八號一樓,桃園市蘆竹區長興里,蘇添寶,84226586,有限公司,,0910426,生產中,29機械設備製造業、26電子零組件製造業、30汽車及其零件製造業、31其他運輸工具及其零件製造業  ,292其他專用機械設備、293通用機械設備、269其他電子零組件、303汽車零件、312機車及其零件  
11508.csv,川立工業社,99669753,07710019001277,臺中市南屯區永定里永春路５之３５號,臺中市南屯區永定里,劉仁煌,52416768,獨資,0770617,0770711,生產中,29機械設備製造業  ,293通用機械設備  
11508.csv,川翔鋼鐵有限公司,S6500082,,新北市蘆洲區保新里中正路432號,新北市蘆洲區保新里,曹玉蘭,80128660,有限公司,,1090511,生產中,25金屬製品製造業  ,252金屬結構及建築組件、254金屬加工處理  
11508.csv,川興企業社,S1300241,,屏東縣萬丹鄉田厝村寶田路535巷28弄2號,屏東縣萬丹鄉田厝村,陳燈川,08503271,獨資,,1090622,生產中,25金屬製品製造業  ,254金屬加工處理  
11508.csv,希諾奇有限公司,S1000212,,嘉義縣水上鄉三和村3鄰新和庄13-33號,嘉義縣水上鄉三和村,蕭道隆,24350420,有限公司,,1131007,生產中,14木竹製品製造業、14木竹製品製造業  ,140木竹製品  
11508.csv,帥億興業股份有限公司竹東廠,04000504,,新竹縣竹東鎮雞林里大明路359號,新竹縣竹東鎮雞林里,黃秀鑌,23524129,股份有限公司,,1050503,生產中,25金屬製品製造業、25金屬製品製造業  ,251金屬刀具、手工具及模具  
11508.csv,常鑫工程有限公司麥寮廠,09000775,10710009600058,雲林縣麥寮鄉施厝村仁德東路521巷59號,雲林縣麥寮鄉施厝村,趙美淑,24353215,有限公司,1070625,1070703,生產中,25金屬製品製造業  ,259其他金屬製品  
11508.csv,幻象創意燈飾股份有限公司,07000293,,彰化縣鹿港鎮景福里萬壽路230巷15號1樓,彰化縣鹿港鎮景福里,許俊彥,24245048,股份有限公司,,1000914,生產中,33其他製造業  ,339未分類其他製品  
11508.csv,幻象創意燈飾股份有限公司,S0702069,,彰化縣福興鄉番婆村番婆街58號,彰化縣福興鄉番婆村,蔡勝霖,24245048,股份有限公司,,1120721,生產中,33其他製造業  ,339未分類其他製品  
11508.csv,幼佳精密有限公司,99625897,08510003300773,桃園市八德區茄苳里茄苳路889巷31號,桃園市八德區茄苳里,林進財　　　,97243496,有限公司,0851129,0851211,生產中,29機械設備製造業、25金屬製品製造業  ,259其他金屬製品、293通用機械設備、291金屬加工用機械設備、251金屬刀具、手工具及模具  
11508.csv,廣南昌實業股份有限公司二廠,S6601695,,臺中市大里區夏田里國中路452號,臺中市大里區夏田里,楊佑澤,12607805,股份有限公司,,1100408,生產中,24基本金屬製造業  ,241鋼鐵  
11508.csv,廣南科技有限公司,99722003,,南投縣草屯鎮御史里中正路1708巷15號,南投縣草屯鎮御史里,葉詡玲,24283176,有限公司,,0980223,生產中,21橡膠製品製造業  ,210橡膠製品  
11508.csv,建誌鋼鐵工業股份有限公司,99662835,07810012098494,高雄市燕巢區角宿里四林路116號,高雄市燕巢區角宿里,黃志源,22909478,股份有限公司,0791231,0791231,生產中,25金屬製品製造業  ,254金屬加工處理  
11508.csv,引慶車業有限公司,07001238,,彰化縣溪湖鎮東寮里彰水路四段鳯山巷72號,彰化縣溪湖鎮東寮里,許文雄,24239714,有限公司,,1030630,生產中,25金屬製品製造業、30汽車及其零件製造業、31其他運輸工具及其零件製造業  ,259其他金屬製品、303汽車零件、313自行車及其零件  
11508.csv,引慶車業有限公司工廠,S0702545,,彰化縣溪湖鎮田中里田中路115之6號,彰化縣溪湖鎮田中里,許文雄,24239714,有限公司,,1130823,生產中,25金屬製品製造業、30汽車及其零件製造業、31其他運輸工具及其零件製造業  ,259其他金屬製品、303汽車零件、313自行車及其零件  
11508.csv,弘瑩乾燥爐有限公司,65001495,,新北市新莊區福營路195巷5號1樓,新北市新莊區,江柏慶,24245531,有限公司,,1010703,生產中,29機械設備製造業  ,292其他專用機械設備、293通用機械設備  
11508.csv,福業電子股份有限公司觀音廠,99717634,,桃園市觀音區草漯里大同二路５號,桃園市觀音區草漯里,李培良,22424220,股份有限公司,,0980407,生產中,25金屬製品製造業  ,254金屬加工處理  
11508.csv,福茂精密工業有限公司,99685485,,高雄市燕巢區安招里安林四街３０號,高雄市燕巢區安招里,吳乙龍,80699083,有限公司,,0930311,生產中,24基本金屬製造業、29機械設備製造業  ,241鋼鐵、293通用機械設備  
11508.csv,秉紘股份有限公司,99721623,,高雄市大寮區大寮里光華路16-5號,高雄市大寮區大寮里,林春香,27820760,股份有限公司,,0990324,生產中,21橡膠製品製造業、22塑膠製品製造業、24基本金屬製造業  ,210橡膠製品、220塑膠製品、241鋼鐵、242鋁、243銅、249其他基本金屬  
11508.csv,穎軒生技股份有限公司,65011841,,新北市汐止區北山里康寧街169巷8之1號(4樓),新北市汐止區北山里,何曉茵,53626242,股份有限公司,,1130502,生產中,08食品製造業  ,087動物飼品  
11508.csv,穎辰精密機械科技有限公司,99713038,,臺中市潭子區栗林里祥和路35巷16號,臺中市潭子區栗林里,游淯全,24244603,有限公司,,0971110,生產中,25金屬製品製造業、29機械設備製造業  ,253金屬容器、259其他金屬製品、291金屬加工用機械設備、292其他專用機械設備、293通用機械設備  
11508.csv,立勤鋼鐵股份有限公司,99680885,,彰化縣線西鄉寓埔村彰濱東七路１號,彰化縣線西鄉寓埔村,黃信嘉,55975119,股份有限公司,,0980122,生產中,24基本金屬製造業  ,241鋼鐵  
11508.csv,立勤鋼鐵股份有限公司神岡二廠,99637579,06110006120465,臺中市神岡區北庄里中山路1029號,臺中市神岡區北庄里,黃信嘉,55975119,股份有限公司,0610107,0610107,生產中,24基本金屬製造業、25金屬製品製造業  ,241鋼鐵、254金屬加工處理  
11508.csv,立勤鋼鐵股份有限公司神岡廠,99637575,08110006183143,臺中市神岡區北庄里中山路1029之2號,臺中市神岡區北庄里,黃信嘉,55975119,股份有限公司,0810919,0810930,生產中,25金屬製品製造業、24基本金屬製造業  ,254金屬加工處理、259其他金屬製品、241鋼鐵  
11508.csv,立宏鋼鐵股份有限公司,99647265,07710007054370,彰化縣彰化市國聖里國聖路２６０號,彰化縣彰化市國聖里,陳正嘉　,22813852,股份有限公司,0770127,0770426,生產中,24基本金屬製造業、29機械設備製造業  ,241鋼鐵、293通用機械設備  
11508.csv,立宏鋼鐵股份有限公司斗南廠,99709517,,雲林縣大埤鄉嘉興村豐昌街３號,雲林縣大埤鄉嘉興村,陳正嘉,22813852,股份有限公司,,0980521,生產中,25金屬製品製造業  ,252金屬結構及建築組件  
11508.csv,立宸實業有限公司桃園大鶯廠,68005348,,桃園市大溪區瑞興里大鶯路997號(1樓),桃園市大溪區瑞興里,朱立中,80424249,有限公司,,1120302,生產中,25金屬製品製造業  ,252金屬結構及建築組件  
11508.csv,立暉鋁業科技股份有限公司二廠,67003504,,臺南市柳營區大農里環園西路一段8號,臺南市柳營區大農里,劉淑芬,53248298,股份有限公司,,1120206,生產中,24基本金屬製造業  ,242鋁  
11508.csv,立曜有限公司竹北廠,99631243,08710004200318,新竹縣竹北巿泰和里博愛街７１１巷２４弄２７號,新竹縣竹北市泰和里,連崇賢　　　,89798612,有限公司,0870724,0890328,生產中,25金屬製品製造業  ,251金屬刀具、手工具及模具  
11508.csv,立英德有限公司,03001297,,桃園市龍潭區高平里高楊南路17號,桃園市龍潭區高平里,羅孝一,24255018,有限公司,,1010914,生產中,33其他製造業  ,332醫療器材及用品  
11508.csv,竝凱工業股份有限公司,99645296,08210000076252,彰化縣芳苑鄉後寮村工業路３２號,彰化縣芳苑鄉後寮村,王麗美,23426703,股份有限公司,0820716,0830428,生產中,24基本金屬製造業、25金屬製品製造業、29機械設備製造業  ,243銅、259其他金屬製品、293通用機械設備  
11508.csv,竝凱工業股份有限公司二廠,07003444,10810007800506,彰化縣芳苑鄉後寮村工業路26號,彰化縣芳苑鄉後寮村,王麗美,23426703,股份有限公司,1081030,1081115,生產中,24基本金屬製造業、25金屬製品製造業  ,243銅、254金屬加工處理  
11508.csv,竣楷企業有限公司龍潭廠,99627681,08810003329242,桃園市龍潭區祥和里龍平路1236巷21號,桃園市龍潭區祥和里,黃竣楷,16413879,有限公司,0881005,0890420,生產中,30汽車及其零件製造業、29機械設備製造業  ,293通用機械設備、303汽車零件  
11508.csv,宋興工業有限公司,64001242,6664049807,高雄市三民區灣子里鼎山街４５８號,高雄市三民區灣子里,宋施戀戀,75930105,有限公司,0660406,0661206,生產中,29機械設備製造業  ,292其他專用機械設備  
11508.csv,宏基企業社,S0702831,,彰化縣鹿港鎮溝墘里棋盤巷74-3號,彰化縣鹿港鎮溝墘里,謝居旺,72422818,獨資,,1140207,生產中,22塑膠製品製造業、25金屬製品製造業  ,220塑膠製品、254金屬加工處理  
11508.csv,宏昇綠能股份有限公司中埔廠,99654969,06410000148834,嘉義縣中埔鄉隆興村廍後8之1號,嘉義縣中埔鄉隆興村,林曉君,24368131,股份有限公司,0580101,0650220,生產中,22塑膠製品製造業  ,220塑膠製品  
11508.csv,宏昇螺旋槳股份有限公司新園二廠,13000470,,屏東縣新園鄉新園村媽祖路402號,屏東縣新園鄉新園村,鄭正義,82104664,股份有限公司,,1070227,生產中,24基本金屬製造業  ,243銅  
11508.csv,宏湃企業股份有限公司,99718794,,新北市五股區興珍里五權二路一七號一、二樓,新北市五股區興珍里,李炫貝,12981339,股份有限公司,,0971027,生產中,21橡膠製品製造業、22塑膠製品製造業、24基本金屬製造業、25金屬製品製造業、26電子零組件製造業  ,210橡膠製品、220塑膠製品、241鋼鐵、242鋁、243銅、259其他金屬製品、262被動電子元件  
11508.csv,宏源工業有限公司歸仁廠,S6700363,,臺南市歸仁區七甲里南潭三街11號,臺南市歸仁區七甲里,蔡碧玉,24206397,有限公司,,1090812,生產中,21橡膠製品製造業  ,210橡膠製品  
11508.csv,宏源鋼鐵有限公司,99660980,07810011118031,臺南市永康區塩洲里國聖街167巷2號,臺南市永康區塩洲里,史秀慧,16216081,有限公司,0780913,0781022,生產中,25金屬製品製造業  ,254金屬加工處理  
11508.csv,宏翌特殊鋼股份有限公司,99633578,08310006174241,臺中市大里區仁化里工業九路１６８號,臺中市大里區仁化里,黃淑貞,05593072,股份有限公司,0830805,0841026,生產中,25金屬製品製造業  ,254金屬加工處理  
11508.csv,宏門有限公司,68007439,,桃園市中壢區內定里中園路200之5號7樓,桃園市中壢區內定里,黃美麗,24395566,有限公司,,1150325,生產中,26電子零組件製造業  ,269其他電子零組件  
11508.csv,宗興銅條有限公司,07002280,,彰化縣鹿港鎮東石里工業西一路30號,彰化縣鹿港鎮東石里,柯式宗,25172964,有限公司,,1060825,生產中,24基本金屬製造業  ,243銅  
11508.csv,宗興科技有限公司第二廠,99673198,08810000060800,臺南市南區彰南里新孝路189之1號,臺南市南區彰南里,田宇峯,16711202,有限公司,0880126,0880301,生產中,24基本金屬製造業、25金屬製品製造業  ,241鋼鐵、252金屬結構及建築組件  
11508.csv,宜德國際股份有限公司,99680946,,彰化縣社頭鄉張厝村大圳巷１６號,彰化縣社頭鄉張厝村,邱蒼景,80117241,股份有限公司,,0980515,生產中,12成衣及服飾品製造業  ,121成衣、123服飾品  
11508.csv,宜慶鋼鐵工業股份有限公司龍德廠,99620650,08210000073062,宜蘭縣冬山鄉大興村德興五路１１號,宜蘭縣冬山鄉大興村,張維玲,28328239,股份有限公司,0830319,0830524,生產中,29機械設備製造業、25金屬製品製造業  ,293通用機械設備、252金屬結構及建築組件  
11508.csv,宜憲企業行工廠,07004236,,彰化縣員林市萬年里員水路二段465巷15弄1號1樓,彰化縣員林市萬年里,江帷滕,82418779,合夥,,1100511,生產中,25金屬製品製造業、29機械設備製造業  ,252金屬結構及建築組件、292其他專用機械設備  
11508.csv,富良工業股份有限公司,99660600,07610011095308,臺南市永康區尚頂里中正二街105巷33號,臺南市永康區尚頂里,凃冠良　,23086367,股份有限公司,0760817,0780327,生產中,24基本金屬製造業、30汽車及其零件製造業、31其他運輸工具及其零件製造業  ,241鋼鐵、303汽車零件、312機車及其零件  
11508.csv,富鴻水泥工業有限公司,99653636,08710000902830,雲林縣北港鎮新街里民樂路242號,雲林縣北港鎮新街里,許淑惠,27519858,有限公司,0870327,0871203,生產中,23非金屬礦物製品製造業  ,233水泥及其製品  
11508.csv,寶來工業股份有限公司,99655114,08310010002413,嘉義縣大林鎮過溪里過溪５３１號,嘉義縣大林鎮過溪里,魏守正,84632466,股份有限公司,0830425,0840619,生產中,23非金屬礦物製品製造業  ,233水泥及其製品  
11508.csv,尚賢實業有限公司,99660375,08610000802425,臺南市永康區尚頂里正南一街57巷82號,臺南市永康區尚頂里,陳月英　　,97202930,有限公司,0860320,0860414,生產中,25金屬製品製造業  ,254金屬加工處理  
11508.csv,崇鑫鋼鐵廠股份有限公司,99621192,08010003000105,桃園市桃園區玉山里漢中路一三五號,桃園市桃園區玉山里,陳志清　　　,22053888,股份有限公司,0800117,0810129,生產中,24基本金屬製造業、25金屬製品製造業  ,241鋼鐵、254金屬加工處理  
11508.csv,崎湟科技有限公司,99713855,,臺中市太平區太平里永豐路永新巷１６弄１２號,臺中市太平區太平里,蔡志鴻,24214621,有限公司,,0990906,生產中,29機械設備製造業  ,293通用機械設備  
11508.csv,崧益有限公司,68000858,,桃園市新屋區清華里新華路一段102號（1樓）,桃園市新屋區清華里,呂柏劭,53992438,有限公司,,1050907,生產中,11紡織業  ,112織布  
11508.csv,崧竣有限公司,S6601712,,臺中市烏日區螺潭里慶光路112-1號,臺中市烏日區螺潭里,卓宴華,27612398,有限公司,,1100629,生產中,24基本金屬製造業、24基本金屬製造業  ,241鋼鐵  
11508.csv,嶠豐企業有限公司外埔廠,66001562,,臺中市外埔區水美里二崁路588巷26、28、30、32號,臺中市外埔區水美里,陳子誠,22505335,有限公司,,1011228,生產中,25金屬製品製造業、24基本金屬製造業  ,254金屬加工處理、241鋼鐵  
11508.csv,川記木業股份有限公司,64007846,,高雄市梓官區梓平里八德路60-2號,高雄市梓官區梓平里,蕭桂林,59424200,股份有限公司,,1060531,生產中,14木竹製品製造業  ,140木竹製品  
11508.csv,川記木業股份有限公司二廠,S6400072,,高雄市梓官區梓平里八德路60號,高雄市梓官區梓平里,蕭桂林,59424200,股份有限公司,,1090615,生產中,14木竹製品製造業  ,140木竹製品  
11508.csv,庄主機械工業有限公司,67002418,,臺南市安南區佃東里新吉二路100號,臺南市安南區佃東里,黃蕙香,70651498,有限公司,,1080703,生產中,29機械設備製造業  ,292其他專用機械設備  
11508.csv,康祥實業有限公司觀音廠,S6800339,,桃園市觀音區富源里7鄰富源一路126之3號,桃園市觀音區富源里,徐美珠,70620777,有限公司,,1090630,生產中,24基本金屬製造業、29機械設備製造業  ,241鋼鐵、293通用機械設備  
11508.csv,廣吉鋼鐵有限公司,S6400572,,高雄市仁武區烏林里仁心路296、298號,高雄市仁武區烏林里,翁林寶桂,76420967,有限公司,,1090914,生產中,25金屬製品製造業  ,254金屬加工處理  
11508.csv,廣吉鋼鐵有限公司仁武廠,99663864,08310012012698,高雄市仁武區烏林里仁心路２９６之２號,高雄市仁武區烏林里,翁林寶桂,76420967,有限公司,0830128,0850506,生產中,24基本金屬製造業  ,241鋼鐵  
11508.csv,弘碩企業有限公司,99629373,08510003138175,桃園市八德區茄苳里永豐路三七四巷一三號,桃園市八德區茄苳里,劉賢珍　　　,96873241,有限公司,0850619,0850626,生產中,22塑膠製品製造業、29機械設備製造業  ,293通用機械設備、220塑膠製品  
11508.csv,弘騰工業股份有限公司,65006241,,新北市五股區興珍里五權七路61號1樓,新北市五股區興珍里,張錫隆,36360197,股份有限公司,,1060904,生產中,26電子零組件製造業、27電腦、電子產品及光學製品製造業、29機械設備製造業  ,269其他電子零組件、275量測、導航、控制設備及鐘錶、291金屬加工用機械設備、292其他專用機械設備  
11508.csv,彗勤企業股份有限公司蘆竹廠,99625580,08310003065360,桃園市蘆竹區中福里龍壽街一段95巷38號,桃園市蘆竹區中福里,李煥燦　　,05015116,獨資,0830607,0840805,生產中,24基本金屬製造業、25金屬製品製造業  ,241鋼鐵、251金屬刀具、手工具及模具  
11508.csv,福泉鋼業股份有限公司,99600334,05810000006876,新北市五股區成泰里成泰路三段二巷三號,新北市五股區成泰里,陳晉祿,07506222,股份有限公司,0580101,0591105,生產中,24基本金屬製造業、25金屬製品製造業、29機械設備製造業  ,241鋼鐵、254金屬加工處理、259其他金屬製品、291金屬加工用機械設備、293通用機械設備  
11508.csv,禾昌噴焊有限公司,99713158,,臺中市烏日區前竹里仁義街1號,臺中市烏日區前竹里,許家豪,24286808,有限公司,,0980217,生產中,25金屬製品製造業、29機械設備製造業  ,254金屬加工處理、293通用機械設備  
11508.csv,科蝶企業有限公司,68002373,,桃園市蘆竹區長興里厚生路78號7樓之2,桃園市蘆竹區長興里,王美瓊,24256564,有限公司,,1071120,生產中,11紡織業  ,115紡織品  
11508.csv,科豐精密有限公司,S6602438,,臺中市大雅區上楓里民族街147巷136號,臺中市大雅區上楓里,張韋穎,82779288,有限公司,,1140512,生產中,29機械設備製造業  ,291金屬加工用機械設備  
11508.csv,穀物農莊有限公司,99712389,,高雄市彌陀區文安里產業路１９９號,高雄市彌陀區文安里,黃冠惟,24254833,有限公司,,0980303,生產中,08食品製造業  ,089其他食品  
11508.csv,立捷興有限公司,99641398,08810006038509,臺中市龍井區忠和里海尾路240巷34號1樓,臺中市龍井區忠和里,林榮聰,16405386,有限公司,0880503,0890210,生產中,24基本金屬製造業、25金屬製品製造業、32家具製造業  ,241鋼鐵、251金屬刀具、手工具及模具、320家具、259其他金屬製品  
11508.csv,竝辰企業有限公司,S1300302,,屏東縣新園鄉內庄村興安路261號,屏東縣新園鄉內庄村,蔡仲義,97152241,有限公司,,1110810,生產中,25金屬製品製造業  ,252金屬結構及建築組件  
11508.csv,竝辰企業有限公司大同廠,S6400532,,高雄市大寮區大寮里大同街328巷11-1號,高雄市大寮區大寮里,蔡仲義,97152241,有限公司,,1090909,生產中,25金屬製品製造業、27電腦、電子產品及光學製品製造業  ,254金屬加工處理、272通訊傳播設備  
11508.csv,竝辰企業有限公司屏東廠,99699803,,屏東縣新園鄉新園村媽祖路407巷9號,屏東縣新園鄉新園村,蔡仲義,97152241,有限公司,,0971203,生產中,25金屬製品製造業  ,252金屬結構及建築組件  
11508.csv,竹安科技股份有限公司,99614792,08810001024161,新北市中和區建和里建一路八一巷二號五樓,新北市中和區建和里,溫蕙瓊,96868042,股份有限公司,0880210,0880311,生產中,28電力設備及配備製造業、27電腦、電子產品及光學製品製造業、26電子零組件製造業  ,284照明設備及配備、275量測、導航、控制設備及鐘錶、271電腦及其週邊設備、272通訊傳播設備、269其他電子零組件、273視聽電子產品、274資料儲存媒體  
11508.csv,竹山工業有限公司,99605375,07510001252056,新北市新莊區化成里化成路三一四巷六弄四號一、二樓,新北市新莊區化成里,侯日,22410289,有限公司,0750826,0760703,生產中,25金屬製品製造業、29機械設備製造業  ,259其他金屬製品、293通用機械設備、292其他專用機械設備  
11508.csv,笙曜企業有限公司高雄廠,99685250,08010012173001,高雄市梓官區梓信里四維路１６９號,高雄市梓官區梓信里,洪振益,22144403,有限公司,0801206,0811109,生產中,24基本金屬製造業、25金屬製品製造業  ,241鋼鐵、259其他金屬製品  
11508.csv,簪香食品有限公司,99726030,,新北市新店區寶福里寶橋路二三五巷六弄三號二樓,新北市新店區寶福里,曾文玲,97092413,有限公司,,0990827,生產中,08食品製造業  ,089其他食品  
11508.csv,守建企業有限公司,64005766,,高雄市小港區山明里長泰街４０號,高雄市小港區山明里,朱秀娥,13161680,有限公司,,0910612,生產中,24基本金屬製造業  ,241鋼鐵  
11508.csv,宏于電機股份有限公司,65001708,,新北市樹林區金寮里武林街2-3號1-6樓,新北市樹林區金寮里,詹家榮,22418992,有限公司,,1010914,生產中,24基本金屬製造業、28電力設備及配備製造業、25金屬製品製造業  ,241鋼鐵、242鋁、243銅、281發電、輸電及配電機械、283電線及配線器材、259其他金屬製品  
11508.csv,宏源順企業有限公司,99663025,08210012025926,高雄市路竹區北嶺里民有路６３５巷１６號,高雄市路竹區北嶺里,黃建明,84160445,有限公司,0820226,0820611,生產中,24基本金屬製造業  ,241鋼鐵、243銅  
11508.csv,宏肯企業股份有限公司,99664546,06910012063985,高雄市鳳山區鎮北里鎮北北巷２２之５號,高雄市鳳山區鎮北里,陳輝雄,81071481,股份有限公司,0791231,0791231,生產中,24基本金屬製造業、31其他運輸工具及其零件製造業  ,241鋼鐵、312機車及其零件  
11508.csv,宏肯企業股份有限公司鳳山廠,99664547,08410012074140,高雄市鳳山區鎮北里鳳仁路１１０巷５３號,高雄市鳳山區鎮北里,陳輝雄,81071481,股份有限公司,0840502,0840927,生產中,32家具製造業、24基本金屬製造業、30汽車及其零件製造業、31其他運輸工具及其零件製造業  ,320家具、241鋼鐵、303汽車零件、312機車及其零件  
11508.csv,宏隆鋼鐵企業有限公司,99694404,,新北市蘆洲區得仁里國道路2段30巷35、37號,新北市蘆洲區得仁里,陳保生,22480138,有限公司,,0940802,生產中,24基本金屬製造業、25金屬製品製造業  ,241鋼鐵、254金屬加工處理  
11508.csv,富川精密科技有限公司,66009760,,臺中市大雅區三和里建興路79之15號1樓,臺中市大雅區三和里,陳英傑,63224106,有限公司,,1110121,生產中,25金屬製品製造業、29機械設備製造業  ,259其他金屬製品、291金屬加工用機械設備  
11508.csv,富港機械有限公司民雄廠,10000001,,嘉義縣民雄鄉西昌村竹子腳48-6號一樓,嘉義縣民雄鄉西昌村,林錦藝,24298179,有限公司,,0991005,生產中,29機械設備製造業  ,293通用機械設備  
11508.csv,富源企業社,68000241,,桃園市龍潭區高平里高楊南路238巷107弄21號(1樓),桃園市龍潭區高平里,林俊霖,87916634,合夥,,1040818,生產中,25金屬製品製造業  ,254金屬加工處理  
11508.csv,富源化工廠股份有限公司仁德廠,99659957,07210000058242,臺南市仁德區仁義里勝利路82號,臺南市仁德區仁義里,吳永瑞　　,68746300,股份有限公司,0720421,0731227,生產中,18化學材料及肥料製造業、19其他化學製品製造業、24基本金屬製造業  ,181化學原材料、199未分類其他化學製品、249其他基本金屬  
11508.csv,富華傢俱有限公司,65002301,,新北市土城區沛陂里中山路79號,新北市土城區沛陂里,陳群元,28887606,有限公司,,1020620,生產中,24基本金屬製造業、25金屬製品製造業、32家具製造業  ,241鋼鐵、254金屬加工處理、320家具  
11508.csv,富麗科技股份有限公司,99679998,,彰化縣大村鄉村上村中山路２段１３９之１５號,彰化縣大村鄉村上村,孫啟鏵,24230045,股份有限公司,,0950308,生產中,22塑膠製品製造業  ,220塑膠製品  
11508.csv,寶健銅板金屬有限公司,99611213,07810001257144,新北市新莊區思源里中正路四八號,新北市新莊區思源里,呂明勝,23400112,有限公司,0780831,0780921,生產中,24基本金屬製造業、25金屬製品製造業  ,254金屬加工處理、241鋼鐵、242鋁、243銅  
11508.csv,寶億工業股份有限公司,99640044,07310006033269,臺中市神岡區社南里中山路851巷12號,臺中市神岡區社南里,蘇慶添,56806653,股份有限公司,0730310,0730318,生產中,24基本金屬製造業  ,241鋼鐵  
11508.csv,寶立實業有限公司,99648681,08310007017124,彰化縣福興鄉大崙村大崙街２３號,彰化縣福興鄉大崙村,李金豪,84222435,有限公司,0830609,0830712,生產中,25金屬製品製造業  ,259其他金屬製品  
11508.csv,尉華工業股份有限公司,99659765,07910011117035,臺南市仁德區新田里新田路229之1號,臺南市仁德區新田里,陳錫聰,16908752,股份有限公司,0790927,0810129,生產中,24基本金屬製造業  ,242鋁、243銅  
11508.csv,尚承鋼鐵股份有限公司,64004713,7664106148,高雄市小港區龍鳳里大業南路７號,高雄市小港區龍鳳里,余正彥,27208480,股份有限公司,0760731,0801120,生產中,24基本金屬製造業  ,241鋼鐵  
11508.csv,尚敏有限公司,99610928,08110001096310,新北市新莊區思源里思源路77號(1樓)、79號(1樓),新北市新莊區思源里,莊易霖,22857865,有限公司,0810415,0810504,生產中,16印刷及資料儲存媒體複製業、24基本金屬製造業、25金屬製品製造業、26電子零組件製造業、27電腦、電子產品及光學製品製造業、33其他製造業  ,160印刷及資料儲存媒體複製、242鋁、259其他金屬製品、269其他電子零組件、276輻射及電子醫學設備、332醫療器材及用品  
11508.csv,峻邦實業股份有限公司,67002495,,臺南市歸仁區南保里中山九街7巷12號,臺南市歸仁區南保里,吳平雄,22412511,股份有限公司,,1080828,生產中,25金屬製品製造業  ,259其他金屬製品  
11508.csv,峻邦鋼鐵有限公司,67004383,,臺南市安南區媽祖宮里工業一路101號A區,臺南市安南區媽祖宮里,黃子芩,85022899,有限公司,,1150723,生產中,25金屬製品製造業  ,254金屬加工處理  
11508.csv,嶸業鋼鐵股份有限公司,99712266,,高雄市永安區維新里永工三路８號,高雄市永安區維新里,陳月嫌,12886412,股份有限公司,,0970902,生產中,24基本金屬製造業  ,241鋼鐵  
11508.csv,嶸進工業股份有限公司,99624237,08310003141292,桃園市八德區茄苳里開隆街七六巷一二弄三號一樓,桃園市八德區茄苳里,陳上棟　　　,86816685,股份有限公司,0830916,0831008,生產中,30汽車及其零件製造業、31其他運輸工具及其零件製造業、29機械設備製造業  ,303汽車零件、312機車及其零件、291金屬加工用機械設備、293通用機械設備  
11508.csv,嶸鑫鐵工廠股份有限公司,09000759,,雲林縣莿桐鄉六合村新興72-15號,雲林縣莿桐鄉六合村,李秋桂,22242967,股份有限公司,,1070515,生產中,25金屬製品製造業、25金屬製品製造業  ,254金屬加工處理  
11508.csv,川鉅實業有限公司,99632080,08410005097759,苗栗縣通霄鎮通灣里一一鄰通灣一０八之三號,苗栗縣通霄鎮通灣里,邱元欽,89521159,有限公司,0840902,0840907,生產中,24基本金屬製造業、25金屬製品製造業  ,241鋼鐵、254金屬加工處理、249其他基本金屬  
11508.csv,庚懋企業有限公司,S0700496,,彰化縣和美鎮鎮平里南雷路156號,彰化縣和美鎮鎮平里,黃健賀,53032425,有限公司,,1090602,生產中,22塑膠製品製造業  ,220塑膠製品  
11508.csv,庚晉科技工業股份有限公司,99706001,,臺南市南區彰南里新和一路15號Ｂ棟,臺南市南區彰南里,曾士僥,24212074,股份有限公司,,0980226,生產中,29機械設備製造業  ,293通用機械設備  
11508.csv,康立食品工廠,99659561,08610000800214,臺南市仁德區太子里長興一街1號,臺南市仁德區太子里,陳太郎　　　,19792241,獨資,0860108,0860303,生產中,08食品製造業  ,089其他食品  
11508.csv,康聚醫學科技股份有限公司仁德廠,99684270,,臺南市仁德區土庫里太乙路106號,臺南市仁德區土庫里,周宜錦,64861742,股份有限公司,,0921024,生產中,24基本金屬製造業  ,241鋼鐵  
11508.csv,廣喆金屬工業股份有限公司,99622731,,桃園市八德區大安里長安街61號,桃園市八德區大安里,陳世祿,70454237,股份有限公司,,0901217,生產中,24基本金屬製造業、25金屬製品製造業、29機械設備製造業、30汽車及其零件製造業、31其他運輸工具及其零件製造業  ,241鋼鐵、251金屬刀具、手工具及模具、293通用機械設備、303汽車零件、312機車及其零件  
11508.csv,廣淩鋼鐵企業股份有限公司,68002455,,桃園市八德區茄苳里茄苳路895號(1樓),桃園市八德區茄苳里,呂盈瑩,60345117,股份有限公司,,1071225,生產中,25金屬製品製造業  ,254金屬加工處理  
11508.csv,弘祿光電科技有限公司二廠,99709852,,高雄市湖內區田尾里中山路一段６１４號,高雄市湖內區田尾里,鄭文弘,80040449,有限公司,,0960122,生產中,22塑膠製品製造業、26電子零組件製造業、29機械設備製造業、30汽車及其零件製造業、31其他運輸工具及其零件製造業、24基本金屬製造業  ,220塑膠製品、269其他電子零組件、293通用機械設備、303汽車零件、311船舶及浮動設施、312機車及其零件、242鋁  
11508.csv,弦立鋼鐵股份有限公司,S6600620,,臺中市大里區大里里大里路530號,臺中市大里區大里里,周溪煌,23521805,股份有限公司,,1090724,生產中,25金屬製品製造業  ,254金屬加工處理  
11508.csv,彤采妮股份有限公司,07000195,,彰化縣鹿港鎮海埔里輔導路360巷32號、輔導路328號,彰化縣鹿港鎮海埔里,郭鎮彰,24295829,股份有限公司,,1000523,生產中,19其他化學製品製造業、22塑膠製品製造業  ,193清潔用品及化粧品、220塑膠製品  
11508.csv,福泉鋼業股份有限公司頭城廠,99620037,07710002070586,宜蘭縣頭城鎮拔雅里吉祥路97號,宜蘭縣頭城鎮拔雅里,陳晉祿　　,07506222,股份有限公司,0770915,0771224,生產中,24基本金屬製造業  ,241鋼鐵  
11508.csv,福洋冷凍食品有限公司,99620266,06710000070162,宜蘭縣頭城鎮拔雅里吉祥路242號,宜蘭縣頭城鎮拔雅里,吳平弘　,80105006,有限公司,0580101,0690528,生產中,08食品製造業  ,082水產加工  
11508.csv,福西機械有限公司,99617187,08710001555660,新北市三重區中興里重新路五段六二七巷一三號,新北市三重區中興里,吳秀紋,16543607,有限公司,0870824,0880318,生產中,24基本金屬製造業、25金屬製品製造業、29機械設備製造業  ,293通用機械設備、251金屬刀具、手工具及模具、241鋼鐵、254金屬加工處理、259其他金屬製品  
11508.csv,福誠股份有限公司,99606089,06210000007547,新北市鶯歌區南靖里文化路三二四巷二三號,新北市鶯歌區南靖里,陳文成,33954344,股份有限公司,0580101,0630330,生產中,23非金屬礦物製品製造業、24基本金屬製造業、25金屬製品製造業  ,232耐火、黏土建材及其他陶瓷製品、241鋼鐵、254金屬加工處理  
11508.csv,禹賢實業股份有限公司,67002789,,臺南市永康區王行里經華路8號B區、8之1號,臺南市永康區王行里,王信民 ,24220145,股份有限公司,,1090821,生產中,25金屬製品製造業  ,254金屬加工處理  
11508.csv,禹鋼實業股份有限公司,99651111,06710000077929,彰化縣永靖鄉五汴村中山路３段１１４號,彰化縣永靖鄉五汴村,黃坤森,23392865,股份有限公司,0670515,0670923,生產中,24基本金屬製造業  ,241鋼鐵  
11508.csv,禾明實業有限公司,03000112,,桃園市蘆竹區蘆竹里南工路5-2號,桃園市蘆竹區蘆竹里,賴普騰,22426199,有限公司,,0991124,生產中,29機械設備製造業  ,293通用機械設備  
11508.csv,禾明實業有限公司二廠,68003391,,桃園市蘆竹區蘆竹里南工路5號,桃園市蘆竹區蘆竹里,賴普騰,22426199,有限公司,,1090518,生產中,25金屬製品製造業  ,259其他金屬製品  
11508.csv,科隆實業有限公司,07002420,,彰化縣線西鄉溝內村線平路17號,彰化縣線西鄉溝內村,陳信東,28130362,有限公司,,1070110,生產中,22塑膠製品製造業  ,220塑膠製品  
11508.csv,科達製藥股份有限公司,99622458,07010000148905,桃園市平鎮區湧豐里工業三路20之1號,桃園市平鎮區湧豐里,陳兆祥　　,22243543,股份有限公司,0580101,0720425,生產中,08食品製造業、20藥品及醫用化學製品製造業  ,089其他食品、200藥品及醫用化學製品  
11508.csv,積勝企業股份有限公司,13000104,,屏東縣屏東市清溪里建國路241巷13號,屏東縣屏東市清溪里,吳安德,76327224,股份有限公司,,1010313,生產中,19其他化學製品製造業、19其他化學製品製造業  ,199未分類其他化學製品  
11508.csv,穎鴻工業有限公司,66002317,,臺中市神岡區社南里中山路747號,臺中市神岡區社南里,陳穎興,24256852,有限公司,,1021126,生產中,25金屬製品製造業  ,254金屬加工處理、259其他金屬製品  
11508.csv,穎鴻工業有限公司二廠,S6602595,,臺中市神岡區社口里大圳路26之7、26之9號,臺中市神岡區社口里,陳穎興,24256852,有限公司,,1140728,生產中,32家具製造業  ,320家具  
11508.csv,立三企業有限公司,99689243,06610000105873,新北市中和區新南里圓通路一二一巷三號,新北市中和區新南里,林鎮三,34130994,有限公司,0580101,0670314,生產中,11紡織業  ,115紡織品  
11508.csv,立丞紙業有限公司,S6603274,,臺中市烏日區北里里太明路成豐巷226之3號,臺中市烏日區北里里,林月玲,24206158,有限公司,,1150522,生產中,15紙漿、紙及紙製品製造業  ,152瓦楞紙板及紙容器  
11508.csv,立祥食品行,S6601241,,臺中市大甲區德化里經國路1172-1號,臺中市大甲區德化里,賴國華,81990827,合夥,,1091021,生產中,08食品製造業  ,089其他食品  
11508.csv,章原五金股份有限公司二廠,07005612,,彰化縣鹿港鎮山崙里經建八路2號,彰化縣鹿港鎮山崙里,王旗明,59183321,股份有限公司,,1130703,生產中,24基本金屬製造業  ,243銅  
11508.csv,竣裕鋼鐵有限公司,99636573,08610006195321,臺中市太平區中興里永義路38號,臺中市太平區中興里,林崇祺,16354957,有限公司,0860729,0870309,生產中,25金屬製品製造業、29機械設備製造業  ,254金屬加工處理、259其他金屬製品、293通用機械設備  
11508.csv,竣邦有限公司,99602425,,新北市五股區更寮里中興路二段一一九號,新北市五股區更寮里,林永珅,96859796,有限公司,,0901213,生產中,28電力設備及配備製造業  ,281發電、輸電及配電機械、283電線及配線器材、289其他電力設備及配備  
11508.csv,竹陞印刷企業有限公司,65006741,,新北市中和區立德街158號5樓,新北市中和區,陳偉仁,24338067,有限公司,,1070329,生產中,16印刷及資料儲存媒體複製業  ,160印刷及資料儲存媒體複製  
11508.csv,精冶科技工業股份有限公司,99717903,,桃園市楊梅區頭湖里泰圳路441巷27號,桃園市楊梅區頭湖里,游昭祥,29097117,股份有限公司,,0981112,生產中,24基本金屬製造業  ,241鋼鐵  
11508.csv,精剛精密科技股份有限公司二廠,67001426,,臺南市柳營區大農里工一路10號,臺南市柳營區大農里,薄慧雲,80334042,股份有限公司,,1050216,生產中,24基本金屬製造業  ,241鋼鐵  
11508.csv,精悦國際企業有限公司,99713245,,臺中市潭子區福仁里中山路二段73巷63號,臺中市潭子區福仁里,侯亮光,24389543,有限公司,,0980505,生產中,33其他製造業  ,339未分類其他製品  
11508.csv,精瑞股份有限公司,09001006,,雲林縣斗六市虎溪里雲科路三段37號,雲林縣斗六市虎溪里,楊秀瓊,24248875,股份有限公司,,1090702,生產中,25金屬製品製造業、33其他製造業  ,259其他金屬製品、332醫療器材及用品  
11508.csv,精萌股份有限公司龍潭廠,68004262,,桃園市龍潭區高原里高原路367巷160號,桃園市龍潭區高原里,鄭忠禎,24217486,股份有限公司,,1100630,生產中,25金屬製品製造業  ,254金屬加工處理、259其他金屬製品  
11508.csv,精華鐳射有限公司,65002495,,新北市新莊區西盛里民安路396巷12號1樓,新北市新莊區西盛里,張淑芬,80588214,有限公司,,1020915,生產中,24基本金屬製造業、25金屬製品製造業  ,241鋼鐵、254金屬加工處理  
11508.csv,守誠機械鑄造股份有限公司,99641978,06710006005642,臺中市太平區德隆里德明路303號,臺中市太平區德隆里,羅志偉,97508783,股份有限公司,0670115,0700819,生產中,24基本金屬製造業  ,241鋼鐵  
11508.csv,安乘電梯有限公司一廠,99655984,08210010004685,嘉義縣六腳鄉灣南村９９號,嘉義縣六腳鄉灣南村,翁國慶,89224290,有限公司,0820715,0820728,生產中,29機械設備製造業、25金屬製品製造業  ,293通用機械設備  
11508.csv,安暹工業股份有限公司,99670566,06710000224330,臺中市東區東信里十甲東路235巷1號,臺中市東區東信里,郭忠祐,52521488,股份有限公司,0580101,0680516,生產中,25金屬製品製造業、28電力設備及配備製造業、29機械設備製造業、30汽車及其零件製造業、31其他運輸工具及其零件製造業  ,254金屬加工處理、259其他金屬製品、285家用電器、292其他專用機械設備、293通用機械設備、303汽車零件、312機車及其零件、313自行車及其零件  
11508.csv,安朝有限公司,08000154,,南投縣名間鄉東湖村萬丹路222號,南投縣名間鄉東湖村,張金寬,24276695,有限公司,,1040529,生產中,22塑膠製品製造業、33其他製造業  ,332醫療器材及用品、220塑膠製品  
11508.csv,安朝有限公司二廠,S0800191,,南投縣草屯鎮碧峰里碧興路1段1084巷11弄140號,南投縣草屯鎮碧峰里,張金寬,24276695,有限公司,,1150520,生產中,22塑膠製品製造業  ,220塑膠製品  
11508.csv,宏昌精密工業股份有限公司,99624593,08810000064443,桃園市蘆竹區坑口里大有街3號,桃園市蘆竹區坑口里,謝宗衡,16718979,股份有限公司,0880603,0890728,生產中,24基本金屬製造業  ,241鋼鐵、243銅  
11508.csv,宏燁鋼鐵股份有限公司,64010501,,高雄市仁武區文武里仁發一路17號,高雄市仁武區文武里,林宏鑫,00155014,股份有限公司,,1150804,生產中,25金屬製品製造業  ,254金屬加工處理  
11508.csv,宏興數位印染有限公司新莊廠,99719273,,新北市新莊區西盛里民安路一六之二號,新北市新莊區西盛里,林怡君,24270382,有限公司,,0980514,生產中,11紡織業、12成衣及服飾品製造業  ,112織布、114染整、121成衣、123服飾品  
11508.csv,宏順鋼鐵有限公司大林廠,99655601,08810010990102,嘉義縣大林鎮明華里湖底一○號,嘉義縣大林鎮明華里,陳逢財,84834012,有限公司,0881021,0881104,生產中,25金屬製品製造業、29機械設備製造業  ,259其他金屬製品、293通用機械設備  
11508.csv,宗進金屬股份有限公司,99655760,07710000286090,嘉義縣民雄鄉北斗村中正路４６號,嘉義縣民雄鄉北斗村,廖明傑,76358990,股份有限公司,0771223,0790824,生產中,24基本金屬製造業、25金屬製品製造業、29機械設備製造業  ,241鋼鐵、254金屬加工處理、251金屬刀具、手工具及模具、293通用機械設備  
11508.csv,宗野企業有限公司台中廠,S6602242,,臺中市大雅區員林里大林路140巷26號,臺中市大雅區員林里,鄭阿秀,84614609,有限公司,,1131113,生產中,22塑膠製品製造業、25金屬製品製造業  ,220塑膠製品、252金屬結構及建築組件  
11508.csv,宜民塑膠有限公司,99614242,07410001440214,新北市樹林區三多里中正路671巷2號1、2樓,新北市樹林區三多里,詹益成,34470389,有限公司,0741217,0750818,生產中,22塑膠製品製造業  ,220塑膠製品  
11508.csv,宥勝金屬工業有限公司,10000048,,嘉義縣民雄鄉北斗村6鄰成功二街27號,嘉義縣民雄鄉北斗村,呂明津,28757998,有限公司,,1001017,生產中,24基本金屬製造業、25金屬製品製造業  ,241鋼鐵、259其他金屬製品  
11508.csv,富元精密科技股份有限公司,99624275,08210000087230,桃園市觀音區樹林里經建一路３３之１號,桃園市觀音區樹林里,林啓聖,28018662,股份有限公司,0821224,0840313,生產中,26電子零組件製造業  ,264光電材料及元件、269其他電子零組件  
11508.csv,富廣鑫工業有限公司,99665975,,屏東縣枋寮鄉東海村永翔路31號,屏東縣枋寮鄉東海村,陳信瑋,53243955,有限公司,,0911113,生產中,23非金屬礦物製品製造業  ,239其他非金屬礦物製品  
11508.csv,富強窗門企業有限公司一廠,S0701368,,彰化縣大村鄉擺塘村員大路7-24、7-26號,彰化縣大村鄉擺塘村,張淑薇,86241801,有限公司,,1091020,生產中,25金屬製品製造業  ,252金屬結構及建築組件  
11508.csv,富強窗門企業有限公司二廠,S0701427,,彰化縣大村鄉擺塘村員大路7-32號,彰化縣大村鄉擺塘村,張淑薇,86241801,有限公司,,1091207,生產中,25金屬製品製造業  ,252金屬結構及建築組件  
11508.csv,富灣股份有限公司樹林廠,99613902,08810001329376,新北市樹林區東山里東興街57號,新北市樹林區東山里,簡辰宜,23024166,股份有限公司,0880903,0881116,生產中,22塑膠製品製造業、28電力設備及配備製造業  ,220塑膠製品、283電線及配線器材、289其他電力設備及配備  
11508.csv,寓鈦興業有限公司,07003050,10810007800130,彰化縣芳苑鄉建平村二溪路草二段952之1號1樓,彰化縣芳苑鄉建平村,董宥妘,24246010,有限公司,1080327,1080401,生產中,22塑膠製品製造業  ,220塑膠製品  
11508.csv,寶凱電子企業股份有限公司華中廠,99712416,,高雄市大寮區大寮里華中路２３號,高雄市大寮區大寮里,黃秀青,23347270,股份有限公司,,0980330,生產中,25金屬製品製造業、33其他製造業  ,259其他金屬製品、339未分類其他製品  
11508.csv,寶緯工業股份有限公司,99645473,08310000153826,彰化縣北斗鎮大新里財神路三０號,彰化縣北斗鎮大新里,詹勲霖,23209895,股份有限公司,0830504,0871111,生產中,25金屬製品製造業、24基本金屬製造業  ,254金屬加工處理、259其他金屬製品、242鋁  
11508.csv,尊皇鑄鋁股份有限公司,99717837,,桃園市龜山區兔坑里大同路９４９巷１２號及大同路９４９巷１４號１樓,桃園市龜山區兔坑里,林士斌,86884472,股份有限公司,,0980921,生產中,24基本金屬製造業、25金屬製品製造業、29機械設備製造業  ,242鋁、251金屬刀具、手工具及模具、252金屬結構及建築組件、293通用機械設備  
11508.csv,尚新貿鋼鐵有限公司三廠,S1000157,,嘉義縣朴子市德興里新吉庄9-80號,嘉義縣朴子市德興里,李芬蘭,16415650,有限公司,,1110425,生產中,25金屬製品製造業、25金屬製品製造業  ,252金屬結構及建築組件  
11508.csv,尚新貿鋼鐵有限公司(二廠),S1000081,,嘉義縣朴子市大鄉里大槺榔1070巷40弄9號,嘉義縣朴子市大鄉里,李芬蘭,16415650,有限公司,,1090601,生產中,25金屬製品製造業  ,252金屬結構及建築組件  
11508.csv,尚鋒工業社,99701160,,臺中市清水區武鹿里中央路五五之二一號,臺中市清水區武鹿里,顏貽謀,76612418,獨資,,0921008,生產中,11紡織業  ,115紡織品  
11508.csv,崑庭有限公司,66005133,,臺中市太平區宜欣里富宜路69號,臺中市太平區宜欣里,蔡佳翔,54764242,有限公司,,1060103,生產中,30汽車及其零件製造業  ,303汽車零件  
11508.csv,崧豪瑩有限公司,99646242,08910000902992,彰化縣芳苑鄉後寮村工區三路５號,彰化縣芳苑鄉後寮村,許寶倉,80447284,有限公司,0890519,0890526,生產中,08食品製造業、29機械設備製造業  ,087動物飼品、292其他專用機械設備  
11508.csv,嶸鑫鐵工廠股份有限公司,99670763,06910000239699,臺中市東區東門里旱溪西路一段190巷10號,臺中市東區東門里,李秋桂,22242967,股份有限公司,0580101,0700325,生產中,29機械設備製造業、30汽車及其零件製造業  ,291金屬加工用機械設備、293通用機械設備、303汽車零件  
11508.csv,嶸鑫鐵工廠股份有限公司太平廠,99635828,08610006225664,臺中市太平區中興里永平路二段377、383號,臺中市太平區中興里,李秋桂,22242967,股份有限公司,0860828,0860906,生產中,25金屬製品製造業  ,254金屬加工處理  
11508.csv,嶺南國際有限公司鶯歌廠,65008975,,新北市鶯歌區西鶯里中山路2巷4號1樓,新北市鶯歌區西鶯里,陳新傑,24337047,有限公司,,1091104,生產中,11紡織業、12成衣及服飾品製造業  ,115紡織品、123服飾品  
11508.csv,嶺航企業股份有限公司,99694316,,新北市五股區五福里成泰路二段一九五巷一五號,新北市五股區五福里,吳錦燦,23512539,股份有限公司,,0940711,生產中,24基本金屬製造業、25金屬製品製造業、29機械設備製造業  ,241鋼鐵、254金屬加工處理、242鋁、243銅、249其他基本金屬、293通用機械設備、251金屬刀具、手工具及模具  
11508.csv,嶺騎實業有限公司,99673510,08910000903670,臺南市南區彰南里新義南路47號,臺南市南區彰南里,黃博欽,70687242,有限公司,0890620,0890818,生產中,16印刷及資料儲存媒體複製業  ,160印刷及資料儲存媒體複製  
11508.csv,府城車業股份有限公司,99657599,07610000113001,臺南市永康區王行里興工路24號,臺南市永康區王行里,黄紹慶　　　,69721242,股份有限公司,0760220,0770425,生產中,31其他運輸工具及其零件製造業  ,313自行車及其零件  
11508.csv,府鋐金屬有限公司永康廠,99658390,07810011038954,臺南市永康區塩洲里國聖街153號,臺南市永康區塩洲里,許文明,22484009,有限公司,0780412,0790820,生產中,24基本金屬製造業  ,243銅  
11508.csv,康舒科技股份有限公司淡水廠,99603949,07310001241377,新北市淡水區義山里淡金路三段一五九號,新北市淡水區義山里,許介立,12341051,股份有限公司,0730825,0730905,生產中,28電力設備及配備製造業、27電腦、電子產品及光學製品製造業、26電子零組件製造業  ,271電腦及其週邊設備、272通訊傳播設備、275量測、導航、控制設備及鐘錶、269其他電子零組件、283電線及配線器材、289其他電力設備及配備、284照明設備及配備  
11508.csv,康裕科技股份有限公司,64006444,,高雄市仁武區竹後里鳳仁路３２９－１４號（２、３樓）,高雄市仁武區竹後里,陳林美雲,24350646,股份有限公司,,1001223,生產中,32家具製造業、32家具製造業  ,320家具  
11508.csv,廣源鋼鐵有限公司,07000204,,彰化縣彰化市五權里彰和路一段64號,彰化縣彰化市五權里,姚麗滿,27455236,有限公司,,1000530,生產中,29機械設備製造業  ,291金屬加工用機械設備  
11508.csv,廣源鋼鐵有限公司二廠,S0700768,,彰化縣和美鎮嘉犁里鎮東路37號,彰化縣和美鎮嘉犁里,姚麗滿,27455236,有限公司,,1090630,生產中,29機械設備製造業  ,291金屬加工用機械設備  
11508.csv,弘旻開發實業有限公司,99622930,08810003327519,桃園市楊梅區中山里中山北路一段二九三巷六號,桃園市楊梅區中山里,陳綉琴,16394557,有限公司,0880621,0880629,生產中,24基本金屬製造業、25金屬製品製造業  ,242鋁、254金屬加工處理  
11508.csv,弘昇昌科技股份有限公司,68007099,,桃園市大園區內海里中山北路280巷3號,桃園市大園區內海里,許晉源,53726333,股份有限公司,,1141015,生產中,24基本金屬製造業  ,243銅、249其他基本金屬  
11508.csv,張吉興鐵網有限公司,99647243,08810007077302,彰化縣和美鎮犁盛里彰新路２段３９９號,彰化縣和美鎮犁盛里,張佑如,97335299,有限公司,0880428,0880511,生產中,22塑膠製品製造業、25金屬製品製造業  ,220塑膠製品、259其他金屬製品  
11508.csv,張大實業有限公司分廠,99644568,08410006092241,臺中市神岡區溪洲里堤南路二一０巷一六號,臺中市神岡區溪洲里,張聰貴,86935802,有限公司,0840427,0840509,生產中,29機械設備製造業、25金屬製品製造業、28電力設備及配備製造業  ,293通用機械設備、251金屬刀具、手工具及模具、284照明設備及配備  
11508.csv,彥吉實業股份有限公司,99634357,08310006196580,臺中市大里區立仁里立仁一路一八一號,臺中市大里區立仁里,李婉銣,22418661,股份有限公司,0830824,0830915,生產中,29機械設備製造業  ,293通用機械設備  
11508.csv,彥宸興業有限公司,99711896,,臺南市永康區建國里復興路26巷54、56號,臺南市永康區建國里,王元科,24368049,有限公司,,0990127,生產中,32家具製造業  ,320家具  
11508.csv,福源鋼鐵有限公司,99684406,,臺南市永康區塩行里塩信街180號,臺南市永康區塩行里,唐茂福,22967700,有限公司,,0930420,生產中,25金屬製品製造業  ,254金屬加工處理  
11508.csv,福源食品有限公司,04001175,,新竹縣竹北市聯興里新工六路73號1樓、2樓(部份使用),新竹縣竹北市聯興里,曾俊強,24240515,有限公司,,1130122,生產中,08食品製造業、08食品製造業  ,083蔬果加工、089其他食品  
11508.csv,秋順企業社,99668605,08110018120102,新竹市北區金雅里鐵道路二段二九二巷三0弄二號,新竹市北區金雅里,陳蔡義　　,47242471,獨資,0810124,0810128,生產中,33其他製造業、22塑膠製品製造業  ,331育樂用品、220塑膠製品  
11508.csv,科允鋼鐵工業有限公司大樹廠,99709964,,高雄市大樹區竹寮里竹寮路７８之３號,高雄市大樹區竹寮里,胡榮忠,16460839,有限公司,,0960716,生產中,25金屬製品製造業  ,259其他金屬製品  
11508.csv,積準光電股份有限公司,04001087,,新竹縣湖口鄉中興村光復北路17號4樓(部分使用),新竹縣湖口鄉中興村,李俊遠,45102410,股份有限公司,,1110824,生產中,23非金屬礦物製品製造業  ,231玻璃及其製品  
11508.csv,積餘慶宏業股份有限公司科技工廠,99692772,,新北市汐止區復興里新臺五路一段七九號一六樓,新北市汐止區復興里,陳介元,22425001,股份有限公司,,0930707,生產中,27電腦、電子產品及光學製品製造業  ,276輻射及電子醫學設備  
11508.csv,穗利工業股份有限公司,99675210,06710000070196,臺南市南區彰南里新樂路90號,臺南市南區彰南里,陳柏仁,69306977,股份有限公司,0670509,0700518,生產中,24基本金屬製造業  ,243銅  
11508.csv,穗成企業股份有限公司,99673544,06710000069774,臺南市南區彰南里新樂路88號,臺南市南區彰南里,李榮泰,69645456,股份有限公司,0670509,0700313,生產中,24基本金屬製造業  ,243銅、249其他基本金屬  
11508.csv,穗成企業股份有限公司新和廠,99673486,08910000901112,臺南市南區彰南里新和路36號,臺南市南區彰南里,李榮泰,69645456,股份有限公司,0890229,0890329,生產中,24基本金屬製造業  ,242鋁、243銅、249其他基本金屬  
11508.csv,立丞紙業有限公司二廠,S6601008,,臺中市烏日區北里里太明路成豐巷226號,臺中市烏日區北里里,林月玲,24206158,有限公司,,1090903,生產中,15紙漿、紙及紙製品製造業  ,152瓦楞紙板及紙容器  
11508.csv,立正科技股份有限公司,03002418,,桃園市楊梅區豐野里中正路547-1號,桃園市楊梅區豐野里,關馥,53289240,股份有限公司,,1030909,生產中,25金屬製品製造業  ,254金屬加工處理、259其他金屬製品  
11508.csv,立禾環保行神岡廠,66009371,,臺中市神岡區社南里社南街198號1樓,臺中市神岡區社南里,徐嘉和,21824162,獨資,,1100809,生產中,25金屬製品製造業  ,252金屬結構及建築組件  
11508.csv,立順金屬有限公司,99711579,,臺南市永康區南灣里南興路2巷9號,臺南市永康區南灣里,林明宏,84398341,有限公司,,0970922,生產中,24基本金屬製造業  ,241鋼鐵  
11508.csv,竣鑫工業股份有限公司,99621479,08510003139004,桃園市蘆竹區長興里長興路4段227巷21、23、25、27、29號,桃園市蘆竹區長興里,王聖耀,97011643,有限公司,0850809,0851011,生產中,24基本金屬製造業、25金屬製品製造業  ,241鋼鐵、259其他金屬製品  
11508.csv,竣陽實業股份有限公司,67003092,,臺南市新營區土庫里土庫71之63號,臺南市新營區土庫里,康聰賢,24360449,股份有限公司,,1100805,生產中,25金屬製品製造業  ,259其他金屬製品  
11508.csv,竹榮鋼鐵工業股份有限公司,99667752,08310018120294,新竹市鹽水里中華路６段４７號,新竹市香山區鹽水里,陳榮三　　　,46070605,股份有限公司,0830620,0840119,生產中,25金屬製品製造業、29機械設備製造業  ,293通用機械設備、252金屬結構及建築組件  
11508.csv,竹洲工業股份有限公司南崗廠,99652497,07910000000480,南投縣南投市福興里南崗三路九九號,南投縣南投市福興里,劉怡青,22135116,股份有限公司,0790605,0790605,生產中,24基本金屬製造業、25金屬製品製造業  ,241鋼鐵、254金屬加工處理  
11508.csv,笛斯有限公司,65008645,,新北市樹林區圳安里俊英街248巷6號,新北市樹林區圳安里,吳政諺,82956241,有限公司,,1090608,生產中,13皮革、毛皮及其製品製造業、13皮革、毛皮及其製品製造業  ,130皮革、毛皮及其製品  
11508.csv,笠崴金屬股份有限公司,66010733,,臺中市龍井區忠和里台西南路256巷32弄2之1號,臺中市龍井區忠和里,陳國彰,94083263,股份有限公司,,1120807,生產中,24基本金屬製造業、25金屬製品製造業、30汽車及其零件製造業、31其他運輸工具及其零件製造業  ,242鋁、251金屬刀具、手工具及模具、254金屬加工處理、259其他金屬製品、303汽車零件、312機車及其零件、313自行車及其零件  
11508.csv,精祥富企業有限公司,66008585,,臺中市太平區永隆里七星路59號一樓,臺中市太平區永隆里,沈欽淮,16524398,有限公司,,1091015,生產中,25金屬製品製造業  ,251金屬刀具、手工具及模具  
11508.csv,精輪工業股份有限公司永隆廠,66010241,,臺中市太平區德隆里園區三路7號,臺中市太平區德隆里,吳河東,23103529,股份有限公司,,1110922,生產中,25金屬製品製造業、29機械設備製造業、31其他運輸工具及其零件製造業  ,259其他金屬製品、292其他專用機械設備、293通用機械設備、312機車及其零件  
11508.csv,精遠科技有限公司,04000904,,新竹縣竹東鎮頭重里中興路4段372-7號2樓,新竹縣竹東鎮頭重里,江俞臻,24375294,有限公司,,1090903,生產中,29機械設備製造業、29機械設備製造業  ,293通用機械設備  
11508.csv,精鈺金屬工業股份有限公司,99630503,07310000246143,新竹縣湖口鄉鳳山村文化路21號,新竹縣湖口鄉鳳山村,林熾燦　,05420993,股份有限公司,0730911,0740418,生產中,24基本金屬製造業、25金屬製品製造業  ,241鋼鐵、259其他金屬製品  
11508.csv,紅粧國際美容有限公司大里廠,99703241,,臺中市大里區大元里國中路161號3樓,臺中市大里區大元里,朱秀蓁,97049319,有限公司,,0941108,生產中,19其他化學製品製造業  ,193清潔用品及化粧品  
11508.csv,紅葉西點企業有限公司,65010157,,新北市中和區中原里板南路490號4樓之7,新北市中和區中原里,許孟勳,54706243,有限公司,,1110207,生產中,08食品製造業  ,089其他食品  
11508.csv,安傑企業社,99619644,07610001224587,新北市汐止區環河里環河街一八八號,新北市汐止區環河里,陳金蓮,02327241,獨資,0760731,0760905,生產中,29機械設備製造業、25金屬製品製造業  ,293通用機械設備、251金屬刀具、手工具及模具  
11508.csv,宏伽工業有限公司,67002055,,臺南市永康區尚頂里中正南路242巷20號,臺南市永康區尚頂里,洪陳麗雲,24917925,有限公司,,1070516,生產中,25金屬製品製造業  ,259其他金屬製品  
11508.csv,宏明齒輪工廠股份有限公司,99612414,07310001275145,新北市三重區永發里中正北路一九三巷一一弄二０號,新北市三重區永發里,黃金章,35968527,股份有限公司,0731023,0760120,生產中,29機械設備製造業  ,291金屬加工用機械設備、293通用機械設備  
11508.csv,宏餘鋼鐵股份有限公司,99658227,08210011165425,臺南市麻豆區麻口里麻佳路一段565號,臺南市麻豆區麻口里,蔡金發,28887970,股份有限公司,0821019,0830207,生產中,25金屬製品製造業  ,252金屬結構及建築組件  
11508.csv,宏餘鋼鐵股份有限公司二廠,67003590,,臺南市麻豆區麻口里麻佳路一段561號,臺南市麻豆區麻口里,蔡金發,28887970,股份有限公司,,1120627,生產中,25金屬製品製造業  ,252金屬結構及建築組件  
11508.csv,宗霆股份有限公司中壢廠,03002432,,桃園市中壢區文化里安東路12號2.3.4樓,桃園市中壢區文化里,陳釗文,97288916,股份有限公司,,1030916,生產中,08食品製造業  ,089其他食品  
11508.csv,宜泰鋼鐵有限公司,S0900259,,雲林縣斗南鎮小東里大同路491-1號,雲林縣斗南鎮小東里,沈碧眞,28141924,有限公司,,1120530,生產中,25金屬製品製造業  ,254金屬加工處理  
11508.csv,宜炫企業有限公司,99660020,06910000137675,臺南市仁德區田厝里中正路1段599巷1Ｏ號,臺南市仁德區田厝里,蔡海明,52437308,有限公司,0690602,0700613,生產中,31其他運輸工具及其零件製造業  ,319未分類其他運輸工具及其零件  
11508.csv,家芳企業有限公司,99602472,07310001242375,新北市汐止區環河里南陽街九０巷一五號,新北市汐止區環河里,謝宗甫,04816006,有限公司,0731018,0740726,生產中,25金屬製品製造業、29機械設備製造業  ,292其他專用機械設備、251金屬刀具、手工具及模具  
11508.csv,富強鑫精密工業股份有限公司,99659196,07510011124163,臺南市關廟區埤頭里保東路269號Ａ棟、269之1號A棟、269之6號、269之10號A棟,臺南市關廟區埤頭里,王伯壎　　　,86122164,股份有限公司,0751027,0770716,生產中,29機械設備製造業、22塑膠製品製造業、28電力設備及配備製造業  ,292其他專用機械設備、220塑膠製品、283電線及配線器材  
11508.csv,富煜工業股份有限公司,08000016,,南投縣南投市永豐里工業北路59號,南投縣南投市永豐里,許智皓,27483182,股份有限公司,,1000328,生產中,24基本金屬製造業、25金屬製品製造業  ,241鋼鐵、259其他金屬製品  
11508.csv,富燦塑膠有限公司,99649060,07010000157177,彰化縣社頭鄉廣興村員集路３段９９、９７號,彰化縣社頭鄉廣興村,張婉慈　,60241123,有限公司,0700907,0701020,生產中,22塑膠製品製造業  ,220塑膠製品  
11508.csv,富誼科技有限公司永康廠,99727605,,臺南市永康區塩洲里國聖街243號,臺南市永康區塩洲里,戴嘉芳,25166317,有限公司,,0990722,生產中,25金屬製品製造業  ,254金屬加工處理  
11508.csv,小卿宅經濟有限公司,63022418,,臺北市內湖區蘆洲里安康路九十三巷四弄一號、三號,臺北市內湖區蘆洲里,洪瑞卿,25039468,有限公司,,1060508,生產中,08食品製造業  ,089其他食品  
11508.csv,尚昕沙發企業社工廠,07003600,,彰化縣員林市林厝里山脚路一段坡姜巷41弄175號1樓,彰化縣員林市林厝里,黃冠傑,82424245,獨資,,1090318,生產中,14木竹製品製造業、32家具製造業  ,140木竹製品、320家具  
11508.csv,尚鎂企業社,99663705,08010012131094,高雄市岡山區台上里成功路４６６巷７號,高雄市岡山區台上里,王鈺婷,76998243,獨資,0800925,0820108,生產中,29機械設備製造業  ,292其他專用機械設備  
11508.csv,尚陽機械工程有限公司,64008570,,高雄市大寮區會結里會結二路296巷12號,高雄市大寮區會結里,謝順昌,22418971,有限公司,,1081031,生產中,29機械設備製造業  ,293通用機械設備  
11508.csv,崧駿精密工業有限公司,08000186,,南投縣草屯鎮石川里石川路52之17號,南投縣草屯鎮石川里,李銘煌,24355662,有限公司,,1050414,生產中,25金屬製品製造業、29機械設備製造業  ,254金屬加工處理、259其他金屬製品、291金屬加工用機械設備  
11508.csv,州海企業有限公司,67002271,,臺南市南區彰南里新義路17號,臺南市南區彰南里,謝昆仲,69842415,有限公司,,1080115,生產中,08食品製造業  ,089其他食品  
11508.csv,康譜企業有限公司,65013718,,新北市新莊區化成里頭成街36號2樓、3樓、4樓,新北市新莊區化成里,楊涵馨,24305431,有限公司,,1150730,生產中,33其他製造業、12成衣及服飾品製造業  ,332醫療器材及用品、123服飾品  
11508.csv,康譜企業有限公司三重廠,65010674,,新北市三重區谷王里興德路123之9號11樓、123之10號11樓、123之11號11樓,新北市三重區谷王里,楊涵馨,24305431,有限公司,,1110929,生產中,12成衣及服飾品製造業、33其他製造業  ,123服飾品、332醫療器材及用品  
11508.csv,廣奕豪鋼鐵有限公司,68002246,,桃園市八德區茄苳里9鄰茄苳路895號（1樓）,桃園市八德區茄苳里,簡旺春,16393516,有限公司,,1070926,生產中,25金屬製品製造業  ,254金屬加工處理  
11508.csv,廣宏金屬股份有限公司草屯廠,08000421,,南投縣草屯鎮碧峰里碧興路一段900巷28號、30號,南投縣草屯鎮碧峰里,曾秀桃,42888057,股份有限公司,,1110503,生產中,24基本金屬製造業  ,243銅  
11508.csv,廣瑞鋼鐵有限公司,S6400046,,高雄市大寮區翁園里溪寮路78-72號,高雄市大寮區翁園里,林咨妏,54217884,有限公司,,1090606,生產中,25金屬製品製造業  ,254金屬加工處理  
11508.csv,弘興工業社,99674476,06810000124195,臺南市安南區安慶里長溪路1段168巷310弄9號,臺南市安南區安慶里,吳玉桃,69310000,獨資,0680523,0700225,生產中,29機械設備製造業、25金屬製品製造業  ,293通用機械設備、251金屬刀具、手工具及模具  
11508.csv,張權企業股份有限公司,99611176,06710000224303,新北市新莊區瓊林里瓊林南路六二巷三號,新北市新莊區瓊林里,張木春,35972992,股份有限公司,0580101,0681017,生產中,29機械設備製造業、25金屬製品製造業  ,259其他金屬製品、293通用機械設備、251金屬刀具、手工具及模具  
11508.csv,福特六和汽車股份有限公司,99622998,05810000004599,桃園市中壢區忠義里中華路一段705號,桃園市中壢區忠義里,陳文芳,44520211,股份有限公司,0580101,0590501,生產中,30汽車及其零件製造業、31其他運輸工具及其零件製造業、24基本金屬製造業、25金屬製品製造業  ,241鋼鐵、251金屬刀具、手工具及模具、319未分類其他運輸工具及其零件、301汽車  
11508.csv,禾健金屬有限公司長發廠,68005030,,桃園市大園區南港里長發路246號,桃園市大園區南港里,林月雲,54695506,有限公司,,1110816,生產中,22塑膠製品製造業、24基本金屬製造業、25金屬製品製造業  ,220塑膠製品、243銅、249其他基本金屬、254金屬加工處理  
11508.csv,禾榕木箱有限公司,S6401257,,高雄市大寮區後庄里民成街87號,高雄市大寮區後庄里,陳蔡翠紅,53243771,有限公司,,1140624,生產中,14木竹製品製造業、14木竹製品製造業  ,140木竹製品  
11508.csv,禾鋒工業股份有限公司彰濱廠,07004803,,彰化縣鹿港鎮海埔里工業西七路1-40號,彰化縣鹿港鎮海埔里,賴彥廷,23828805,股份有限公司,,1110609,生產中,24基本金屬製造業  ,242鋁  
11508.csv,禾鑫鋼鐵企業有限公司,S2000053,,嘉義市西區頭港里育人路４４２號附１ 一、二樓,嘉義市西區頭港里,童明耀,54769921,有限公司,,1130130,生產中,25金屬製品製造業  ,254金屬加工處理  
11508.csv,科和技股份有限公司,66012096,,臺中市神岡區北庄里中山路989巷3-7、3-8號,臺中市神岡區北庄里,金正浩,24208016,有限公司,,1141110,生產中,25金屬製品製造業、26電子零組件製造業、29機械設備製造業  ,259其他金屬製品、264光電材料及元件、292其他專用機械設備  
11508.csv,科和技股份有限公司神岡工廠,66002478,,臺中市神岡區神岡里神圳路32號,臺中市神岡區神岡里,金正浩,24208016,股份有限公司,,1030129,生產中,25金屬製品製造業、26電子零組件製造業、29機械設備製造業  ,259其他金屬製品、264光電材料及元件、292其他專用機械設備  
11508.csv,科奕工業有限公司,99614994,08610001096496,新北市樹林區圳生里三俊街199巷20弄24號,新北市樹林區圳生里,張正超,22416164,有限公司,0860327,0860409,生產中,26電子零組件製造業、30汽車及其零件製造業、31其他運輸工具及其零件製造業、29機械設備製造業、25金屬製品製造業  ,264光電材料及元件、269其他電子零組件、303汽車零件、312機車及其零件、293通用機械設備、251金屬刀具、手工具及模具  
11508.csv,穎創有限公司,04000260,,新竹縣竹北市泰和里中和街201巷27號,新竹縣竹北市泰和里,連世明,24363810,有限公司,,1020812,生產中,29機械設備製造業  ,292其他專用機械設備、293通用機械設備  
11508.csv,穎宏工業有限公司,99663336,06410012032641,高雄市大寮區義和里九和路４５號,高雄市大寮區義和里,王孝立,85613830,有限公司,0791231,0791231,生產中,29機械設備製造業、25金屬製品製造業、24基本金屬製造業  ,242鋁、254金屬加工處理、259其他金屬製品、293通用機械設備  
11508.csv,穗環五金企業有限公司,99657063,08510011302689,臺南市仁德區太子里太子四街41巷16號,臺南市仁德區太子里,潘憲忠　　　,22416122,有限公司,0850318,0870818,生產中,30汽車及其零件製造業、31其他運輸工具及其零件製造業、25金屬製品製造業、26電子零組件製造業、33其他製造業  ,303汽車零件、312機車及其零件、313自行車及其零件、251金屬刀具、手工具及模具、264光電材料及元件、269其他電子零組件、331育樂用品  
11508.csv,穗環五金企業有限公司一廠,67001322,,臺南市仁德區太子里太子四街55號,臺南市仁德區太子里,潘憲忠,22416122,有限公司,,1041021,生產中,25金屬製品製造業、29機械設備製造業、30汽車及其零件製造業、31其他運輸工具及其零件製造業  ,251金屬刀具、手工具及模具、259其他金屬製品、293通用機械設備、303汽車零件、312機車及其零件  
11508.csv,立侑機械有限公司,99636209,07610006152204,臺中市豐原區南村里文化街五六號,臺中市豐原區南村里,賴福立,23234424,有限公司,0760915,0761005,生產中,24基本金屬製造業、25金屬製品製造業、28電力設備及配備製造業、29機械設備製造業  ,241鋼鐵、242鋁、243銅、252金屬結構及建築組件、259其他金屬製品、289其他電力設備及配備、293通用機械設備  
11508.csv,立喬國際有限公司,13000975,,屏東縣屏東市新生里復興南路1段320號,屏東縣屏東市新生里,方榮宏,90064243,有限公司,,1140605,生產中,15紙漿、紙及紙製品製造業、22塑膠製品製造業  ,152瓦楞紙板及紙容器、220塑膠製品  
11508.csv,立昇金屬股份有限公司,99665835,,屏東縣鹽埔鄉新二村大仁西街29-2號,屏東縣鹽埔鄉新二村,林立清,53906026,股份有限公司,,0910821,生產中,24基本金屬製造業  ,242鋁  
11508.csv,立綸企業社工廠,07004052,,彰化縣秀水鄉義興村義雅巷70弄2號1樓,彰化縣秀水鄉義興村,林妍榆,39922427,獨資,,1100118,生產中,25金屬製品製造業、30汽車及其零件製造業  ,254金屬加工處理、259其他金屬製品、303汽車零件  
11508.csv,立繒實業股份有限公司,99642425,07310006158765,臺中市清水區下湳里三田路1之2號,臺中市清水區下湳里,楊隆琦,56700477,股份有限公司,0731003,0731110,生產中,25金屬製品製造業、29機械設備製造業  ,293通用機械設備、252金屬結構及建築組件  
11508.csv,立進興業有限公司楊梅廠,99624159,,桃園市楊梅區三湖里楊湖路一段六八二號,桃園市楊梅區三湖里,徐福川,36360577,有限公司,,0910409,生產中,25金屬製品製造業、29機械設備製造業  ,259其他金屬製品、293通用機械設備  
11508.csv,竣元鋼鐵有限公司,68000646,,桃園市中壢區內定里內定二十街31巷17號1樓,桃園市中壢區內定里,謝禎東,27892454,有限公司,,1050513,生產中,29機械設備製造業  ,291金屬加工用機械設備、292其他專用機械設備、293通用機械設備  
11508.csv,笠源科技股份有限公司,09000048,,雲林縣斗六市榴南里斗工十二路十一號,雲林縣斗六市榴南里,王桂華,12367707,股份有限公司,,1000303,生產中,24基本金屬製造業  ,241鋼鐵  
11508.csv,精晟興業股份有限公司二廠,99695094,,新北市樹林區東山里中華路三七九巷二號二樓,新北市樹林區東山里,林源章,23241229,股份有限公司,,0950123,生產中,29機械設備製造業、25金屬製品製造業  ,293通用機械設備、251金屬刀具、手工具及模具  
11508.csv,精晟興業股份有限公司一廠,99689966,,新北市樹林區東山里中華路三七九巷二號三樓,新北市樹林區東山里,林源章,23241229,股份有限公司,,0920408,生產中,29機械設備製造業、25金屬製品製造業  ,293通用機械設備、251金屬刀具、手工具及模具  
11508.csv,精鋁金屬工業股份有限公司,67004387,,臺南市安南區鹿耳里鹿耳一路128號,臺南市安南區鹿耳里,白恩惠,27804213,股份有限公司,,1150730,生產中,24基本金屬製造業  ,242鋁  
11508.csv,紀發機械工業有限公司,99624193,08110003155394,桃園市蘆竹區錦興里錦華路六二號,桃園市蘆竹區錦興里,紀萬定　　　,86961744,有限公司,0811022,0811109,生產中,29機械設備製造業  ,293通用機械設備、292其他專用機械設備  
11508.csv,紀順機電工業股份有限公司烏日二廠,S6602223,,臺中市烏日區北里里太明路成豐巷45號,臺中市烏日區北里里,紀榮椿,22415545,股份有限公司,,1131022,生產中,29機械設備製造業  ,292其他專用機械設備  
11508.csv,紹捷工業有限公司壹廠,99644566,06210006012427,臺中市大雅區上楓里民生路四段一三六巷六九號,臺中市大雅區上楓里,李克慧,12701007,有限公司,0620208,0620316,生產中,31其他運輸工具及其零件製造業  ,312機車及其零件、313自行車及其零件  
11508.csv,紹甫企業有限公司,65001037,,新北市新莊區西盛里民安路387巷22號1樓,新北市新莊區西盛里,吳文芳,12624213,有限公司,,1010105,生產中,25金屬製品製造業、29機械設備製造業  ,259其他金屬製品、292其他專用機械設備  
11508.csv,安億鋼鐵有限公司,18000429,,新竹市香山區鹽水里中華路六段63號,新竹市香山區鹽水里,郭金木,22505320,有限公司,,1110121,生產中,25金屬製品製造業  ,254金屬加工處理  
11508.csv,安泰興鋼鐵材料有限公司,S6500501,,新北市深坑區萬福路18號,新北市深坑區,張秀玉,84656987,有限公司,,1091118,生產中,25金屬製品製造業  ,254金屬加工處理  
11508.csv,宏倢實業有限公司,65004629,,新北市淡水區賢孝里後州子12號,新北市淡水區賢孝里,簡文通,42701243,有限公司,,1050108,生產中,11紡織業  ,112織布、115紡織品  
11508.csv,宏茂鋼鐵實業股份有限公司,02000171,,宜蘭縣冬山鄉大興村德興十一路3號,宜蘭縣冬山鄉大興村,邱素雲,54796624,股份有限公司,,1040410,生產中,25金屬製品製造業  ,254金屬加工處理  
11508.csv,宏鼎鋼鐵興業股份有限公司,13000711,,屏東縣屏東市大洲里大成路211號,屏東縣屏東市大洲里,吳松琳,59285713,股份有限公司,,1110117,生產中,25金屬製品製造業  ,252金屬結構及建築組件、259其他金屬製品  
11508.csv,官田鋼鐵股份有限公司,99660367,08510000404416,臺南市官田區南廍里南119之5號I棟、J棟,臺南市官田區南廍里,郭文智,72065240,股份有限公司,0850517,0861008,生產中,24基本金屬製造業、25金屬製品製造業  ,241鋼鐵、259其他金屬製品  
11508.csv,官田鋼鐵股份有限公司軋鋼廠,67004310,,臺南市官田區南廍里119之5號A、B、C、D、E、F、G、H棟,臺南市官田區南廍里,郭文智,72065240,股份有限公司,,1150402,生產中,24基本金屬製造業  ,241鋼鐵  
11508.csv,官田鋼鐵股份有限公司金屬加工廠,67002840,,臺南市官田區南廍里南廍119之5號K棟、L棟,臺南市官田區南廍里,郭文智,72065240,股份有限公司,,1091028,生產中,25金屬製品製造業  ,254金屬加工處理、259其他金屬製品  
11508.csv,官田鋼鐵股份有限公司麻豆廠,99660315,07910000338621,臺南市麻豆區麻口里柚安路二段586號,臺南市麻豆區麻口里,李崇聞,72065240,股份有限公司,0791127,0800904,生產中,24基本金屬製造業、25金屬製品製造業  ,241鋼鐵、249其他基本金屬、254金屬加工處理  
11508.csv,宥昇興業有限公司,64007389,,高雄市大社區保社里民族路15號,高雄市大社區保社里,蕭世宗,24252526,有限公司,,1041008,生產中,25金屬製品製造業、30汽車及其零件製造業、31其他運輸工具及其零件製造業  ,259其他金屬製品、303汽車零件、312機車及其零件、319未分類其他運輸工具及其零件  
11508.csv,家豪油封工業有限公司,99648843,08610007242045,彰化縣鹿港鎮頂厝里鹿和路１段３７７巷１１號,彰化縣鹿港鎮頂厝里,林秀蘭,16995926,有限公司,0861231,0881110,生產中,21橡膠製品製造業  ,210橡膠製品  
11508.csv,富力達鋼鐵五金企業社,99668376,08810018130461,新竹市香山區埔前里牛埔南路二○七巷七號,新竹市香山區埔前里,洪世璋,19381633,獨資,0880727,0890405,生產中,25金屬製品製造業、24基本金屬製造業  ,241鋼鐵、259其他金屬製品  
11508.csv,富必來實業股份有限公司,99624280,09010003352041,桃園市楊梅區梅溪里新農街2段209巷93弄6號,桃園市楊梅區梅溪里,梁永東,12723656,股份有限公司,0900315,0900327,生產中,28電力設備及配備製造業  ,285家用電器  
11508.csv,富恩工業股份有限公司,99700058,,新竹縣新豐鄉員山村１鄰員山１４號,新竹縣新豐鄉員山村,徐烈琳,24224058,股份有限公司,,0920908,生產中,25金屬製品製造業、29機械設備製造業、30汽車及其零件製造業、31其他運輸工具及其零件製造業  ,259其他金屬製品、293通用機械設備、251金屬刀具、手工具及模具、301汽車、302車體、303汽車零件、312機車及其零件  
11508.csv,富恩工業股份有限公司,S0400101,,新竹縣新豐鄉中崙村中崙261-26號,新竹縣新豐鄉中崙村,徐烈琳,24224058,股份有限公司,,1121027,生產中,25金屬製品製造業  ,253金屬容器  
11508.csv,富琮工業股份有限公司二廠,99712855,,臺中市神岡區豐洲里豐洲路332巷14號,臺中市神岡區豐洲里,林燦生,84821728,股份有限公司,,0970717,生產中,24基本金屬製造業、25金屬製品製造業  ,241鋼鐵、254金屬加工處理  
11508.csv,富豐鑄造廠,S6601698,,臺中市烏日區螺潭里2鄰慶光路80-7號,臺中市烏日區螺潭里,劉明照,69485922,合夥,,1100521,生產中,24基本金屬製造業  ,241鋼鐵  
11508.csv,寶城鑄鋼廠股份有限公司,99637928,07810006132322,臺中市霧峰區坑口里中正路557巷14號,臺中市霧峰區坑口里,許智勝,23236921,股份有限公司,0780817,0780901,生產中,24基本金屬製造業  ,241鋼鐵  
11508.csv,寶華塑膠企業有限公司,99672638,06110000002438,嘉義市西區北新里文化路９４３號,嘉義市西區北新里,黎玉貞　　,27611834,有限公司,0610108,0620410,生產中,22塑膠製品製造業  ,220塑膠製品  
11508.csv,尚暉鋼鐵材料有限公司,99604951,09010001003762,新北市樹林區彭厝里八德街四三六巷六弄五號,新北市樹林區彭厝里,范雲霖,12712433,有限公司,0900118,0900207,生產中,25金屬製品製造業  ,254金屬加工處理  
11508.csv,尚駿工業股份有限公司,65007912,,新北市新莊區營盤里中正路576巷56號(1樓),新北市新莊區營盤里,游春美,22414383,股份有限公司,,1080730,生產中,22塑膠製品製造業、28電力設備及配備製造業、30汽車及其零件製造業  ,220塑膠製品、284照明設備及配備、303汽車零件  
11508.csv,川信寶石股份有限公司新莊廠,99619575,07410001245242,新北市新莊區海山里新莊路七一三巷三四號一樓,新北市新莊區海山里,許松榮,43918190,股份有限公司,0740824,0740905,生產中,33其他製造業  ,339未分類其他製品  
11508.csv,州霖股份有限公司,99624220,07810000295293,桃園市蘆竹區山腳里15鄰橋頭街196號,桃園市蘆竹區山腳里,周淑珍,23271588,股份有限公司,0781107,0800313,生產中,11紡織業  ,114染整  
11508.csv,廣宥鋁業股份有限公司,67002059,,臺南市山上區明和里北勢洲58之1號,臺南市山上區明和里,陳佳賸,64919884,股份有限公司,,1070523,生產中,31其他運輸工具及其零件製造業、24基本金屬製造業  ,313自行車及其零件、242鋁  
11508.csv,廣富綠能股份有限公司,99652423,,南投縣名間鄉中正村董門巷十二之二號,南投縣名間鄉中正村,周維甄,84094564,股份有限公司,,0910315,生產中,22塑膠製品製造業  ,220塑膠製品  
11508.csv,強利有限公司二廠,S0702243,,彰化縣和美鎮頭前里和頭路612巷臨46號,彰化縣和美鎮頭前里,張愛芬,84234333,有限公司,,1130103,生產中,11紡織業  ,115紡織品  
11508.csv,福環鋼鐵股份有限公司,03001876,,桃園市觀音區崙坪里13鄰忠愛路二段198-131號,桃園市觀音區崙坪里,周春寶,86206804,股份有限公司,,1020828,生產中,25金屬製品製造業  ,254金屬加工處理  
11508.csv,福鎰油封工業股份有限公司,S0703394,,彰化縣鹿港鎮海埔里鹿草路二段242巷1弄56號,彰化縣鹿港鎮海埔里,李龍風,22247267,股份有限公司,,1140925,生產中,21橡膠製品製造業  ,210橡膠製品  
11508.csv,禾欣技研有限公司,66000128,,臺中市神岡區社南里中山路851巷37弄32號,臺中市神岡區社南里,侯隆財,24263875,有限公司,,1000325,生產中,25金屬製品製造業  ,259其他金屬製品  
11508.csv,禾氧生技股份有限公司,65008658,,新北市土城區大安里慶祥街47號(1樓),新北市土城區大安里,巫堂明,97241429,股份有限公司,,1090611,生產中,29機械設備製造業  ,293通用機械設備  
11508.csv,禾泓企業社,S0702161,,彰化縣線西鄉線西村中央路二段896巷190號,彰化縣線西鄉線西村,曾文麗,82414339,獨資,,1121023,生產中,11紡織業  ,115紡織品  
11508.csv,禾泰工業社,99614402,08810001024174,新北市三重區福隆里三和路四段八九巷三四號及三四號二樓,新北市三重區福隆里,陳睿語,74949541,獨資,0880203,0880226,生產中,29機械設備製造業、25金屬製品製造業  ,293通用機械設備、251金屬刀具、手工具及模具  
11508.csv,禾洆綠能科技股份有限公司,09001235,,雲林縣斗六市長安里科班三路2號,雲林縣斗六市長安里,李昆陽,90241732,股份有限公司,,1110819,生產中,33其他製造業  ,339未分類其他製品  
11508.csv,禾洋鋼鐵有限公司,68005833,,桃園市楊梅區高榮里梅高路二段560號,桃園市楊梅區高榮里,宋品蓁,94148651,有限公司,,1121227,生產中,25金屬製品製造業  ,252金屬結構及建築組件  
11508.csv,禾順塑膠工業股份有限公司,99618603,06910000243768,新北市汐止區拱北里汐萬路二段二三巷十三號,新北市汐止區拱北里,周百卿,33866200,股份有限公司,0580101,0700127,生產中,22塑膠製品製造業  ,220塑膠製品  
11508.csv,秧歌國際有限公司,65011265,,新北市板橋區鄉雲里四川路2段16巷3號9樓,新北市板橋區鄉雲里,劉肖美,89241798,有限公司,,1120720,生產中,15紙漿、紙及紙製品製造業  ,152瓦楞紙板及紙容器  
11508.csv,立城鋼鐵股份有限公司,99640871,07710006205615,臺中市太平區宜欣里宜昌東路五五號,臺中市太平區宜欣里,蕭景躍,70712100,股份有限公司,0771122,0790412,生產中,25金屬製品製造業、29機械設備製造業  ,252金屬結構及建築組件、259其他金屬製品、293通用機械設備  
11508.csv,立城鋼鐵股份有限公司二廠,S6602699,,臺中市潭子區聚興里環中東路一段608號,臺中市潭子區聚興里,蕭景躍,70712100,股份有限公司,,1140915,生產中,25金屬製品製造業  ,252金屬結構及建築組件  
11508.csv,立昌螺絲股份有限公司,99659297,,臺南市永康區尚頂里中正南路242巷8號,臺南市永康區尚頂里,陳立昌　,73045784,股份有限公司,,0590602,生產中,25金屬製品製造業  ,259其他金屬製品  
11508.csv,立群金屬股份有限公司樹林廠,99613562,08610001277422,新北市樹林區山佳里新興街三七巷二二號,新北市樹林區山佳里,許慶良,84805092,股份有限公司,0860729,0860701,生產中,24基本金屬製造業  ,243銅  
11508.csv,立群食品有限公司,13000536,,屏東縣屏東市清溪里建國路241巷21號,屏東縣屏東市清溪里,劉秀美,54785675,有限公司,,1080130,生產中,08食品製造業  ,081肉類加工、089其他食品  
11508.csv,立達鋼鐵股份有限公司三重廠,99613113,06810000122835,新北市三重區中興里光復路二段三號,新北市三重區中興里,林文富,22185570,股份有限公司,0580101,0851120,生產中,24基本金屬製造業  ,241鋼鐵  
11508.csv,立達鋼鐵股份有限公司湖口一廠,04000778,,新竹縣湖口鄉中興村光復路65號,新竹縣湖口鄉中興村,林文富,22185570,股份有限公司,,1080708,生產中,25金屬製品製造業  ,252金屬結構及建築組件  
11508.csv,立達鋼鐵股份有限公司湖口三廠,99700551,,新竹縣湖口鄉中興村光復路２２•２４號,新竹縣湖口鄉中興村,林文富,22185570,股份有限公司,,0980203,生產中,25金屬製品製造業  ,259其他金屬製品  
11508.csv,立達鋼鐵股份有限公司湖口二廠,99700434,,新竹縣湖口鄉中興村光復路６７號,新竹縣湖口鄉中興村,林文富,22185570,股份有限公司,,0960926,生產中,25金屬製品製造業  ,254金屬加工處理  
11508.csv,竑凱企業社,99702439,,臺中市東區東門里天乙街132號,臺中市東區東門里,黃興賓,38831103,獨資,,0961231,生產中,25金屬製品製造業、29機械設備製造業  ,259其他金屬製品、293通用機械設備  
11508.csv,竑原精密有限公司,65002168,,新北市樹林區東山里味王街1號(1樓),新北市樹林區東山里,周敏國,54053545,有限公司,,1020423,生產中,25金屬製品製造業、24基本金屬製造業、29機械設備製造業  ,251金屬刀具、手工具及模具、242鋁、292其他專用機械設備  
11508.csv,竹鑫實業有限公司竹北廠,99630615,08410004016803,新竹縣竹北市泰和里環北路二段243巷18號,新竹縣竹北市泰和里,范掦勳　,89667267,有限公司,0841106,0851114,生產中,25金屬製品製造業  ,259其他金屬製品  
11508.csv,竹陞企業股份有限公司三廠,99662247,07910012154924,高雄市路竹區三爺里民權路６０號,高雄市路竹區三爺里,王再哲,23851973,股份有限公司,0791231,0791231,生產中,24基本金屬製造業、25金屬製品製造業  ,241鋼鐵、259其他金屬製品  
11508.csv,笠達工程行,07005060,,彰化縣鹿港鎮廖厝里鹿和路三段104巷3號1樓,彰化縣鹿港鎮廖厝里,王麗雲,82417292,獨資,,1120203,生產中,25金屬製品製造業  ,252金屬結構及建築組件  
11508.csv,築地金屬有限公司,13001039,,屏東縣東港鎮船頭里船頭路27-16號,屏東縣東港鎮船頭里,張志國,82881805,有限公司,,1150310,生產中,24基本金屬製造業、24基本金屬製造業、25金屬製品製造業  ,241鋼鐵、242鋁、243銅、249其他基本金屬、254金屬加工處理  
11508.csv,精英實業股份有限公司,07004818,,彰化縣鹿港鎮海埔里工業西七路33號,彰化縣鹿港鎮海埔里,楊鎮彰,80248031,股份有限公司,,1110629,生產中,24基本金屬製造業  ,243銅  
11508.csv,精鋼特殊金屬有限公司,99605710,06810000140405,新北市新莊區西盛里新樹路二九一號,新北市新莊區西盛里,陳董玲娟,86527952,有限公司,0580101,0681205,生產中,24基本金屬製造業、25金屬製品製造業  ,241鋼鐵、254金屬加工處理  
11508.csv,精鍛機械股份有限公司一廠,99669450,08010000092435,臺中市西屯區協和里工業區三十五路66號,臺中市西屯區協和里,陳炯仲,52614330,股份有限公司,0800522,0811105,生產中,29機械設備製造業  ,291金屬加工用機械設備、293通用機械設備  
11508.csv,精音有限公司,99602222,08010000329458,新北市新莊區福興里五權二路二四號八樓之三,新北市新莊區福興里,張一帆,04243710,有限公司,0801120,0801204,生產中,27電腦、電子產品及光學製品製造業、26電子零組件製造業、28電力設備及配備製造業  ,284照明設備及配備、272通訊傳播設備、273視聽電子產品、269其他電子零組件  
11508.csv,紀順機電工業股份有限公司烏日廠,S6601148,,臺中市烏日區北里里太明路成豐巷46-9號,臺中市烏日區北里里,紀榮椿,22415545,股份有限公司,,1090914,生產中,29機械設備製造業  ,292其他專用機械設備  
11508.csv,紅太陽廚房有限公司,65007152,,新北市新莊區中港二街101號,新北市新莊區,李昭輝,97243307,有限公司,,1070830,生產中,08食品製造業  ,089其他食品  
11508.csv,納將不銹鋼行,65012433,,新北市土城區頂埔里大暖路37號(1樓),新北市土城區頂埔里,邱桂枝,66925691,獨資,,1140113,生產中,25金屬製品製造業  ,253金屬容器、259其他金屬製品  
11508.csv,紘裕食品股份有限公司,65000742,,新北市三峽區介壽里介壽路1段276巷5號1樓,新北市三峽區介壽里,卓揚舜,24370489,股份有限公司,,1000914,生產中,08食品製造業  ,089其他食品  
11508.csv,紹陽模型有限公司,99695243,,新北市新莊區福興里五權二路20號之3(2樓),新北市新莊區福興里,李聰敏,16414878,有限公司,,0950310,生產中,25金屬製品製造業、33其他製造業  ,251金屬刀具、手工具及模具、339未分類其他製品  
11508.csv,結進不銹鋼工業股份有限公司,99706293,,臺南市永康區三民里民東路35號B棟,臺南市永康區三民里,鄭瑞昌,69683444,股份有限公司,,0950525,生產中,24基本金屬製造業  ,241鋼鐵  
11508.csv,結進不銹鋼工業股份有限公司分條廠,99711766,,臺南市永康區三民里民東路29號,臺南市永康區三民里,鄭瑞昌,69683444,股份有限公司,,0980710,生產中,24基本金屬製造業  ,241鋼鐵  
11508.csv,統城科技股份有限公司,99686586,08810003329729,桃園市中壢區龍德里龍興路401巷26號,桃園市中壢區龍德里,王詩建,84524369,股份有限公司,0881103,0881118,生產中,27電腦、電子產品及光學製品製造業  ,271電腦及其週邊設備  
11508.csv,統煜實業社,07005322,,彰化縣大村鄉平和村山腳路144巷23號,彰化縣大村鄉平和村,林明憲,72415210,獨資,,1121018,生產中,25金屬製品製造業、29機械設備製造業  ,251金屬刀具、手工具及模具、259其他金屬製品、293通用機械設備  
11508.csv,宏富研磨工業有限公司,99608665,07210000108827,新北市三重區大有里中正北路428巷7弄5號,新北市三重區大有里,楊于萱,36362701,有限公司,0720721,0740704,生產中,24基本金屬製造業、25金屬製品製造業  ,243銅、242鋁、259其他金屬製品  
11508.csv,宏富木箱行(中壢廠),68003141,,桃園市中壢區龍興里龍興路415巷18之1號(1樓),桃園市中壢區龍興里,鄭秋萍,14676243,獨資,,1081231,生產中,14木竹製品製造業  ,140木竹製品  
11508.csv,宏田鋼鐵有限公司,99630906,07910004068168,新竹縣竹北市泰和里沿河街７２號,新竹縣竹北市泰和里,鄧鎮田　　　,23687544,有限公司,0790906,0800621,生產中,24基本金屬製造業  ,241鋼鐵、249其他基本金屬  
11508.csv,宏發鋼鐵股份有限公司,99656274,08010011036214,臺南市永康區尚頂里塩信街78號,臺南市永康區尚頂里,蘇留美,22088599,股份有限公司,0800328,0800830,生產中,25金屬製品製造業  ,254金屬加工處理  
11508.csv,宏發電機工業有限公司,99624330,08310003212020,桃園市中壢區內定里14鄰內定二十街３１巷５號,桃園市中壢區內定里,黃秀琴　　　,89212718,有限公司,0831020,0840418,生產中,28電力設備及配備製造業  ,281發電、輸電及配電機械  
11508.csv,宓愛將有限公司,68005429,,桃園市龜山區山頂里山鶯路326號,桃園市龜山區山頂里,陳妙生,24368174,有限公司,,1120427,生產中,12成衣及服飾品製造業  ,121成衣、123服飾品  
11508.csv,宓愛將有限公司三重廠,65013040,,新北市三重區谷王里神農街258號4樓,新北市三重區谷王里,陳妙生,24368174,有限公司,,1140924,生產中,12成衣及服飾品製造業  ,121成衣、123服飾品  
11508.csv,宜直慶企業股份有限公司,99683940,07710011123173,臺南市永康區東橋里中正路217巷3弄67號,臺南市永康區東橋里,陳鳳麟　,12928341,股份有限公司,0771028,0790323,生產中,24基本金屬製造業、25金屬製品製造業  ,241鋼鐵、254金屬加工處理、249其他基本金屬、259其他金屬製品  
11508.csv,富勝印刷股份有限公司二廠,S6602412,,臺中市神岡區大社里大洲路283巷76、82號,臺中市神岡區大社里,陳聰維,23570903,股份有限公司,,1140507,生產中,16印刷及資料儲存媒體複製業、33其他製造業  ,160印刷及資料儲存媒體複製、331育樂用品  
11508.csv,富勝鋼鐵工程有限公司,07003423,,彰化縣和美鎮竹營里和頭路235巷35弄8號1樓,彰化縣和美鎮竹營里,陳錦源,24861957,有限公司,,1081104,生產中,25金屬製品製造業  ,252金屬結構及建築組件  
11508.csv,富成金屬科技股份有限公司竹山二廠,99652917,,南投縣竹山鎮延平里延平六路2號,南投縣竹山鎮延平里,白力心,79970965,股份有限公司,,0920919,生產中,25金屬製品製造業、30汽車及其零件製造業、31其他運輸工具及其零件製造業、24基本金屬製造業  ,254金屬加工處理、303汽車零件、312機車及其零件、319未分類其他運輸工具及其零件、242鋁  
11508.csv,富田伶興業有限公司,99649130,08510007209920,彰化縣和美鎮嘉寶里厚北路１４１巷６號,彰化縣和美鎮嘉寶里,姜美伶　,24295573,有限公司,0851204,0851211,生產中,22塑膠製品製造業、25金屬製品製造業  ,220塑膠製品、259其他金屬製品  
11508.csv,富資鋼鐵有限公司,99622795,08310003007226,桃園市蘆竹區新興里中興二街１５號,桃園市蘆竹區新興里,林雪瑛　,86222494,有限公司,0830308,0840125,生產中,24基本金屬製造業  ,241鋼鐵  
11508.csv,富贏科技股份有限公司,99647887,08210007060111,彰化縣二林鎮廣興里溝頭巷１１之１號,彰化縣二林鎮廣興里,顏溫恭,24234133,有限公司,0821117,0830303,生產中,29機械設備製造業  ,291金屬加工用機械設備、293通用機械設備  
11508.csv,尚鼎鋼鐵有限公司,S0200048,,宜蘭縣宜蘭市黎明里環市東路二段372巷26號,宜蘭縣宜蘭市黎明里,張詠隴,28780490,有限公司,,1090925,生產中,25金屬製品製造業  ,254金屬加工處理  
11508.csv,尚龍實業有限公司,66011441,,臺中市大肚區大肚里紙廠路37號,臺中市大肚區大肚里,陳緯騰,54243911,有限公司,,1130918,生產中,30汽車及其零件製造業、31其他運輸工具及其零件製造業  ,301汽車、319未分類其他運輸工具及其零件  
11508.csv,工立精密工業股份有限公司,07002241,,彰化縣員林市三義里員鹿路103巷56弄27號1樓,彰化縣員林市三義里,鄭瑞宗,84186825,股份有限公司,,1060727,生產中,30汽車及其零件製造業、31其他運輸工具及其零件製造業、25金屬製品製造業  ,303汽車零件、312機車及其零件、251金屬刀具、手工具及模具  
11508.csv,廣益電子股份有限公司新屋廠,68003416,,桃園市新屋區社子里社子路92巷92弄19號,桃園市新屋區社子里,劉振運,24269189,股份有限公司,,1090528,生產中,25金屬製品製造業  ,254金屬加工處理  
11508.csv,福甲金屬企業股份有限公司分廠,99660798,07310000241928,臺南市仁德區保安里民生路11號,臺南市仁德區保安里,杜泰章,22493648,有限公司,0730906,0740318,生產中,24基本金屬製造業、30汽車及其零件製造業  ,242鋁、249其他基本金屬、303汽車零件  
11508.csv,禾勝帝國際有限公司,65002414,,新北市新莊區瓊林里瓊林南路101巷18號,新北市新莊區瓊林里,林楚凱,54286241,有限公司,,1020809,生產中,25金屬製品製造業  ,251金屬刀具、手工具及模具、252金屬結構及建築組件、259其他金屬製品  
11508.csv,秀享鋼鐵有限公司,S6700926,,臺南市安定區新吉里新吉286之7號,臺南市安定區新吉里,許秀惠,28884283,有限公司,,1130715,生產中,25金屬製品製造業  ,254金屬加工處理  
11508.csv,立建工業股份有限公司,99633591,07810006131809,臺中市梧棲區草湳里臨港路三段168巷51弄36、38號,臺中市梧棲區草湳里,楊綢,56672887,股份有限公司,0780714,0790321,生產中,24基本金屬製造業、29機械設備製造業  ,241鋼鐵、293通用機械設備  
11508.csv,立明精密股份有限公司,99711744,,臺南市新市區港墘里長安街36巷9弄21號1樓,臺南市新市區港墘里,許明和,24370827,股份有限公司,,0980526,生產中,32家具製造業  ,320家具  
11508.csv,立明精密股份有限公司新市廠,67002901,,臺南市新市區大營里豐榮188之29、188之30號,臺南市新市區大營里,許明和,24370827,股份有限公司,,1100106,生產中,33其他製造業  ,332醫療器材及用品  
11508.csv,立明鋼品企業社,07002082,,彰化縣和美鎮鎮平里彰草路二段361號1樓,彰化縣和美鎮鎮平里,吳立傑,47551124,獨資,,1060331,生產中,25金屬製品製造業  ,252金屬結構及建築組件  
11508.csv,立炘工程有限公司,68007552,,桃園市桃園區玉山里玉山街233巷29號(1樓),桃園市桃園區玉山里,潘世鈞,62217243,有限公司,,1150507,生產中,25金屬製品製造業  ,254金屬加工處理  
11508.csv,立聲貿易有限公司岡山廠,99662954,07710012143202,高雄市岡山區台上里成功路４６０巷１８號,高雄市岡山區台上里,陳啟銘,07675042,有限公司,0791231,0791231,生產中,24基本金屬製造業、25金屬製品製造業  ,241鋼鐵、259其他金屬製品  
11508.csv,立聲貿易有限公司林口廠,99624867,08510003011449,桃園市龜山區大崗里二一鄰頂湖二街六八號,桃園市龜山區大崗里,陳啟銘　　　,07675042,有限公司,0850507,0850517,生產中,24基本金屬製造業  ,241鋼鐵  
11508.csv,競祥實業有限公司,S6401394,,高雄市岡山區本洲里岡山北路242-1號,高雄市岡山區本洲里,留森發,83298288,有限公司,,1150223,生產中,29機械設備製造業  ,293通用機械設備  
11508.csv,競零再生科技股份有限公司,64009968,,高雄市小港區小港里台糖路9號,高雄市小港區小港里,林世民,94123650,股份有限公司,,1131018,生產中,18化學材料及肥料製造業、24基本金屬製造業  ,181化學原材料、241鋼鐵、242鋁、243銅、249其他基本金屬  
11508.csv,竺揚工程有限公司,18000482,,新竹市香山區頂福里景觀大道270巷9號、11號,新竹市香山區頂福里,劉世欽,28502433,有限公司,,1130105,生產中,25金屬製品製造業  ,259其他金屬製品  
11508.csv,竺昌鋼鐵股份有限公司,99712199,,高雄市大寮區潮寮里華東路１之４號,高雄市大寮區潮寮里,林群貿,79887404,股份有限公司,,0970603,生產中,24基本金屬製造業、25金屬製品製造業  ,249其他基本金屬、254金屬加工處理  
11508.csv,第一伸銅科技股份有限公司臨海廠,64003531,6364184577,高雄市小港區店鎮里沿海一路479號,高雄市小港區店鎮里,石飛鵬,82001528,股份有限公司,0631231,0710623,生產中,24基本金屬製造業、25金屬製品製造業  ,243銅、254金屬加工處理  
11508.csv,第一系統科技有限公司,65010703,,新北市中和區平河里中正路800號3樓之5,新北市中和區平河里,黃峰賜,24253573,有限公司,,1111012,生產中,27電腦、電子產品及光學製品製造業  ,271電腦及其週邊設備、272通訊傳播設備  
11508.csv,篤興鋼鐵股份有限公司,07003118,,彰化縣二林鎮華崙里二溪路七段627巷86號1樓,彰化縣二林鎮華崙里,江慶輝,89999033,股份有限公司,,1080509,生產中,25金屬製品製造業  ,252金屬結構及建築組件  
11508.csv,精淳精密工業有限公司,07001205,,彰化縣彰化市古夷里金馬路一段72巷55弄15-9號,彰化縣彰化市古夷里,翁素密,24214158,有限公司,,1030522,生產中,25金屬製品製造業、31其他運輸工具及其零件製造業  ,259其他金屬製品、313自行車及其零件  
11508.csv,精鴻興業股份有限公司,67002293,,臺南市永康區尚頂里正南一街107巷18弄2號,臺南市永康區尚頂里,陳文忠,24294440,股份有限公司,,1080219,生產中,30汽車及其零件製造業、31其他運輸工具及其零件製造業  ,303汽車零件、312機車及其零件  
11508.csv,紅帥工業股份有限公司蘆竹廠,99629420,08310003006765,桃園市蘆竹區坑口里三德街五四巷五號,桃園市蘆竹區坑口里,王筱涵　　　,22092566,股份有限公司,0830202,0840216,生產中,24基本金屬製造業  ,243銅  
11508.csv,紅柿子食品有限公司,99624295,08710000903854,桃園市中壢區永光里民權路三段３３４巷４６號３樓,桃園市中壢區永光里,鍾添景　　,16387161,有限公司,0870501,0870529,生產中,08食品製造業  ,089其他食品  
11508.csv,紘瑋科技股份有限公司觀音廠,03000122,,桃園市觀音區樹林里觀音工業區工業七路11號,桃園市觀音區樹林里,張炳堂,12873676,股份有限公司,,0991125,生產中,24基本金屬製造業、25金屬製品製造業、30汽車及其零件製造業  ,242鋁、254金屬加工處理、303汽車零件  
11508.csv,結進不銹鋼工業股份有限公司軋延廠,67000319,,臺南市永康區三民里和平東路139號,臺南市永康區三民里,鄭瑞昌,69683444,股份有限公司,,1010220,生產中,24基本金屬製造業  ,241鋼鐵  
11508.csv,統丞鋼鐵有限公司,S6700508,,臺南市安定區中沙里沙崙24之12號,臺南市安定區中沙里,郭林連春,70714661,有限公司,,1090909,生產中,25金屬製品製造業  ,254金屬加工處理  
11508.csv,統伊機械股份有限公司,99624107,07510003154217,桃園市中壢區忠義里忠義路七六號,桃園市中壢區忠義里,吳秀結　　　,45153310,股份有限公司,0751119,0850605,生產中,25金屬製品製造業、29機械設備製造業、30汽車及其零件製造業  ,259其他金屬製品、293通用機械設備、292其他專用機械設備、303汽車零件  
11508.csv,統信肉品有限公司,66012169,,臺中市神岡區岸裡里大富路61巷55號,臺中市神岡區岸裡里,林秋廷,24268800,有限公司,,1141223,生產中,08食品製造業  ,081肉類加工  
11508.csv,統偉鋁業股份有限公司,64009049,,高雄市燕巢區鳳雄里鳳東路241號,高雄市燕巢區鳳雄里,吳志雄,23661410,股份有限公司,,1100612,生產中,25金屬製品製造業  ,252金屬結構及建築組件  
11508.csv,統聖有限公司,65002140,,新北市樹林區圳民里俊英街248巷30號1樓,新北市樹林區圳民里,李昌貴,24211151,有限公司,,1020416,生產中,11紡織業、16印刷及資料儲存媒體複製業  ,115紡織品、160印刷及資料儲存媒體複製  
11508.csv,統聯電器工程有限公司大園廠,68005280,,桃園市大園區田心里國際路一段193號,桃園市大園區田心里,林睿峰,24354495,有限公司,,1111229,生產中,25金屬製品製造業  ,254金屬加工處理  
11508.csv,統舜工業股份有限公司,99659502,06710000213409,臺南市仁德區一甲里忠義一街66號,臺南市仁德區一甲里,周大鈞,22282284,股份有限公司,0670823,0680407,生產中,24基本金屬製造業、30汽車及其零件製造業  ,242鋁、249其他基本金屬、303汽車零件  
11508.csv,統鋼企業股份有限公司永康廠,99683369,07610011132418,臺南市永康區甲頂里中正南路262號,臺南市永康區甲頂里,吳三才,73713357,股份有限公司,0761111,0780524,生產中,25金屬製品製造業  ,254金屬加工處理  
11508.csv,安勤有限公司,99608667,07710001022881,新北市三重區大有里中正北路五六０巷三七弄一一號,新北市三重區大有里,翁振財,31191840,有限公司,0770210,0770304,生產中,28電力設備及配備製造業、25金屬製品製造業、24基本金屬製造業  ,243銅、259其他金屬製品、284照明設備及配備  
11508.csv,安匯實業有限公司,99609329,08810001109302,新北市五股區興珍里中興路一段一一八巷六弄二五號,新北市五股區興珍里,王瑞川,16875576,有限公司,0880423,0880512,生產中,24基本金屬製造業、25金屬製品製造業、29機械設備製造業  ,243銅、259其他金屬製品、293通用機械設備  
11508.csv,安盈鋼鐵有限公司,99632062,08310000601041,苗栗縣銅鑼鄉銅鑼村二三鄰民治路二０號,苗栗縣銅鑼鄉銅鑼村,江輝堃,84633438,有限公司,0830830,0830923,生產中,25金屬製品製造業  ,254金屬加工處理  
11508.csv,安盛生科股份有限公司內湖廠,63022429,,臺北市內湖區西湖里基湖路三十五巷二弄九號五樓,臺北市內湖區西湖里,陳彥宇,53927676,股份有限公司,,1061002,生產中,33其他製造業  ,332醫療器材及用品  
11508.csv,宏展光電科技股份有限公司,03002109,,桃園市龍潭區烏林里39鄰工五路251號,桃園市龍潭區烏林里,李榕梃,24266134,股份有限公司,,1030106,生產中,27電腦、電子產品及光學製品製造業、28電力設備及配備製造業  ,272通訊傳播設備、277光學儀器及設備、281發電、輸電及配電機械、283電線及配線器材  
11508.csv,宏展肉品有限公司,08000409,,南投縣草屯鎮碧洲里碧興路1段96號1樓,南投縣草屯鎮碧洲里,陳東源,45124343,有限公司,,1100702,生產中,08食品製造業  ,081肉類加工、089其他食品  
11508.csv,宏晨科技股份有限公司,99667979,08910018130181,新竹市東區埔頂里埔頂路99巷155號,新竹市東區埔頂里,蔡郁棟,84241242,股份有限公司,0890620,0890626,生產中,26電子零組件製造業  ,261半導體  
11508.csv,宏裕工業社,99675943,,嘉義縣民雄鄉北斗村２４鄰光明街５９２號,嘉義縣民雄鄉北斗村,彭堅緯,06324224,合夥,,0950329,生產中,29機械設備製造業、25金屬製品製造業  ,293通用機械設備、251金屬刀具、手工具及模具  
11508.csv,宏裕工業社成功廠,10000352,,嘉義縣民雄鄉北斗村成功二街39號,嘉義縣民雄鄉北斗村,彭堅緯,06324224,合夥,,1071219,生產中,25金屬製品製造業  ,251金屬刀具、手工具及模具  
11508.csv,翊達工業有限公司,65000242,,新北市蘆洲區中路里和平路114巷10號5樓,新北市蘆洲區中路里,王怡臻,13037043,有限公司,,1000331,生產中,21橡膠製品製造業  ,210橡膠製品  
11508.csv,耕進鑄造有限公司,07000778,,彰化縣鹿港鎮東石里工業西二路31號,彰化縣鹿港鎮東石里,黃月英,28407310,有限公司,,1020411,生產中,24基本金屬製造業  ,241鋼鐵  
11508.csv,耕達不銹鋼股份有限公司南崁廠,99625552,07510003021401,桃園市蘆竹區內厝里內溪路37號,桃園市蘆竹區內厝里,黃柏誠,07656903,股份有限公司,0750325,0750410,生產中,24基本金屬製造業  ,241鋼鐵  
11508.csv,聖格雷射精機有限公司,99618105,08910001159415,新北市新莊區營盤里中正路五五六之四號,新北市新莊區營盤里,高嘉隆,70485858,有限公司,0890603,0890628,生產中,24基本金屬製造業、25金屬製品製造業  ,241鋼鐵、254金屬加工處理、242鋁、243銅  
11508.csv,聚川企業股份有限公司,99623241,07710003096987,桃園市桃園區中山里中山路904巷46之1號,桃園市桃園區中山里,江仁傑,44025015,股份有限公司,0770812,0770919,生產中,29機械設備製造業  ,293通用機械設備、292其他專用機械設備  
11508.csv,聯吉工業股份有限公司,99643818,08010006230905,臺中市太平區建國里鵬儀路二九六巷九弄一號,臺中市太平區建國里,鄭炫如,52948701,股份有限公司,0801220,0800924,生產中,24基本金屬製造業  ,241鋼鐵、254金屬加工處理  
11508.csv,聯和橡膠股份有限公司楊梅工廠,99628999,07910003086352,桃園市楊梅區永平里新農街2段209巷108號,桃園市楊梅區永平里,林振勢,12418488,股份有限公司,0790705,0800124,生產中,21橡膠製品製造業、22塑膠製品製造業  ,210橡膠製品、220塑膠製品  
11508.csv,育仁工業有限公司,99602741,08910001368703,新北市樹林區坡內里備內街一巷三五弄一０之一號,新北市樹林區坡內里,蔡振佳,12626486,有限公司,0891023,0891109,生產中,28電力設備及配備製造業、30汽車及其零件製造業、31其他運輸工具及其零件製造業、29機械設備製造業、25金屬製品製造業、24基本金屬製造業  ,251金屬刀具、手工具及模具、241鋼鐵、249其他基本金屬、303汽車零件、312機車及其零件、285家用電器、293通用機械設備  
11508.csv,育協工業社,S6601694,,臺中市潭子區大富里潭富路三段17-1號,臺中市潭子區大富里,劉雅芳,45592346,獨資,,1100408,生產中,24基本金屬製造業  ,241鋼鐵  
11508.csv,臨海鋼鐵工業股份有限公司,64000901,6264008109,高雄市小港區小港里光和路３５號,高雄市小港區小港里,黃清雲,85770367,股份有限公司,0620623,0640303,生產中,24基本金屬製造業  ,241鋼鐵  
11508.csv,興奇科技企業有限公司,66003191,,臺中市太平區宜欣里富平路13巷19號,臺中市太平區宜欣里,王文冠,24262215,有限公司,,1031029,生產中,23非金屬礦物製品製造業  ,231玻璃及其製品  
11508.csv,興奇科技企業有限公司二廠,66011829,,臺中市太平區宜欣里富平路13巷30、32、34號,臺中市太平區宜欣里,王文冠,24262215,有限公司,,1140604,生產中,23非金屬礦物製品製造業  ,231玻璃及其製品  
11508.csv,舜義國際企業有限公司,68004639,,桃園市蘆竹區內厝里安中街20巷10、12號,桃園市蘆竹區內厝里,陳乃漢,52434512,有限公司,,1101227,生產中,27電腦、電子產品及光學製品製造業  ,273視聽電子產品  
11508.csv,航陽環保資源股份有限公司,64007692,,高雄市大寮區大寮里華中路37號,高雄市大寮區大寮里,柯俊彥,89763368,股份有限公司,,1051128,生產中,24基本金屬製造業、25金屬製品製造業  ,241鋼鐵、242鋁、243銅、254金屬加工處理  
11508.csv,航耀物流事業有限公司,66010173,,臺中市梧棲區頂寮里中橫10路147號,臺中市梧棲區頂寮里,蘇龍吟,24393011,有限公司,,1110816,生產中,31其他運輸工具及其零件製造業  ,313自行車及其零件  
11508.csv,般若科技股份有限公司,99670027,07810000284392,臺中市西屯區協和里工業區三十五路37號,臺中市西屯區協和里,蔡秋琦,22063416,股份有限公司,0781003,0820708,生產中,25金屬製品製造業、29機械設備製造業、24基本金屬製造業  ,259其他金屬製品、293通用機械設備、241鋼鐵、242鋁  
11508.csv,良機實業股份有限公司台南廠,67004243,,臺南市南區彰南里新仁路23號,臺南市南區彰南里,張恒欽,37046231,股份有限公司,,1150106,生產中,29機械設備製造業  ,293通用機械設備  
11508.csv,良衡電機股份有限公司,99709972,,高雄市仁武區後安里後庄巷１１８之１號,高雄市仁武區後安里,何擇文,16375735,股份有限公司,,0960724,生產中,22塑膠製品製造業、24基本金屬製造業  ,220塑膠製品、242鋁  
11508.csv,艾妳美實業股份有限公司,99702419,,臺中市西屯區協和里工業區三十七路21號,臺中市西屯區協和里,李麗雲,89702172,股份有限公司,,0961017,生產中,19其他化學製品製造業  ,193清潔用品及化粧品  
11508.csv,芊信股份有限公司工廠,99647271,07510000124240,彰化縣鹿港鎮頭崙里頂草路2段345、345之1、之2、之3號,彰化縣鹿港鎮頭崙里,楊啓,59363421,股份有限公司,0750422,0750422,生產中,25金屬製品製造業、29機械設備製造業  ,259其他金屬製品、293通用機械設備  
11508.csv,芳易有限公司,99680862,,彰化縣秀水鄉莊雅村中山路１３３巷１４弄２４號１樓,彰化縣秀水鄉莊雅村,洪浩瑋,24266649,有限公司,,0971230,生產中,31其他運輸工具及其零件製造業、30汽車及其零件製造業  ,312機車及其零件、313自行車及其零件、303汽車零件  
11508.csv,英鈿工業股份有限公司抽線廠,64009202,,高雄市路竹區竹園里環球路32號,高雄市路竹區竹園里,顏仲仁,16884597,股份有限公司,,1101213,生產中,24基本金屬製造業  ,241鋼鐵  
11508.csv,英鉅精密有限公司仁武廠,64009059,,高雄市仁武區竹後里竹東路64號,高雄市仁武區竹後里,梁育誠,24258063,有限公司,,1100628,生產中,25金屬製品製造業  ,251金屬刀具、手工具及模具  
11508.csv,緯霖能源科技有限公司工廠,99713447,,臺中市沙鹿區鹿寮里福鹿街３１３號,臺中市沙鹿區鹿寮里,林子閔,24294286,有限公司,,0981110,生產中,28電力設備及配備製造業、29機械設備製造業  ,285家用電器、293通用機械設備  
11508.csv,翰鵬科技有限公司永康廠,67002763,,臺南市永康區尚頂里正南一街57巷98號,臺南市永康區尚頂里,宋明翰,54563694,有限公司,,1090810,生產中,24基本金屬製造業、30汽車及其零件製造業  ,242鋁、303汽車零件  
11508.csv,聚成鋼鐵有限公司,S0701647,,彰化縣花壇鄉花壇村番花路119巷169號,彰化縣花壇鄉花壇村,詹育峻,24891973,有限公司,,1110406,生產中,25金屬製品製造業、24基本金屬製造業  ,254金屬加工處理、241鋼鐵  
11508.csv,聯鈺企業股份有限公司,99635069,08010006078351,臺中市外埔區大東里大馬路三一二號,臺中市外埔區大東里,劉  田,22294676,股份有限公司,0800528,0810406,生產中,29機械設備製造業、25金屬製品製造業、24基本金屬製造業  ,259其他金屬製品、293通用機械設備、241鋼鐵  
11508.csv,育嘩股份有限公司台南廠,67002538,,臺南市善化區小新里小新營318之36號,臺南市善化區小新里,鄭憲忠,86242935,股份有限公司,,1081028,生產中,22塑膠製品製造業、22塑膠製品製造業  ,220塑膠製品  
11508.csv,臺臂工業股份有限公司,99652410,07110000069535,南投縣南投市平山里仁和路一九號,南投縣南投市,蔡靜宜,61926411,股份有限公司,0710306,0710306,生產中,25金屬製品製造業  ,252金屬結構及建築組件  
11508.csv,興宇鋁業有限公司,99685182,,高雄市岡山區本洲里本工六路３０號,高雄市岡山區本洲里,黃嘉興,12763740,有限公司,,0920501,生產中,24基本金屬製造業  ,242鋁  
11508.csv,興安五金企業有限公司,07001417,,彰化縣線西鄉寓埔村中華路577巷371號,彰化縣線西鄉寓埔村,許新安,24293408,有限公司,,1040113,生產中,25金屬製品製造業  ,259其他金屬製品  
11508.csv,興安五金企業有限公司彰濱廠,07005942,,彰化縣線西鄉寓埔村彰濱東六路6號,彰化縣線西鄉寓埔村,許新安,24293408,有限公司,,1140407,生產中,24基本金屬製造業、25金屬製品製造業  ,249其他基本金屬、259其他金屬製品  
11508.csv,興宏榮科技股份有限公司,03000153,,桃園市龍潭區烏林里工二路89號（2樓）,桃園市龍潭區烏林里,邱華聰,24263663,股份有限公司,,0991209,生產中,25金屬製品製造業  ,253金屬容器  
11508.csv,舜銘有限公司,99657803,06110000032398,臺南市永康區永明里中山北路344巷19號,臺南市永康區永明里,謝永丁　　　,73624257,有限公司,0610419,0620110,生產中,18化學材料及肥料製造業、22塑膠製品製造業、25金屬製品製造業、30汽車及其零件製造業、31其他運輸工具及其零件製造業  ,184塑膠及合成橡膠原料、220塑膠製品、254金屬加工處理、303汽車零件、312機車及其零件  
11508.csv,良一電線電纜股份有限公司,99662174,08310000153290,高雄市大寮區大寮里大有二路１７號,高雄市大寮區大寮里,黃時雄,85887578,股份有限公司,0830414,0830429,生產中,24基本金屬製造業  ,243銅  
11508.csv,良吉鋼鐵股份有限公司,67000645,,臺南市永康區塩行里塩信街285號B棟,臺南市永康區塩行里,陳昭男,80040291,股份有限公司,,1020619,生產中,25金屬製品製造業  ,254金屬加工處理  
11508.csv,良山塑膠股份有限公司,99642175,07610006000127,臺中市大雅區西寶里昌平路四段282巷461號,臺中市大雅區西寶里,張仕昌,22414412,股份有限公司,0760420,0751104,生產中,22塑膠製品製造業  ,220塑膠製品  
11508.csv,良正工業有限公司,99671801,07610019002434,臺中市東區東橋里大興街121號,臺中市東區東橋里,張炳榮,22306785,有限公司,0760916,0760930,生產中,25金屬製品製造業  ,259其他金屬製品  
11508.csv,良豐不銹鋼管件有限公司,99704819,,高雄市路竹區北嶺里中山南路７４號,高雄市路竹區北嶺里,歐文川,84242410,有限公司,,0941004,生產中,25金屬製品製造業  ,259其他金屬製品  
11508.csv,良豐不銹鋼管件有限公司二廠,S6400856,,高雄市路竹區北嶺里中山南路88-1號,高雄市路竹區北嶺里,歐文川,84242410,有限公司,,1091021,生產中,25金屬製品製造業  ,259其他金屬製品  
11508.csv,良豪工業股份有限公司,99669953,07010000151212,臺中市南屯區寶山里工業區二十四路３３號,臺中市南屯區寶山里,黃豪,52467999,股份有限公司,0700810,0730125,生產中,24基本金屬製造業  ,241鋼鐵  
11508.csv,良豪工業股份有限公司鹿港廠,99679906,,彰化縣鹿港鎮東石里工業西六路８號,彰化縣鹿港鎮東石里,黃豪,52467999,股份有限公司,,0941118,生產中,24基本金屬製造業  ,241鋼鐵  
11508.csv,艾斯特科技有限公司,08000401,,南投縣南投市平山里自強三路5號,南投縣南投市平山里,高婕容,28742412,有限公司,,1100322,生產中,25金屬製品製造業、29機械設備製造業  ,254金屬加工處理、259其他金屬製品、291金屬加工用機械設備、292其他專用機械設備、293通用機械設備  
11508.csv,芳緯企業有限公司,S0702837,,彰化縣竹塘鄉田頭村光明路溪北巷3號,彰化縣竹塘鄉田頭村,詹忠財,24367013,有限公司,,1140203,生產中,22塑膠製品製造業、29機械設備製造業  ,220塑膠製品、291金屬加工用機械設備、293通用機械設備  
11508.csv,英屬維京群島商佳威智造有限公司台灣分公司,65011504,,新北市新莊區思源里思源路94巷8號(1樓)、10號(1樓),新北市新莊區思源里,李建華,93784267,外國公司之分公司,,1121117,生產中,25金屬製品製造業、26電子零組件製造業、24基本金屬製造業、27電腦、電子產品及光學製品製造業、29機械設備製造業  ,259其他金屬製品、269其他電子零組件、251金屬刀具、手工具及模具、242鋁、271電腦及其週邊設備、272通訊傳播設備、293通用機械設備  
11508.csv,英屬維京群島商永冠能源材料股份有限公司台灣分公司,66010557,,臺中市龍井區麗水里環港路168號,臺中市龍井區麗水里,張賢銘,54394190,股份有限公司,,1120417,生產中,24基本金屬製造業  ,241鋼鐵  
11508.csv,英銓鑄造工業股份有限公司三廠,07002380,,彰化縣線西鄉溝內村線平路33號,彰化縣線西鄉溝內村,劉英橱,22057863,股份有限公司,,1061114,生產中,24基本金屬製造業  ,241鋼鐵  
11508.csv,英鼎工業股份有限公司,99635276,08110006071938,臺中市大甲區日南里幼九路11-1號,臺中市大甲區日南里,鄭翔升,22064604,股份有限公司,0780525,0780624,生產中,24基本金屬製造業、29機械設備製造業  ,241鋼鐵、293通用機械設備  
11508.csv,美之因生技股份有限公司,17000026,,基隆市中正區平寮里平一路61巷13號,基隆市中正區平寮里,白鄭金櫻,24260151,股份有限公司,,1010719,生產中,08食品製造業  ,089其他食品  
11508.csv,羣軼企業有限公司,65009899,,新北市樹林區和平里鎮前街267號(1樓) ,新北市樹林區和平里,謝宜達,54056971,有限公司,,1101025,生產中,24基本金屬製造業、25金屬製品製造業  ,241鋼鐵、242鋁、249其他基本金屬、251金屬刀具、手工具及模具、254金屬加工處理、259其他金屬製品  
11508.csv,群豐電線電纜股份有限公司苗栗廠,99632004,08210005113618,苗栗縣西湖鄉五湖村13鄰五湖194之2號,苗栗縣西湖鄉五湖村,邵華振,23390634,股份有限公司,0821007,0830223,生產中,28電力設備及配備製造業、24基本金屬製造業  ,281發電、輸電及配電機械、283電線及配線器材、289其他電力設備及配備、243銅  
11508.csv,群超鋁業股份有限公司,99656915,07910000171059,臺南市永康區王行里經華路9號,臺南市永康區王行里,李天化　　　,22303719,股份有限公司,0790215,0790925,生產中,24基本金屬製造業  ,242鋁  
11508.csv,群超鋁業股份有限公司永科廠,67002049,,臺南市永康區王行里永科南路108號,臺南市永康區王行里,李天化,22303719,股份有限公司,,1070518,生產中,24基本金屬製造業  ,242鋁  
11508.csv,群鋼實業股份有限公司,99655394,08110010004590,嘉義縣東石鄉西崙村栗子崙８６號,嘉義縣東石鄉西崙村,鄭明山,86525217,股份有限公司,0810630,0810716,生產中,24基本金屬製造業、25金屬製品製造業  ,241鋼鐵、254金屬加工處理  
11508.csv,翔程機械工業股份有限公司,99712419,,高雄市仁武區竹後里鳳仁路３６９巷２８弄２７號,高雄市仁武區竹後里,柯政顯,23669335,股份有限公司,,0980402,生產中,30汽車及其零件製造業、31其他運輸工具及其零件製造業  ,303汽車零件、312機車及其零件、313自行車及其零件  
11508.csv,聖濠精密有限公司,99624357,08910003326585,桃園市平鎮區雙連里民族路雙連二段一一八巷五三弄一六號,桃園市平鎮區雙連里,羅云君,97349316,有限公司,0891031,0891117,生產中,29機械設備製造業  ,293通用機械設備  
11508.csv,聖珈科技有限公司芳苑廠,07003891,,彰化縣芳苑鄉建平村二溪路草二段882號1樓,彰化縣芳苑鄉建平村,蔡和堯,24390318,有限公司,,1091015,生產中,12成衣及服飾品製造業  ,121成衣  
11508.csv,聚暉股份有限公司太平二廠,99634934,07510006033839,臺中市太平區建興里鵬儀路３４２巷９弄９號、３５０巷１號、３５２號、３５４號,臺中市太平區建興里,孫慈欣,52608359,股份有限公司,0750310,0760512,生產中,22塑膠製品製造業、28電力設備及配備製造業、24基本金屬製造業、29機械設備製造業、25金屬製品製造業  ,220塑膠製品、243銅、293通用機械設備、284照明設備及配備、251金屬刀具、手工具及模具、254金屬加工處理、259其他金屬製品  
11508.csv,聯發銅業股份有限公司義新廠,99631730,07610099332486,苗栗縣頭份市東庄里六鄰自強路二段一六０號,苗栗縣頭份市東庄里,陳愷妍,24477671,股份有限公司,0761017,0781027,生產中,24基本金屬製造業  ,243銅  
11508.csv,聯鋼鋼鐵工業股份有限公司,99656942,,臺南市安定區安加里安定258之57號,臺南市安定區安加里,蔡逸民,84173997,股份有限公司,,0901102,生產中,29機械設備製造業  ,293通用機械設備  
11508.csv,聯鋼鋼鐵工業股份有限公司三廠,S6700780,,臺南市安定區港尾里港子尾16之21號,臺南市安定區港尾里,蔡逸民,84173997,股份有限公司,,1110808,生產中,29機械設備製造業  ,293通用機械設備  
11508.csv,聯鋼鋼鐵工業股份有限公司二廠,S6700778,,臺南市安定區港尾里港子尾1之30號,臺南市安定區港尾里,蔡逸民,84173997,股份有限公司,,1110805,生產中,29機械設備製造業  ,293通用機械設備  
11508.csv,育成纖維股份有限公司,99622034,08210003074138,桃園市八德區大發里後庄街26巷1號,桃園市八德區大發里,洪啓文,22411822,股份有限公司,0820428,0820727,生產中,11紡織業  ,112織布  
11508.csv,育揚國際有限公司石岡廠,66007212,,臺中市石岡區梅子里豐勢路梅子巷30號1樓,臺中市石岡區梅子里,高明聰,16724369,有限公司,,1080201,生產中,28電力設備及配備製造業  ,285家用電器  
11508.csv,自翔工業有限公司,99662118,07410012093171,高雄市大寮區潮寮里田單二街15號,高雄市大寮區潮寮里,陳瑞章,81255495,有限公司,0791231,0791231,生產中,21橡膠製品製造業、22塑膠製品製造業、24基本金屬製造業、25金屬製品製造業  ,210橡膠製品、220塑膠製品、241鋼鐵、242鋁、243銅、249其他基本金屬、254金屬加工處理  
11508.csv,臺豐鋼纜股份有限公司,99632596,06610005176712,苗栗縣通霄鎮通灣里四鄰三０之一一號,苗栗縣通霄鎮通灣里,葉佳鳳,49693508,股份有限公司,0661017,0661206,生產中,24基本金屬製造業、25金屬製品製造業  ,241鋼鐵、254金屬加工處理  
11508.csv,臺豪鋼鐵股份有限公司,99665651,06210099123288,屏東縣萬丹鄉社上村萬丹路3段295、299、293、289號,屏東縣萬丹鄉社上村,張明賢,91766094,股份有限公司,0580101,0630318,生產中,24基本金屬製造業、25金屬製品製造業、29機械設備製造業  ,241鋼鐵、249其他基本金屬、251金屬刀具、手工具及模具、291金屬加工用機械設備、292其他專用機械設備、293通用機械設備  
11508.csv,興宜雷射精機股份有限公司,99662426,08410000655632,高雄市仁武區仁武里工業二路１３號,高雄市仁武區仁武里,蘇慶祥,89722352,股份有限公司,0841206,0841214,生產中,25金屬製品製造業  ,259其他金屬製品  
11508.csv,良佳鋼鐵有限公司,99665401,08810012800365,高雄市大寮區中庄里立德路１７３號,高雄市大寮區中庄里,陳建全,27632802,有限公司,0881104,0900102,生產中,24基本金屬製造業  ,241鋼鐵  
11508.csv,良府鑄造有限公司,S6500512,,新北市新莊區西盛里環漢路3段526號,新北市新莊區西盛里,黃柏舜,36320288,有限公司,,1100308,生產中,24基本金屬製造業、25金屬製品製造業  ,241鋼鐵、242鋁、243銅、252金屬結構及建築組件  
11508.csv,良營設計開發股份有限公司(頂田寮二廠),65005613,,新北市淡水區興仁里頂田寮路139號2樓,新北市淡水區興仁里,王一莉,22572241,股份有限公司,,1060119,生產中,22塑膠製品製造業  ,220塑膠製品  
11508.csv,良營設計開發股份有限公司(頂田寮廠),65005384,,新北市淡水區興仁里頂田寮路139號1樓,新北市淡水區興仁里,王一莉,22572241,股份有限公司,,1051020,生產中,22塑膠製品製造業  ,220塑膠製品  
11508.csv,良瑋精密工業股份有限公司,99663241,06910012041985,高雄市鳳山區鎮北里鳳仁路９９號,高雄市鳳山區鎮北里,林嘉益,22910714,股份有限公司,0791231,0791231,生產中,25金屬製品製造業、29機械設備製造業、30汽車及其零件製造業  ,259其他金屬製品、293通用機械設備、303汽車零件  
11508.csv,良越企業有限公司,99624243,08810000825304,桃園市八德區茄苳里永豐路二七六巷五、七、九號,桃園市八德區茄苳里,吳順和,16865281,有限公司,0881012,0890515,生產中,08食品製造業  ,082水產加工、089其他食品  
11508.csv,維興砂石開發有限公司,99653314,08110000080197,雲林縣四湖鄉四湖村關聖路１０號,雲林縣四湖鄉四湖村,廖珮坊,24236370,有限公司,0810116,0810703,生產中,23非金屬礦物製品製造業  ,239其他非金屬礦物製品、234石材製品  
11508.csv,緻達電機有限公司一廠,66011901,,臺中市神岡區岸裡里大富路61巷43號,臺中市神岡區岸裡里,徐雷東,24382773,有限公司,,1140711,生產中,25金屬製品製造業、28電力設備及配備製造業  ,259其他金屬製品、281發電、輸電及配電機械  
11508.csv,縈成細鋼索工業股份有限公司,99651231,06510000115201,彰化縣芬園鄉縣庄村碧園路２段５４４號,彰化縣芬園鄉縣庄村,洪信圭　　　,59178360,股份有限公司,0580101,0651012,生產中,24基本金屬製造業  ,241鋼鐵  
11508.csv,翌發鋼鐵有限公司,65010345,,新北市汐止區環河里環河街130號,新北市汐止區環河里,林雅雯,27908977,有限公司,,1110428,生產中,25金屬製品製造業  ,252金屬結構及建築組件、259其他金屬製品  
11508.csv,耀威光電股份有限公司,06000140,,臺中市大雅區四德里中清路三段738號,臺中市大雅區四德里,王國庸,24274280,股份有限公司,,0991210,生產中,28電力設備及配備製造業  ,284照明設備及配備  
11508.csv,耀德企業社,07005292,,彰化縣和美鎮犁盛里東祥路260巷47號1樓,彰化縣和美鎮犁盛里,王佑新,82424435,獨資,,1120918,生產中,25金屬製品製造業、29機械設備製造業  ,252金屬結構及建築組件、254金屬加工處理、259其他金屬製品、293通用機械設備  
11508.csv,聖皇科技股份有限公司,S6401031,,高雄市大寮區溪寮里溪寮路17-17號,高雄市大寮區溪寮里,張育彰,24247257,股份有限公司,,1121108,生產中,22塑膠製品製造業  ,220塑膠製品  
11508.csv,聖益實業股份有限公司,99646084,08010000070141,彰化縣彰化市牛埔里一德南路２６之１號,彰化縣彰化市牛埔里,鄭有良　,23824174,股份有限公司,0800110,0800604,生產中,11紡織業  ,111紡紗  
11508.csv,聚泓工業有限公司,07000201,,彰化縣員林市大饒里大饒路622號,彰化縣員林市大饒里,劉芝庭,24278770,有限公司,,1000527,生產中,25金屬製品製造業  ,259其他金屬製品  
11508.csv,聚泓工業有限公司二廠,S0702669,,彰化縣員林市大饒里大饒路542巷臨25號,彰化縣員林市大饒里,劉芝庭,24278770,有限公司,,1140115,生產中,25金屬製品製造業  ,254金屬加工處理  
11508.csv,聯宏車料有限公司,S0700306,,彰化縣埔心鄉油車村柳橋西路610號,彰化縣埔心鄉油車村,劉志庸,24396100,有限公司,,1090519,生產中,31其他運輸工具及其零件製造業  ,313自行車及其零件  
11508.csv,聯盈氣體有限公司,99687123,,桃園市龜山區龍壽里東萬壽路六三四號,桃園市龜山區龍壽里,吳志勇,28881960,有限公司,,0920819,生產中,24基本金屬製造業  ,241鋼鐵  
11508.csv,聯鎂科技有限公司,S6401230,,高雄市永安區保寧里保興二路5-6號,高雄市永安區保寧里,馮月嬌,53242077,有限公司,,1140610,生產中,25金屬製品製造業、29機械設備製造業  ,254金屬加工處理、292其他專用機械設備  
11508.csv,聯鐵企業股份有限公司,07005127,,彰化縣鹿港鎮東石里鹿工路19號,彰化縣鹿港鎮東石里,翁存義,86466168,股份有限公司,,1120417,生產中,24基本金屬製造業  ,241鋼鐵  
11508.csv,聯鐵企業股份有限公司橋頭廠,99665287,07810012099388,高雄市橋頭區中崎里中崎路３６號,高雄市橋頭區中崎里,翁存義,86466168,股份有限公司,0791231,0791231,生產中,24基本金屬製造業  ,241鋼鐵  
11508.csv,聯鑫不銹鋼加工社,66004987,,臺中市太平區中興里新平路一段279巷107號,臺中市太平區中興里,巫存享,09241183,獨資,,1051101,生產中,25金屬製品製造業  ,254金屬加工處理、259其他金屬製品  
11508.csv,育昌鋼鐵有限公司,07001526,,彰化縣埔心鄉梧鳳村五賢路204號1樓,彰化縣埔心鄉梧鳳村,劉美惠,24403263,有限公司,,1040615,生產中,25金屬製品製造業  ,254金屬加工處理  
11508.csv,自翔工業有限公司大發三廠,99662117,08810000810216,高雄市大寮區潮寮里建民街18號,高雄市大寮區潮寮里,陳瑞章,81255495,有限公司,0880813,0880904,生產中,21橡膠製品製造業、22塑膠製品製造業、24基本金屬製造業、25金屬製品製造業  ,210橡膠製品、220塑膠製品、241鋼鐵、242鋁、243銅、249其他基本金屬、254金屬加工處理  
11508.csv,自翔工業有限公司大發二廠,99662119,07410012093143,高雄市大寮區潮寮里田單二街１２號,高雄市大寮區潮寮里,陳瑞章,81255495,有限公司,0791231,0791231,生產中,21橡膠製品製造業、22塑膠製品製造業、24基本金屬製造業  ,210橡膠製品、220塑膠製品、241鋼鐵  
11508.csv,臺陽合金工業股份有限公司瑞芳工廠,99689946,05810000002490,新北市瑞芳區海濱里濱二路二八號,新北市瑞芳區海濱里,顏惠哲,03539010,股份有限公司,0580101,0580101,生產中,24基本金屬製造業  ,242鋁、249其他基本金屬  
11508.csv,臺陽生技有限公司,99680853,,彰化縣線西鄉頂犁村和線路８７９號,彰化縣線西鄉頂犁村,蔡文華,24216260,有限公司,,0971219,生產中,08食品製造業  ,086碾榖、磨粉及澱粉製品、089其他食品  
11508.csv,興展工業股份有限公司平鎮廠,99628894,06810000131624,桃園市平鎮區湧豐里工業五路六號,桃園市平鎮區湧豐里,黃汝　　,44992437,有限公司,0580101,0681026,生產中,26電子零組件製造業、30汽車及其零件製造業、31其他運輸工具及其零件製造業、29機械設備製造業  ,269其他電子零組件、313自行車及其零件、303汽車零件、292其他專用機械設備  
11508.csv,興道企業股份有限公司,99623404,08510000404225,桃園市中壢區忠福里東園二路十八號,桃園市中壢區忠福里,江能火,23559920,股份有限公司,0850513,0851123,生產中,25金屬製品製造業、29機械設備製造業、24基本金屬製造業  ,252金屬結構及建築組件、241鋼鐵、259其他金屬製品、293通用機械設備、292其他專用機械設備  
11508.csv,良益企業股份有限公司,99656700,06110000088304,臺南市西港區西港里西港2之30、2之36號,臺南市西港區西港里,陳宗明,72108178,股份有限公司,0610908,0620219,生產中,24基本金屬製造業、18化學材料及肥料製造業  ,241鋼鐵、181化學原材料  
11508.csv,良鎰鑄造有限公司,99659003,07610000318705,臺南市山上區明和里興旺路496號,臺南市山上區明和里,林進忠,28510861,有限公司,0761103,0791210,生產中,24基本金屬製造業  ,241鋼鐵  
11508.csv,苑裡營造有限公司,66009240,,臺中市沙鹿區鹿寮里星輝路30巷50號,臺中市沙鹿區鹿寮里,林進福,22412603,有限公司,,1100628,生產中,25金屬製品製造業  ,252金屬結構及建築組件  
11508.csv,茂利澱粉有限公司,99658905,99910099000409,臺南市善化區文正里文正路25巷4號,臺南市善化區文正里,徐東銘　　　,71324108,有限公司,0590601,0590601,生產中,08食品製造業  ,086碾榖、磨粉及澱粉製品  
11508.csv,群邦機械股份有限公司三重廠,S6500019,,新北市三重區頂崁里光復路2段143巷1號,新北市三重區頂崁里,簡晟峻,22410963,股份有限公司,,1090420,生產中,25金屬製品製造業、29機械設備製造業  ,259其他金屬製品、291金屬加工用機械設備  
11508.csv,群邦機械股份有限公司,99604787,07610001101441,新北市新莊區福基里化成路四０三巷二五號,新北市新莊區福基里,葉美藝,22410963,股份有限公司,0760411,0760424,生產中,29機械設備製造業  ,293通用機械設備  
11508.csv,群鎰鋼鐵股份有限公司,66006024,,臺中市大里區仁化里工業十一路125號,臺中市大里區仁化里,李宗遠,61830400,股份有限公司,,1061121,生產中,25金屬製品製造業  ,254金屬加工處理  
11508.csv,羽合機械股份有限公司,99636753,08410006183020,臺中市神岡區豐洲里神洲路86巷13號,臺中市神岡區豐洲里,王文亮,22415448,股份有限公司,0840724,0850129,生產中,25金屬製品製造業、29機械設備製造業  ,293通用機械設備、259其他金屬製品  
11508.csv,翎喬金屬工業股份有限公司,99656696,07710000281211,臺南市永康區王行里興工路19及之1號,臺南市永康區王行里,洪清章　　　,22988260,股份有限公司,0771014,0771217,生產中,24基本金屬製造業  ,241鋼鐵  
11508.csv,翔聖鋼鐵有限公司,S0700732,,彰化縣彰化市南安里彰馬路275巷15號,彰化縣彰化市南安里,黃志華,80397405,有限公司,,1090622,生產中,25金屬製品製造業  ,254金屬加工處理  
11508.csv,翔聖鋼鐵有限公司一廠,S0702214,,彰化縣彰化市東芳里彰馬路180巷臨55-3號,彰化縣彰化市東芳里,黃志華,80397405,有限公司,,1121205,生產中,25金屬製品製造業  ,254金屬加工處理  
11508.csv,翔聖鋼鐵有限公司二廠,S0701217,,彰化縣彰化市東芳里永芳路467巷70弄10-1號,彰化縣彰化市東芳里,黃志華,80397405,有限公司,,1090903,生產中,25金屬製品製造業、25金屬製品製造業  ,254金屬加工處理  
11508.csv,耀晟石材有限公司,10000332,,嘉義縣民雄鄉寮頂村1鄰頂寮65之7號,嘉義縣民雄鄉寮頂村,范健銘,45142428,有限公司,,1070917,生產中,23非金屬礦物製品製造業  ,234石材製品  
11508.csv,聖世機器股份有限公司,99633472,08310006073882,臺中市太平區德隆里工業一七路二一號,臺中市太平區德隆里,陳守全,97524361,股份有限公司,0830401,0880326,生產中,29機械設備製造業  ,293通用機械設備  
11508.csv,聖世機器股份有限公司二廠,66009758,,臺中市太平區德隆里工業17路25號,臺中市太平區德隆里,陳守全,97524361,股份有限公司,,1110121,生產中,29機械設備製造業  ,293通用機械設備  
11508.csv,聖禾企業社,S0703814,,彰化縣伸港鄉什股村什股路238-3號,彰化縣伸港鄉什股村,姚宜賢,18199242,合夥,,1150716,生產中,22塑膠製品製造業  ,220塑膠製品  
11508.csv,聖積新能源有限公司,99677029,08810005065640,苗栗縣造橋鄉龍昇村一一鄰中潭二一之一號,苗栗縣造橋鄉龍昇村,簡于翔,94178042,股份有限公司,0880727,0891219,生產中,21橡膠製品製造業、22塑膠製品製造業、33其他製造業、24基本金屬製造業、25金屬製品製造業、11紡織業  ,210橡膠製品、220塑膠製品、339未分類其他製品、243銅、254金屬加工處理、115紡織品  
11508.csv,聚祥企業股份有限公司新莊廠,99694998,,新北市新莊區營盤里中正路514巷105弄100號1樓,新北市新莊區營盤里,張元菘,89533943,股份有限公司,,0941228,生產中,24基本金屬製造業、25金屬製品製造業  ,241鋼鐵、254金屬加工處理、252金屬結構及建築組件  
11508.csv,聯盛電子股份有限公司,99613985,07610001214385,新北市樹林區北園里西圳街2段97巷2號,新北市樹林區北園里,鄧育霖,36223011,股份有限公司,0760716,0760821,生產中,25金屬製品製造業、24基本金屬製造業、26電子零組件製造業、29機械設備製造業  ,251金屬刀具、手工具及模具、242鋁、264光電材料及元件、293通用機械設備、262被動電子元件  
11508.csv,聯祥資源股份有限公司,04000470,,新竹縣新豐鄉中崙村10鄰中崙324號,新竹縣新豐鄉中崙村,陳建祥,24624863,股份有限公司,,1041223,生產中,24基本金屬製造業、25金屬製品製造業  ,242鋁、252金屬結構及建築組件、254金屬加工處理、259其他金屬製品  
11508.csv,聯陞鋼鐵企業有限公司,S6400581,,高雄市大寮區後庄里民成街182-1號,高雄市大寮區後庄里,顏家豪,27418303,有限公司,,1090914,生產中,25金屬製品製造業  ,254金屬加工處理  
11508.csv,育智鋼鐵有限公司,99673492,06710000097080,臺南市南區彰南里新義南路34號,臺南市南區彰南里,陳建錂,69671637,有限公司,0670614,0700311,生產中,25金屬製品製造業  ,254金屬加工處理  
11508.csv,育材模型股份有限公司,99605461,07310001242509,新北市三重區永發里中正北路一九三巷二一弄二二號,新北市三重區永發里,蔣榮利,34080930,股份有限公司,0730924,0750310,生產中,29機械設備製造業、25金屬製品製造業  ,293通用機械設備、251金屬刀具、手工具及模具  
11508.csv,至凱工業有限公司,99719027,,新北市新莊區頭前里化成路二六七巷三九號一樓,新北市新莊區頭前里,蔡明達,24289707,有限公司,,0980202,生產中,21橡膠製品製造業、26電子零組件製造業、27電腦、電子產品及光學製品製造業、30汽車及其零件製造業  ,210橡膠製品、262被動電子元件、269其他電子零組件、271電腦及其週邊設備、272通訊傳播設備、277光學儀器及設備、303汽車零件  
11508.csv,臻匯饌有限公司,15000019,,花蓮縣花蓮市民心里美工六街2號,花蓮縣花蓮市民心里,董椿霳,24350744,有限公司,,1010713,生產中,08食品製造業  ,089其他食品  
11508.csv,興德利實業股份有限公司,65012425,,新北市中和區中原里中原街99號7樓,新北市中和區中原里,顏麗珍,90206377,股份有限公司,,1140103,生產中,26電子零組件製造業、27電腦、電子產品及光學製品製造業、28電力設備及配備製造業  ,269其他電子零組件、275量測、導航、控制設備及鐘錶、283電線及配線器材、289其他電力設備及配備  
11508.csv,良昌鋼鐵股份有限公司楊梅廠,68002896,,桃園市楊梅區大平里楊湖路一段529號,桃園市楊梅區大平里,徐志豪,33730020,股份有限公司,,1080820,生產中,25金屬製品製造業  ,254金屬加工處理  
11508.csv,良穩國際股份有限公司蘆竹廠,99722565,,桃園市蘆竹區濱海里海山中街83號,桃園市蘆竹區濱海里,劉朝正,24398888,股份有限公司,,0990719,生產中,23非金屬礦物製品製造業  ,239其他非金屬礦物製品  
11508.csv,芯成科技股份有限公司竹北一廠,04001296,,新竹縣竹北市泰和里中和街62巷15弄3號1、2樓,新竹縣竹北市泰和里,曾睿成,24268597,股份有限公司,,1140812,生產中,27電腦、電子產品及光學製品製造業  ,271電腦及其週邊設備  
11508.csv,苗弘鋼鐵股份有限公司,99632216,08210005133195,苗栗縣通霄鎮五北里九鄰坪頂路三０二號,苗栗縣通霄鎮五北里,徐宋玉枝,16182408,股份有限公司,0821208,0821223,生產中,25金屬製品製造業  ,254金屬加工處理  
11508.csv,苗弘鋼鐵股份有限公司通霄廠,05000675,,苗栗縣通霄鎮通南里3鄰坪頂路213號,苗栗縣通霄鎮通南里,徐宋玉枝,16182408,股份有限公司,,1101123,生產中,25金屬製品製造業  ,254金屬加工處理  
11508.csv,英德工業股份有限公司抽線廠,64006550,,高雄市路竹區三爺里復興路812號,高雄市路竹區三爺里,顏仲仁,22766339,股份有限公司,,1010518,生產中,24基本金屬製造業  ,241鋼鐵  
11508.csv,英捷金屬有限公司,68002438,,桃園市桃園區汴洲里有恆路22號,桃園市桃園區汴洲里,楊麗琪,82787816,有限公司,,1071219,生產中,25金屬製品製造業、29機械設備製造業  ,253金屬容器、292其他專用機械設備  
11508.csv,茂嘉實業有限公司新屋廠,99623364,08210003001803,桃園市新屋區永安里12鄰永三街16號,桃園市新屋區永安里,徐俊忠　　　,04694496,有限公司,0820415,0830712,生產中,25金屬製品製造業、24基本金屬製造業、29機械設備製造業  ,252金屬結構及建築組件、251金屬刀具、手工具及模具、259其他金屬製品、249其他基本金屬、242鋁、293通用機械設備  
11508.csv,維霖鋼鐵管股份有限公司,99645193,08210000085701,彰化縣芳苑鄉後寮村工區六路１５號,彰化縣芳苑鄉後寮村,王琳淳,23237787,股份有限公司,0821126,0830507,生產中,32家具製造業、25金屬製品製造業、33其他製造業  ,320家具、254金屬加工處理、331育樂用品  
11508.csv,維駿鋼鐵有限公司,07006337,,彰化縣鹿港鎮東石里工業東二路3號,彰化縣鹿港鎮東石里,許智勝,60718559,有限公司,,1150210,生產中,24基本金屬製造業  ,241鋼鐵  
11508.csv,總城實業社,99649365,07410007051748,彰化縣田尾鄉新生村延平路３６５號,彰化縣田尾鄉新生村,李月碧　,24173467,獨資,0740323,0740430,生產中,25金屬製品製造業、29機械設備製造業、33其他製造業  ,259其他金屬製品、291金屬加工用機械設備、339未分類其他製品  
11508.csv,美光生醫科技股份有限公司,67001951,,臺南市南區彰南里新平路28號,臺南市南區彰南里,陳金德,24351027,股份有限公司,,1070213,生產中,19其他化學製品製造業  ,193清潔用品及化粧品  
11508.csv,群力精密科技股份有限公司,13000226,,屏東縣里港鄉鐵店村里港路415號,屏東縣里港鄉鐵店村,侯明賢,55963850,股份有限公司,,1030806,生產中,24基本金屬製造業、25金屬製品製造業、30汽車及其零件製造業  ,241鋼鐵、252金屬結構及建築組件、254金屬加工處理、303汽車零件  
11508.csv,群韋科技有限公司,07002427,,彰化縣北斗鎮西德里中山路一段260巷37弄39號,彰化縣北斗鎮西德里,洪煒葰,45110306,有限公司,,1070115,生產中,25金屬製品製造業、29機械設備製造業  ,259其他金屬製品、293通用機械設備  
11508.csv,羽田空油壓機械股份有限公司豐原廠,99642411,08810006038249,臺中市豐原區北湳里大順街一二八號,臺中市豐原區北湳里,蘇成國,84635554,股份有限公司,0880413,0880510,生產中,29機械設備製造業、25金屬製品製造業  ,259其他金屬製品、293通用機械設備  
11508.csv,羽翔生技有限公司,99700629,,新竹縣新豐鄉新豐村１鄰紅毛２３之１５號　,新竹縣新豐鄉新豐村,黃芬桃,24218730,有限公司,,0990125,生產中,19其他化學製品製造業  ,193清潔用品及化粧品  
11508.csv,翔一精密科技股份有限公司,99712418,,高雄市岡山區本洲里本工七路１６號,高雄市岡山區本洲里,黃苑銘,86058281,股份有限公司,,0980402,生產中,25金屬製品製造業  ,251金屬刀具、手工具及模具  
11508.csv,翔英耐火有限公司一廠,64009987,,高雄市大寮區過溪里華一街632號,高雄市大寮區過溪里,陸緯聰,24274514,有限公司,,1131112,生產中,23非金屬礦物製品製造業、23非金屬礦物製品製造業  ,232耐火、黏土建材及其他陶瓷製品  
11508.csv,聖翔食品海產加工廠,64000683,6064114243,高雄市三民區灣興里民族一路３３５巷４７號,高雄市三民區灣興里,王婷,75583771,獨資,0600312,0591118,生產中,08食品製造業  ,089其他食品、082水產加工  
11508.csv,聖興塑膠工業有限公司,99670249,06810000124361,臺中市東區十甲里樂業路451巷1號,臺中市東區十甲里,何清龍,22053135,有限公司,0580101,0690312,生產中,22塑膠製品製造業  ,220塑膠製品  
11508.csv,聯隆紡織股份有限公司,99647463,06710000200577,彰化縣員林市大峰里大峰巷１８３號,彰化縣員林市大峯里,張永漸　　,52415141,股份有限公司,0670621,0670817,生產中,11紡織業  ,112織布  
11508.csv,聯隆鑄造工業有限公司,07000843,,彰化縣線西鄉線西村線安路99號,彰化縣線西鄉線西村,周聯友,53610781,有限公司,,1020611,生產中,24基本金屬製造業  ,241鋼鐵  
11508.csv,育禾超精密工業有限公司新莊廠,65007379,,新北市新莊區化成路431巷18號,新北市新莊區,詹清勇,66602469,有限公司,,1071129,生產中,24基本金屬製造業、25金屬製品製造業、29機械設備製造業  ,242鋁、243銅、249其他基本金屬、251金屬刀具、手工具及模具、254金屬加工處理、259其他金屬製品、293通用機械設備  
11508.csv,興惟企業有限公司屏南廠,99666261,08210099070776,屏東縣枋寮鄉東海村科技路61號,屏東縣枋寮鄉東海村,方士瑋,28769256,有限公司,0820215,0851007,生產中,24基本金屬製造業、24基本金屬製造業、29機械設備製造業  ,242鋁、249其他基本金屬、293通用機械設備  
11508.csv,興拓工業股份有限公司,99639755,07410006050483,臺中市大肚區永和里溪洲路266、268、270號,臺中市大肚區永和里,趙承紘,97526620,股份有限公司,0740402,0710202,生產中,24基本金屬製造業  ,241鋼鐵  
11508.csv,興采實業股份有限公司五股廠,99725666,,新北市新莊區福興里五權二路一０號二樓,新北市新莊區福興里,陳國欽,23282425,股份有限公司,,0990415,生產中,12成衣及服飾品製造業  ,121成衣  
11508.csv,興采實業股份有限公司觀音二廠,68007623,,桃園市觀音區樹林里工業六路3之2號(3樓、4樓),桃園市觀音區樹林里,陳國欽,23282425,股份有限公司,,1150527,生產中,11紡織業  ,111紡紗  
11508.csv,艾維思鐳射科技股份有限公司,65002637,,新北市土城區沛陂里自強街2之1號,新北市土城區沛陂里,江敏宏,27867048,股份有限公司,,1021121,生產中,27電腦、電子產品及光學製品製造業、25金屬製品製造業、24基本金屬製造業  ,271電腦及其週邊設備、241鋼鐵、259其他金屬製品  
11508.csv,苗豐實業有限公司,05000228,,苗栗縣苗栗市維祥里一四鄰一八九號一樓,苗栗縣苗栗市維祥里,徐啟金,27449241,有限公司,,1031222,生產中,26電子零組件製造業  ,269其他電子零組件  
11508.csv,茂強國際林業有限公司,S6400243,,高雄市大樹區九曲里瓦厝街188號,高雄市大樹區九曲里,楊佩璇,23336251,有限公司,,1090731,生產中,14木竹製品製造業  ,140木竹製品  
11508.csv,維麒科技股份有限公司林口廠,99624244,,桃園市龜山區大華里頂湖路５號,桃園市龜山區大華里,杜育芳,86747294,有限公司,,0910416,生產中,26電子零組件製造業  ,269其他電子零組件  
11508.csv,網技科技股份有限公司,99693084,,新北市新莊區頭前里頭前路一六號一樓,新北市新莊區頭前里,林錦泰,97150243,股份有限公司,,0930917,生產中,27電腦、電子產品及光學製品製造業、26電子零組件製造業  ,271電腦及其週邊設備、272通訊傳播設備、269其他電子零組件  
11508.csv,美河科技股份有限公司,99726002,,新北市中和區中原里中山路二段三八０巷一六號一、二樓,新北市中和區中原里,宋怡榮,24350028,股份有限公司,,0990820,生產中,25金屬製品製造業、28電力設備及配備製造業、29機械設備製造業  ,251金屬刀具、手工具及模具、259其他金屬製品、281發電、輸電及配電機械、283電線及配線器材、289其他電力設備及配備、293通用機械設備  
11508.csv,翔貿工業股份有限公司,99645397,08610000831036,彰化縣伸港鄉溪底村興工路６３之１號,彰化縣伸港鄉溪底村,陳新約　,97385564,股份有限公司,0860516,0870704,生產中,24基本金屬製造業  ,241鋼鐵  
11508.csv,耀盛鋼鐵有限公司,68001330,,桃園市大園區田心里國際路1段32號,桃園市大園區田心里,蔡萬龍,54921171,有限公司,,1060621,生產中,25金屬製品製造業、29機械設備製造業  ,254金屬加工處理、259其他金屬製品、291金屬加工用機械設備、292其他專用機械設備、293通用機械設備  
11508.csv,耀程五金有限公司,66008102,,臺中市太平區太平里永成路99巷22號,臺中市太平區太平里,卓芝佑,24245981,有限公司,,1090218,生產中,25金屬製品製造業、25金屬製品製造業  ,254金屬加工處理  
11508.csv,聖凱化粧品有限公司,99711816,,臺南市佳里區子龍里子龍一街105巷10號1樓,臺南市佳里區子龍里,林富吉,24424231,有限公司,,0980917,生產中,19其他化學製品製造業  ,193清潔用品及化粧品  
11508.csv,聖航工業股份有限公司,99629339,08210000077242,桃園市平鎮區湧豐里工業五路５－１號,桃園市平鎮區湧豐里,王金蘭　　　,44417624,股份有限公司,0820804,0821129,生產中,30汽車及其零件製造業、31其他運輸工具及其零件製造業、26電子零組件製造業、25金屬製品製造業  ,303汽車零件、312機車及其零件、269其他電子零組件、259其他金屬製品  
11508.csv,聖興鐵業有限公司三廠,S0703719,,彰化縣彰化市磚磘里水尾二路106巷臨107號,彰化縣彰化市磚磘里,張建文,28399825,有限公司,,1150413,生產中,24基本金屬製造業  ,241鋼鐵  
11508.csv,聖興鐵業有限公司二廠,S0702711,,彰化縣彰化市磚磘里水尾二路87巷113號,彰化縣彰化市磚磘里,張建文,28399825,有限公司,,1131126,生產中,24基本金屬製造業  ,241鋼鐵  
11508.csv,聯強產業股份有限公司,99634263,06510000015031,臺中市太平區光隆里光興路597巷23號,臺中市太平區光隆里,吳孟原,55744568,股份有限公司,0580101,0671228,生產中,24基本金屬製造業  ,241鋼鐵  
11508.csv,聯美國際生化有限公司,99721581,,高雄市美濃區福安里中興路二段６1０號６１２號,高雄市美濃區福安里,謝震,24383301,有限公司,,0981228,生產中,19其他化學製品製造業  ,193清潔用品及化粧品  
11508.csv,聯鴻鋼鐵股份有限公司,64007839,,高雄市大寮區大寮里大仁街2號,高雄市大寮區大寮里,鄭至欽,25029829,股份有限公司,,1060522,生產中,25金屬製品製造業  ,254金屬加工處理  
11508.csv,育群精密興業有限公司,99660128,,臺南市永康區南灣里南興路20號,臺南市永康區南灣里,鄭天狀,80224306,有限公司,,0910821,生產中,25金屬製品製造業、26電子零組件製造業  ,259其他金屬製品、264光電材料及元件、269其他電子零組件  
11508.csv,至成企業社,99695416,,新北市五股區興珍里中興路一段一巷一號一樓,新北市五股區興珍里,高茂環,87777078,獨資,,0950426,生產中,24基本金屬製造業、25金屬製品製造業  ,241鋼鐵、254金屬加工處理、242鋁、243銅、251金屬刀具、手工具及模具、252金屬結構及建築組件  
11508.csv,興政工業有限公司大里廠,66012318,,臺中市大里區仁德里四育街24號,臺中市大里區仁德里,高正卿,24287291,有限公司,,1150311,生產中,25金屬製品製造業、29機械設備製造業  ,251金屬刀具、手工具及模具、259其他金屬製品、293通用機械設備  
11508.csv,興旺工業社,S0702418,,彰化縣彰化市磚磘里環河街232巷139號,彰化縣彰化市磚磘里,黄滿,08760432,獨資,,1130531,生產中,25金屬製品製造業  ,259其他金屬製品  
11508.csv,興昂股份有限公司,99655370,07510000124124,嘉義縣朴子市大鄉里大槺榔２２８之２０號,嘉義縣朴子市大鄉里,涂榮富,27794242,股份有限公司,0750424,0750424,生產中,29機械設備製造業、29機械設備製造業、15紙漿、紙及紙製品製造業  ,292其他專用機械設備、152瓦楞紙板及紙容器  
11508.csv,興鋼昌鋼鐵股份有限公司,07004761,,彰化縣線西鄉線西村彰濱東十路2號,彰化縣線西鄉線西村,洪敏芳,83129220,股份有限公司,,1110428,生產中,25金屬製品製造業  ,252金屬結構及建築組件、254金屬加工處理  
11508.csv,興錦鋼鐵有限公司,S0702904,,彰化縣員林市中央里中央路337巷120號,彰化縣員林市中央里,黃錦源,84557240,有限公司,,1140410,生產中,25金屬製品製造業  ,254金屬加工處理  
11508.csv,英泰開發有限公司,99662644,08810012066816,高雄市仁武區竹後里竹東路８０號,高雄市仁武區竹後里,林碧鳳,12726788,有限公司,0880423,0881227,生產中,24基本金屬製造業、25金屬製品製造業  ,241鋼鐵、252金屬結構及建築組件、259其他金屬製品  
11508.csv,綸宏企業有限公司,S6800342,,桃園市中壢區內定里內定二街572號,桃園市中壢區內定里,袁秀香,24361073,有限公司,,1090730,生產中,22塑膠製品製造業、25金屬製品製造業  ,220塑膠製品、254金屬加工處理  
11508.csv,總淼企業股份有限公司,99633194,08210006300988,臺中市太平區德隆里工業十五路３號,臺中市太平區德隆里,王美莉,24377531,股份有限公司,0821210,0850829,生產中,25金屬製品製造業  ,251金屬刀具、手工具及模具  
11508.csv,美玉香堂有限公司,07005561,,彰化縣員林市大明里大饒路897巷37-2號,彰化縣員林市大明里,施博文,55882421,有限公司,,1130517,生產中,33其他製造業  ,339未分類其他製品  
11508.csv,翔越工業有限公司,99627880,07610003136795,桃園市桃園區中德里國際路一段98巷11號,桃園市桃園區中德里,蔡秀美,69720291,有限公司,0761127,0771201,生產中,24基本金屬製造業、29機械設備製造業  ,241鋼鐵、293通用機械設備  
11508.csv,聖裕精密機械有限公司,S6400169,,高雄市湖內區湖內里民族街311巷7號,高雄市湖內區湖內里,鄭明雄,53243596,有限公司,,1090707,生產中,29機械設備製造業  ,292其他專用機械設備  
11508.csv,聚鼎科技股份有限公司東九廠,95A00396,,新竹科學園區新竹縣寶山鄉工業東九路23號1樓,新竹縣寶山鄉,朱復華,16433242,股份有限公司,,0880105,生產中,26電子零組件製造業  ,262被動電子元件  
11508.csv,聚鼎科技股份有限公司竹科廠,95E00396,,新竹科學園區新竹市東區工業東四路24之1號,新竹市東區,朱復華,16433242,股份有限公司,,0880105,生產中,26電子零組件製造業  ,262被動電子元件  
11508.csv,聚鼎科技股份有限公司頭份廠,99677530,,苗栗縣頭份市蘆竹里四鄰工業路八一號,苗栗縣頭份市蘆竹里,朱復華,16433242,股份有限公司,,0950410,生產中,26電子零組件製造業  ,262被動電子元件  
11508.csv,聯怡耐火陶瓷有限公司,99630246,07310000243378,新竹縣湖口鄉鳳山村光復南路４０號,新竹縣湖口鄉鳳山村,劉逢山,45906515,有限公司,0730906,0741023,生產中,23非金屬礦物製品製造業  ,232耐火、黏土建材及其他陶瓷製品  
11508.csv,聯慶木器行,07003244,,彰化縣鹿港鎮東崎里謝厝巷10之13號1樓,彰化縣鹿港鎮東崎里,謝明峯,45362436,獨資,,1080719,生產中,32家具製造業  ,320家具  
11508.csv,聯慶木器行二廠,S0703438,,彰化縣鹿港鎮東崎里鹿東路二段527巷81號,彰化縣鹿港鎮東崎里,謝明峯,45362436,獨資,,1141021,生產中,32家具製造業  ,320家具  
11508.csv,聯群鋼鐵股份有限公司,99620009,08210000070600,宜蘭縣蘇澳鎮龍德里德興一路２８號,宜蘭縣蘇澳鎮龍德里,盧昶叡　　　,86966446,股份有限公司,0830319,0830319,生產中,25金屬製品製造業  ,254金屬加工處理、253金屬容器  
11508.csv,聯群鋼鐵股份有限公司利澤廠,99706234,,宜蘭縣五結鄉成興村五濱路一段239、247號,宜蘭縣五結鄉成興村,盧昶叡,86966446,股份有限公司,,0970425,生產中,25金屬製品製造業  ,252金屬結構及建築組件  
11508.csv,聯群鋼鐵股份有限公司第二廠,99620010,,宜蘭縣蘇澳鎮龍德里德興一路28-1號,宜蘭縣蘇澳鎮龍德里,盧昶叡,86966446,股份有限公司,,0961218,生產中,25金屬製品製造業  ,254金屬加工處理、253金屬容器  
11508.csv,至盛精工有限公司,07000951,,彰化縣溪湖鎮番婆里彰水路二段161號,彰化縣溪湖鎮番婆里,蔡遙沙,24202646,有限公司,,1020909,生產中,25金屬製品製造業、30汽車及其零件製造業、31其他運輸工具及其零件製造業  ,259其他金屬製品、303汽車零件、312機車及其零件、313自行車及其零件  
11508.csv,至盛精工有限公司河東廠,S0703312,,彰化縣溪湖鎮河東里環河路二段186巷臨12號,彰化縣溪湖鎮河東里,蔡遙沙,24202646,有限公司,,1140829,生產中,25金屬製品製造業  ,254金屬加工處理  
11508.csv,臺灣康迪生物科技有限公司,66012527,,臺中市潭子區大豐里潭富路2段162-1號,臺中市潭子區大豐里,陳世欣,80324136,有限公司,,1150720,生產中,08食品製造業  ,089其他食品  
11508.csv,臻饌豐有限公司 臻琩嵱廠,15000002,,花蓮縣新城鄉順安村草林路56-12號,花蓮縣新城鄉順安村,董椿霳,24350907,有限公司,,1000104,生產中,08食品製造業、08食品製造業  ,089其他食品  
11508.csv,與日電子有限公司二廠,66012427,,臺中市西屯區協和里工業區38路210號7樓之1,臺中市西屯區協和里,吳婉如,85114813,有限公司,,1150514,生產中,26電子零組件製造業、30汽車及其零件製造業、31其他運輸工具及其零件製造業  ,269其他電子零組件、303汽車零件、312機車及其零件  
11508.csv,興中環保科技股份有限公司,02000387,,宜蘭縣五結鄉中興村中興路三段8號,宜蘭縣五結鄉中興村,王信豐,80424374,股份有限公司,,1090701,生產中,15紙漿、紙及紙製品製造業  ,152瓦楞紙板及紙容器、159其他紙製品  
11508.csv,芳丞有限公司土庫廠,09000269,,雲林縣土庫鎮興新里張庄路5號,雲林縣土庫鎮興新里,蔡純華,24231380,有限公司,,1020118,生產中,22塑膠製品製造業、33其他製造業  ,220塑膠製品、332醫療器材及用品  
11508.csv,英仕奇能源科技股份有限公司,66004128,,臺中市霧峰區吉峰里吉峰路88之6號1樓,臺中市霧峰區吉峰里,楊銘基,24251300,股份有限公司,,1041110,生產中,31其他運輸工具及其零件製造業、33其他製造業  ,312機車及其零件、313自行車及其零件、331育樂用品  
11508.csv,茂新印刷股份有限公司,99640540,07510006007571,臺中市大雅區上楓里民生路三段111巷13號,臺中市大雅區上楓里,張雅雲,52824201,股份有限公司,0750121,0751209,生產中,16印刷及資料儲存媒體複製業、19其他化學製品製造業  ,160印刷及資料儲存媒體複製、199未分類其他化學製品  
11508.csv,美生金屬工業股份有限公司平鎮廠,99621889,07910000174570,桃園市平鎮區湧豐里平鎮工業區工業一路六號,桃園市平鎮區湧豐里,黃書賢,23529497,股份有限公司,0790926,0801106,生產中,24基本金屬製造業、25金屬製品製造業  ,241鋼鐵、254金屬加工處理  
11508.csv,羿瑋鋼鐵股份有限公司,99706548,,桃園市龍潭區烏林里３８鄰工二路５６號,桃園市龍潭區烏林里,游正崇,89900118,股份有限公司,,0950823,生產中,25金屬製品製造業  ,252金屬結構及建築組件  
11508.csv,羿瑋鋼鐵股份有限公司龍潭三廠,68002074,,桃園市龍潭區烏林里中豐路533巷162號,桃園市龍潭區烏林里,游正崇,89900118,股份有限公司,,1070803,生產中,25金屬製品製造業  ,252金屬結構及建築組件  
11508.csv,羿瑋鋼鐵股份有限公司龍潭二廠,68000251,,桃園市龍潭區烏林里38鄰工二路70巷24弄16號,桃園市龍潭區烏林里,游正崇,89900118,股份有限公司,,1040824,生產中,25金屬製品製造業  ,252金屬結構及建築組件  
11508.csv,翔太精密科技有限公司,66012432,,臺中市烏日區北里里太明路53巷7號1樓,臺中市烏日區北里里,林建達,42689000,有限公司,,1150519,生產中,25金屬製品製造業  ,251金屬刀具、手工具及模具、254金屬加工處理  
11508.csv,翔威工程行,07005936,,彰化縣社頭鄉東興村忠勇街30號1樓,彰化縣社頭鄉東興村,吳信憲,82424955,獨資,,1140305,生產中,25金屬製品製造業  ,252金屬結構及建築組件、254金屬加工處理、259其他金屬製品  
11508.csv,耀鈞系統科技有限公司,66012423,,臺中市梧棲區永安里向上路九段465巷35弄1號,臺中市梧棲區永安里,陳家慶,90533153,有限公司,,1150512,生產中,28電力設備及配備製造業  ,281發電、輸電及配電機械  
11508.csv,聖和鋼品企業社,S0500345,,苗栗縣通霄鎮坪頂里7鄰坪頂73之8號,苗栗縣通霄鎮坪頂里,張明治,78548700,獨資,,1150528,生產中,25金屬製品製造業  ,259其他金屬製品  
11508.csv,聖哥國際股份有限公司,64004997,8464125078,高雄市鹽埕區中山里大公路１０２號,高雄市鹽埕區中山里,吳泰山,81243484,有限公司,0840211,0840325,生產中,11紡織業  ,115紡織品  
11508.csv,育銓精密工業有限公司,65007555,,新北市新莊區西盛里新樹路244巷63號1樓,新北市新莊區西盛里,李梅鑾,24385820,有限公司,,1080219,生產中,25金屬製品製造業、27電腦、電子產品及光學製品製造業  ,251金屬刀具、手工具及模具、271電腦及其週邊設備  
11508.csv,至笙企業股份有限公司三廠,99635514,08710006272435,臺中市太平區中興里永平路二段476巷73號,臺中市太平區中興里,洪偉家,97751463,股份有限公司,0871019,0871029,生產中,28電力設備及配備製造業  ,285家用電器、289其他電力設備及配備  
11508.csv,臺灣控制閥股份有限公司二廠,03001097,,桃園市楊梅區員本里民隆路16號,桃園市楊梅區員本里,沈家弘,22684323,股份有限公司,,1010601,生產中,24基本金屬製造業  ,242鋁  
11508.csv,臺灣新吉美碩股份有限公司臺中藥廠,66007404,,臺中市霧峰區南柳里霧工六路16號,臺中市霧峰區南柳里,白海格,21241693,股份有限公司,,1080502,生產中,20藥品及醫用化學製品製造業  ,200藥品及醫用化學製品  
11508.csv,臺灣正侑股份有限公司,99710531,,南投縣南投市永豐里工業北六路6號,南投縣南投市永豐里,羅省,28399959,股份有限公司,,0960926,生產中,24基本金屬製造業、25金屬製品製造業、31其他運輸工具及其零件製造業  ,241鋼鐵、252金屬結構及建築組件、253金屬容器、259其他金屬製品、319未分類其他運輸工具及其零件  
11508.csv,臺灣正昇金屬股份有限公司,99657652,07710000262853,臺南市新營區嘉芳里忠孝路2、6、12號,臺南市新營區嘉芳里,林孟儒　　　,22943031,股份有限公司,0770628,0790425,生產中,24基本金屬製造業  ,241鋼鐵  
11508.csv,興亞迪歐股份有限公司,S6401278,,高雄市岡山區嘉興里嘉興路59-1號,高雄市岡山區嘉興里,池貝文男,24524148,股份有限公司,,1141118,生產中,29機械設備製造業  ,292其他專用機械設備  
11508.csv,興享機器興業有限公司,99673808,08710021000419,臺南市安南區新順里永安路66號,臺南市安南區新順里,蔡明利,22410014,有限公司,0870905,0870918,生產中,29機械設備製造業  ,292其他專用機械設備  
11508.csv,興隆鋼鐵企業社,68004822,,桃園市楊梅區永平里梅獅路一段226巷9弄29號,桃園市楊梅區永平里,高雲龍,72728748,合夥,,1110411,生產中,25金屬製品製造業  ,254金屬加工處理  
11508.csv,芳德鑄鋁股份有限公司,99679986,,彰化縣鹿港鎮海埔里工業西一路１號,彰化縣鹿港鎮海埔里,林梅燕,55950905,股份有限公司,,0950216,生產中,24基本金屬製造業、25金屬製品製造業、29機械設備製造業、30汽車及其零件製造業、31其他運輸工具及其零件製造業  ,242鋁、252金屬結構及建築組件、259其他金屬製品、293通用機械設備、251金屬刀具、手工具及模具、303汽車零件、312機車及其零件  
11508.csv,英全化學工業股份有限公司全興廠,99645292,08110000072414,彰化縣伸港鄉溪底村興工路３３號,彰化縣伸港鄉溪底村,陳傑民　,57104700,股份有限公司,0810514,0860705,生產中,18化學材料及肥料製造業  ,184塑膠及合成橡膠原料  
11508.csv,英利五金實業股份有限公司,99659015,06210000015751,臺南市仁德區保安里保安路1段70號,臺南市仁德區保安里,郭松田　　　,72060548,股份有限公司,0620212,0630517,生產中,24基本金屬製造業  ,242鋁、249其他基本金屬  
11508.csv,英發機械廠,99620102,06910000242347,宜蘭縣羅東鎮羅莊里羅莊街399號,宜蘭縣羅東鎮羅莊里,宋榮發　　　,42064461,獨資,0580101,0710302,生產中,25金屬製品製造業  ,251金屬刀具、手工具及模具  
11508.csv,英盟股份有限公司,99617852,08610001227843,新北市樹林區三多里三俊街五０之一號,新北市樹林區三多里,邱麗珠,96908071,股份有限公司,0860627,0860809,生產中,28電力設備及配備製造業、24基本金屬製造業、25金屬製品製造業  ,241鋼鐵、254金屬加工處理、283電線及配線器材、289其他電力設備及配備、284照明設備及配備  
11508.csv,英美吉應用有限公司,99722487,,桃園市蘆竹區新興里中興一街６１巷６號,桃園市蘆竹區新興里,李尚祐,24245217,有限公司,,0990601,生產中,19其他化學製品製造業  ,193清潔用品及化粧品、199未分類其他化學製品  
11508.csv,總鎰金屬工業有限公司二廠,S6601675,,臺中市大肚區營埔里船頭一街39巷21號,臺中市大肚區營埔里,程榮通,86106798,有限公司,,1100125,生產中,24基本金屬製造業  ,241鋼鐵  
11508.csv,美和盛股份有限公司五股廠,99604176,07310001242605,新北市五股區集福里成泰路4段22巷16號,新北市五股區集福里,楊曉彰,84768202,股份有限公司,0730926,0731029,生產中,15紙漿、紙及紙製品製造業  ,152瓦楞紙板及紙容器、159其他紙製品  
11508.csv,美和竹藝社工廠,99678202,08110007077780,彰化縣二水鄉二水村安德巷３９之４號,彰化縣二水鄉二水村,蕭圳駝　,77102434,獨資,0811214,0820211,生產中,14木竹製品製造業  ,140木竹製品  
11508.csv,美立堅科技股份有限公司大溪廠,99624348,08510003139160,桃園市大溪區仁善里介壽路635號,桃園市大溪區仁善里,黃紹翔,16441448,股份有限公司,0850816,0850820,生產中,29機械設備製造業、25金屬製品製造業、27電腦、電子產品及光學製品製造業、28電力設備及配備製造業  ,293通用機械設備、259其他金屬製品、289其他電力設備及配備、271電腦及其週邊設備  
11508.csv,群揚材料工業股份有限公司,99707779,,桃園市中壢區文化里長春六路1號,桃園市中壢區文化里,陳世揚,24203645,股份有限公司,,0970821,生產中,22塑膠製品製造業、29機械設備製造業  ,220塑膠製品、292其他專用機械設備  
11508.csv,翔鑫科技股份有限公司,66002414,,臺中市南屯區寶山里工業區21路29號3樓,臺中市南屯區寶山里,楊國華,24244505,股份有限公司,,1030102,生產中,30汽車及其零件製造業、31其他運輸工具及其零件製造業  ,303汽車零件、312機車及其零件  
11508.csv,翔隆機械股份有限公司一廠,S1300473,,屏東縣長治鄉德榮村煙墩巷67-7號,屏東縣長治鄉德榮村,邱世才,23242748,股份有限公司,,1150823,生產中,25金屬製品製造業  ,252金屬結構及建築組件  
11508.csv,翔隆機械股份有限公司二廠,S1300434,,屏東縣長治鄉德榮村煙墩巷98-1號,屏東縣長治鄉德榮村,邱世才,23242748,股份有限公司,,1140723,生產中,25金屬製品製造業  ,252金屬結構及建築組件  
11508.csv,耀鑫工業有限公司,99662876,08510012121523,高雄市路竹區北嶺里民有路６３５巷１號,高雄市路竹區北嶺里,楊志強,86585798,有限公司,0850716,0850806,生產中,24基本金屬製造業、25金屬製品製造業  ,241鋼鐵、259其他金屬製品  
11508.csv,聖富工業股份有限公司,99644134,08410006224212,臺中市大里區長榮里大里路28-2號,臺中市大里區長榮里,廖正義,89980891,股份有限公司,0810907,0840930,生產中,29機械設備製造業  ,293通用機械設備  
11508.csv,聖財不銹鋼有限公司,99636709,08910006195113,臺中市豐原區北陽里圓環東路六九六號,臺中市豐原區北陽里,張六財,70505777,有限公司,0891024,0891109,生產中,24基本金屬製造業  ,241鋼鐵  
11508.csv,聖農生技股份有限公司龍德廠,99721029,,宜蘭縣冬山鄉大興村德興六路４２號、蘇澳鎮德興五路6號,宜蘭縣冬山鄉大興村,陳世文,24223537,股份有限公司,,0980803,生產中,18化學材料及肥料製造業  ,183肥料及氮化合物  
11508.csv,聯成鋼鐵股份有限公司桃園廠,99623583,07710000282756,桃園市新屋區石磊里中華路996號,桃園市新屋區石磊里,葉石成　　　,22822748,股份有限公司,0771108,0790412,生產中,24基本金屬製造業  ,241鋼鐵  
11508.csv,聯興鋼鐵有限公司,13000830,,屏東縣新園鄉新園村龍洲一路702號,屏東縣新園鄉新園村,阮睿琦,89196766,有限公司,,1120504,生產中,25金屬製品製造業  ,252金屬結構及建築組件  
11508.csv,聲威企業社,99700571,,新竹縣芎林鄉新鳳村3鄰倒別牛7-1號１樓,新竹縣芎林鄉新鳳村,劉倩菲,17324101,合夥,,0980409,生產中,29機械設備製造業、33其他製造業  ,293通用機械設備、339未分類其他製品  
11508.csv,聲宏鋼鐵企業有限公司,S6602694,,臺中市烏日區北里里太明路149-1號,臺中市烏日區北里里,謝瑞仁,28500174,有限公司,,1140902,生產中,25金屬製品製造業  ,254金屬加工處理  
11508.csv,育騰食品生技有限公司,65011589,,新北市八里區大崁里觀海大道243號,新北市八里區大崁里,王駿瑜,94190637,有限公司,,1121227,生產中,08食品製造業  ,086碾榖、磨粉及澱粉製品、089其他食品  
11508.csv,興業電機有限公司,99661128,08810011308010,臺南市永康區南灣里大灣東路22巷21、23號,臺南市永康區南灣里,何孟津,23242141,有限公司,0880629,0891202,生產中,28電力設備及配備製造業  ,281發電、輸電及配電機械  
11508.csv,興權企業有限公司,63022560,,臺北市南港區西新里南港路三段八十巷二十九號,臺北市南港區西新里,蔡伊珍,90424296,有限公司,,1110111,生產中,25金屬製品製造業、30汽車及其零件製造業、31其他運輸工具及其零件製造業  ,259其他金屬製品、303汽車零件、312機車及其零件  
11508.csv,繁雄企業股份有限公司,99613320,06810000131735,新北市樹林區東山里中華路三七九巷二七號,新北市樹林區東山里,朱繁雄,34188242,股份有限公司,0580101,0680704,生產中,27電腦、電子產品及光學製品製造業、26電子零組件製造業、29機械設備製造業、25金屬製品製造業  ,271電腦及其週邊設備、272通訊傳播設備、275量測、導航、控制設備及鐘錶、269其他電子零組件、293通用機械設備、251金屬刀具、手工具及模具  
11508.csv,群智鋁業股份有限公司,99707668,,桃園市平鎮區平南里天津街219號,桃園市平鎮區平南里,張孝廉,22618648,股份有限公司,,0970619,生產中,24基本金屬製造業、25金屬製品製造業  ,242鋁、254金屬加工處理  
11508.csv,義方行鋼鐵股份有限公司,99602140,07610000269366,新北市五股區興珍里五工二路118號,新北市五股區興珍里,楊智超,22521291,股份有限公司,0761012,0790723,生產中,24基本金屬製造業、25金屬製品製造業、29機械設備製造業  ,249其他基本金屬、259其他金屬製品、293通用機械設備、251金屬刀具、手工具及模具  
11508.csv,翊創國際企業股份有限公司,S6401138,,高雄市岡山區竹圍里新庄路11-42號,高雄市岡山區竹圍里,陳顗任,24297489,股份有限公司,,1130909,生產中,25金屬製品製造業  ,259其他金屬製品  
11508.csv,翔展生物科技有限公司牛埔廠,18000248,,新竹市香山區埔前里牛埔東路526巷2號,新竹市香山區埔前里,曾文成,24202414,有限公司,,1051011,生產中,19其他化學製品製造業  ,193清潔用品及化粧品  
11508.csv,翔鷹桁架有限公司,03000168,,桃園市平鎮區平南里中豐路南勢2段460巷37號5樓,桃園市平鎮區平南里,胡文祥,24266985,有限公司,,0991215,生產中,29機械設備製造業  ,291金屬加工用機械設備  
11508.csv,聖寶貿易有限公司,64009183,,高雄市大寮區大寮里裕民街39號,高雄市大寮區大寮里,張雅鈴,85073947,有限公司,,1101122,生產中,24基本金屬製造業、25金屬製品製造業  ,242鋁、243銅、259其他金屬製品  
11508.csv,聖達昌有限公司二廠,S6601863,,臺中市梧棲區興農里中央路一段292之6號1樓,臺中市梧棲區興農里,許斯閔,24833242,有限公司,,1120509,生產中,25金屬製品製造業  ,259其他金屬製品  
11508.csv,聯今鋼鐵有限公司,99695874,,新北市三重區頂崁里光復路二段一０二巷二六號一樓、二樓及二八號一樓,新北市三重區頂崁里,楊宗榮,23205151,有限公司,,0950829,生產中,25金屬製品製造業  ,252金屬結構及建築組件  
11508.csv,聯今鋼鐵有限公司大甲廠,S6600857,,臺中市大甲區德化里東西七路一段405號,臺中市大甲區德化里,楊宗榮,23205151,有限公司,,1090819,生產中,32家具製造業  ,320家具  
11508.csv,聯茂電子股份有限公司新埔廠,04000241,,新竹縣新埔鎮內立里大魯閣路17號,新竹縣新埔鎮內立里,何居穎,97179403,股份有限公司,,1020613,生產中,26電子零組件製造業  ,263印刷電路板  
11508.csv,聿新生物科技股份有限公司台南一廠,67002425,,臺南市新市區永就里光華街1號3樓、4樓,臺南市新市區永就里,楊金昌,16930971,股份有限公司,,1080704,生產中,33其他製造業  ,332醫療器材及用品  
11508.csv,舒果蕾有限公司仁武廠,64009982,,高雄市仁武區烏林里仁林路148號1樓,高雄市仁武區烏林里,蕭高敏,59242813,有限公司,,1131101,生產中,08食品製造業  ,083蔬果加工、085乳品、089其他食品  
11508.csv,英豐造紙股份有限公司,99649028,06210000054241,彰化縣員林市中央里中央路500號,彰化縣員林市中央里,王英仁　　　,59076265,股份有限公司,0580101,0680628,生產中,15紙漿、紙及紙製品製造業  ,159其他紙製品  
11508.csv,美商正暘國際股份有限公司台灣分公司,68006838,,桃園市中壢區永福里中園路168之3號6樓,桃園市中壢區永福里,KOTTMEYER EDWARD ARTHUR,58124107,外國公司之分公司,,1140623,生產中,16印刷及資料儲存媒體複製業  ,160印刷及資料儲存媒體複製  
11508.csv,群曜特殊鋼股份有限公司,99713771,,臺中市大里區仁化里工業九路130號,臺中市大里區仁化里,張金生,84561595,股份有限公司,,0990723,生產中,24基本金屬製造業、25金屬製品製造業  ,241鋼鐵、259其他金屬製品  
11508.csv,群毅工業有限公司中壢廠,99624513,09010003351425,桃園市中壢區過嶺里４鄰福祥路２８９巷５號,桃園市中壢區過嶺里,陳建良,16342952,有限公司,0900208,0900216,生產中,25金屬製品製造業、24基本金屬製造業  ,241鋼鐵、243銅、259其他金屬製品  
11508.csv,翔強國際股份有限公司,99725309,,南投縣南投市新興里成功三路347號,南投縣南投市新興里,陳于凡,24379019,股份有限公司,,0990511,生產中,28電力設備及配備製造業  ,281發電、輸電及配電機械  
11508.csv,翔強國際股份有限公司二廠,08000605,,南投縣南投市三興里文化南路233巷380號,南投縣南投市三興里,陳于凡,24379019,股份有限公司,,1150629,生產中,26電子零組件製造業、28電力設備及配備製造業  ,262被動電子元件、281發電、輸電及配電機械、289其他電力設備及配備  
11508.csv,翠豐茶業行銷有限公司,08000510,,南投縣名間鄉新光村虎坑巷52之18號,南投縣名間鄉新光村,林志遠,24224178,有限公司,,1130611,生產中,08食品製造業  ,089其他食品  
11508.csv,老永昌商行,99630497,06810000222721,新竹縣新埔鎮文山里文山路亞東段１號,新竹縣新埔鎮文山里,劉逢生　　　,46124200,獨資,0580101,0681129,生產中,08食品製造業  ,086碾榖、磨粉及澱粉製品  
11508.csv,聖帽企業有限公司,99660388,07510011111104,臺南市仁德區一甲里太乙六街61號,臺南市仁德區一甲里,陳永記　　　,69662243,有限公司,0750920,0751110,生產中,25金屬製品製造業  ,259其他金屬製品  
11508.csv,聖鈁金屬工業股份有限公司,99648329,07510007051484,彰化縣花壇鄉白沙村溪北街１１３號,彰化縣花壇鄉白沙村,張德松　,22060369,股份有限公司,0750228,0750322,生產中,24基本金屬製造業  ,242鋁、249其他基本金屬  
11508.csv,聯僑鋼鐵股份有限公司,99663752,06410012045341,高雄市仁武區烏林里仁心路３３３號,高雄市仁武區烏林里,郭上輝,83438302,股份有限公司,0791231,0791231,生產中,24基本金屬製造業  ,241鋼鐵  
11508.csv,聯億精密工業股份有限公司,65005436,,新北市五股區更寮里中興路2段117號,新北市五股區更寮里,張和明,23109241,股份有限公司,,1051111,生產中,25金屬製品製造業  ,251金屬刀具、手工具及模具  
11508.csv,聯昇企業社三廠,S0701332,,彰化縣埔心鄉埔心村武英北路546號,彰化縣埔心鄉埔心村,黃永濂,14623339,合夥,,1091005,生產中,24基本金屬製造業、25金屬製品製造業  ,241鋼鐵、252金屬結構及建築組件  
11508.csv,聯昇企業社二廠,S0701331,,彰化縣埔心鄉二重村瑤鳳路三段127巷17號,彰化縣埔心鄉二重村,黃永濂,14623339,合夥,,1091005,生產中,24基本金屬製造業、25金屬製品製造業  ,241鋼鐵、252金屬結構及建築組件、254金屬加工處理  
11508.csv,聯華電子股份有限公司Fab12A廠,94A00004,,臺南市新市區豐華里南科二路18號.20號,臺南市新市區豐華里,吳宗賢,47217677,股份有限公司,,0900830,生產中,26電子零組件製造業、24基本金屬製造業、18化學材料及肥料製造業  ,261半導體、243銅、181化學原材料  
11508.csv,能友企業股份有限公司,S1300445,,屏東縣長治鄉榮華村信義路287-8號,屏東縣長治鄉榮華村,林晉吉,90767243,股份有限公司,,1140923,生產中,22塑膠製品製造業  ,220塑膠製品  
11508.csv,能友企業股份有限公司二廠,S1300088,,屏東縣長治鄉榮華村繁華路38號,屏東縣長治鄉榮華村,林晉吉,90767243,有限公司,,1090615,生產中,22塑膠製品製造業  ,220塑膠製品  
11508.csv,能友企業股份有限公司二廠,S1300469,,屏東縣長治鄉榮華村繁華路38號,屏東縣長治鄉榮華村,林晉吉,90767243,股份有限公司,,1150727,生產中,22塑膠製品製造業  ,220塑膠製品  
11508.csv,能吉企業股份有限公司,99651247,07510000209600,彰化縣和美鎮鎮平里輝南路一０八號,彰化縣和美鎮鎮平里,楊能廣　　　,23237105,股份有限公司,0750729,0750729,生產中,25金屬製品製造業、24基本金屬製造業  ,259其他金屬製品、243銅  
11508.csv,臺灣理研工業股份有限公司,99602678,05810000001317,新北市五股區成泰里成泰路3段41號,新北市五股區成泰里,何政廷,35500993,股份有限公司,0580101,0580101,生產中,24基本金屬製造業、25金屬製品製造業、29機械設備製造業、30汽車及其零件製造業、31其他運輸工具及其零件製造業  ,241鋼鐵、254金屬加工處理、293通用機械設備、303汽車零件、312機車及其零件  
11508.csv,美芳堂糕餅有限公司,99703981,,臺中市太平區中興里永平路２段４７６巷６６弄２０號,臺中市太平區中興里,賴永安,28024138,有限公司,,0951124,生產中,08食品製造業  ,089其他食品  
11508.csv,美萌科技股份有限公司,94A00327,,臺南市新市區豐華里 環東路一段31巷22號2、3、4樓、26號2樓,臺南市新市區豐華里,魏聰哲,24251218,股份有限公司,,1010409,生產中,33其他製造業  ,332醫療器材及用品  
11508.csv,群燁精密有限公司,66010409,,臺中市太平區太平里永平路三段242號,臺中市太平區太平里,邱莉敏,90284041,有限公司,,1120116,生產中,25金屬製品製造業、29機械設備製造業  ,254金屬加工處理、259其他金屬製品、293通用機械設備  
11508.csv,義田工業股份有限公司,99659059,07310000128594,臺南市山上區明和里北勢洲93號,臺南市山上區明和里,邱建銘,72215037,股份有限公司,0730618,0740319,生產中,24基本金屬製造業  ,241鋼鐵  
11508.csv,翊弘金屬業股份有限公司,99633820,08310006155265,臺中市大甲區日南里幼九路13號,臺中市大甲區日南里,謝鈞洲,05807124,股份有限公司,0830601,0770315,生產中,24基本金屬製造業  ,241鋼鐵  
11508.csv,翔擷企業股份有限公司,99680918,,彰化縣員林市西東里浮圳路一段３３２巷３５號,彰化縣員林市西東里,林裕程,24287686,股份有限公司,,0980327,生產中,25金屬製品製造業、30汽車及其零件製造業、31其他運輸工具及其零件製造業  ,259其他金屬製品、303汽車零件、312機車及其零件、313自行車及其零件  
11508.csv,翔新企業股份有限公司桃園廠,99622344,08410000654627,桃園市桃園區大林里興邦路四三巷一號,桃園市桃園區大林里,呂寬明　　,84570243,股份有限公司,0841107,0841222,生產中,11紡織業  ,114染整  
11508.csv,翰德精密工業股份有限公司,81100083,,屏東縣長治鄉德和村神農東路22號,屏東縣長治鄉德和村,鍾宇,54921572,股份有限公司,,1100511,生產中,24基本金屬製造業  ,241鋼鐵  
11508.csv,聖鑫興業股份有限公司岡山廠,99685087,,高雄市岡山區灣裡里岡山北路18-6號,高雄市岡山區灣裡里,王全明,79954487,股份有限公司,,0920123,生產中,24基本金屬製造業  ,242鋁  
11508.csv,聖鑫興業股份有限公司保安廠,67004256,,臺南市仁德區保安里開發六路36號,臺南市仁德區保安里,王全明,79954487,股份有限公司,,1150122,生產中,24基本金屬製造業  ,242鋁  
11508.csv,肯一鋼鐵企業有限公司,S6400323,,高雄市橋頭區頂鹽里典昌路５９號,高雄市橋頭區頂鹽里,劉方展香,86452988,有限公司,,1090814,生產中,25金屬製品製造業  ,254金屬加工處理  
11508.csv,肯一鋼鐵企業有限公司三廠,S6401197,,高雄市橋頭區頂鹽里通港路5之1號,高雄市橋頭區頂鹽里,劉方展香,86452988,有限公司,,1140402,生產中,25金屬製品製造業  ,254金屬加工處理  
11508.csv,肯一鋼鐵企業有限公司二廠,S6400163,,高雄市橋頭區頂鹽里典昌路59之1號,高雄市橋頭區頂鹽里,劉方展香,86452988,有限公司,,1090707,生產中,25金屬製品製造業  ,252金屬結構及建築組件  
11508.csv,能瑋不銹鋼有限公司,S0700054,,彰化縣大村鄉黃厝村山腳路60-2號,彰化縣大村鄉黃厝村,賴杉平,70662179,有限公司,,1090428,生產中,24基本金屬製造業、25金屬製品製造業  ,241鋼鐵、254金屬加工處理  
11508.csv,致富鋁業股份有限公司,99705724,,臺南市安南區鹽田里工業二路68號,臺南市安南區,陳維華,27812213,股份有限公司,,0950811,生產中,24基本金屬製造業  ,242鋁  
11508.csv,致成精密有限公司,99624312,08610003308527,桃園市平鎮區廣仁里大昌路57巷6號1樓,桃園市平鎮區廣仁里,王贛元　,16271160,有限公司,0870106,0870319,生產中,25金屬製品製造業、29機械設備製造業  ,251金屬刀具、手工具及模具、291金屬加工用機械設備、293通用機械設備  
11508.csv,致承科技有限公司,99705795,,臺南市南區彰南里新樂路30之2號2樓,臺南市南區彰南里,皮建峯,24361117,有限公司,,0960214,生產中,25金屬製品製造業、26電子零組件製造業  ,259其他金屬製品、269其他電子零組件  
11508.csv,興南鑄造廠股份有限公司山上一廠,99658993,08310000152076,臺南市山上區明和里興旺路198號,臺南市山上區明和里,鄧景名,69004902,股份有限公司,0830309,0860324,生產中,24基本金屬製造業  ,241鋼鐵  
11508.csv,興南鑄造廠股份有限公司山上三廠,11000022,,臺南市山上區明和里興旺路198之1號,臺南市山上區明和里,鄧景名,69004902,股份有限公司,,0991118,生產中,24基本金屬製造業  ,241鋼鐵  
11508.csv,興南鑄造廠股份有限公司永康廠,99660385,06010000078216,臺南市永康區塩洲里洲尾街72號,臺南市永康區塩洲里,鄧景名,69004902,股份有限公司,0600824,0640115,生產中,24基本金屬製造業、25金屬製品製造業  ,241鋼鐵、259其他金屬製品  
11508.csv,興潤實業有限公司,99618484,07510001275354,新北市新莊區丹鳳里丹鳳街六０巷一弄一號,新北市新莊區丹鳳里,曾進財,22243207,有限公司,0750904,0751024,生產中,25金屬製品製造業、29機械設備製造業  ,259其他金屬製品、293通用機械設備  
11508.csv,興澤精密有限公司,66011711,,臺中市太平區宜欣里富平路37巷15號,臺中市太平區宜欣里,林澤年,24232992,有限公司,,1140324,生產中,29機械設備製造業  ,292其他專用機械設備  
11508.csv,罡鼎有限公司三星廠,99706187,,宜蘭縣三星鄉大隱村大埔中路233巷51弄3號,宜蘭縣三星鄉大隱村,吳順益,22435802,有限公司,,0960207,生產中,29機械設備製造業  ,292其他專用機械設備  
11508.csv,罡鼎有限公司成功廠,S0200053,,宜蘭縣三星鄉集慶村集賢一路38號,宜蘭縣三星鄉集慶村,吳順益,22435802,有限公司,,1091119,生產中,29機械設備製造業  ,293通用機械設備  
11508.csv,義益農產有限公司,S1000127,,嘉義縣太保市後庄里後庄10-6號,嘉義縣太保市後庄里,湯蕙禎,24438241,有限公司,,1090629,生產中,08食品製造業  ,089其他食品  
11508.csv,翊昌科技股份有限公司,66012428,,臺中市西屯區協和里工業區41路8、10號,臺中市西屯區協和里,江政晏,60363424,股份有限公司,,1150515,生產中,25金屬製品製造業  ,254金屬加工處理、259其他金屬製品  
11508.csv,翔智實業股份有限公司,99641626,,臺中市大雅區二和里雅環路一段307號,臺中市大雅區二和里,蔣玉玲,23005301,股份有限公司,,0780619,生產中,25金屬製品製造業、29機械設備製造業、24基本金屬製造業  ,241鋼鐵、251金屬刀具、手工具及模具、253金屬容器、293通用機械設備  
11508.csv,耆洺有限公司,07004808,,彰化縣花壇鄉橋頭村花橋街42巷5號,彰化縣花壇鄉橋頭村,李耆明,90241938,有限公司,,1110615,生產中,29機械設備製造業  ,293通用機械設備  
11508.csv,聖方電機興業有限公司,09000588,10510009600042,雲林縣虎尾鎮穎川里頂南58-9號1樓,雲林縣虎尾鎮穎川里,李柏儀,24267773,有限公司,1050507,1050519,生產中,25金屬製品製造業  ,259其他金屬製品  
11508.csv,聯助金屬企業有限公司鳳山廠,99685278,,高雄市鳳山區鎮北里鳳仁路１００之１００號,高雄市鳳山區鎮北里,王丁興,75946417,有限公司,,0920522,生產中,24基本金屬製造業  ,243銅  
11508.csv,聯誠金屬工業股份有限公司,99635902,,臺中市大甲區日南里東六街23號,臺中市大甲區日南里,黃瑞棻,84201403,股份有限公司,,0890417,生產中,24基本金屬製造業、25金屬製品製造業、27電腦、電子產品及光學製品製造業、29機械設備製造業  ,241鋼鐵、259其他金屬製品、271電腦及其週邊設備、293通用機械設備  
11508.csv,肯岳亞股份有限公司,S6600541,,臺中市南屯區寶山里文山北巷1-5號,臺中市南屯區寶山里,趙美芳,23243063,股份有限公司,,1090717,生產中,29機械設備製造業  ,292其他專用機械設備、293通用機械設備  
11508.csv,肯尼信通信器材工程有限公司,65006041,,新北市泰山區貴和里明志路3段432巷21號,新北市泰山區貴和里,王榮基,16681241,有限公司,,1060622,生產中,25金屬製品製造業、27電腦、電子產品及光學製品製造業  ,251金屬刀具、手工具及模具、272通訊傳播設備  
11508.csv,致瑞工業有限公司,99610512,08810001024208,新北市新莊區福基里化成路七四六巷三弄一九號,新北市新莊區福基里,黃聰富,16693507,有限公司,0880205,0880310,生產中,29機械設備製造業、25金屬製品製造業  ,293通用機械設備、251金屬刀具、手工具及模具  
11508.csv,舜強興業有限公司,99712991,,臺中市神岡區社南里中山路８５１巷２０號,臺中市神岡區社南里,陳柏強,24218443,有限公司,,0971001,生產中,25金屬製品製造業、29機械設備製造業、30汽車及其零件製造業、31其他運輸工具及其零件製造業  ,259其他金屬製品、293通用機械設備、303汽車零件、313自行車及其零件  
11508.csv,緯澤生技有限公司化妝品廠,67002350,,臺南市仁德區土庫里大順路50號B區,臺南市仁德區土庫里,林經澤,22243473,有限公司,,1080424,生產中,19其他化學製品製造業  ,193清潔用品及化粧品  
11508.csv,緯澤生技有限公司仁德廠,99709674,,臺南市仁德區土庫里大順路50號A區,臺南市仁德區土庫里,林經澤,22243473,有限公司,,0951201,生產中,08食品製造業  ,089其他食品  
11508.csv,羅德科技印刷有限公司,99635242,07810006054415,臺中市梧棲區中和里文化路二段185號,臺中市梧棲區中和里,陳蔚宗,70616675,有限公司,0780420,,生產中,16印刷及資料儲存媒體複製業  ,160印刷及資料儲存媒體複製  
11508.csv,群盛精密機械有限公司,99719228,,新北市樹林區圳安里俊英街一一六巷一一號(一樓),新北市樹林區圳安里,莊宗原,24391908,有限公司,,0980423,生產中,29機械設備製造業  ,292其他專用機械設備  
11508.csv,群祐企業股份有限公司,S6600079,,臺中市大雅區員林里大林路271巷36-6號,臺中市大雅區員林里,黃明文,24298712,股份有限公司,,1090629,生產中,22塑膠製品製造業  ,220塑膠製品  
11508.csv,義福企業股份有限公司,64003921,7464037680,高雄市前鎮區明孝里漁港北三路４４號,高雄市前鎮區明孝里,黃耀明,06699242,股份有限公司,0741120,0741127,生產中,22塑膠製品製造業、18化學材料及肥料製造業  ,220塑膠製品、184塑膠及合成橡膠原料  
11508.csv,義紘有限公司,07002536,,彰化縣彰化市西勢里自強南路288巷43號1樓,彰化縣彰化市西勢里,李遠明,24204172,有限公司,,1070423,生產中,25金屬製品製造業  ,259其他金屬製品  
11508.csv,翊泰實業股份有限公司,99629278,07210003019925,桃園市蘆竹區內厝里南山路２段２０５巷４９號及６８號,桃園市蘆竹區內厝里,吳經貿,04689698,股份有限公司,0720305,0731123,生產中,24基本金屬製造業、25金屬製品製造業、29機械設備製造業  ,259其他金屬製品、293通用機械設備、241鋼鐵  
11508.csv,翊生科技股份有限公司新竹三廠,04000448,,新竹縣新豐鄉後湖村後湖子116號,新竹縣新豐鄉後湖村,許金財,53074178,股份有限公司,,1040915,生產中,24基本金屬製造業、25金屬製品製造業  ,242鋁、252金屬結構及建築組件、259其他金屬製品  
11508.csv,翰沅企業有限公司,64006695,,高雄市大樹區竹寮里竹寮路958-1號,高雄市大樹區竹寮里,陳華政,24259746,有限公司,,1020227,生產中,19其他化學製品製造業  ,193清潔用品及化粧品  
11508.csv,翰琦科技工業有限公司,07002423,,彰化縣福興鄉二港村臨海路一段515號,彰化縣福興鄉二港村,黃士榮,42564901,有限公司,,1070115,生產中,25金屬製品製造業  ,259其他金屬製品  
11508.csv,耐超鋼品股份有限公司,07000997,,彰化縣秀水鄉安溪村安鶴路86巷5號1樓,彰化縣秀水鄉安溪村,江成田,27297716,股份有限公司,,1021029,生產中,25金屬製品製造業  ,254金屬加工處理  
11508.csv,聖旻金屬股份有限公司,99634596,05810000631061,臺中市霧峰區丁台里丁臺路456巷20號1樓、22號,臺中市霧峰區丁台里,魏錦樑,23773822,股份有限公司,0580101,0720905,生產中,24基本金屬製造業  ,241鋼鐵  
11508.csv,聖昌鋼鐵材料行,S0200030,,宜蘭縣五結鄉上四村向上路26號,宜蘭縣五結鄉上四村,陳星儒,14893488,獨資,,1090713,生產中,25金屬製品製造業  ,252金屬結構及建築組件  
11508.csv,聚亨企業股份有限公司三廠,99662613,08710012197207,高雄市岡山區為隨里為隨西路71-2號,高雄市岡山區為隨里,黃文松,79841479,股份有限公司,0871020,0871111,生產中,24基本金屬製造業、25金屬製品製造業  ,241鋼鐵、254金屬加工處理、259其他金屬製品  
11508.csv,聚亨企業股份有限公司二廠,99662612,07810012098867,高雄市岡山區為隨里為隨西路71-1號,高雄市岡山區為隨里,黃文松,79841479,股份有限公司,0791231,0791231,生產中,24基本金屬製造業、25金屬製品製造業、18化學材料及肥料製造業  ,241鋼鐵、254金屬加工處理、259其他金屬製品、181化學原材料  
11508.csv,聚儷精密工業股份有限公司,99645895,08810007354338,彰化縣花壇鄉北口村口庄街３２９號,彰化縣花壇鄉北口村,陳義振,59322077,股份有限公司,0880920,0881006,生產中,24基本金屬製造業、25金屬製品製造業  ,241鋼鐵、251金屬刀具、手工具及模具  
11508.csv,聚光照明科技有限公司,99721682,,高雄市鳳山區武慶里輜汽北二路15號,高雄市鳳山區武慶里,劉育吟,25024248,有限公司,,0990618,生產中,28電力設備及配備製造業  ,284照明設備及配備  
11508.csv,聯楹實業股份有限公司,99711303,,臺南市歸仁區崙頂里高發三路一段36號,臺南市歸仁區崙頂里,黃俊宏,84989535,股份有限公司,,0961016,生產中,24基本金屬製造業  ,242鋁  
11508.csv,聯議工業有限公司,99649939,08310007018241,彰化縣福興鄉外中村外中街１８８號,彰化縣福興鄉外中村,梁慶杉　,96892970,有限公司,0830820,0850416,生產中,22塑膠製品製造業  ,220塑膠製品  
11508.csv,聯豐鋼品企業社,07005296,,彰化縣社頭鄉協和村後路巷14-33號1樓,彰化縣社頭鄉協和村,黃駿斌,82581173,獨資,,1120919,生產中,25金屬製品製造業  ,252金屬結構及建築組件  
11508.csv,興祥機械工程股份有限公司,99630677,06410000077776,新竹縣竹北市泰和里中華路987號,新竹縣竹北市泰和里,呂祥興　　　,47124312,股份有限公司,0580101,0661124,生產中,25金屬製品製造業、28電力設備及配備製造業  ,254金屬加工處理、284照明設備及配備  
11508.csv,舜暉鋼鐵股份有限公司,66010090,,臺中市太平區德隆里園區三路5號,臺中市太平區德隆里,林淵源,22066461,股份有限公司,,1110704,生產中,25金屬製品製造業  ,259其他金屬製品  
11508.csv,舜暉鋼鐵股份有限公司太平廠,99701396,,臺中市太平區建國里鵬儀路二九六巷六弄六號,臺中市太平區建國里,林淵源,22066461,股份有限公司,,0921203,生產中,25金屬製品製造業  ,254金屬加工處理  
11508.csv,羅東鋼鐵廠股份有限公司大興廠,02000589,,宜蘭縣冬山鄉大興村龍祥十路9號,宜蘭縣冬山鄉大興村,吳傑銘,42010509,股份有限公司,,1150127,生產中,25金屬製品製造業  ,254金屬加工處理  
11508.csv,羅東鋼鐵廠股份有限公司利澤廠,99620131,08210000074169,宜蘭縣五結鄉成興村五濱路一段223號,宜蘭縣五結鄉成興村,丁建洲,42010509,股份有限公司,0830107,0860704,生產中,24基本金屬製造業  ,241鋼鐵  
11508.csv,羅東鋼鐵廠股份有限公司廣興廠,99721061,,宜蘭縣冬山鄉廣興村廣興路680巷100號,宜蘭縣冬山鄉廣興村,吳傑銘,42010509,股份有限公司,,0990625,生產中,25金屬製品製造業  ,252金屬結構及建築組件  
11508.csv,羅東鋼鐵廠股份有限公司煉鋼廠,99721056,,宜蘭縣蘇澳鎮龍德里德興一路57號、冬山鄉大興村德興一路59號、五結鄉成興村五濱路1段223號,宜蘭縣蘇澳鎮龍德里,張正宗,42010509,股份有限公司,,0990527,生產中,24基本金屬製造業  ,241鋼鐵  
11508.csv,羅東鋼鐵廠股份有限公司龍德廠,99620976,,宜蘭縣蘇澳鎮龍德里德興一路５１、５７號,宜蘭縣蘇澳鎮龍德里,陳建宏,42010509,股份有限公司,,0930921,生產中,24基本金屬製造業  ,241鋼鐵  
11508.csv,羅東鋼鐵廠股份有限公司龍祥廠,02000419,,宜蘭縣冬山鄉大興村龍祥十路7之1號,宜蘭縣冬山鄉大興村,吳傑銘,42010509,股份有限公司,,1100527,生產中,23非金屬礦物製品製造業、25金屬製品製造業  ,239其他非金屬礦物製品、254金屬加工處理  
11508.csv,美大商標織造廠有限公司,99612410,07510001066412,新北市新莊區化成里化成路一九０巷一０號,新北市新莊區化成里,林志銓,36125476,有限公司,0750313,0750331,生產中,11紡織業  ,115紡織品  
11508.csv,美達利實業有限公司,S0700212,,彰化縣花壇鄉劉厝村明德街489巷10弄31號,彰化縣花壇鄉劉厝村,林家豪,22124379,有限公司,,1090508,生產中,30汽車及其零件製造業、22塑膠製品製造業  ,303汽車零件、220塑膠製品  
11508.csv,義興製冰有限公司,68001077,,桃園市龜山區新路里中和南路323號1樓,桃園市龜山區新路里,李正全,24224310,有限公司,,1060206,生產中,08食品製造業  ,089其他食品  
11508.csv,義興製冰有限公司南上廠,68005358,,桃園市龜山區大坑里南上路510號(1樓),桃園市龜山區大坑里,李正全,24224310,有限公司,,1120308,生產中,08食品製造業  ,089其他食品  
11508.csv,翊翔電機有限公司,07002438,,彰化縣和美鎮鐵山里彰美路三段20巷28號,彰化縣和美鎮鐵山里,王冠君,80483372,有限公司,,1070118,生產中,27電腦、電子產品及光學製品製造業、28電力設備及配備製造業  ,275量測、導航、控制設備及鐘錶、281發電、輸電及配電機械  
11508.csv,翊翰有限公司,99713270,,臺中市梧棲區大村里立德街290巷1號,臺中市梧棲區大村里,阮氏玉緣,24272142,有限公司,,0980601,生產中,29機械設備製造業  ,292其他專用機械設備、293通用機械設備  
11508.csv,翔煒橡膠工業有限公司,66004780,,臺中市外埔區水美里二崁路706巷47號,臺中市外埔區水美里,陳廣誌,22222414,有限公司,,1050804,生產中,21橡膠製品製造業  ,210橡膠製品  
11508.csv,翔煒橡膠工業有限公司,99602774,07510001195190,新北市樹林區北園里民權街五巷三一號,新北市樹林區北園里,陳廣誌,22222414,有限公司,0750627,0750729,生產中,21橡膠製品製造業、21橡膠製品製造業  ,210橡膠製品  
11508.csv,耕享企業股份有限公司,64006402,,高雄市橋頭區中崎里通燕路１０號,高雄市橋頭區中崎里,陳瑞霖,27228140,股份有限公司,,1001111,生產中,24基本金屬製造業、25金屬製品製造業  ,242鋁、254金屬加工處理  
11508.csv,聖智榮工程有限公司,68000894,,桃園市大園區田心里國際路一段201號,桃園市大園區田心里,蔡瑞紋,24387931,有限公司,,1051006,生產中,25金屬製品製造業  ,252金屬結構及建築組件、254金屬加工處理  
11508.csv,聖曜科技股份有限公司,65009078,,新北市五股區興珍里五工三路106巷2號4樓,新北市五股區興珍里,葉昱笭,24253264,股份有限公司,,1091217,生產中,27電腦、電子產品及光學製品製造業  ,271電腦及其週邊設備  
11508.csv,聖東鐵桶股份有限公司,99712436,,高雄市路竹區北嶺里中山南路９０號,高雄市路竹區北嶺里,劉名哲,23819904,股份有限公司,,0980501,生產中,25金屬製品製造業  ,254金屬加工處理  
11508.csv,聚和國際股份有限公司大發一廠,99685489,,高雄市大寮區潮寮里華東路28號,高雄市大寮區潮寮里,郭聰田,04243562,股份有限公司,,0930324,生產中,15紙漿、紙及紙製品製造業、22塑膠製品製造業  ,159其他紙製品、220塑膠製品  
11508.csv,聚和國際股份有限公司大發二廠,99705126,,高雄市大寮區潮寮里華東路２８號,高雄市大寮區潮寮里,郭聰田,04243562,股份有限公司,,0951002,生產中,19其他化學製品製造業  ,199未分類其他化學製品  
11508.csv,聯合永大實業股份有限公司,99684351,,臺南市永康區龍潭里龍潭街15號,臺南市永康區龍潭里,李明賢,89242614,股份有限公司,,0930203,生產中,25金屬製品製造業  ,254金屬加工處理  
11508.csv,聯合豐製帽股份有限公司,99642427,07210000164086,臺中市清水區清水里光華路四三巷一三號,臺中市清水區清水里,蔡裕圳,56693362,股份有限公司,0720812,0720827,生產中,12成衣及服飾品製造業、22塑膠製品製造業  ,220塑膠製品、123服飾品  
11508.csv,聯迎興企業有限公司桃園廠,99624375,08010003005986,桃園市蘆竹區內厝里南山路二段三五七巷三六弄一三號,桃園市蘆竹區內厝里,陳清益　　　,09455620,有限公司,0800819,0800830,生產中,19其他化學製品製造業  ,199未分類其他化學製品  
11508.csv,肯達陶瓷工業有限公司桃園廠,99624109,,桃園市大溪區瑞興里大鶯路１０１７號,桃園市大溪區瑞興里,孫慈霠,86630891,有限公司,,0910404,生產中,23非金屬礦物製品製造業  ,239其他非金屬礦物製品  
11508.csv,臣益實業股份有限公司,99605483,08510001067260,新北市汐止區北山里康寧街169巷31之1號3樓及5樓之3,新北市汐止區北山里,陶濬,22434347,股份有限公司,0850305,0850315,生產中,26電子零組件製造業、27電腦、電子產品及光學製品製造業、28電力設備及配備製造業  ,269其他電子零組件、271電腦及其週邊設備、272通訊傳播設備、283電線及配線器材  
11508.csv,致鋒企業有限公司,99659714,07910011019007,臺南市永康區龍潭里龍中街40之1號,臺南市永康區龍潭里,陳文昌,24362262,有限公司,0790228,0800102,生產中,29機械設備製造業、25金屬製品製造業、30汽車及其零件製造業、31其他運輸工具及其零件製造業  ,293通用機械設備、259其他金屬製品、251金屬刀具、手工具及模具、303汽車零件、312機車及其零件  
11508.csv,臺灣農林股份有限公司魚池茶場,99652835,05810000007008,南投縣魚池鄉中明村有水巷三八號,南投縣魚池鄉中明村,李宜錞,27243753,本國公司之分公司,0580101,0580101,生產中,08食品製造業  ,089其他食品  
11508.csv,興統鋼鐵有限公司,03002503,,桃園市蘆竹區新興里中興二街16號,桃園市蘆竹區新興里,陳麗雲,86189798,有限公司,,1031017,生產中,25金屬製品製造業  ,254金屬加工處理  
11508.csv,興美工業股份有限公司,99659243,06110000131640,臺南市歸仁區南興里中山路3段646號A棟,臺南市歸仁區南興里,吳勝豐,68992771,股份有限公司,0611218,0700310,生產中,30汽車及其零件製造業、31其他運輸工具及其零件製造業  ,303汽車零件、312機車及其零件  
11508.csv,舜益工業股份有限公司,99669479,08310000153984,臺中市西屯區協和里工業區三十五路32號,臺中市西屯區協和里,陳明順,22300810,股份有限公司,0830502,0830513,生產中,24基本金屬製造業、29機械設備製造業  ,241鋼鐵、293通用機械設備  
11508.csv,義芳珍食品廠,99649509,07210000100145,彰化縣田尾鄉饒平村建平路１段１１８巷１６號,彰化縣田尾鄉饒平村,葉德輝　,24167319,獨資,0720525,0720902,生產中,08食品製造業  ,085乳品、089其他食品、083蔬果加工  
11508.csv,義芳食品工廠,99652428,,南投縣南投市平山里彰南路三段二巷三弄三六號一樓,南投縣南投市平山里,林維經,61929402,獨資,,0830615,生產中,08食品製造業  ,084動植物油脂、086碾榖、磨粉及澱粉製品  
11508.csv,翊誠企業社桃園廠,68007243,,桃園市桃園區玉山里玉山街233巷18號(2樓),桃園市桃園區玉山里,郭蕙菱,09803297,合夥,,1141223,生產中,25金屬製品製造業  ,254金屬加工處理  
11508.csv,沛騰食品有限公司,65000904,,新北市汐止區環河里福德一路392巷22弄3號1、2樓,新北市汐止區環河里,黃立騰,24262405,有限公司,,1001117,生產中,08食品製造業  ,089其他食品  
11508.csv,河南鋼鐵實業股份有限公司,S0700260,,彰化縣田尾鄉海豐村和平巷臨156-1號,彰化縣田尾鄉海豐村,楊登麟,86528426,股份有限公司,,1090518,生產中,25金屬製品製造業  ,254金屬加工處理  
11508.csv,泓宥工業有限公司,13001046,,屏東縣屏東市大洲里大昌路6巷36號,屏東縣屏東市大洲里,邱姜宜君,16812433,有限公司,,1150330,生產中,25金屬製品製造業  ,254金屬加工處理  
11508.csv,波飛特有限公司大里廠,99713477,,臺中市大里區西湖里草堤路100巷19號,臺中市大里區西湖里,吳欣璇,24207804,有限公司,,0981203,生產中,19其他化學製品製造業  ,193清潔用品及化粧品  
11508.csv,泰昌鋼鐵工廠股份有限公司,99639790,06310006130972,臺中市大肚區新興里新興街48號,臺中市大肚區新興里,徐麗香,57124109,股份有限公司,0631206,0631206,生產中,24基本金屬製造業、25金屬製品製造業  ,241鋼鐵、254金屬加工處理  
11508.csv,泰昌鋼鐵材料行,99630720,08410004016833,新竹縣竹北市泰和里中華路６７６巷２１弄３號,新竹縣竹北市泰和里,曾■瑯　　　,02767401,合夥,0841121,0850504,生產中,24基本金屬製造業  ,241鋼鐵、249其他基本金屬  
11508.csv,泰豪鋼鐵股份有限公司,99713157,,臺中市烏日區光明里五光路913-1號,臺中市烏日區光明里,黃光宇,52484982,股份有限公司,,0980216,生產中,24基本金屬製造業  ,241鋼鐵  
11508.csv,泰豪鋼鐵股份有限公司五光廠,99704326,,臺中市烏日區光明里五光路913號,臺中市烏日區光明里,黃光宇,52484982,股份有限公司,,0960628,生產中,24基本金屬製造業  ,241鋼鐵  
11508.csv,泰輿科技有限公司,07000191,,彰化縣田中鎮新庄里中南路三段200號,彰化縣田中鎮新庄里,謝佳琪,24218350,有限公司,,1000519,生產中,28電力設備及配備製造業  ,281發電、輸電及配電機械、283電線及配線器材  
11508.csv,泰輿科技有限公司二廠,S0703189,,彰化縣永靖鄉永北村育才巷51弄160號,彰化縣永靖鄉永北村,謝家琪,24218350,有限公司,,1140819,生產中,28電力設備及配備製造業  ,281發電、輸電及配電機械、283電線及配線器材  
11508.csv,浚利鋼鐵材料股份有限公司,99654087,08310009081056,雲林縣斗南鎮田頭里義和二路３９巷２號,雲林縣斗南鎮田頭里,莊知和,84957365,股份有限公司,0830714,0840308,生產中,25金屬製品製造業  ,259其他金屬製品  
11508.csv,浚利鋼鐵材料股份有限公司科加二廠,09001233,,雲林縣斗六市溪洲里科加路11號,雲林縣斗六市溪洲里,莊知和,84957365,股份有限公司,,1110819,生產中,25金屬製品製造業  ,259其他金屬製品  
11508.csv,清英實業有限公司大園廠,99624168,08910000901425,桃園市大園區內海里民權路八之一號,桃園市大園區內海里,胡庶鼎,23648162,有限公司,0890315,0890410,生產中,19其他化學製品製造業、18化學材料及肥料製造業、24基本金屬製造業  ,199未分類其他化學製品、181化學原材料、243銅  
11508.csv,源良製刀工業股份有限公司,99637242,08410006285381,臺中市潭子區栗林里豐栗路133巷15號,臺中市潭子區栗林里,林森源,89583886,股份有限公司,0841130,0850131,生產中,25金屬製品製造業、29機械設備製造業  ,259其他金屬製品、293通用機械設備、251金屬刀具、手工具及模具  
11508.csv,滿寶企業有限公司,99663140,07610012096261,高雄市大寮區潮寮里田單五街１５號,高雄市大寮區潮寮里,蔡丁貳,76488184,有限公司,0791231,0791231,生產中,24基本金屬製造業  ,241鋼鐵  
11508.csv,滿廷工業有限公司,99662611,08510012186734,高雄市岡山區本洲里本洲路９１巷４號,高雄市岡山區本洲里,許瓊珠,96981993,有限公司,0851018,0851104,生產中,24基本金屬製造業、29機械設備製造業  ,241鋼鐵、293通用機械設備  
11508.csv,澔發鋼鐵有限公司,05000897,,苗栗縣後龍鎮大山里12鄰下大山脚1-6號1樓,苗栗縣後龍鎮大山里,呂學樺,60674095,有限公司,,1140623,生產中,25金屬製品製造業、25金屬製品製造業  ,252金屬結構及建築組件  
11508.csv,澤龍企業股份有限公司,99659894,06410000108928,臺南市仁德區保安里文賢路2段106號,臺南市仁德區保安里,莊榮東　　,72093626,股份有限公司,0640807,0650903,生產中,24基本金屬製造業  ,242鋁、243銅  
11508.csv,瀚泰資訊有限公司,66011205,,臺中市豐原區南嵩里水源路75巷21號,臺中市豐原區南嵩里,林岳隆,24231327,有限公司,,1130507,生產中,29機械設備製造業  ,291金屬加工用機械設備  
11508.csv,台聯金屬工業股份有限公司,99626047,08710003267677,桃園市蘆竹區內厝里長興路三段二二九巷二七號,桃園市蘆竹區內厝里,陳俞銘,89652243,股份有限公司,0870810,0871121,生產中,25金屬製品製造業  ,254金屬加工處理  
11508.csv,台騰恩科技有限公司,99718242,,新北市三重區頂崁里興德路一一一之一號一三樓,新北市三重區頂崁里,陳乾隆,28946773,有限公司,,0970407,生產中,26電子零組件製造業、27電腦、電子產品及光學製品製造業、29機械設備製造業  ,262被動電子元件、271電腦及其週邊設備、273視聽電子產品、293通用機械設備  
11508.csv,吉夏企業有限公司,99671920,07310019002081,臺中市西屯區何仁里天水西2街19號,臺中市西屯區何仁里,王火杰,52434978,有限公司,0730831,0731005,生產中,27電腦、電子產品及光學製品製造業  ,272通訊傳播設備、275量測、導航、控制設備及鐘錶  
11508.csv,吉筌鋼鐵有限公司桃園廠,99687603,,桃園市桃園區汴洲里鹽庫街68巷2號,桃園市桃園區汴洲里,黃雪燕,97476255,有限公司,,0930420,生產中,25金屬製品製造業  ,259其他金屬製品  
11508.csv,向陽礦業股份有限公司,99666434,06410014171157,臺東縣臺東市豐年里臺東縣臺東市中興路三段五七九巷二十四號,臺東縣臺東市豐年里,馬素華,93642423,股份有限公司,0641205,0650510,生產中,23非金屬礦物製品製造業、19其他化學製品製造業、18化學材料及肥料製造業  ,239其他非金屬礦物製品、192塗料、染料及顏料、183肥料及氮化合物  
11508.csv,味村企業有限公司,99648121,07510000128175,彰化縣二林鎮華崙里二溪路７段２７４巷７號,彰化縣二林鎮華崙里,張竣欽　,24153791,有限公司,0750505,0760312,生產中,08食品製造業  ,089其他食品  
11508.csv,和旺工業有限公司,66002432,,臺中市豐原區南村里水源路395巷21號,臺中市豐原區南村里,黃秀琴,54605033,有限公司,,1030110,生產中,25金屬製品製造業、29機械設備製造業  ,251金屬刀具、手工具及模具、259其他金屬製品、293通用機械設備  
11508.csv,品嘉工業有限公司,99646115,07010000164242,彰化縣秀水鄉秀水村花秀路９６號,彰化縣秀水鄉秀水村,洪仁貴　　,59288541,有限公司,0701013,0710526,生產中,31其他運輸工具及其零件製造業  ,319未分類其他運輸工具及其零件  
11508.csv,員合有限公司二廠,S6601714,,臺中市霧峰區四德里新埔路85號,臺中市霧峰區四德里,黃嘉進,89802783,有限公司,,1100628,生產中,24基本金屬製造業  ,241鋼鐵  
11508.csv,商景企業股份有限公司二廠,66004319,,臺中市神岡區神洲里堤南路35號,臺中市神岡區神洲里,朱朝茂,86986935,股份有限公司,,1050127,生產中,24基本金屬製造業  ,242鋁  
11508.csv,啟豪工業股份有限公司,99683353,08010011114142,臺南市仁德區新田里勝利一街11巷5號,臺南市仁德區新田里,吳良義　　　,22565121,股份有限公司,0800829,0850228,生產中,24基本金屬製造業  ,242鋁、243銅  
11508.csv,喬成工程有限公司燕巢廠,99665453,,高雄市燕巢區安招里安林路４３號,高雄市燕巢區安招里,邱清通,84317489,有限公司,,0910830,生產中,24基本金屬製造業、25金屬製品製造業  ,241鋼鐵、254金屬加工處理  
11508.csv,嘉冠國際開發有限公司,68006585,,桃園市觀音區崙坪里崙坪五路215巷59號,桃園市觀音區崙坪里,謝沛匡,24203151,有限公司,,1140226,生產中,21橡膠製品製造業  ,210橡膠製品  
11508.csv,嘉謚科技股份有限公司關西廠,04000773,,新竹縣關西鎮大同里水坑40-5號,新竹縣關西鎮大同里,陳嘉晨,46203204,股份有限公司,,1080501,生產中,24基本金屬製造業、25金屬製品製造業  ,242鋁、251金屬刀具、手工具及模具、252金屬結構及建築組件  
11508.csv,嘉護保生技有限公司新營廠,67002414,,臺南市新營區中營里東平街26號,臺南市新營區中營里,黃冠銘,54636401,有限公司,,1080624,生產中,08食品製造業  ,089其他食品  
11508.csv,固堤企業有限公司,99621018,09010003352096,桃園市平鎮區雙連里民族路雙連2段118巷49弄16號,桃園市平鎮區雙連里,楊金花,12706050,有限公司,0900322,0900419,生產中,28電力設備及配備製造業、24基本金屬製造業  ,281發電、輸電及配電機械、243銅  
11508.csv,國盛鋼鐵股份有限公司,99678824,,彰化縣鹿港鎮頭南里南勢巷五二號,彰化縣鹿港鎮頭南里,黃哲魏,12993285,股份有限公司,,0920318,生產中,25金屬製品製造業  ,254金屬加工處理  
11508.csv,國盛鋼鐵股份有限公司二廠,S0702211,,彰化縣彰化市磚磘里水尾二路289號,彰化縣彰化市磚磘里,黃哲魏,12993285,股份有限公司,,1121124,生產中,24基本金屬製造業、25金屬製品製造業  ,249其他基本金屬、254金屬加工處理  
11508.csv,國盟股份有限公司,99664510,08310012019715,高雄市梓官區梓信里四維路181-1號,高雄市梓官區梓信里,郭采彤,89918546,股份有限公司,0830223,0840106,生產中,24基本金屬製造業、25金屬製品製造業  ,241鋼鐵、254金屬加工處理  
11508.csv,國盟股份有限公司梓官二廠,64006911,,高雄市梓官區梓信里信德街18號,高雄市梓官區梓信里,郭采彤,89918546,股份有限公司,,1021031,生產中,24基本金屬製造業  ,241鋼鐵  
11508.csv,國盟股份有限公司橋頭廠,99712454,,高雄市橋頭區芋寮里芋寮路南段３８號,高雄市橋頭區芋寮里,郭采彤,89918546,股份有限公司,,0980609,生產中,24基本金屬製造業  ,241鋼鐵  
11508.csv,國順預拌混凝土股份有限公司苗栗分公司竹南廠,99677747,,苗栗縣竹南鎮崎頂里15鄰仁愛路1633號,苗栗縣竹南鎮崎頂里,劉世煌,24255827,股份有限公司,,0980226,生產中,23非金屬礦物製品製造業  ,233水泥及其製品  
11508.csv,均毫有限公司,99605460,08210001002707,新北市鶯歌區尖山里八德路二巷一八弄四號,新北市鶯歌區尖山里,邱國賢,80073243,有限公司,0820121,0820215,生產中,22塑膠製品製造業  ,220塑膠製品  
11508.csv,大吉興商業有限公司麥寮廠,09000846,10810009600015,雲林縣麥寮鄉施厝村仁德東路495巷58號一樓,雲林縣麥寮鄉施厝村,米孝慈,24237069,有限公司,1080213,1080221,生產中,25金屬製品製造業  ,259其他金屬製品  
11508.csv,大川發鋼鐵行二廠,S6700674,,臺南市新化區全興里竹子腳258號,臺南市新化區全興里,陳麗美,14350457,獨資,,1091117,生產中,25金屬製品製造業  ,252金屬結構及建築組件  
11508.csv,大川發鋼鐵行大智廠,S6700220,,臺南市新化區豐榮里大智路186號,臺南市新化區豐榮里,陳麗美,14350457,獨資,,1091007,生產中,25金屬製品製造業  ,252金屬結構及建築組件  
11508.csv,大春機械有限公司,07006391,,彰化縣彰化市南瑤里中正路2段670巷31號1樓,彰化縣彰化市南瑤里,李芳春,24262643,有限公司,,1150417,生產中,25金屬製品製造業  ,254金屬加工處理  
11508.csv,大禹鋼鐵企業股份有限公司,99667210,06310000098932,基隆市安樂區中崙里武訓街１８號,基隆市安樂區中崙里,鄭君秀,00668073,股份有限公司,0630101,0640514,生產中,24基本金屬製造業、24基本金屬製造業  ,241鋼鐵、249其他基本金屬  
11508.csv,大鐺鑄造股份有限公司,99641578,08910006000544,臺中市霧峰區南勢里豐正路工業巷12號,臺中市霧峰區南勢里,蕭天智,23241760,股份有限公司,0890306,0891226,生產中,24基本金屬製造業  ,241鋼鐵  
11508.csv,大鐿先端科技股份有限公司工二廠,04000863,,新竹縣竹東鎮中正里工業二路96號1樓(部分使用),新竹縣竹東鎮中正里,闕聖哲,53764722,股份有限公司,,1090406,生產中,21橡膠製品製造業、21橡膠製品製造業、24基本金屬製造業  ,210橡膠製品、242鋁  
11508.csv,天寶有限公司,99601326,08910001313241,新北市汐止區環河里福德一路四五三號,新北市汐止區環河里,宋寧岡,21237071,有限公司,0891012,0891122,生產中,19其他化學製品製造業  ,199未分類其他化學製品  
11508.csv,天義鋼鐵工程有限公司桃園廠,68006353,,桃園市桃園區汴洲里鹽庫街17巷24號4樓,桃園市桃園區汴洲里,侯曉儒,28576053,有限公司,,1131011,生產中,25金屬製品製造業  ,252金屬結構及建築組件、254金屬加工處理  
11508.csv,天臻金屬工業有限公司(牛埔廠),65000941,,新北市淡水區興仁里牛埔子1之2號,新北市淡水區興仁里,葉守仁,24245080,有限公司,,1001201,生產中,24基本金屬製造業、25金屬製品製造業、29機械設備製造業  ,241鋼鐵、254金屬加工處理、293通用機械設備  
11508.csv,奇美刺繡有限公司三和廠,99696160,,新北市三重區福隆里三和路四段一０一巷一四弄二號三樓,新北市三重區福隆里,陳志華,22422807,有限公司,,0951127,生產中,11紡織業  ,115紡織品  
11508.csv,奕秀鋼鐵有限公司,63022250,,臺北市內湖區石潭里新明路一三六號,臺北市內湖區石潭里,邱奕仁,53348607,有限公司,,1010620,生產中,25金屬製品製造業、32家具製造業  ,252金屬結構及建築組件、320家具  
11508.csv,奕秀鋼鐵有限公司二廠,63022622,,臺北市內湖區石潭里新明路一０七巷二號,臺北市內湖區石潭里,邱奕仁,53348607,有限公司,,1130501,生產中,25金屬製品製造業  ,252金屬結構及建築組件、254金屬加工處理  
11508.csv,威泰鋼鐵股份有限公司,64008729,,高雄市大寮區大寮里大有四街5號,高雄市大寮區大寮里,黃伯容,86449859,股份有限公司,,1090820,生產中,29機械設備製造業  ,291金屬加工用機械設備  
11508.csv,宇挺工程有限公司工廠,S6700583,,臺南市新化區全興里竹子腳243之3號,臺南市新化區全興里,楊明芳,89578814,有限公司,,1091015,生產中,25金屬製品製造業  ,253金屬容器  
11508.csv,泓廣製網有限公司本廠,66009655,,臺中市豐原區翁子里豐勢路379巷6弄19、21號2樓,臺中市豐原區翁子里,陳伸格,82772243,有限公司,,1101207,生產中,25金屬製品製造業  ,259其他金屬製品  
11508.csv,泰一鋼鐵機械股份有限公司,99632361,07710005102790,苗栗縣竹南鎮大厝里一三鄰獅山八一之九號,苗栗縣竹南鎮大厝里,鍾光明,23063441,股份有限公司,0771024,0780920,生產中,25金屬製品製造業、29機械設備製造業  ,252金屬結構及建築組件、253金屬容器、293通用機械設備  
11508.csv,泰中金屬股份有限公司,99630629,07510000209602,新竹縣湖口鄉鳳凰村光復南路７號,新竹縣湖口鄉鳳凰村,劉火樹　　　,22214245,股份有限公司,0750728,0751223,生產中,24基本金屬製造業  ,241鋼鐵  
11508.csv,浚江企業有限公司,65000442,,新北市中和區平河里建一路249號4樓,新北市中和區平河里,丁江慰,22430291,有限公司,,1000531,生產中,26電子零組件製造業、27電腦、電子產品及光學製品製造業、21橡膠製品製造業、22塑膠製品製造業、26電子零組件製造業  ,269其他電子零組件、271電腦及其週邊設備、210橡膠製品、220塑膠製品  
11508.csv,海德魯材料股份有限公司,99709467,,雲林縣斗六市虎溪里雲科路三段１２２號,雲林縣斗六市虎溪里,顏德新,28628735,股份有限公司,,0971006,生產中,24基本金屬製造業  ,242鋁  
11508.csv,淮鈺機械有限公司桃園廠,68005242,,桃園市桃園區汴洲里春日路1651巷36弄2號(1樓),桃園市桃園區汴洲里,郭議鍾,86015615,有限公司,,1111208,生產中,29機械設備製造業  ,292其他專用機械設備  
11508.csv,源太興業股份有限公司,67001453,,臺南市關廟區埤頭里關新路1段656號,臺南市關廟區埤頭里,李奐伶,12886243,股份有限公司,,1050330,生產中,22塑膠製品製造業、33其他製造業  ,220塑膠製品、339未分類其他製品  
11508.csv,滿祥五金有限公司,99662791,07710012143241,高雄市大寮區大寮里大仁街30號,高雄市大寮區大寮里,賴俊宏,79959547,有限公司,0791231,0791231,生產中,24基本金屬製造業、25金屬製品製造業  ,243銅、254金屬加工處理  
11508.csv,滿義企業社,99630642,08710004200057,新竹縣竹北市泰和里環北路2段243巷10號（及12號）,新竹縣竹北市泰和里,黃滿琴　　　,67998622,合夥,0870210,0880813,生產中,30汽車及其零件製造業  ,302車體  
11508.csv,澤豫企業有限公司,99656853,07510011013876,臺南市永康區甲頂里中正南路242巷4弄93號,臺南市永康區甲頂里,林智揚,69754215,有限公司,0750213,0751111,生產中,25金屬製品製造業  ,259其他金屬製品  
11508.csv,濟展塑膠工業有限公司,99605212,07710001361242,新北市樹林區東山里東順街五七巷一七號一、二樓,新北市樹林區東山里,蔡紹欽,23103014,有限公司,0771130,0771217,生產中,22塑膠製品製造業、28電力設備及配備製造業  ,220塑膠製品、283電線及配線器材  
11508.csv,濠準科技股份有限公司,99718869,,新北市中和區中原里立德街一七六號二樓,新北市中和區中原里,吳聰志,24250870,股份有限公司,,0971126,生產中,16印刷及資料儲存媒體複製業  ,160印刷及資料儲存媒體複製  
11508.csv,煜豐鋁業有限公司,99712265,,高雄市湖內區太爺里中山路二段62巷36號,高雄市湖內區太爺里,蔡明裕,12892809,有限公司,,0970902,生產中,24基本金屬製造業  ,242鋁  
11508.csv,台育橡膠有限公司,99616774,08310001197159,新北市中和區員富里員山路五八一巷三一弄一之五號一樓,新北市中和區員富里,廖勝育,84842435,有限公司,0830621,0830627,生產中,21橡膠製品製造業  ,210橡膠製品  
11508.csv,合成彩色印製廠,99677214,07710005024156,苗栗縣竹南鎮佳興里光復路三七五號,苗栗縣竹南鎮天文里,莊素花,02942219,獨資,0770315,0780317,生產中,16印刷及資料儲存媒體複製業  ,160印刷及資料儲存媒體複製  
11508.csv,吉羚鋼品有限公司中壢廠,68007319,,桃園市中壢區過嶺里民族路六段250巷7號(2樓),桃園市中壢區過嶺里,陳耀輝,28323500,有限公司,,1150130,生產中,25金屬製品製造業  ,254金屬加工處理、259其他金屬製品  
11508.csv,名洲企業有限公司,99645829,08510007117038,彰化縣彰化市南瑤里民族路６８號,彰化縣彰化市南瑤里,黃火森　,22411415,有限公司,0850709,0850723,生產中,25金屬製品製造業、29機械設備製造業  ,259其他金屬製品、293通用機械設備  
11508.csv,味鴻食品股份有限公司,99711576,,臺南市仁德區土庫里中正路3段523巷1號,臺南市仁德區土庫里,李文位,24212927,股份有限公司,,0970918,生產中,08食品製造業  ,089其他食品  
11508.csv,品多科技有限公司,65009475,,新北市五股區興珍里中興路1段106號2樓,新北市五股區興珍里,林尚憲,24354946,有限公司,,1100531,生產中,25金屬製品製造業  ,251金屬刀具、手工具及模具、254金屬加工處理、259其他金屬製品  
11508.csv,員新金屬工業股份有限公司,99669460,07010000145714,臺中市南屯區寶山里工業區十八路23號,臺中市南屯區寶山里,林錦喬,52756132,股份有限公司,0700715,0720905,生產中,24基本金屬製造業  ,243銅  
11508.csv,員林正泰鋼鐵行,07003765,,彰化縣員林市三條里條和六街56號1樓,彰化縣員林市三條里,曾威統,45817345,獨資,,1090721,生產中,25金屬製品製造業  ,252金屬結構及建築組件  
11508.csv,喬旺鋼鐵股份有限公司樹林廠,65012458,,新北市樹林區三多里三德街48之4號,新北市樹林區三多里,王文德,89364398,股份有限公司,,1140122,生產中,25金屬製品製造業  ,254金屬加工處理、259其他金屬製品  
11508.csv,嘉冠金屬工業股份有限公司楊梅廠,03000550,,桃園市楊梅區高榮里高榮路239巷190之5號、190之9號,桃園市楊梅區高榮里,劉美珠,23982243,股份有限公司,,1000726,生產中,24基本金屬製造業  ,241鋼鐵  
11508.csv,嘉冠金屬工業股份有限公司,99623084,08510000430947,桃園市中壢區內定里合定路6、8號,桃園市中壢區內定里,劉美珠　　　,23982243,股份有限公司,0850719,0850809,生產中,25金屬製品製造業、24基本金屬製造業  ,241鋼鐵、259其他金屬製品  
11508.csv,嘉勝工業有限公司,65000704,,新北市三重區頂崁里光復路二段102巷22號1樓,新北市三重區頂崁里,趙影忠,24299563,有限公司,,1000829,生產中,29機械設備製造業  ,291金屬加工用機械設備、292其他專用機械設備、293通用機械設備  
11508.csv,嘉欣鋼鐵股份有限公司汐止廠,99608464,06910000136103,新北市汐止區環河里南陽街一００號,新北市汐止區環河里,王子男,04714958,股份有限公司,0690530,0700915,生產中,25金屬製品製造業、29機械設備製造業、30汽車及其零件製造業  ,252金屬結構及建築組件、302車體、303汽車零件、293通用機械設備  
11508.csv,嘉豪機械廠,99680373,,彰化縣芬園鄉嘉興村嘉中街７７８號,彰化縣芬園鄉嘉興村,魏麗君,45432242,合夥,,0960430,生產中,25金屬製品製造業、30汽車及其零件製造業  ,251金屬刀具、手工具及模具、303汽車零件  
11508.csv,固川有限公司,99616548,08210001396281,新北市泰山區貴和里明志路三段五一七號五樓,新北市泰山區貴和里,涂雅玲,12428303,有限公司,0821122,0821207,生產中,27電腦、電子產品及光學製品製造業、26電子零組件製造業、28電力設備及配備製造業、16印刷及資料儲存媒體複製業  ,272通訊傳播設備、275量測、導航、控制設備及鐘錶、273視聽電子產品、269其他電子零組件、289其他電力設備及配備  
11508.csv,國捷科技有限公司,68002688,,桃園市龍潭區烏林里工二路一段172號（2、3樓）,桃園市龍潭區烏林里,曾奕捷,50916838,有限公司,,1080506,生產中,24基本金屬製造業、26電子零組件製造業  ,243銅、269其他電子零組件  
11508.csv,國福行有限公司,07002267,,彰化縣北斗鎮西德里中山路一段260巷36弄4號1樓,彰化縣北斗鎮西德里,許雅苓,12755241,有限公司,,1060811,生產中,08食品製造業  ,083蔬果加工  
11508.csv,均禾有限公司,65011370,,新北市泰山區壽山路134巷20弄6號(1樓),新北市泰山區,何書緯,89124200,有限公司,,1120911,生產中,08食品製造業  ,081肉類加工  
11508.csv,垂坤食品有限公司苑裡廠,05000215,,苗栗縣苑裡鎮房裡里一鄰南房三之二號一、二、三樓,苗栗縣苑裡鎮房裡里,王垂坤,24386320,有限公司,,1031020,生產中,08食品製造業  ,081肉類加工  
11508.csv,堅合工程有限公司,64009354,,高雄市仁武區竹後里鳳仁路369巷23弄3號,高雄市仁武區竹後里,盧瑞興,86241653,有限公司,,1110719,生產中,25金屬製品製造業、29機械設備製造業  ,251金屬刀具、手工具及模具、293通用機械設備  
11508.csv,士昌股份有限公司,99663381,07610012092465,高雄市燕巢區角宿里四林路１２３號,高雄市燕巢區角宿里,陳惠君,80450822,股份有限公司,0791231,0791231,生產中,25金屬製品製造業、29機械設備製造業、24基本金屬製造業、30汽車及其零件製造業、31其他運輸工具及其零件製造業  ,241鋼鐵、259其他金屬製品、293通用機械設備、303汽車零件、312機車及其零件  
11508.csv,士業工業有限公司,65000994,,新北市八里區頂罟里文昌路130號,新北市八里區頂罟里,江美智,23891975,有限公司,,1001222,生產中,24基本金屬製造業、25金屬製品製造業、30汽車及其零件製造業、31其他運輸工具及其零件製造業  ,241鋼鐵、251金屬刀具、手工具及模具、254金屬加工處理、303汽車零件、312機車及其零件、313自行車及其零件  
11508.csv,大中風管科技實業有限公司,66004046,,臺中市潭子區頭家東里中山路一段480巷7號1樓,臺中市潭子區頭家東里,吳全永,24275680,有限公司,,1041012,生產中,25金屬製品製造業、29機械設備製造業  ,259其他金屬製品、293通用機械設備  
11508.csv,大中鋼鐵股份有限公司南投廠,99652028,06510000140400,南投縣名間鄉新街村客庄巷一七號,南投縣名間鄉新街村,余成棋,57001161,股份有限公司,0650907,0660126,生產中,24基本金屬製造業  ,241鋼鐵  
11508.csv,大中鋼鐵股份有限公司楊梅廠,99621297,08310003006976,桃園市楊梅區高山里3鄰高獅路130號,桃園市楊梅區高山里,余成棋,57001161,股份有限公司,0830218,0830312,生產中,24基本金屬製造業、25金屬製品製造業  ,241鋼鐵、259其他金屬製品  
11508.csv,大同壓鑄股份有限公司三峽廠,99615940,08810001427860,新北市三峽區溪東里溪東路三五二之六號,新北市三峽區溪東里,謝仁祥,11022142,股份有限公司,0881203,0881215,生產中,24基本金屬製造業  ,242鋁  
11508.csv,大同股份有限公司三峽廠,99604855,06110000037505,新北市三峽區溪東里溪東路352號,新北市三峽區溪東里,藍啟華,11026506,股份有限公司,0580101,0630525,生產中,24基本金屬製造業、25金屬製品製造業、29機械設備製造業、28電力設備及配備製造業  ,241鋼鐵、254金屬加工處理、249其他基本金屬、291金屬加工用機械設備、293通用機械設備、251金屬刀具、手工具及模具、281發電、輸電及配電機械、283電線及配線器材、289其他電力設備及配備  
11508.csv,大川發鋼鐵行新化廠,S6700694,,臺南市新化區全興里竹子腳249號、249之5號,臺南市新化區全興里,陳麗美,14350457,獨資,,1091201,生產中,25金屬製品製造業  ,259其他金屬製品  
11508.csv,大川鋼管股份有限公司,64003488,7064030503,高雄市左營區新中里自由三路１０１巷２６號,高雄市左營區新中里,鐘國聖,83654791,股份有限公司,0700622,0710413,生產中,24基本金屬製造業  ,241鋼鐵  
11508.csv,大川鋼鐵股份有限公司,64001005,,高雄市左營區新中里自由三路１０１巷２６號,高雄市左營區新中里,鐘國聖,83002171,股份有限公司,,0610601,生產中,24基本金屬製造業、25金屬製品製造業  ,241鋼鐵、254金屬加工處理、259其他金屬製品  
11508.csv,大幑機械工業股份有限公司桃園廠,99624184,07310003122549,桃園市桃園區玉山里玉山街一五四號,桃園市桃園區玉山里,劉姚基,43880188,股份有限公司,0730924,0740624,生產中,29機械設備製造業  ,292其他專用機械設備  
11508.csv,大洲綠點聯合企業有限公司,99719152,,新北市中和區中原里立業路83巷13號1樓,新北市中和區中原里,林哲銘,24356108,有限公司,,0980320,生產中,15紙漿、紙及紙製品製造業、16印刷及資料儲存媒體複製業  ,152瓦楞紙板及紙容器、159其他紙製品、160印刷及資料儲存媒體複製  
11508.csv,大湖不銹鋼廠,99608500,08910001097994,新北市新莊區營盤里中正路五七六巷三六、三八號,新北市新莊區營盤里,楊一鍚,18065068,獨資,0890502,0890515,生產中,24基本金屬製造業、25金屬製品製造業  ,241鋼鐵、254金屬加工處理  
11508.csv,大詠城機械股份有限公司,99679738,,彰化縣鹿港鎮東石里鹿工南六路２３號,彰化縣鹿港鎮東石里,謝順民,60256758,股份有限公司,,0940714,生產中,24基本金屬製造業  ,241鋼鐵  
11508.csv,大詠鋁業股份有限公司,99669087,07310000026108,臺中市西屯區協和里工業區十路6號,臺中市西屯區協和里,吳志信,52824146,股份有限公司,0730126,0740527,生產中,24基本金屬製造業  ,242鋁  
11508.csv,天工精密股份有限公司三廠,66009340,,臺中市太平區太平里新仁路一段14號,臺中市太平區太平里,林金權,97524263,股份有限公司,,1100728,生產中,25金屬製品製造業  ,259其他金屬製品  
11508.csv,天工精密股份有限公司一廠,99641357,07110006211101,臺中市太平區太平里新仁路１段４４巷８弄２４號,臺中市太平區太平里,林金權,97524263,股份有限公司,0711021,0860701,生產中,25金屬製品製造業、29機械設備製造業  ,259其他金屬製品、293通用機械設備  
11508.csv,天工精密股份有限公司中科廠,93A00328,,中部科學園區彰化縣二林鎮梅芳里創新路1號,彰化縣二林鎮梅芳里,林金權,97524263,股份有限公司,,1120718,生產中,29機械設備製造業  ,293通用機械設備  
11508.csv,天工精密股份有限公司二廠,99641203,07410006222681,臺中市太平區太平里新仁路１段４４巷８弄３０號,臺中市太平區太平里,林金權,97524263,股份有限公司,0741216,0760218,生產中,25金屬製品製造業  ,259其他金屬製品  
11508.csv,天語生物科技股份有限公司,68003169,,桃園市中壢區永福里西園路111-1號4樓,桃園市中壢區永福里,陳宛珂,27439243,股份有限公司,,1090117,生產中,19其他化學製品製造業  ,193清潔用品及化粧品  
11508.csv,奕聚科技有限公司,66008848,,臺中市豐原區南村里水源路395巷50號,臺中市豐原區南村里,邱鈺富,54241337,有限公司,,1100127,生產中,25金屬製品製造業、29機械設備製造業  ,254金屬加工處理、292其他專用機械設備、293通用機械設備  
11508.csv,奕融實業有限公司,99697217,,新北市中和區中原里立德街一０三、一０五號二樓,新北市中和區中原里,吳淑娥,16724255,有限公司,,0961128,生產中,16印刷及資料儲存媒體複製業  ,160印刷及資料儲存媒體複製  
11508.csv,存陽工業有限公司,99638316,07610006214189,臺中市太平區中興里永義七街四八號,臺中市太平區中興里,林麗珍,23259769,有限公司,0760104,0780520,生產中,24基本金屬製造業、25金屬製品製造業  ,241鋼鐵、259其他金屬製品  
11508.csv,孚利得企業股份有限公司第一廠,99643528,06310000049183,臺中市清水區中興里光明路二七號,臺中市清水區中興里,蔡啟長,55682423,股份有限公司,0580101,0641008,生產中,33其他製造業  ,339未分類其他製品  
11508.csv,宇星鋼鐵有限公司,S6800196,,桃園市大園區沙崙里16鄰坡仔頭7-5號,桃園市大園區沙崙里,黃勝男,01128552,有限公司,,1090527,生產中,25金屬製品製造業  ,254金屬加工處理  
11508.csv,宇昱實業股份有限公司,99645408,08710000911955,彰化縣線西鄉溝內村彰濱東二路１２號,彰化縣線西鄉溝內村,黃炳堯,52434908,股份有限公司,0871228,0890930,生產中,25金屬製品製造業  ,259其他金屬製品  
11508.csv,宇晟機械工程股份有限公司中和廠,99608103,08810001329411,新北市中和區平河里中正路七三八號一一樓,新北市中和區平河里,張清美,86524168,股份有限公司,0880906,0880928,生產中,29機械設備製造業、25金屬製品製造業  ,293通用機械設備、251金屬刀具、手工具及模具  
11508.csv,泰佑塑膠興業有限公司,99628321,,桃園市蘆竹區福祿里16鄰五福一路50巷3號,桃園市蘆竹區福祿里,林松柏,80241918,有限公司,,0911211,生產中,22塑膠製品製造業  ,220塑膠製品  
11508.csv,泰佶食品行,S6500242,,新北市三峽區龍埔里三樹路350號1樓左段,新北市三峽區龍埔里,李麗娟,15764736,獨資,,1090527,生產中,08食品製造業、08食品製造業  ,089其他食品  
11508.csv,泰森化工工業有限公司,99632256,07910005182824,苗栗縣造橋鄉朝陽村五鄰大湖內三六號,苗栗縣造橋鄉朝陽村,黃美娟,50524137,有限公司,0790823,0791208,生產中,18化學材料及肥料製造業  ,181化學原材料  
11508.csv,泰金精密科技股份有限公司,67003981,,臺南市安南區佃東里新吉一路1號,臺南市安南區佃東里,邱志賢,54570463,股份有限公司,,1140107,生產中,24基本金屬製造業、25金屬製品製造業  ,242鋁、254金屬加工處理  
11508.csv,泰銘工業社,99631406,08410004016732,新竹縣竹東鎮二重里光明路188巷5號,新竹縣竹東鎮二重里,徐明勲　　　,78024247,獨資,0840923,0841004,生產中,25金屬製品製造業  ,252金屬結構及建築組件、259其他金屬製品  
11508.csv,浡揚鋼鐵有限公司內湖廠,63022618,,臺北市內湖區蘆洲里潭美街五五七號,臺北市內湖區蘆洲里,楊文豪,25125273,有限公司,,1130227,生產中,25金屬製品製造業  ,252金屬結構及建築組件、259其他金屬製品  
11508.csv,漢陽塗料工業股份有限公司,99712438,,高雄市岡山區本洲里本工五路３２號,高雄市岡山區本洲里,何金燦,12536226,股份有限公司,,0980504,生產中,19其他化學製品製造業  ,192塗料、染料及顏料  
11508.csv,濠毅興業股份有限公司,99608977,07810001172234,新北市新莊區福營里中正路七二一巷七號,新北市新莊區福營里,陳擴元,12420647,股份有限公司,0780621,0780629,生產中,33其他製造業、26電子零組件製造業、27電腦、電子產品及光學製品製造業  ,339未分類其他製品、264光電材料及元件、269其他電子零組件、272通訊傳播設備、275量測、導航、控制設備及鐘錶  
11508.csv,燁鋒輕合金股份有限公司二廠,68003285,,桃園市新屋區東明里2鄰埔工路558號,桃園市新屋區東明里,劉光輝,28724771,股份有限公司,,1090318,生產中,24基本金屬製造業  ,242鋁  
11508.csv,燁鋒輕合金股份有限公司,03000058,,桃園市新屋區東明里2鄰埔工路588號,桃園市新屋區東明里,劉光輝,28724771,股份有限公司,,0991029,生產中,24基本金屬製造業  ,242鋁  
11508.csv,燕昇橡膠企業有限公司,64007509,,高雄市燕巢區安招里安招路439巷14號,高雄市燕巢區安招里,許燕飛,24215537,有限公司,,1050325,生產中,21橡膠製品製造業  ,210橡膠製品  
11508.csv,燕申鋼鐵有限公司,99633949,08310006048026,臺中市太平區東平里永平路一段四六號,臺中市太平區東平里,劉燕海,84199146,有限公司,0830318,0830426,生產中,24基本金屬製造業、25金屬製品製造業  ,241鋼鐵、252金屬結構及建築組件  
11508.csv,台灣陽光菓菓有限公司,67001825,,臺南市歸仁區歸仁里中山路1段2巷7號9號,臺南市歸仁區歸仁里,陳茜,54559241,有限公司,,1060717,生產中,08食品製造業  ,083蔬果加工  
11508.csv,右勝鋼鐵有限公司,67004159,,臺南市永康區塩行里中正三街486巷5號,臺南市永康區塩行里,何健銘,54567431,有限公司,,1140910,生產中,24基本金屬製造業  ,249其他基本金屬  
11508.csv,合所在有限公司,65011640,,新北市淡水區竿蓁里中正東路1段3巷29號2樓,新北市淡水區竿蓁里,莊孟暉,90422419,有限公司,,1130115,生產中,29機械設備製造業  ,292其他專用機械設備  
11508.csv,合揆國際股份有限公司,66003991,,臺中市后里區后里里泉州路2之16號一樓,臺中市后里區后里里,蔡明杰,24200458,股份有限公司,,1040914,生產中,25金屬製品製造業  ,251金屬刀具、手工具及模具  
11508.csv,合揆國際股份有限公司豐原廠,66010639,,臺中市豐原區翁子里豐勢路一段577巷56號,臺中市豐原區翁子里,蔡明杰,24200458,股份有限公司,,1120609,生產中,25金屬製品製造業  ,251金屬刀具、手工具及模具  
11508.csv,合謄鋼鐵有限公司,S6800403,,桃園市蘆竹區中福里12鄰龍安街二段735巷115號,桃園市蘆竹區中福里,張秀雲,16033007,有限公司,,1130202,生產中,25金屬製品製造業  ,252金屬結構及建築組件  
11508.csv,合謄鋼鐵有限公司龜山廠,68005652,,桃園市龜山區大坑里南上路520巷20號五樓,桃園市龜山區大坑里,張秀雲,16033007,有限公司,,1120825,生產中,25金屬製品製造業  ,259其他金屬製品  
11508.csv,吉能鋼鐵企業股份有限公司,99675601,08310010000110,嘉義縣水上鄉粗溪村中山路二段932號,嘉義縣水上鄉粗溪村,涂茂森,65280757,股份有限公司,0830118,0830303,生產中,14木竹製品製造業、22塑膠製品製造業、28電力設備及配備製造業、25金屬製品製造業、29機械設備製造業  ,140木竹製品、220塑膠製品、283電線及配線器材、252金屬結構及建築組件  
11508.csv,同洋鋼鐵有限公司第二廠,99633600,08510006120108,臺中市太平區德隆里工業十五路四八號,臺中市太平區德隆里,張獻宗,22380861,有限公司,0850603,0861211,生產中,25金屬製品製造業  ,259其他金屬製品  
11508.csv,君毅工業股份有限公司,08000268,,南投縣南投市永豐里南崗三路63之1號,南投縣南投市永豐里,徐乾慶,22120417,股份有限公司,,1070802,生產中,24基本金屬製造業  ,242鋁  
11508.csv,和明鋁業企業社,S6601684,,臺中市北屯區軍功里軍功路2段281號,臺中市北屯區軍功里,鄭清啟,77620582,合夥,,1100205,生產中,24基本金屬製造業  ,242鋁  
11508.csv,品威商業社,65010034,,新北市樹林區三多里三俊街65巷2之2號(3樓) ,新北市樹林區三多里,林燕茹,91243619,獨資,,1101222,生產中,22塑膠製品製造業、25金屬製品製造業  ,220塑膠製品、259其他金屬製品  
11508.csv,啓富洗衣有限公司,64009762,,高雄市岡山區白米里白米路63巷7號,高雄市岡山區白米里,孫菀婷,54824136,有限公司,,1130108,生產中,11紡織業  ,115紡織品  
11508.csv,喬楊鋼鐵有限公司,68006452,,桃園市平鎮區南勢里南東路48號5樓之3,桃園市平鎮區南勢里,楊璧榕,16923732,有限公司,,1131205,生產中,25金屬製品製造業  ,259其他金屬製品  
11508.csv,嘉賓國際有限公司,S6601204,,臺中市豐原區東湳里角潭路二段57號,臺中市豐原區東湳里,李宗明,86424225,有限公司,,1090921,生產中,29機械設備製造業  ,293通用機械設備  
11508.csv,嘉軍有限公司,S0700149,,彰化縣和美鎮新庄里彰新路二段243巷161號,彰化縣和美鎮新庄里,何秀霞,16966680,有限公司,,1090505,生產中,25金屬製品製造業  ,251金屬刀具、手工具及模具  
11508.csv,國龍精密工業股份有限公司,99607926,07310001242511,新北市三重區永發里中正北路一九三巷二一弄二八號,新北市三重區永發里,張献欣,31146260,股份有限公司,0730922,0750414,生產中,25金屬製品製造業、29機械設備製造業  ,259其他金屬製品、293通用機械設備  
11508.csv,均航企業有限公司,99624256,07610000322208,桃園市八德區福興里三鄰廣興路三一六巷一六號,桃園市八德區福興里,溫宗澤,44035371,有限公司,0761221,0780531,生產中,29機械設備製造業  ,292其他專用機械設備  
11508.csv,堅業精機股份有限公司,99612016,07310001242576,新北市三重區永發里中正北路193巷21弄18號1樓,新北市三重區永發里,張家榮,36228016,股份有限公司,0730922,0750314,生產中,25金屬製品製造業  ,259其他金屬製品  
11508.csv,堅正金屬企業股份有限公司,99667824,06810000115675,新竹市香山區港南里海埔路175巷52號,新竹市香山區港南里,張崧宏　　　,47188173,股份有限公司,0680411,0680612,生產中,24基本金屬製造業  ,241鋼鐵  
11508.csv,大井輕金屬股份有限公司雲林廠,09000729,,雲林縣崙背鄉崙前村長青街111號,雲林縣崙背鄉崙前村,劉連發,53716356,股份有限公司,,1070126,生產中,24基本金屬製造業  ,242鋁  
11508.csv,大亞鋼鐵工業股份有限公司,99626824,07710003096793,桃園市大園區五權里13鄰五青路70巷9號,桃園市大園區五權里,王銘錡　,22952538,股份有限公司,0770810,0770829,生產中,24基本金屬製造業、25金屬製品製造業  ,241鋼鐵、251金屬刀具、手工具及模具  
11508.csv,大同鋁業股份有限公司嘉義廠,99655291,08810010922862,嘉義縣民雄鄉北斗村26鄰新生街12、12之1號,嘉義縣民雄鄉北斗村,張哲碩,11015727,股份有限公司,0880409,0880430,生產中,25金屬製品製造業、24基本金屬製造業  ,242鋁、252金屬結構及建築組件、254金屬加工處理  
11508.csv,大雅興業股份有限公司,99643994,08010006000021,臺中市大雅區上雅里中清東路316號,臺中市大雅區上雅里,吳貞誼,55004395,股份有限公司,0800703,,生產中,29機械設備製造業、25金屬製品製造業、32家具製造業、24基本金屬製造業  ,293通用機械設備、320家具、259其他金屬製品、241鋼鐵  
11508.csv,天強企業股份有限公司,99605299,07710001243054,新北市樹林區三龍里三龍街二四巷二號,新北市樹林區三龍里,梁錦宏,02086947,股份有限公司,0770819,0771004,生產中,26電子零組件製造業  ,264光電材料及元件、269其他電子零組件  
11508.csv,太豐針織五金製品廠股份有限公司二廠,99695785,,新北市新莊區營盤里中正路五四四之二四號,新北市新莊區營盤里,張恭正,35053066,股份有限公司,,0950808,生產中,29機械設備製造業、25金屬製品製造業、24基本金屬製造業  ,292其他專用機械設備、293通用機械設備、251金屬刀具、手工具及模具、241鋼鐵、242鋁、243銅、259其他金屬製品  
11508.csv,威猛巴頓菲爾有限公司,66002411,,臺中市西屯區協和里工業區36路16號,臺中市西屯區協和里,陳凱翔,28876988,有限公司,,1030102,生產中,29機械設備製造業  ,292其他專用機械設備、293通用機械設備  
11508.csv,孟信模具股份有限公司,99653991,07310000028990,雲林縣斗六市榴中里民有街一０號,雲林縣斗六市榴中里,周俊成,97632278,股份有限公司,0740216,0750813,生產中,24基本金屬製造業  ,242鋁  
11508.csv,孟加立有限公司,99662808,08510012247664,高雄市燕巢區安招里安林四街４１號,高雄市燕巢區安招里,王本源,22790470,有限公司,0851231,0860109,生產中,24基本金屬製造業、25金屬製品製造業、29機械設備製造業  ,241鋼鐵、259其他金屬製品、293通用機械設備、292其他專用機械設備  
11508.csv,泰億昌工業有限公司,99660955,07510011101754,臺南市永康區塩行里塩和街241號,臺南市永康區塩行里,黃家穎,16932084,有限公司,0750830,0761223,生產中,30汽車及其零件製造業、31其他運輸工具及其零件製造業  ,303汽車零件、312機車及其零件  
11508.csv,泰權鋼鐵有限公司冬山廠,99620578,07910000174271,宜蘭縣冬山鄉順安村永興路二段134號,宜蘭縣冬山鄉順安村,林姿瑩　　,23140756,有限公司,0790907,0800510,生產中,25金屬製品製造業  ,259其他金屬製品  
11508.csv,泰清鐵材股份有限公司,99666844,08310015078310,花蓮縣瑞穗鄉瑞穗村富貴路３０３號,花蓮縣瑞穗鄉瑞穗村,楊順清,97021678,股份有限公司,0830521,0840929,生產中,25金屬製品製造業、24基本金屬製造業  ,252金屬結構及建築組件、241鋼鐵  
11508.csv,泰鎰鑄造工業股份有限公司海湖廠,99707358,,桃園市蘆竹區海湖里中圳街18巷7弄8號,桃園市蘆竹區海湖里,陳惠寬,22938987,股份有限公司,,0961220,生產中,24基本金屬製造業  ,241鋼鐵  
11508.csv,海森林生技股份有限公司,81100048,,屏東縣長治鄉德和村6鄰園西二路28號4樓,屏東縣長治鄉德和村,郭裕仁,24241423,股份有限公司,,1040417,生產中,08食品製造業  ,089其他食品  
11508.csv,淳美科技有限公司,S0701834,,彰化縣花壇鄉崙雅村花秀路325巷17號,彰化縣花壇鄉崙雅村,許淑娟,24281206,有限公司,,1111205,生產中,29機械設備製造業  ,292其他專用機械設備  
11508.csv,渠鑫鋼鐵有限公司二廠,64008943,,高雄市梓官區梓信里四維路173號,高雄市梓官區梓信里,許玉完,70430572,有限公司,,1100209,生產中,25金屬製品製造業  ,252金屬結構及建築組件  
11508.csv,渠鑫鋼鐵有限公司梓官廠,99685286,,高雄市梓官區梓信里四維路１６７號,高雄市梓官區梓信里,許玉完,70430572,有限公司,,0920530,生產中,25金屬製品製造業  ,254金屬加工處理  
11508.csv,渥斯科有限公司,99713254,,臺中市大里區西湖里西湖路３２０巷５號,臺中市大里區西湖里,陳璋英,79977242,有限公司,,0980507,生產中,25金屬製品製造業  ,251金屬刀具、手工具及模具  
11508.csv,源鎧機械廠有限公司,99684603,,臺南市永康區尚頂里中正南路242巷4弄71號,臺南市永康區尚頂里,陳志誠,70590140,有限公司,,0931209,生產中,29機械設備製造業  ,292其他專用機械設備  
11508.csv,漢雅塑膠工業有限公司,99609853,07610001205556,新北市新莊區化成里化成路四三巷八０號,新北市新莊區化成里,莊數靜,22241926,有限公司,0760713,0760720,生產中,22塑膠製品製造業  ,220塑膠製品  
11508.csv,營裕五金工業有限公司,99648023,07210000198261,彰化縣鹿港鎮溝墘里溝墘巷８８弄７號,彰化縣鹿港鎮溝墘里,謝曜裕　　　,23936071,有限公司,0721201,0750522,生產中,24基本金屬製造業  ,241鋼鐵  
11508.csv,燦晶企業有限公司,65008804,,新北市汐止區保安里大同路3段204號2樓之1,新北市汐止區保安里,蔡崇覺,24316388,有限公司,,1090817,生產中,29機械設備製造業  ,292其他專用機械設備、293通用機械設備  
11508.csv,台灣雨虹有限公司,99721579,,高雄市岡山區岡山里嘉新西路３０巷１０號,高雄市岡山區岡山里,李江員,25049206,有限公司,,0981228,生產中,24基本金屬製造業  ,241鋼鐵  
11508.csv,右祥有限公司工廠,S0702430,,彰化縣和美鎮好修里北寧路102巷臨151號,彰化縣和美鎮好修里,洪沛瀅,55910545,有限公司,,1130612,生產中,14木竹製品製造業、22塑膠製品製造業  ,140木竹製品、220塑膠製品  
11508.csv,合文股份有限公司大安廠,99693398,,新北市土城區員仁里大安路一三八巷六號一樓,新北市土城區員仁里,林文城,22241453,股份有限公司,,0931201,生產中,29機械設備製造業、25金屬製品製造業  ,293通用機械設備、251金屬刀具、手工具及模具  
11508.csv,合文股份有限公司,99602669,07510001360302,新北市土城區大安里亞洲路五三號,新北市土城區大安里,林文城,22241453,股份有限公司,0751124,0851004,生產中,29機械設備製造業、25金屬製品製造業  ,293通用機械設備、251金屬刀具、手工具及模具  
11508.csv,合昌工業社,99650752,07210007050136,彰化縣埔心鄉瓦南村明聖路三段１０９巷２７號,彰化縣埔心鄉瓦南村,張聰敏　　　,60324138,獨資,0721123,0730508,生產中,31其他運輸工具及其零件製造業  ,312機車及其零件  
11508.csv,合豐工廠股份有限公司,99662246,00010012033669,高雄市路竹區竹西里中山路１０號,高雄市路竹區竹西里,王志文,85711972,股份有限公司,0791231,0791231,生產中,24基本金屬製造業、25金屬製品製造業  ,241鋼鐵、243銅、259其他金屬製品  
11508.csv,合豐記凡而股份有限公司,99648231,06510000078351,彰化縣鹿港鎮頂番里埤頭巷１８之１號,彰化縣鹿港鎮頂番里,潘居,59310086,股份有限公司,0580101,0651115,生產中,24基本金屬製造業、25金屬製品製造業、29機械設備製造業  ,254金屬加工處理、243銅、293通用機械設備、251金屬刀具、手工具及模具  
11508.csv,吉帝工業有限公司,07002418,,彰化縣花壇鄉文德村彰員路二段835巷27弄20號1樓,彰化縣花壇鄉文德村,陳巨峰,58709805,有限公司,,1070109,生產中,25金屬製品製造業  ,259其他金屬製品  
11508.csv,吉弘生物科技股份有限公司,99712448,,高雄市岡山區為隨里為隨東路５８巷１、３、５號,高雄市岡山區為隨里,張銘顯,24389065,股份有限公司,,0980520,生產中,08食品製造業  ,089其他食品  
11508.csv,同盟汽車材料有限公司,99712425,,高雄市仁武區竹後里鳳仁路２９３之４號,高雄市仁武區竹後里,陳清風,76401429,有限公司,,0980410,生產中,30汽車及其零件製造業  ,303汽車零件  
11508.csv,名盟工業股份有限公司,99662243,08110012126161,高雄市梓官區梓信里四維路121號,高雄市梓官區梓信里,蘇金全,89903348,股份有限公司,0810902,0820820,生產中,25金屬製品製造業  ,259其他金屬製品  
11508.csv,君瑋鋼鐵有限公司,S6800633,,桃園市八德區大興里大興路276巷47號,桃園市八德區大興里,陳柏瑋,89652068,有限公司,,1150506,生產中,25金屬製品製造業  ,254金屬加工處理  
11508.csv,和晟傢俱行,S0703649,,彰化縣福興鄉秀厝村福三路三段臨162號,彰化縣福興鄉秀厝村,葉明祥,82424569,獨資,,1150129,生產中,32家具製造業  ,320家具  
11508.csv,哲瑋企業有限公司,99639015,08710006290694,臺中市后里區義里里甲后路一段278巷61弄3號,臺中市后里區義里里,林美驊,89242086,有限公司,0871107,0871120,生產中,26電子零組件製造業  ,269其他電子零組件  
11508.csv,啓豐企業有限公司,99661767,,高雄市仁武區竹後里竹楠路３５號,高雄市仁武區竹後里,郭啟亮,84563242,有限公司,,0901031,生產中,24基本金屬製造業、25金屬製品製造業  ,241鋼鐵、252金屬結構及建築組件  
11508.csv,啡卡咖啡股份有限公司,63022434,,臺北市南港區東新里重陽路一八六號,臺北市南港區東新里,陳志煌,43941565,股份有限公司,,1061212,生產中,08食品製造業  ,089其他食品  
11508.csv,善允業鋼鐵有限公司,S6401139,,高雄市仁武區考潭里仁心路81巷42-1號,高雄市仁武區考潭里,鄭素貞,83193411,有限公司,,1131203,生產中,25金屬製品製造業  ,252金屬結構及建築組件  
11508.csv,喬泰壓鑄工業社,S6700737,,臺南市西港區永樂里大塭寮137之8號,臺南市西港區永樂里,吳維樵,19797512,獨資,,1120119,生產中,24基本金屬製造業  ,242鋁  
11508.csv,喬泰鋁業股份有限公司,99661456,,高雄市燕巢區安招里安招路６７１巷３２號,高雄市燕巢區安招里,高寶儀,16035568,股份有限公司,,0900802,生產中,24基本金屬製造業、25金屬製品製造業  ,242鋁、259其他金屬製品  
11508.csv,嘉湟實業股份有限公司,10000241,,嘉義縣大林鎮中坑里1鄰大埔美園區3路32號,嘉義縣大林鎮中坑里,張源昌,70528420,股份有限公司,,1060106,生產中,29機械設備製造業  ,292其他專用機械設備  
11508.csv,固輝工程開發股份有限公司,09000100,,雲林縣麥寮鄉三盛村華偉街42號,雲林縣麥寮鄉三盛村,黃薇蓁,97145241,股份有限公司,,1001014,生產中,25金屬製品製造業  ,259其他金屬製品  
11508.csv,國晟工業股份有限公司桃園一廠,99706515,,桃園市蘆竹區濱海里海湖北路309巷131、141號,桃園市蘆竹區濱海里,謝國鐘,86266540,股份有限公司,,0950810,生產中,24基本金屬製造業  ,243銅、249其他基本金屬  
11508.csv,國晟工業股份有限公司桃園廠,99625652,08110000076226,桃園市蘆竹區濱海里海湖北路309巷151號,桃園市蘆竹區濱海里,謝國鐘,86266540,股份有限公司,0811103,0830507,生產中,24基本金屬製造業  ,243銅、249其他基本金屬  
11508.csv,國精化學股份有限公司安南廠,67004362,,臺南市安南區鹿耳里鹿耳一路55號,臺南市安南區鹿耳里,蔡志翔,75975242,股份有限公司,,1150623,生產中,18化學材料及肥料製造業  ,181化學原材料  
11508.csv,國精化學股份有限公司永安廠,99662431,07110012086201,高雄市永安區維新里永工五路２號,高雄市永安區維新里,蔡志翔,75975242,股份有限公司,0791231,0791231,生產中,18化學材料及肥料製造業  ,184塑膠及合成橡膠原料  
11508.csv,國統國際股份有限公司,99665796,06810099101113,屏東縣新園鄉新園村媽祖路400號,屏東縣新園鄉新園村,洪雅滿,91888619,股份有限公司,0580101,0680927,生產中,23非金屬礦物製品製造業、24基本金屬製造業、25金屬製品製造業、29機械設備製造業  ,233水泥及其製品、241鋼鐵、252金屬結構及建築組件、292其他專用機械設備、293通用機械設備  
11508.csv,園亨鋼鐵有限公司,68007332,,桃園市桃園區中信里中山路1000之7號14樓之1,桃園市桃園區中信里,陳穩丞,89895733,有限公司,,1150203,生產中,25金屬製品製造業  ,252金屬結構及建築組件、259其他金屬製品  
11508.csv,圓三企業有限公司,68002432,,桃園市蘆竹區宏竹里大竹北路282巷5-1號1樓,桃園市蘆竹區宏竹里,游長霖,23779369,有限公司,,1071217,生產中,16印刷及資料儲存媒體複製業  ,160印刷及資料儲存媒體複製  
11508.csv,士緯科技股份有限公司,17000046,,基隆市七堵區永安里俊賢路11號,基隆市七堵區永安里,李竑叡,53762365,股份有限公司,,1030324,生產中,24基本金屬製造業、24基本金屬製造業、25金屬製品製造業、29機械設備製造業、21橡膠製品製造業、22塑膠製品製造業、23非金屬礦物製品製造業  ,241鋼鐵、242鋁、243銅、249其他基本金屬、254金屬加工處理、291金屬加工用機械設備、292其他專用機械設備、293通用機械設備、210橡膠製品、220塑膠製品、233水泥及其製品、239其他非金屬礦物製品  
11508.csv,大強鋼鐵鑄造股份有限公司高雄廠,64003839,7364037044,高雄市小港區山明里世全路1號,高雄市小港區山明里,王俊傑,36534649,股份有限公司,0730130,0740503,生產中,24基本金屬製造業、25金屬製品製造業、29機械設備製造業  ,241鋼鐵、259其他金屬製品、293通用機械設備  
11508.csv,大晶木業開發有限公司,S0400005,,新竹縣湖口鄉湖南村信湖路51號,新竹縣湖口鄉湖南村,李櫻香,24222241,有限公司,,1090514,生產中,14木竹製品製造業  ,140木竹製品  
11508.csv,大智慧企業社,S6701184,,臺南市關廟區新光里新光街210號,臺南市關廟區新光里,包正得,13702433,獨資,,1141211,生產中,08食品製造業  ,089其他食品  
11508.csv,大立光電股份有限公司四之七廠,66012411,,臺中市西屯區協和里工業區三十三路23號七樓、八樓,臺中市西屯區協和里,林恩平,22480876,股份有限公司,,1150511,生產中,27電腦、電子產品及光學製品製造業  ,277光學儀器及設備  
11508.csv,大立光電股份有限公司四之四廠,66012410,,臺中市西屯區協和里工業區三十三路23號四樓,臺中市西屯區協和里,林恩平,22480876,股份有限公司,,1150511,生產中,27電腦、電子產品及光學製品製造業  ,277光學儀器及設備  
11508.csv,大立實業行,07002965,,彰化縣秀水鄉馬興村彰馬街97巷27-6號1樓,彰化縣秀水鄉馬興村,吳椒榕,82413177,合夥,,1080125,生產中,22塑膠製品製造業  ,220塑膠製品  
11508.csv,大谷塑膠工業有限公司,S1300048,,屏東縣長治鄉繁昌村16鄰中山路150-13號,屏東縣長治鄉繁昌村,吳煥章,24624250,有限公司,,1090624,生產中,22塑膠製品製造業  ,220塑膠製品  
11508.csv,天恒一機械工業股份有限公司,99665727,06510099112411,屏東縣屏東市橋南里工業一路3號,屏東縣屏東市橋南里,衛榮健,90743019,股份有限公司,0580101,0700602,生產中,29機械設備製造業  ,292其他專用機械設備  
11508.csv,太陽國際金屬股份有限公司,07005317,,彰化縣鹿港鎮海埔里工業西七路29號,彰化縣鹿港鎮海埔里,陳俊丞,83561317,股份有限公司,,1121011,生產中,24基本金屬製造業  ,243銅  
11508.csv,太陽堂食品企業有限公司,99670268,08310000150458,臺中市北屯區三和里東山路一段１４６巷４６之１號,臺中市北屯區三和里,雷明憲,84373242,有限公司,0830119,0830927,生產中,08食品製造業  ,089其他食品  
11508.csv,太陽新材股份有限公司,68007242,,桃園市龍潭區烏林里中豐路533巷80號,桃園市龍潭區烏林里,孫仲文,60572040,股份有限公司,,1141223,生產中,23非金屬礦物製品製造業  ,234石材製品、239其他非金屬礦物製品  
11508.csv,妮傲絲翠股份有限公司內湖廠,63022112,,臺北市內湖區湖元里行忠路五十八號三樓,臺北市內湖區湖元里,張裕彬,84473241,股份有限公司,,0980527,生產中,19其他化學製品製造業  ,193清潔用品及化粧品  
11508.csv,妮傲絲翠股份有限公司生醫廠,63022336,,臺北市內湖區湖元里行忠路五十八號四樓,臺北市內湖區湖元里,張裕彬,84473241,股份有限公司,,1031119,生產中,33其他製造業  ,332醫療器材及用品  
11508.csv,宇泰豐鋼鐵有限公司一廠,S6601988,,臺中市豐原區朴子里國豐路三段490巷27號,臺中市豐原區朴子里,康世潤,53846386,有限公司,,1121219,生產中,25金屬製品製造業  ,254金屬加工處理  
11508.csv,沿峰精密工業股份有限公司,99633718,08110006213919,臺中市大里區東湖里東南路15之2號,臺中市大里區東湖里,陳民治,86794839,股份有限公司,0811028,0820303,生產中,24基本金屬製造業  ,241鋼鐵  
11508.csv,泓泰環保科技股份有限公司大同廠,03000400,,桃園市觀音區草漯里大同二路25號,桃園市觀音區草漯里,蔣興德,28089791,股份有限公司,,1000505,生產中,18化學材料及肥料製造業、24基本金屬製造業  ,181化學原材料、243銅、249其他基本金屬  
11508.csv,泰元工業社,S0701188,,彰化縣和美鎮頭前里和頭路639巷12弄100號,彰化縣和美鎮頭前里,王美真,47365022,獨資,,1090826,生產中,24基本金屬製造業  ,243銅  
11508.csv,泰元鋼業股份有限公司,99626581,08210003000444,桃園市觀音區大潭里六鄰快速路9段2250號,桃園市觀音區大潭里,張啟川　　,44718038,股份有限公司,0820212,0850527,生產中,30汽車及其零件製造業、31其他運輸工具及其零件製造業、24基本金屬製造業  ,241鋼鐵、303汽車零件、312機車及其零件  
11508.csv,泰清鐵材股份有限公司吉安一廠,99704638,,花蓮縣吉安鄉光華村華工五路２６號,花蓮縣吉安鄉光華村,楊順清,97021678,股份有限公司,,0980520,生產中,25金屬製品製造業、24基本金屬製造業  ,252金屬結構及建築組件、241鋼鐵  
11508.csv,洪安興業有限公司,99652241,08710000920794,南投縣南投市平山里仁和路二六號,南投縣南投市平山里,謝順成,16395747,有限公司,0870501,0870511,生產中,32家具製造業、33其他製造業  ,320家具、339未分類其他製品  
11508.csv,源成鋼鐵股份有限公司,99654365,,雲林縣斗南鎮新光里延平路一段50號,雲林縣斗南鎮新光里,蘇進輝,63025824,股份有限公司,,0610801,生產中,25金屬製品製造業  ,254金屬加工處理  
11508.csv,源順企業社,99664321,08310012148465,高雄市岡山區為隨里為隨西路１３巷３號,高雄市岡山區為隨里,蔣榮峰,76991614,合夥,0830913,0830916,生產中,24基本金屬製造業  ,242鋁、243銅  
11508.csv,牙星科技有限公司,66010242,,臺中市沙鹿區斗抵里太平路3之1號1樓,臺中市沙鹿區斗抵里,林威志,90289550,有限公司,,1110926,生產中,29機械設備製造業  ,292其他專用機械設備  
11508.csv,特展股份有限公司蘆竹廠,03002417,,桃園市蘆竹區錦興里錦秀街13巷3之4號,桃園市蘆竹區錦興里,王茂寅,27896986,股份有限公司,,1030904,生產中,22塑膠製品製造業  ,220塑膠製品  
11508.csv,台灣電能股份有限公司高雄廠,99712451,,高雄市大寮區琉球里農場路210、210-1號,高雄市大寮區琉球里,何協勳,28285718,股份有限公司,,0980606,生產中,29機械設備製造業、24基本金屬製造業  ,291金屬加工用機械設備、241鋼鐵  
11508.csv,合一特用材料股份有限公司一廠,67004084,,臺南市永康區塩洲里洲工街25號,臺南市永康區塩洲里,馬堅勇,93633923,股份有限公司,,1140526,生產中,24基本金屬製造業  ,243銅  
11508.csv,合象有限公司,99624374,06810000143840,桃園市楊梅區上田里和平路一四三號,桃園市楊梅區上田里,陳兆明　　,45054206,有限公司,0580101,0690118,生產中,25金屬製品製造業  ,252金屬結構及建築組件  
11508.csv,吉茂精密股份有限公司,99645072,07310000240209,彰化縣芳苑鄉後寮村工區路２８號,彰化縣芳苑鄉後寮村,劉彥狄,24157564,股份有限公司,0770324,0750107,生產中,30汽車及其零件製造業  ,303汽車零件  
11508.csv,吉茂精密股份有限公司三廠,99645073,08910000900946,彰化縣芳苑鄉後寮村工區六路３號,彰化縣芳苑鄉後寮村,劉彥狄,24157564,股份有限公司,0890216,0891025,生產中,30汽車及其零件製造業  ,303汽車零件  
11508.csv,吉茂精密股份有限公司五廠,07000999,,彰化縣芳苑鄉後寮村工區路15號,彰化縣芳苑鄉後寮村,劉彥狄,24157564,股份有限公司,,1021030,生產中,30汽車及其零件製造業  ,303汽車零件  
11508.csv,吉茂精密股份有限公司六廠,07002795,10710007800391,彰化縣芳苑鄉後寮村工區路13號,彰化縣芳苑鄉後寮村,劉彥狄,24157564,股份有限公司,1070919,1071002,生產中,30汽車及其零件製造業  ,303汽車零件  
11508.csv,名祥鋼鐵股份有限公司二廠,65009889,,新北市林口區東林里工九路23號(A1棟),新北市林口區東林里,余金鳳,36061846,股份有限公司,,1101021,生產中,25金屬製品製造業  ,254金屬加工處理  
11508.csv,啟仁書局有限公司,99673243,07910000160450,臺南市南區彰南里新信路32號,臺南市南區彰南里,陳世斌,22695460,有限公司,0790203,0790226,生產中,16印刷及資料儲存媒體複製業  ,160印刷及資料儲存媒體複製  
11508.csv,啟兆壓鑄工業股份有限公司,03002566,,桃園市楊梅區上田里和平路236巷30弄16號,桃園市楊梅區上田里,鍾嚴毅,28156361,股份有限公司,,1031119,生產中,29機械設備製造業、30汽車及其零件製造業、31其他運輸工具及其零件製造業、24基本金屬製造業、25金屬製品製造業  ,291金屬加工用機械設備、292其他專用機械設備、293通用機械設備、303汽車零件、312機車及其零件、251金屬刀具、手工具及模具、242鋁  
11508.csv,善品科技股份有限公司霧峰廠,99642418,,臺中市霧峰區吉峰里中正路一二九七巷七號,臺中市霧峰區吉峰里,廖祿堙,52691547,股份有限公司,,0920310,生產中,22塑膠製品製造業、24基本金屬製造業  ,220塑膠製品、243銅  
11508.csv,喬登工業股份有限公司,99701146,,臺中市神岡區社南里中山路六六七巷三八號,臺中市神岡區社南里,陳張秀蓮,23397242,有限公司,,0921003,生產中,29機械設備製造業  ,291金屬加工用機械設備、293通用機械設備  
11508.csv,國丹機械鑄造廠有限公司,99687344,,桃園市蘆竹區內厝里南山路二段五巷七號,桃園市蘆竹區內厝里,徐明仁,23198779,有限公司,,0921204,生產中,24基本金屬製造業、25金屬製品製造業  ,241鋼鐵、259其他金屬製品  
11508.csv,國代食品有限公司,99712398,,高雄市仁武區仁武里工業二路１７巷９１號,高雄市仁武區仁武里,林高科,24355522,有限公司,,0980311,生產中,08食品製造業  ,089其他食品  
11508.csv,國暉鋼鐵股份有限公司三廠,S6603328,,臺中市后里區墩南里南村路32-1號,臺中市后里區墩南里,林崑鐔,22930612,股份有限公司,,1150629,生產中,25金屬製品製造業  ,252金屬結構及建築組件  
11508.csv,國暉鋼鐵股份有限公司二廠,66003150,,臺中市后里區墩南里南村路8-15號、七星街15-1號,臺中市后里區墩南里,林崑鐔,22930612,股份有限公司,,1031021,生產中,24基本金屬製造業、25金屬製品製造業  ,241鋼鐵、254金屬加工處理  
11508.csv,均騰鋼鐵有限公司二廠,68004193,,桃園市楊梅區高山里高獅路303巷3號(2樓),桃園市楊梅區高山里,鍾宥勝,42749318,有限公司,,1100604,生產中,25金屬製品製造業  ,251金屬刀具、手工具及模具  
11508.csv,壬久工業有限公司神岡廠,S6601709,,臺中市神岡區神洲里光啟路98之2號,臺中市神岡區神洲里,王碧娥,54582952,有限公司,,1100618,生產中,24基本金屬製造業  ,242鋁  
11508.csv,大佳便當廠和順廠,99706085,,臺南市安南區新順里永安路98號,臺南市安南區新順里,蔡政祐,47967241,合夥,,0990709,生產中,08食品製造業  ,089其他食品  
11508.csv,大唐工業社,99683004,08510011309605,臺南市仁德區一甲里太乙五街35號,臺南市仁德區一甲里,周國義　　　,19782378,獨資,0850905,0850910,生產中,24基本金屬製造業、25金屬製品製造業  ,241鋼鐵、254金屬加工處理  
11508.csv,大悟實業有限公司,68002103,,桃園市龜山區大同里自強東路145號(1樓),桃園市龜山區大同里,鍾清亮,24253308,有限公司,,1070815,生產中,08食品製造業  ,089其他食品  
11508.csv,大澤科技有限公司一廠,67002971,,臺南市安南區佃東里安新六路168號,臺南市安南區佃東里,林東立,24231608,有限公司,,1100504,生產中,29機械設備製造業  ,292其他專用機械設備  
11508.csv,大瀚鋼鐵股份有限公司,64008966,,高雄市鳳山區鎮北里鳳仁路92-31號,高雄市鳳山區鎮北里,黃毓鵬,83737076,股份有限公司,,1100223,生產中,25金屬製品製造業  ,259其他金屬製品  
11508.csv,大灃科技股份有限公司高加廠,90K00989,,高雄市前鎮區鎮北里南一路3號,高雄市前鎮區鎮北里,周翊耕,70424136,股份有限公司,,1070420,生產中,27電腦、電子產品及光學製品製造業  ,275量測、導航、控制設備及鐘錶  
11508.csv,大炘鋼鐵股份有限公司,99678653,08110000074452,彰化縣伸港鄉溪底村工西一路１號,彰化縣伸港鄉溪底村,林條金　,22687829,股份有限公司,0810810,0820802,生產中,24基本金屬製造業、29機械設備製造業  ,241鋼鐵、291金屬加工用機械設備  
11508.csv,大立鑄造工業股份有限公司彰濱廠,07005597,,彰化縣鹿港鎮海埔里工業西七路26號1樓,彰化縣鹿港鎮海埔里,謝永賓,96915523,股份有限公司,,1130619,生產中,24基本金屬製造業  ,243銅  
11508.csv,大順碾米廠,99663788,07010012048241,高雄市鳳山區忠孝里光復路一段７８號,高雄市鳳山區忠孝里,林掙發,85652848,獨資,0791231,0791231,生產中,08食品製造業  ,086碾榖、磨粉及澱粉製品  
11508.csv,天錡精密工業股份有限公司新店工廠,99616103,08110001284471,新北市新店區日興里建業路49號,新北市新店區日興里,蔡榮祿,01508413,股份有限公司,0810828,0810919,生產中,24基本金屬製造業、25金屬製品製造業、29機械設備製造業  ,241鋼鐵、251金屬刀具、手工具及模具、259其他金屬製品、293通用機械設備  
11508.csv,天陽航太科技股份有限公司,66002452,,臺中市西屯區協和里工業區7路29號,臺中市西屯區協和里,蔡榮騰,28631817,股份有限公司,,1030116,生產中,24基本金屬製造業、25金屬製品製造業、29機械設備製造業、31其他運輸工具及其零件製造業  ,242鋁、254金屬加工處理、259其他金屬製品、293通用機械設備、319未分類其他運輸工具及其零件  
11508.csv,奇達鋁業股份有限公司楊梅廠,99687740,,桃園市楊梅區三湖里泰圳路188號,桃園市楊梅區三湖里,呂花蕙,27265910,股份有限公司,,0930617,生產中,30汽車及其零件製造業、29機械設備製造業、24基本金屬製造業  ,303汽車零件、293通用機械設備、242鋁  
11508.csv,奇鈺精密鑄造股份有限公司,99606271,07310000251193,新北市土城區沛陂里中山路19號,新北市土城區沛陂里,許自哲,34390576,股份有限公司,0731012,0740103,生產中,29機械設備製造業、25金屬製品製造業、31其他運輸工具及其零件製造業、24基本金屬製造業  ,292其他專用機械設備、293通用機械設備、253金屬容器、251金屬刀具、手工具及模具、319未分類其他運輸工具及其零件、241鋼鐵  
11508.csv,威福股份有限公司,99689535,08110001031059,新北市汐止區環河里南陽街120巷10號,新北市汐止區環河里,魏綺萱,22998035,股份有限公司,0810131,0810218,生產中,24基本金屬製造業、25金屬製品製造業、29機械設備製造業  ,243銅、259其他金屬製品、293通用機械設備  
11508.csv,泉侑實業有限公司,67002438,,臺南市仁德區太子里太子路689巷42號,臺南市仁德區太子里,潘南禎,53168463,有限公司,,1080711,生產中,25金屬製品製造業  ,259其他金屬製品  
11508.csv,泓海科技股份有限公司,99688866,,桃園市蘆竹區內厝里長安路１段１５２號,桃園市蘆竹區內厝里,許錦國,80112415,股份有限公司,,0950308,生產中,26電子零組件製造業  ,263印刷電路板  
11508.csv,泰演精密工業股份有限公司,65004426,,新北市新莊區西盛里瓊林南路197、199號,新北市新莊區西盛里,黃漢欽,16587674,股份有限公司,,1041015,生產中,24基本金屬製造業、25金屬製品製造業、26電子零組件製造業、29機械設備製造業  ,241鋼鐵、251金屬刀具、手工具及模具、269其他電子零組件、291金屬加工用機械設備  
11508.csv,洪晟金屬股份有限公司,99632683,07810005030049,苗栗縣通霄鎮內島里七鄰內島五七之一號,苗栗縣通霄鎮內島里,洪文昌,23260055,股份有限公司,0780328,0780818,生產中,24基本金屬製造業  ,242鋁  
11508.csv,浤裕模具有限公司,99711721,,臺南市仁德區太子里大發路177巷33號,臺南市仁德區太子里,陳國榮,24375787,有限公司,,0980430,生產中,25金屬製品製造業  ,251金屬刀具、手工具及模具  
11508.csv,海瑞產業有限公司,99670533,06210000006125,臺中市南區崇倫里復興路二段７１巷６５弄３９號,臺中市南區崇倫里,莊海瑞,52414327,有限公司,0580101,0630528,生產中,16印刷及資料儲存媒體複製業  ,160印刷及資料儲存媒體複製  
11508.csv,渼和鋼鐵股份有限公司,68003502,,桃園市龜山區大華里頂湖路47號(1樓),桃園市龜山區大華里,周榮隆,82773637,股份有限公司,,1090709,生產中,25金屬製品製造業  ,254金屬加工處理  
11508.csv,潔安環保工程有限公司大安廠,99713243,,臺中市大安區海墘里東西八路二段176號,臺中市大安區海墘里,陳慧玲,89903831,有限公司,,0980501,生產中,22塑膠製品製造業  ,220塑膠製品  
11508.csv,潔安環保工程有限公司苑裡廠,05000214,,苗栗縣苑裡鎮山腳里一六鄰錦山一三之二號,苗栗縣苑裡鎮山腳里,陳慧玲,89903831,有限公司,,1031002,生產中,22塑膠製品製造業、24基本金屬製造業  ,220塑膠製品、242鋁  
11508.csv,特聖鋼鐵有限公司,S6700891,,臺南市仁德區文賢里三甲一街131號,臺南市仁德區文賢里,許銘仁,24909495,有限公司,,1130417,生產中,25金屬製品製造業  ,252金屬結構及建築組件  
11508.csv,合作混凝土股份有限公司彰化廠,07006228,,彰化縣芳苑鄉漢寶村新漢寶段880地號(通訊地址：台中市神岡區社口街499巷22號1樓),彰化縣芳苑鄉漢寶村,施俊豪,60324377,股份有限公司,,1141107,生產中,23非金屬礦物製品製造業  ,233水泥及其製品、239其他非金屬礦物製品  
11508.csv,合暉股份有限公司,68001592,,桃園市八德區大安里長安街29之1號1樓,桃園市八德區大安里,張宏君,24237758,股份有限公司,,1061107,生產中,11紡織業  ,111紡紗  
11508.csv,合金達企業有限公司大發廠,99709958,,高雄市大寮區過溪里華西路２７之２號,高雄市大寮區過溪里,謝水樹,16822256,有限公司,,0960716,生產中,25金屬製品製造業、33其他製造業、24基本金屬製造業  ,254金屬加工處理、339未分類其他製品、241鋼鐵、242鋁、243銅、249其他基本金屬、259其他金屬製品  
11508.csv,合銘科技股份有限公司,68004604,,桃園市蘆竹區內厝里長興路三段229巷23號(2樓),桃園市蘆竹區內厝里,王德泰,24200577,股份有限公司,,1101208,生產中,25金屬製品製造業  ,254金屬加工處理  
11508.csv,吉賀企業社,65003962,,新北市新莊區丹鳳里丹鳳街8號,新北市新莊區丹鳳里,郭淑雲,10532420,合夥,,1040415,生產中,11紡織業  ,115紡織品  
11508.csv,同豐鋁業股份有限公司,66003156,,臺中市豐原區南村里豐原大道五段216巷68號,臺中市豐原區南村里,陳重瑞,28061647,股份有限公司,,1031021,生產中,24基本金屬製造業  ,242鋁  
11508.csv,吾友塑膠廠股份有限公司一廠,99670242,07110000070930,臺中市南屯區南屯里南美街２０號,臺中市南屯區南屯里,陳平,52757456,股份有限公司,0580101,0710413,生產中,22塑膠製品製造業  ,220塑膠製品  
11508.csv,吾友塑膠廠股份有限公司二廠,99670243,08010019000788,臺中市南屯區南屯里南美街２９號,臺中市南屯區南屯里,陳平,52757456,股份有限公司,0800603,0801216,生產中,22塑膠製品製造業  ,220塑膠製品  
11508.csv,和楹有限公司,S0703061,,彰化縣彰化市磚磘里彰草路394巷臨29號之2,彰化縣彰化市磚磘里,何瑋程,83241912,有限公司,,1140529,生產中,25金屬製品製造業  ,259其他金屬製品  
11508.csv,和迅生命科學股份有限公司,68003836,,桃園市桃園區汴洲里春日路1490號6樓、1490-3號6樓,桃園市桃園區汴洲里,黃濟鴻,50924393,股份有限公司,,1091229,生產中,20藥品及醫用化學製品製造業  ,200藥品及醫用化學製品  
11508.csv,品椿企業有限公司,99628173,08110003155420,桃園市八德區大智里桃德路一八四巷二八號,桃園市八德區大智里,陳一鳳,28082410,有限公司,0811027,0811105,生產中,29機械設備製造業  ,292其他專用機械設備  
11508.csv,唐大企業社,99660905,07410011036468,臺南市永康區甲頂里中正南路242巷30號,臺南市永康區甲頂里,蔡秋梅　　　,06596512,獨資,0740404,0750401,生產中,22塑膠製品製造業  ,220塑膠製品  
11508.csv,啟圓工業股份有限公司新豐廠,99630145,07610000332448,新竹縣新豐鄉坡頭村坡子頭189之2號、189-3號、埔和村埔頂243-1號,新竹縣新豐鄉坡頭村,黃發增　　　,22872628,股份有限公司,0761022,0771007,生產中,19其他化學製品製造業  ,199未分類其他化學製品  
11508.csv,善祥鋁業股份有限公司,99687164,,桃園市新屋區笨港里文大路1216號,桃園市新屋區笨港里,鍾志謀,70698542,股份有限公司,,0920904,生產中,24基本金屬製造業  ,242鋁  
11508.csv,嘉瑾企業有限公司,99678063,07010000070892,彰化縣埔鹽鄉南港村埔菜路二七號,彰化縣埔鹽鄉南港村,陳守惠　,60268451,有限公司,0580101,0720505,生產中,24基本金屬製造業、25金屬製品製造業  ,242鋁、249其他基本金屬、259其他金屬製品  
11508.csv,國倫實業有限公司,99683545,07510011016063,臺南市永康區甲頂里中正南路242巷4弄97號,臺南市永康區甲頂里,何成家　　　,69689643,有限公司,0750225,0751220,生產中,13皮革、毛皮及其製品製造業、16印刷及資料儲存媒體複製業  ,130皮革、毛皮及其製品、160印刷及資料儲存媒體複製  
11508.csv,國朧實業股份有限公司,99665168,06710012032406,高雄市大寮區江山里鳳屏二路４１號,高雄市大寮區江山里,林順吉,75912937,股份有限公司,0791231,0791231,生產中,24基本金屬製造業、26電子零組件製造業  ,241鋼鐵、242鋁、262被動電子元件  
11508.csv,城豐工業有限公司,99713193,,臺中市大雅區上楓里鳳鳴路６－１１號１樓,臺中市大雅區上楓里,林國安,24351960,有限公司,,0980317,生產中,24基本金屬製造業  ,241鋼鐵  
11508.csv,城裕塑膠工業有限公司,99636225,07610006077850,臺中市大里區大元里國光路一段一五九巷六弄四號,臺中市大里區大元里,許恩果,22413461,有限公司,0760523,0760706,生產中,22塑膠製品製造業、30汽車及其零件製造業、31其他運輸工具及其零件製造業  ,220塑膠製品、303汽車零件、312機車及其零件  
11508.csv,堡欣工業有限公司,99624750,07710003055234,桃園市平鎮區湧光里南豐路一五四巷二八號一樓,桃園市平鎮區湧光里,陳新鈿　　　,22927243,有限公司,0770607,0770617,生產中,29機械設備製造業、25金屬製品製造業  ,293通用機械設備、259其他金屬製品  
11508.csv,大信機電工程有限公司二廠,65013524,,新北市樹林區彭厝里東豐街49巷12號(1樓),新北市樹林區彭厝里,陳婷玉,24362241,有限公司,,1150429,生產中,28電力設備及配備製造業  ,281發電、輸電及配電機械、283電線及配線器材  
11508.csv,大倚企業股份有限公司,99642704,08310006268479,臺中市烏日區北里里太明路五三巷二八弄九號,臺中市烏日區北里里,謝永禮,23409747,股份有限公司,0831115,0850529,生產中,28電力設備及配備製造業、24基本金屬製造業、25金屬製品製造業、29機械設備製造業  ,289其他電力設備及配備、241鋼鐵、259其他金屬製品、293通用機械設備  
11508.csv,大園鋼鐵事業有限公司,68000434,,桃園市大園區田心里大觀路266號（1樓）,桃園市大園區田心里,康廷彰,25030987,有限公司,,1041230,生產中,25金屬製品製造業  ,254金屬加工處理  
11508.csv,大園鋼鐵事業有限公司二廠,S6800423,,桃園市大園區溪海里和平西路一段479-3號,桃園市大園區溪海里,康廷彰,25030987,有限公司,,1131112,生產中,25金屬製品製造業  ,254金屬加工處理  
11508.csv,大圓美術有限公司,65001279,,新北市汐止區環河里環河街82號1樓,新北市汐止區環河里,何天琦,84524261,有限公司,,1010417,生產中,16印刷及資料儲存媒體複製業  ,160印刷及資料儲存媒體複製  
11508.csv,大東洋鋼鐵股份有限公司,99654658,,雲林縣崙背鄉崙前村大利街２０－３號,雲林縣崙背鄉崙前村,李瑞桐,80730198,股份有限公司,,0950106,生產中,25金屬製品製造業、29機械設備製造業  ,252金屬結構及建築組件、291金屬加工用機械設備、293通用機械設備、251金屬刀具、手工具及模具  
11508.csv,大煒實業股份有限公司斗六廠,09000926,,雲林縣斗六市榴北里科班路6號,雲林縣斗六市榴北里,石淑貞,22417678,股份有限公司,,1081021,生產中,25金屬製品製造業  ,251金屬刀具、手工具及模具、254金屬加工處理  
11508.csv,大王千金食品有限公司,99676085,,嘉義縣太保市太保里北港路二段105巷18弄15號,嘉義縣太保市太保里,高淑慧,24206967,有限公司,,0980910,生產中,08食品製造業  ,089其他食品  
11508.csv,大豐製棉廠,99659340,06810000142419,臺南市將軍區巷埔里仁巷92之2號,臺南市將軍區巷埔里,徐忠祿　　,74713952,獨資,0680823,0691029,生產中,11紡織業  ,115紡織品  
11508.csv,大騰興業股份有限公司,99649890,07510007055465,彰化縣伸港鄉新港村中興路１段３６號,彰化縣伸港鄉新港村,柯宗禮,22209910,股份有限公司,0750626,0760627,生產中,24基本金屬製造業  ,241鋼鐵  
11508.csv,大騰興業股份有限公司工廠,07006423,,彰化縣線西鄉溝內村彰濱東四路7號,彰化縣線西鄉溝內村,柯宗禮,22209910,股份有限公司,,1150515,生產中,24基本金屬製造業  ,241鋼鐵  
11508.csv,大鼎食品有限公司,65003595,,新北市三峽區溪北里溪北街103號,新北市三峽區溪北里,郭慧君,24280641,有限公司,,1031204,生產中,08食品製造業  ,089其他食品  
11508.csv,威億工業股份有限公司,64007243,,高雄市岡山區本洲里本工七路8號,高雄市岡山區本洲里,王蕭英足,28661558,股份有限公司,,1040316,生產中,22塑膠製品製造業、30汽車及其零件製造業、31其他運輸工具及其零件製造業、33其他製造業  ,220塑膠製品、303汽車零件、319未分類其他運輸工具及其零件、339未分類其他製品  
11508.csv,威全機械工業股份有限公司和睦分廠,S6601242,,臺中市清水區海風里和睦路一段961巷28號,臺中市清水區海風里,林國全,52718834,股份有限公司,,1121023,生產中,29機械設備製造業  ,291金屬加工用機械設備  
11508.csv,季宏有限公司泰山廠,99689947,08810001204321,新北市泰山區楓樹里明志路一段一一七巷一八號,新北市泰山區楓樹里,陳季昌,89243629,有限公司,0880621,0880621,生產中,26電子零組件製造業  ,264光電材料及元件、269其他電子零組件  
11508.csv,宇球國際興業有限公司,68006233,,桃園市蘆竹區長興里南崁路二段226巷16號,桃園市蘆竹區長興里,曹蕥蘭,70621241,有限公司,,1130802,生產中,29機械設備製造業  ,293通用機械設備  
11508.csv,宇瑞電子股份有限公司新莊廠,99608095,07810000283026,新北市新莊區福興里五權一路一號三樓之一０,新北市新莊區福興里,徐文玲,84109243,有限公司,0780817,0820810,生產中,26電子零組件製造業  ,264光電材料及元件、269其他電子零組件  
11508.csv,泉利米香食品有限公司,99702560,,基隆市信義區仁壽里信二路２１７巷１號,基隆市信義區仁壽里,簡許泉,24215614,有限公司,,0990623,生產中,08食品製造業  ,089其他食品  
11508.csv,泉富金屬工業股份有限公司,99644185,06010006074693,臺中市潭子區頭家里中山路一段五七號,臺中市潭子區頭家里,陳謝秋月,55623656,股份有限公司,0600327,0620319,生產中,25金屬製品製造業、24基本金屬製造業  ,242鋁、252金屬結構及建築組件  
11508.csv,泓瀧企業社,S6500243,,新北市新莊區瓊林里瓊林路98之2號1樓,新北市新莊區瓊林里,童廉傑,30260755,獨資,,1090522,生產中,32家具製造業  ,320家具  
11508.csv,洪記印刷有限公司本廠,S6602427,,臺中市西區忠誠里明智街25、27號,臺中市西區忠誠里,洪賴櫻桂,22678770,有限公司,,1140514,生產中,16印刷及資料儲存媒體複製業  ,160印刷及資料儲存媒體複製  
11508.csv,洪記食品行,01000241,,新北市中和區碧河里連城路222巷8弄4號1樓,新北市中和區碧河里,洪樹木,30310122,獨資,,0991217,生產中,08食品製造業  ,089其他食品  
11508.csv,海神全球股份有限公司,68004242,,桃園市大園區內海里民族街6號,桃園市大園區內海里,林伯勲,69758198,股份有限公司,,1100623,生產中,17石油及煤製品製造業、18化學材料及肥料製造業、22塑膠製品製造業  ,170石油及煤製品、181化學原材料、220塑膠製品  
11508.csv,添富木業社,99624327,06610000152417,桃園市大溪區月眉里信義路416號,桃園市大溪區月眉里,鄭添富　　　,02707018,合夥,0580101,0670116,生產中,14木竹製品製造業  ,140木竹製品  
11508.csv,添富鋁業有限公司工廠,99679912,,彰化縣鹿港鎮海埔里鹿工北二路８號,彰化縣鹿港鎮海埔里,林焜燿,23973336,有限公司,,0941125,生產中,24基本金屬製造業  ,242鋁  
11508.csv,添富鋼鐵股份有限公司,99600830,08310001355802,新北市樹林區金寮里武林街八號,新北市樹林區金寮里,林志銘,22702912,股份有限公司,0831018,0831129,生產中,24基本金屬製造業、25金屬製品製造業、29機械設備製造業  ,241鋼鐵、254金屬加工處理、252金屬結構及建築組件  
11508.csv,添建鋼鐵股份有限公司,99629288,08110003155073,桃園市八德區大湳里和平路六五一號,桃園市八德區大湳里,林志銘,86665238,股份有限公司,0811009,0820205,生產中,25金屬製品製造業  ,254金屬加工處理  
11508.csv,源木金屬企業有限公司,S6601177,,臺中市潭子區大富里潭富路三段3-1號,臺中市潭子區大富里,林寶霖,16023937,有限公司,,1100908,生產中,24基本金屬製造業  ,242鋁  
11508.csv,源鵬應用材料股份有限公司工廠,99645038,08910007300866,彰化縣花壇鄉橋頭村彰員路２段２７５號,彰化縣花壇鄉橋頭村,陳木進,24297832,股份有限公司,0890617,0900514,生產中,11紡織業  ,112織布、115紡織品  
11508.csv,源鴻開發建設有限公司,S6601583,,臺中市神岡區庄前里神林路70巷8號,臺中市神岡區庄前里,林清炎,16032416,有限公司,,1091023,生產中,29機械設備製造業  ,291金屬加工用機械設備  
11508.csv,準密企業社,65003367,,新北市鶯歌區永昌里建國路512巷2弄3號1樓,新北市鶯歌區永昌里,賈國誠,02437985,獨資,,1030829,生產中,22塑膠製品製造業  ,220塑膠製品  
11508.csv,漢宗股份有限公司,99703573,,臺中市神岡區新庄里和睦路一段537巷26號,臺中市神岡區新庄里,紀  海,12217172,股份有限公司,,0950508,生產中,24基本金屬製造業、25金屬製品製造業、32家具製造業、29機械設備製造業  ,242鋁、320家具、259其他金屬製品、293通用機械設備、252金屬結構及建築組件  
11508.csv,照敏企業股份有限公司龜山廠,68006243,,桃園市龜山區南美里南美街108號及108號2樓、3樓、4樓,桃園市龜山區南美里,黃瑞興,23648487,股份有限公司,,1130809,生產中,25金屬製品製造業、26電子零組件製造業  ,254金屬加工處理、259其他金屬製品、263印刷電路板  
11508.csv,瀛昌機具工廠股份有限公司,99662430,00010012048375,高雄市岡山區程香里岡燕路４５１號,高雄市岡山區程香里,黃建生,85735828,股份有限公司,0791231,0791231,生產中,25金屬製品製造業  ,254金屬加工處理  
11508.csv,台裕橡膠工業股份有限公司中壢廠,99629793,06210000064268,桃園市中壢區過嶺里11鄰民族路六段360號,桃園市中壢區過嶺里,張家豪,35524209,股份有限公司,0620627,0641106,生產中,21橡膠製品製造業、22塑膠製品製造業  ,210橡膠製品、220塑膠製品  
11508.csv,台裕工業有限公司,99624203,06710000201481,桃園市中壢區永福里東園路二七號,桃園市中壢區永福里,楊富傑,15831334,有限公司,0580101,0700513,生產中,19其他化學製品製造業  ,199未分類其他化學製品  
11508.csv,合健木業有限公司,99629270,06310000006222,桃園市新屋區東明里一鄰東勢六號,桃園市新屋區東明里,葉張蘭菊　　,43691243,有限公司,0580101,0630607,生產中,14木竹製品製造業  ,140木竹製品  
11508.csv,合億國際企業股份有限公司梅山廠,99675732,,嘉義縣梅山鄉梅北村工業一路６號,嘉義縣梅山鄉梅北村,許素月,80242183,股份有限公司,,0911218,生產中,22塑膠製品製造業  ,220塑膠製品  
11508.csv,合鋼鋼鐵股份有限公司,99713473,,臺中市清水區海風里和睦路二段8號一樓,臺中市清水區海風里,康錫藤,22088676,股份有限公司,,0981203,生產中,25金屬製品製造業  ,254金屬加工處理  
11508.csv,合鎰技研股份有限公司精科廠,66007308,,臺中市南屯區春社里精科中二路22號,臺中市南屯區春社里,劉元周,24257711,股份有限公司,,1080328,生產中,31其他運輸工具及其零件製造業、33其他製造業  ,313自行車及其零件、332醫療器材及用品  
11508.csv,吉星雷射股份有限公司,03000648,,桃園市觀音區金湖里中山路一段1171巷16弄7號1樓,桃園市觀音區金湖里,謝才德,12707494,股份有限公司,,1000919,生產中,24基本金屬製造業、25金屬製品製造業  ,241鋼鐵、252金屬結構及建築組件、259其他金屬製品  
11508.csv,吉輝鋁業股份有限公司潭子廠,S6601745,,臺中市潭子區東寶里民族路1段332號,臺中市潭子區東寶里,鄭祖繼,56803706,股份有限公司,,1110118,生產中,24基本金屬製造業、30汽車及其零件製造業  ,242鋁、303汽車零件  
11508.csv,同進鋼鐵股份有限公司,99626055,05910000064334,桃園市龜山區大同里大同路334號,桃園市龜山區大同里,陳國賢　　,22391543,股份有限公司,0580101,0590831,生產中,24基本金屬製造業、25金屬製品製造業  ,241鋼鐵、254金屬加工處理  
11508.csv,同酆鋼鐵股份有限公司新屋廠,99707432,,桃園市新屋區永安里12鄰永一路125號,桃園市新屋區永安里,陳其昌,22269091,股份有限公司,,0970121,生產中,25金屬製品製造業  ,254金屬加工處理  
11508.csv,同鎰鐵工廠有限公司,99609178,08310001380258,新北市樹林區圳生里俊安街一七巷六號,新北市樹林區圳生里,潘忠仁,34234864,有限公司,0831109,0831124,生產中,24基本金屬製造業、25金屬製品製造業  ,241鋼鐵、254金屬加工處理  
11508.csv,名翔鋼模壓鑄有限公司,99612565,07510001354609,新北市新莊區頭前里化成路四七六巷二號,新北市新莊區頭前里,陳振謙,22779025,有限公司,0751122,0770504,生產中,24基本金屬製造業、25金屬製品製造業、29機械設備製造業、27電腦、電子產品及光學製品製造業  ,242鋁、249其他基本金屬、259其他金屬製品、293通用機械設備、251金屬刀具、手工具及模具、272通訊傳播設備、275量測、導航、控制設備及鐘錶  
11508.csv,吾同食品股份有限公司,65012173,,新北市深坑區萬順里北深路3段107巷28號3樓,新北市深坑區萬順里,陳若鑫,83624214,股份有限公司,,1130925,生產中,08食品製造業  ,089其他食品  
11508.csv,呂氏科技股份有限公司,99663857,08410012040884,高雄市大社區保社里民族路１３之２９號,高雄市大社區保社里,呂坤忠,89844123,股份有限公司,0840315,0840321,生產中,24基本金屬製造業  ,241鋼鐵、242鋁、243銅  
11508.csv,和欣貴有限公司,67002547,,臺南市仁德區太子里太子路689巷32號,臺南市仁德區太子里,黃麗真,24377336,有限公司,,1081111,生產中,32家具製造業、33其他製造業  ,320家具、331育樂用品  
11508.csv,和正豐光電股份有限公司,67002659,,臺南市麻豆區麻口里麻柚路393號,臺南市麻豆區麻口里,陳昆漢,24364233,股份有限公司,,1090401,生產中,28電力設備及配備製造業  ,284照明設備及配備  
11508.csv,和達貿易有限公司台南廠,67002328,,臺南市安南區布袋里工明二路47號,臺南市安南區布袋里,杜宏斌,84592422,有限公司,,1080402,生產中,08食品製造業  ,089其他食品  
11508.csv,和鈺企業有限公司,S0700540,,彰化縣秀水鄉馬興村雅興街201巷7號,彰化縣秀水鄉馬興村,王俊雅,24251619,有限公司,,1140702,生產中,25金屬製品製造業  ,254金屬加工處理  
11508.csv,品正股份有限公司,99663843,08210012179639,高雄市大社區保社里民族路１３之１４號,高雄市大社區保社里,呂坤忠,23330974,股份有限公司,0821030,0821117,生產中,24基本金屬製造業、33其他製造業  ,241鋼鐵、242鋁、243銅、249其他基本金屬、332醫療器材及用品  
11508.csv,品毅工業股份有限公司,99663048,00010012062645,高雄市路竹區北嶺里中山南路102號,高雄市路竹區北嶺里,洪宗武,75960536,股份有限公司,0791231,0791231,生產中,24基本金屬製造業  ,241鋼鐵  
11508.csv,品泰鋼鐵有限公司,07005205,,彰化縣線西鄉頂庄村中山街198-1號1樓,彰化縣線西鄉頂庄村,林建國,42588755,有限公司,,1120629,生產中,25金屬製品製造業  ,252金屬結構及建築組件、254金屬加工處理、259其他金屬製品  
11508.csv,唐榮鐵工廠股份有限公司,64003730,6764070209,高雄市小港區山明里沿海二路4號,高雄市小港區山明里,趙健在,75460005,股份有限公司,0670808,0730613,生產中,24基本金屬製造業、18化學材料及肥料製造業  ,241鋼鐵、181化學原材料  
11508.csv,喆丰股份有限公司,68002424,,桃園市蘆竹區內厝里長興路三段137巷42號(1樓),桃園市蘆竹區內厝里,施英芳,53915593,股份有限公司,,1071213,生產中,22塑膠製品製造業、32家具製造業  ,220塑膠製品、320家具  
11508.csv,嘉太國際股份有限公司,99616859,08810001204782,新北市新店區復興里中正路五三八巷一號三樓,新北市新店區復興里,王彥迪,22423355,股份有限公司,0880708,0880729,生產中,27電腦、電子產品及光學製品製造業、26電子零組件製造業  ,271電腦及其週邊設備、272通訊傳播設備、269其他電子零組件、264光電材料及元件  
11508.csv,嘉奕工業股份有限公司,68006208,,桃園市蘆竹區長興里長興路四段39巷16號,桃園市蘆竹區長興里,陳清田,84241989,股份有限公司,,1130716,生產中,25金屬製品製造業  ,254金屬加工處理  
11508.csv,嘉奕工業股份有限公司,S6500257,,新北市林口區湖北里1鄰湖子1號之8,新北市林口區,陳清田,84241989,股份有限公司,,1090526,生產中,25金屬製品製造業  ,259其他金屬製品  
11508.csv,嘉發實業工廠股份有限公司埔心廠,99621477,,桃園市楊梅區高山里七鄰幼獅路二段五號,桃園市楊梅區高山里,楊孫智,04457563,股份有限公司,,0900719,生產中,24基本金屬製造業  ,241鋼鐵  
11508.csv,嘉發實業工廠股份有限公司幼獅二廠,99623171,07710000171009,桃園市楊梅區高山里6鄰獅一路17號,桃園市楊梅區高山里,楊孫智,04457563,股份有限公司,0770119,0781016,生產中,24基本金屬製造業  ,241鋼鐵  
11508.csv,嘉發實業工廠股份有限公司幼獅廠,99623174,06210000016084,桃園市楊梅區高山里幼獅工業區獅一路１３、１５號,桃園市楊梅區高山里,楊孫智,04457563,股份有限公司,0580101,0640419,生產中,24基本金屬製造業  ,241鋼鐵  
11508.csv,嘉鋒機械有限公司,S1300466,,屏東縣鹽埔鄉新二村大仁東街20巷21號,屏東縣鹽埔鄉新二村,楊嘉文,24377624,有限公司,,1150603,生產中,29機械設備製造業  ,292其他專用機械設備  
11508.csv,嘉鋒國際興業有限公司,99722397,,桃園市蘆竹區新興里中興路５５巷８號,桃園市蘆竹區新興里,羅志銘,25062431,有限公司,,0990325,生產中,29機械設備製造業、30汽車及其零件製造業、31其他運輸工具及其零件製造業  ,293通用機械設備、303汽車零件、319未分類其他運輸工具及其零件  
11508.csv,嘉鋼精密工業股份有限公司頭橋一廠,99655949,06710000229651,嘉義縣民雄鄉興南村工業三路6-1號,嘉義縣民雄鄉興南村,曹恆健,66402912,股份有限公司,0580101,0680423,生產中,24基本金屬製造業  ,241鋼鐵  
11508.csv,國創工程股份有限公司,99699826,,屏東縣新園鄉新園村媽祖路400號,屏東縣新園鄉新園村,杜冠禎,24398310,股份有限公司,,0980625,生產中,29機械設備製造業、24基本金屬製造業、25金屬製品製造業、23非金屬礦物製品製造業  ,292其他專用機械設備、249其他基本金屬、254金屬加工處理、233水泥及其製品  
11508.csv,國棟五金有限公司,S0800020,,南投縣埔里鎮水頭里隆生路99之1號,南投縣埔里鎮水頭里,葉銘樞,27645449,有限公司,,1100315,生產中,24基本金屬製造業  ,241鋼鐵、249其他基本金屬  
11508.csv,國興模具工業社,S6602186,,臺中市烏日區溪埧里溪南路一段680巷241弄6號,臺中市烏日區溪埧里,陳燕貞,81530514,獨資,,1130924,生產中,25金屬製品製造業  ,251金屬刀具、手工具及模具  
11508.csv,坤大科技股份有限公司,18000081,,新竹市香山區香村里元培街154之2號1、2樓,新竹市香山區香村里,陳澄鈞,24280240,股份有限公司,,1010612,生產中,26電子零組件製造業  ,269其他電子零組件  
11508.csv,壯郁股份有限公司,99617647,08710001502604,新北市樹林區圳民里中正路二一八之三號,新北市樹林區圳民里,洪國興,16342221,股份有限公司,0870120,0870207,生產中,14木竹製品製造業、22塑膠製品製造業、24基本金屬製造業、25金屬製品製造業  ,140木竹製品、220塑膠製品、241鋼鐵、254金屬加工處理、249其他基本金屬  
11508.csv,大倫食品工業有限公司,99632242,07210005100928,苗栗縣大湖鄉大寮村八鄰舊糖廠三之一號,苗栗縣大湖鄉大寮村,羅正倫,49685633,有限公司,0720624,0720624,生產中,08食品製造業  ,089其他食品  
11508.csv,大地工業股份有限公司桃園廠,99626500,06210000113528,桃園市觀音區富源里新富路999號,桃園市觀音區富源里,羅麗珠　　,35006917,股份有限公司,0580101,0630401,生產中,24基本金屬製造業  ,242鋁  
11508.csv,大地昌興業股份有限公司,99722432,,桃園市龍潭區烏林里工二路70巷13號2樓,桃園市龍潭區烏林里,謝明峻,23715099,股份有限公司,,0990420,生產中,22塑膠製品製造業  ,220塑膠製品  
11508.csv,大地金屬企業社,09000803,10710009600088,雲林縣麥寮鄉興華村興化42-7號,雲林縣麥寮鄉興華村,李文仁,72415443,獨資,1070917,1070927,生產中,25金屬製品製造業  ,259其他金屬製品  
11508.csv,大慶食品有限公司,65005351,,新北市樹林區圳生里三俊街199巷20弄16號1樓,新北市樹林區圳生里,吳明達,47042430,有限公司,,1051011,生產中,08食品製造業  ,089其他食品  
11508.csv,大憲光學企業股份有限公司汐止廠,99606549,08410001426944,新北市汐止區北山里康寧街一六九巷二三號七樓,新北市汐止區北山里,章修琅,22425810,股份有限公司,0841130,0841227,生產中,27電腦、電子產品及光學製品製造業、33其他製造業  ,272通訊傳播設備、273視聽電子產品、277光學儀器及設備、332醫療器材及用品、275量測、導航、控制設備及鐘錶  
11508.csv,大成不銹鋼工業股份有限公司,99660275,07510011145247,臺南市仁德區新田里新田二街125號,臺南市仁德區新田里,謝麗雲　　　,22318348,股份有限公司,0751211,0760407,生產中,24基本金屬製造業  ,241鋼鐵  
11508.csv,大東華造船廠股份有限公司,99665829,06610099122433,屏東縣東港鎮朝安里新生一路41號,屏東縣東港鎮朝安里,周楊鸞子,91207901,股份有限公司,0580101,0660817,生產中,31其他運輸工具及其零件製造業  ,311船舶及浮動設施  
11508.csv,大東電業廠股份有限公司楊梅廠,99622433,08110003058030,桃園市楊梅區瑞坪里梅獅路二段349巷3號,桃園市楊梅區瑞坪里,林志明,18523000,股份有限公司,0810413,0830628,生產中,28電力設備及配備製造業  ,283電線及配線器材  
11508.csv,大林鎮農會,99654906,05810000006850,嘉義縣大林鎮平林里新興街６號,嘉義縣大林鎮平林里,廖明和,65024103,農會組織,0580101,0591101,生產中,08食品製造業、09飲料製造業  ,084動植物油脂、086碾榖、磨粉及澱粉製品、089其他食品  
11508.csv,大王電器廠股份有限公司,99649220,06210000024360,彰化縣彰化市和調里中山路３段１７３號,彰化縣彰化市和調里,王文庭,58010300,股份有限公司,0620305,0640529,生產中,28電力設備及配備製造業、31其他運輸工具及其零件製造業  ,282電池、312機車及其零件、319未分類其他運輸工具及其零件  
11508.csv,大統行,99674724,07510021002435,臺南市北區文元里文賢路1122巷59弄22號,臺南市北區文元里,謝士明,69685479,有限公司,0751222,0760117,生產中,16印刷及資料儲存媒體複製業  ,160印刷及資料儲存媒體複製  
11508.csv,大統鋼鐵企業社,S0200040,,宜蘭縣員山鄉惠好村惠好路66巷23號,宜蘭縣員山鄉惠好村,游福鎮,02420302,獨資,,1130923,生產中,25金屬製品製造業  ,252金屬結構及建築組件、254金屬加工處理  
11508.csv,大越金屬工業股份有限公司,99637997,06410006143964,臺中市大雅區六寶里中清路四段590號,臺中市大雅區六寶里,陳世輝,55644224,股份有限公司,0640108,0640519,生產中,24基本金屬製造業、29機械設備製造業  ,241鋼鐵、242鋁、243銅、293通用機械設備  
11508.csv,大越電線股份有限公司,99686403,08010003002025,桃園市蘆竹區錦興里南崁路一段二三一巷一七號,桃園市蘆竹區錦興里,余錫欽　　　,22416951,股份有限公司,0800412,0800425,生產中,28電力設備及配備製造業  ,283電線及配線器材  
11508.csv,大鷹實業有限公司八里廠,99689619,08710001528049,新北市八里區大崁里觀海大道二六九號,新北市八里區大崁里,劉宏洋,22418613,有限公司,0870407,0890321,生產中,22塑膠製品製造業、28電力設備及配備製造業  ,220塑膠製品、283電線及配線器材  
11508.csv,大麗企業社,99659773,08810011309583,臺南市仁德區一甲里太乙路83號,臺南市仁德區一甲里,林麗華,17241159,獨資,0880914,0881008,生產中,19其他化學製品製造業  ,193清潔用品及化粧品、199未分類其他化學製品  
11508.csv,天春窯業工廠,99632923,06710005224126,苗栗縣頭份市尖下里十三鄰尖豐路二四０號,苗栗縣頭份市尖下里,吳寶國,49704358,獨資,0671013,0671013,生產中,23非金屬礦物製品製造業  ,232耐火、黏土建材及其他陶瓷製品  
11508.csv,天鵝鞋業有限公司,99609357,07710001188076,新北市五股區興珍里中興路一段一二一號一、二樓,新北市五股區興珍里,戴邦御,04524319,有限公司,0770630,0770713,生產中,13皮革、毛皮及其製品製造業  ,130皮革、毛皮及其製品  
11508.csv,天麒金屬工業股份有限公司,99623321,08110003059674,桃園市八德區大安里長安街６１之１號,桃園市八德區大安里,郭美玉,23724196,股份有限公司,0810603,0810619,生產中,25金屬製品製造業、29機械設備製造業、31其他運輸工具及其零件製造業  ,251金屬刀具、手工具及模具、293通用機械設備、312機車及其零件、319未分類其他運輸工具及其零件  
11508.csv,奇典工業有限公司,65010124,,新北市樹林區潭底里大安路165號,新北市樹林區潭底里,歐陽莉芳,24278906,有限公司,,1110118,生產中,29機械設備製造業  ,292其他專用機械設備  
11508.csv,奇典工業有限公司(一廠),65012228,,新北市樹林區潭底里大安路171號,新北市樹林區潭底里,歐陽莉芳,24278906,有限公司,,1131021,生產中,25金屬製品製造業  ,259其他金屬製品  
11508.csv,奇點科技股份有限公司,99722422,,桃園市平鎮區平南里中豐路南勢二段460巷25號4樓,桃園市平鎮區平南里,游鳳勤,28935213,股份有限公司,,0990414,生產中,26電子零組件製造業、28電力設備及配備製造業  ,269其他電子零組件、284照明設備及配備  
11508.csv,威利宏有限公司,65012806,,新北市樹林區彭厝里東豐街49巷71號(3樓),新北市樹林區彭厝里,廖仲暐,24356830,有限公司,,1140616,生產中,16印刷及資料儲存媒體複製業、22塑膠製品製造業  ,160印刷及資料儲存媒體複製、220塑膠製品  
11508.csv,威致鋼鐵工業股份有限公司官田廠,99658387,08110000074125,臺南市官田區南廍里南123號,臺南市官田區南廍里,郭素惠　,69771636,股份有限公司,0810730,0830426,生產中,24基本金屬製造業  ,241鋼鐵  
11508.csv,季洋隨行吧國際事業有限公司,64008079,,高雄市鳳山區北門里鳳仁路242巷18號,高雄市鳳山區北門里,陳政介,24982896,有限公司,,1070531,生產中,08食品製造業  ,089其他食品  
11508.csv,學一企業股份有限公司,99645507,07310000034295,彰化縣芳苑鄉後寮村工區路２２號,彰化縣芳苑鄉後寮村,林福隆,24172848,股份有限公司,0750620,0880120,生產中,22塑膠製品製造業、25金屬製品製造業  ,220塑膠製品、254金屬加工處理、251金屬刀具、手工具及模具  
11508.csv,學一企業股份有限公司一廠,99649656,08810000922258,彰化縣芳苑鄉後寮村工區三路２號,彰化縣芳苑鄉後寮村,林福隆,24172848,股份有限公司,0880107,0880205,生產中,33其他製造業  ,331育樂用品  
11508.csv,學甲企業股份有限公司,99711242,,臺南市學甲區新達里中正路484號,臺南市學甲區新達里,陳坤輝,72111125,股份有限公司,,0960731,生產中,33其他製造業  ,339未分類其他製品  
11508.csv,宇田鋼鐵有限公司,07001705,,彰化縣線西鄉溝內村育英路78巷32號1樓,彰化縣線西鄉溝內村,林宏羱,24415583,有限公司,,1050120,生產中,25金屬製品製造業  ,252金屬結構及建築組件  
11508.csv,泉德成製油廠,99678499,05810000011955,彰化縣二林鎮西平里儒林路二段四六九號,彰化縣二林鎮西平里,洪石東　　　,24153933,獨資,0580101,0590301,生產中,08食品製造業  ,084動植物油脂  
11508.csv,泰益展電線股份有限公司,99677134,08610005155023,苗栗縣苗栗市水源里七鄰水源二八號,苗栗縣苗栗市水源里,廖錦爐,16243622,股份有限公司,0861205,0861215,生產中,28電力設備及配備製造業  ,283電線及配線器材  
11508.csv,泰龍工業股份有限公司鋼鐵廠,99616715,06210000116916,新北市五股區更寮里中興路2段114號,新北市五股區更寮里,張貴姬,35340808,股份有限公司,0580101,0621018,生產中,24基本金屬製造業、25金屬製品製造業  ,241鋼鐵、254金屬加工處理  
11508.csv,海翔砂石有限公司,99721546,,高雄市美濃區吉洋里成功新村46-1號,高雄市美濃區吉洋里,董宗翰,22416256,有限公司,,0981103,生產中,23非金屬礦物製品製造業  ,239其他非金屬礦物製品  
11508.csv,添榮企業有限公司梓官廠,99663549,07010012037101,高雄市梓官區同安里大舍東路２９５號,高雄市梓官區同安里,蔡榕,16480173,有限公司,0791231,0791231,生產中,24基本金屬製造業  ,241鋼鐵  
11508.csv,添泉企業股份有限公司,99621599,08610000803856,桃園市楊梅區員本里民隆路７號,桃園市楊梅區員本里,林志銘　　　,89898990,股份有限公司,0860411,0861124,生產中,24基本金屬製造業、29機械設備製造業  ,242鋁、249其他基本金屬、293通用機械設備  
11508.csv,添源鋼鐵股份有限公司,99689266,08410001376108,新北市中和區碧河里板南路三三九巷二號,新北市中和區碧河里,林添成,34609813,股份有限公司,0841017,0841110,生產中,25金屬製品製造業、29機械設備製造業  ,259其他金屬製品、293通用機械設備、251金屬刀具、手工具及模具  
11508.csv,源正鋼鐵股份有限公司,99658241,06210000129104,臺南市官田區官田里官田411號,臺南市官田區官田里,范良爕,22074856,股份有限公司,0620927,0681108,生產中,25金屬製品製造業  ,254金屬加工處理  
11508.csv,漢尚生化科技實業有限公司,99602012,08910000906356,新北市樹林區坡內里大安路五一０號四樓,新北市樹林區坡內里,陳常源,84233242,有限公司,0891012,0900202,生產中,19其他化學製品製造業  ,193清潔用品及化粧品  
11508.csv,瀧漢企業有限公司中和一廠,99719199,,新北市中和區碧河里建八路119號(1、2樓),新北市中和區碧河里,許碩宇,27274241,有限公司,,0980409,生產中,16印刷及資料儲存媒體複製業  ,160印刷及資料儲存媒體複製  
11508.csv,灣雅鋼鐵股份有限公司,68004424,,桃園市龜山區福源里福源街75號,桃園市龜山區福源里,吳春木,23071913,股份有限公司,,1100830,生產中,25金屬製品製造業  ,254金屬加工處理  
11508.csv,火城工業有限公司,99671701,08310019002104,臺中市西屯區大河里福上巷207弄5號,臺中市西屯區大河里,黃唯修,89835742,有限公司,0831122,0831201,生產中,24基本金屬製造業  ,243銅  
11508.csv,炎珍廢鐵有限公司,66001138,,臺中市太平區宜欣里宜昌東路5巷31弄48-1號,臺中市太平區宜欣里,陳炎珍,24219219,有限公司,,1010619,生產中,25金屬製品製造業  ,259其他金屬製品  
11508.csv,炎裔科技有限公司,65002964,,新北市汐止區北山里康寧街169巷23號2樓之1,新北市汐止區北山里,王薇貽,54702422,有限公司,,1030408,生產中,26電子零組件製造業  ,269其他電子零組件  
11508.csv,炘君企業有限公司,99647242,06210000008465,彰化縣彰化巿延和里埔內街４５５巷２９號,彰化縣彰化市延和里,施炘全　　　,29107142,有限公司,0620124,0621221,生產中,25金屬製品製造業、29機械設備製造業  ,259其他金屬製品、293通用機械設備  
11508.csv,炘燐精密科技有限公司三俊廠,65009657,,新北市樹林區圳生里三俊街243號8樓,新北市樹林區圳生里,陳相睿,89802186,有限公司,,1100805,生產中,25金屬製品製造業  ,254金屬加工處理、259其他金屬製品  
11508.csv,炘發企業有限公司,99677521,,苗栗縣造橋鄉錦水村二鄰錦水三四二號,苗栗縣造橋鄉錦水村,楊珈瑛,84690388,有限公司,,0950321,生產中,21橡膠製品製造業、22塑膠製品製造業、24基本金屬製造業  ,210橡膠製品、220塑膠製品、241鋼鐵  
11508.csv,台灣駿緯企業有限公司汐止廠,65012435,,新北市汐止區復興里新台五路1段79號12樓之6,新北市汐止區復興里,陳怡樺,97393190,有限公司,,1140108,生產中,26電子零組件製造業、27電腦、電子產品及光學製品製造業、28電力設備及配備製造業  ,269其他電子零組件、271電腦及其週邊設備、283電線及配線器材  
11508.csv,台灣高週波電氣爐股份有限公司竹南廠,99631685,05910005059430,苗栗縣竹南鎮龍山里六鄰天祥街一段三四五號,苗栗縣竹南鎮龍山里,陳國明,11824374,股份有限公司,0590430,0590529,生產中,19其他化學製品製造業  ,192塗料、染料及顏料  
11508.csv,吉昭企業有限公司,99662328,07510012093758,高雄市大寮區潮寮里田單五街５號,高雄市大寮區潮寮里,莊宗孝,86080586,有限公司,0791231,0791231,生產中,24基本金屬製造業  ,241鋼鐵  
11508.csv,吉晟鋼鐵有限公司,99709545,,雲林縣斗六市久安里永興路１之１號,雲林縣斗六市久安里,劉書正,28372190,有限公司,,0981215,生產中,29機械設備製造業  ,293通用機械設備  
11508.csv,吉晟鋼鐵有限公司(二廠),S0900088,,雲林縣斗六市久安里永興路1號,雲林縣斗六市久安里,劉書正,28372190,有限公司,,1090424,生產中,29機械設備製造業  ,293通用機械設備  
11508.csv,吉晟鋼鐵有限公司溝埧廠,09001369,,雲林縣斗六市溝埧里三樂路100、110號,雲林縣斗六市溝埧里,劉書正,28372190,有限公司,,1130411,生產中,29機械設備製造業  ,293通用機械設備  
11508.csv,吉銳電熱有限公司,99707486,,桃園市蘆竹區內厝里南山路２段３９４巷６１弄６號１樓,桃園市蘆竹區內厝里,張麗秀,80624268,有限公司,,0970305,生產中,29機械設備製造業  ,293通用機械設備  
11508.csv,同隆企業社,S6600872,,臺中市太平區成功里成功路29巷28號,臺中市太平區成功里,黃建彰,97524340,獨資,,1090814,生產中,22塑膠製品製造業  ,220塑膠製品  
11508.csv,同順工程企業有限公司,07003993,,彰化縣鹿港鎮海埔里鹿工北三路2-1號,彰化縣鹿港鎮海埔里,陳財旺,28511242,有限公司,,1091216,生產中,28電力設備及配備製造業  ,283電線及配線器材  
11508.csv,同順立有限公司,99663287,07810012143273,高雄市大寮區後庄里民貴街210號,高雄市大寮區後庄里,吳慶二,13068740,有限公司,0791231,0791231,生產中,24基本金屬製造業、25金屬製品製造業  ,241鋼鐵、252金屬結構及建築組件  
11508.csv,名谷企業社,07005916,,彰化縣埔心鄉東門村大德街67號1樓,彰化縣埔心鄉東門村,黃文谷,82420629,獨資,,1140217,生產中,25金屬製品製造業、29機械設備製造業  ,254金屬加工處理、259其他金屬製品、293通用機械設備  
11508.csv,名謙有限公司,99608457,08310001043679,新北市鶯歌區中湖里西湖街二七九巷一八號一樓,新北市鶯歌區中湖里,游金皮,86542428,有限公司,0830223,0830331,生產中,29機械設備製造業、25金屬製品製造業  ,293通用機械設備、251金屬刀具、手工具及模具  
11508.csv,名輝工業社,99638817,07710006097398,臺中市豐原區南村里水源路３４３巷６之２號,臺中市豐原區南村里,林金蓮,09241748,獨資,0770621,0780323,生產中,25金屬製品製造業、29機械設備製造業  ,259其他金屬製品、293通用機械設備  
11508.csv,和司特股份有限公司,66006241,,臺中市西屯區協和里工業區三十八路210號2樓之12,臺中市西屯區協和里,朱萬力,53369150,股份有限公司,,1070222,生產中,08食品製造業  ,089其他食品  
11508.csv,和泰產業股份有限公司,99663583,07110012042073,高雄市路竹區三爺里民權路29巷1、2號,高雄市路竹區三爺里,詹榮典,85728565,股份有限公司,0791231,0791231,生產中,24基本金屬製造業、25金屬製品製造業  ,241鋼鐵、259其他金屬製品  
11508.csv,和鋼工業股份有限公司,99616625,05810000015072,新北市鶯歌區中湖里中湖街三四四巷二八號,新北市鶯歌區中湖里,劉國輝,33917926,股份有限公司,0580101,0650625,生產中,24基本金屬製造業、25金屬製品製造業、29機械設備製造業  ,241鋼鐵、254金屬加工處理、293通用機械設備  
11508.csv,唐福工程有限公司土城廠,65012077,,新北市土城區永寧里永平街3號(1樓),新北市土城區永寧里,趙春景,22429533,有限公司,,1130815,生產中,25金屬製品製造業  ,252金屬結構及建築組件  
11508.csv,唐絹實業股份有限公司,99631647,08310005155598,苗栗縣銅鑼鄉中平村中興路10之1號,苗栗縣銅鑼鄉中平村,羅濟浩,23216805,股份有限公司,0830607,0830621,生產中,24基本金屬製造業、25金屬製品製造業  ,241鋼鐵、252金屬結構及建築組件、254金屬加工處理  
11508.csv,啟弘股份有限公司桃園廠,99624921,,桃園市桃園區汴洲里鹽務路18、20號號,桃園市桃園區汴洲里,馮仁男,22324355,股份有限公司,,0910709,生產中,27電腦、電子產品及光學製品製造業、26電子零組件製造業  ,273視聽電子產品、269其他電子零組件  
11508.csv,喜克斯實業股份有限公司八里二廠,65006061,,新北市八里區頂罟里中山路2段56號3樓,新北市八里區頂罟里,林温淋,22860593,股份有限公司,,1060703,生產中,33其他製造業、25金屬製品製造業、29機械設備製造業、24基本金屬製造業  ,339未分類其他製品、331育樂用品、259其他金屬製品、292其他專用機械設備、249其他基本金屬、241鋼鐵  
11508.csv,喜克斯實業股份有限公司八里廠,99606413,08910001087061,新北市八里區頂罟里中山路2段92號2樓,新北市八里區頂罟里,林温淋,22860593,有限公司,0890405,0890424,生產中,29機械設備製造業、33其他製造業、24基本金屬製造業、25金屬製品製造業  ,292其他專用機械設備、339未分類其他製品、241鋼鐵、249其他基本金屬、259其他金屬製品、331育樂用品  
11508.csv,喬聖鋼鐵有限公司,99702683,,臺中市神岡區三角里大富路一五六巷十七號,臺中市神岡區三角里,林偉東,84567367,有限公司,,0931130,生產中,25金屬製品製造業  ,254金屬加工處理  
11508.csv,嘉盈鋼鐵有限公司三重廠,65010526,,新北市三重區中興里中興北街112號2樓,新北市三重區中興里,唐興華,42719721,有限公司,,1110725,生產中,25金屬製品製造業  ,252金屬結構及建築組件  
11508.csv,嘉盛紙器有限公司,99626259,07610003082413,桃園市平鎮區新安里太平西路二八號一樓,桃園市平鎮區新安里,羅元輝　　,22135930,有限公司,0760612,0760701,生產中,15紙漿、紙及紙製品製造業  ,152瓦楞紙板及紙容器  
11508.csv,國勇企業股份有限公司永康廠,99684656,,臺南市永康區尚頂里中正南路378號,臺南市永康區尚頂里,陳力元,79377417,股份有限公司,,0940205,生產中,24基本金屬製造業  ,241鋼鐵  
11508.csv,國力鋼鐵股份有限公司,S6600543,,臺中市烏日區螺潭里溪南路二段565號,臺中市烏日區螺潭里,林美莉,86746794,股份有限公司,,1090716,生產中,25金屬製品製造業  ,254金屬加工處理  
11508.csv,國荃股份有限公司,99706487,,桃園市龜山區兔坑里德明路同昌巷３號１樓,桃園市龜山區兔坑里,楊松武,28147223,股份有限公司,,0950728,生產中,24基本金屬製造業、25金屬製品製造業  ,259其他金屬製品、242鋁  
11508.csv,域愷實業有限公司,99645550,08410000202590,彰化縣芳苑鄉後寮村工區路二六號,彰化縣芳苑鄉後寮村,林洛亦(Miguo．Beidang)　,97334242,有限公司,0840331,0841115,生產中,22塑膠製品製造業  ,220塑膠製品  
11508.csv,堯鑫鋼鐵有限公司,03000359,,桃園市蘆竹區坑口里三德街40號,桃園市蘆竹區坑口里,鐘漢書,53300316,有限公司,,1000413,生產中,24基本金屬製造業、25金屬製品製造業  ,241鋼鐵、254金屬加工處理  
11508.csv,壹東實業股份有限公司二廠,64005928,,高雄市小港區鳳鳴里大業南路１８號,高雄市小港區鳳鳴里,陳俊築,82041253,股份有限公司,,0940509,生產中,24基本金屬製造業、25金屬製品製造業  ,241鋼鐵、254金屬加工處理  
11508.csv,天月企業社,13000970,,屏東縣竹田鄉鳳明村鳳安路18巷92號,屏東縣竹田鄉鳳明村,洪元智,92412802,獨資,,1140516,生產中,08食品製造業  ,089其他食品  
11508.csv,太元食品行,99632433,08810000060079,苗栗縣造橋鄉談文村阿八窩一之二號,苗栗縣造橋鄉談文村,鄧秀桃,19208579,獨資,0880106,0880524,生產中,08食品製造業  ,089其他食品  
11508.csv,奇勇鋼鐵工程股份有限公司,68000857,,桃園市觀音區觀音里13鄰光明路51號,桃園市觀音區觀音里,黃文德,12698690,股份有限公司,,1050907,生產中,25金屬製品製造業  ,252金屬結構及建築組件  
11508.csv,奇和企業股份有限公司,99661161,07410011113361,臺南市永康區尚頂里正南一街129巷5號,臺南市永康區尚頂里,吳戴秋香　　,22410324,股份有限公司,0740916,0750303,生產中,30汽車及其零件製造業、31其他運輸工具及其零件製造業  ,303汽車零件、312機車及其零件  
11508.csv,奇和企業股份有限公司關廟廠,S6700979,,臺南市關廟區北勢里仁愛路646號,臺南市關廟區北勢里,吳戴秋香,22410324,股份有限公司,,1140103,生產中,30汽車及其零件製造業  ,303汽車零件  
11508.csv,威勁電子股份有限公司,65001674,,新北市中和區員山里中山路3段110號5樓之6,新北市中和區員山里,林進章,24247643,股份有限公司,,1010831,生產中,25金屬製品製造業、27電腦、電子產品及光學製品製造業  ,259其他金屬製品、273視聽電子產品  
11508.csv,威勁電子股份有限公司中和廠,65011465,,新北市中和區員山里中山路3段110號6樓之3,新北市中和區員山里,林進章,24247643,股份有限公司,,1121030,生產中,25金屬製品製造業、27電腦、電子產品及光學製品製造業  ,259其他金屬製品、251金屬刀具、手工具及模具、271電腦及其週邊設備、273視聽電子產品  
11508.csv,威興鑄造工業有限公司,99642206,07210006124426,臺中市太平區中興里東平路928、948、950號,臺中市太平區中興里,劉定芳,97580118,有限公司,0720812,0730608,生產中,24基本金屬製造業  ,241鋼鐵、249其他基本金屬  
11508.csv,威萬有限公司觀音廠,03002422,,桃園市觀音區崙坪里1鄰崙坪1-35號,桃園市觀音區崙坪里,胡美芝,24360546,有限公司,,1030909,生產中,22塑膠製品製造業  ,220塑膠製品  
11508.csv,沅鉦鋼鐵股份有限公司安定廠,S6700511,,臺南市安定區管寮里管寮13之12號,臺南市安定區管寮里,方隆政,16187425,股份有限公司,,1090909,生產中,25金屬製品製造業  ,252金屬結構及建築組件、254金屬加工處理  
11508.csv,沅鉦鋼鐵股份有限公司工廠,99659708,,臺南市安定區海寮里海寮132之38號,臺南市安定區海寮里,方隆政,16187425,股份有限公司,,0910718,生產中,25金屬製品製造業  ,252金屬結構及建築組件  
11508.csv,泰祥工業股份有限公司,99665372,07610012091519,高雄市大寮區潮寮里建民街20-1號,高雄市大寮區潮寮里,程素煐,80586068,股份有限公司,0791231,0791231,生產中,24基本金屬製造業、25金屬製品製造業  ,241鋼鐵、254金屬加工處理  
11508.csv,泳富豪有限公司,66003921,,臺中市大安區龜壳里中松路273號,臺中市大安區龜里,王三和,24228462,有限公司,,1040825,生產中,30汽車及其零件製造業、31其他運輸工具及其零件製造業、25金屬製品製造業  ,303汽車零件、312機車及其零件、313自行車及其零件、254金屬加工處理  
11508.csv,洸碩企業有限公司,64006592,,高雄市岡山區壽峰里前峰路286巷58號,高雄市岡山區壽峰里,許毓峰 ,53242506,有限公司,,1010719,生產中,25金屬製品製造業  ,254金屬加工處理  
11508.csv,海華鋼鐵股份有限公司三廠,64006939,,高雄市路竹區北嶺里民主路35號,高雄市路竹區北嶺里,林登海,80041165,股份有限公司,,1021217,生產中,24基本金屬製造業  ,241鋼鐵  
11508.csv,海華鋼鐵股份有限公司永安二廠,99721730,,高雄市永安區維新里永工二路２２號,高雄市永安區維新里,林登海,80041165,股份有限公司,,0990908,生產中,24基本金屬製造業、25金屬製品製造業  ,241鋼鐵、254金屬加工處理  
11508.csv,海華鋼鐵股份有限公司永安廠,99704929,,高雄市永安區維新里永工五路７號,高雄市永安區維新里,林登海,80041165,股份有限公司,,0950214,生產中,25金屬製品製造業  ,259其他金屬製品  
11508.csv,添益鋼鐵五金有限公司,65003246,,新北市汐止區環河里福德一路392巷37弄20號1樓,新北市汐止區環河里,賴秉源,21236811,有限公司,,1030714,生產中,25金屬製品製造業、29機械設備製造業  ,252金屬結構及建築組件、259其他金屬製品、293通用機械設備  
11508.csv,湧宸有限公司苑裡廠,S0500221,,苗栗縣苑裡鎮福田里6鄰福田118之9號,苗栗縣苑裡鎮福田里,賴志英,24288025,有限公司,,1130205,生產中,25金屬製品製造業  ,254金屬加工處理  
11508.csv,源泰昌食品工廠,99651059,07310000248441,彰化縣北斗鎮西安里復興路８８１、８８３號,彰化縣北斗鎮西安里,陳在　　　　,24172559,獨資,0730929,0740103,生產中,08食品製造業  ,089其他食品  
11508.csv,源泰昌食品工廠二廠,S0700369,,彰化縣北斗鎮西德里中山路一段260巷36弄26-1號,彰化縣北斗鎮西德里,陳在,24172559,獨資,,1090522,生產中,08食品製造業  ,089其他食品  
11508.csv,溢基機械有限公司,99654308,07710009054001,雲林縣西螺鎮福田里社口六八之三０號,雲林縣西螺鎮福田里,郭學道,22413954,有限公司,0770528,0780303,生產中,29機械設備製造業  ,292其他專用機械設備  
11508.csv,漢意科技有限公司,64006383,,高雄市仁武區竹後里竹門巷８之３號１樓,高雄市仁武區竹後里,王璿,24379411,有限公司,,1001019,生產中,29機械設備製造業、29機械設備製造業  ,293通用機械設備  
11508.csv,漢揚環保機械股份有限公司,99638501,08410006090842,臺中市神岡區岸裡里中山路二三八巷九之五號,臺中市神岡區岸裡里,王志銘,84241778,股份有限公司,0840502,0840513,生產中,29機械設備製造業  ,293通用機械設備  
11508.csv,炬將科技股份有限公司二廠,66002427,,臺中市神岡區溪洲里光啟路191之1號,臺中市神岡區溪洲里,林原正,80442957,股份有限公司,,1030107,生產中,25金屬製品製造業  ,254金屬加工處理  
11508.csv,合力頌有限公司,04001335,,新竹縣竹北市新社里新工二路172號,新竹縣竹北市新社里,吳健瀧,42824815,有限公司,,1150211,生產中,18化學材料及肥料製造業、18化學材料及肥料製造業、24基本金屬製造業  ,184塑膠及合成橡膠原料、242鋁  
11508.csv,合江工業廠股份有限公司觀音廠,99621348,08210000070079,桃園市觀音區樹林里經建三路五號,桃園市觀音區樹林里,邱錦楨,86326815,股份有限公司,0820107,0830419,生產中,19其他化學製品製造業、24基本金屬製造業  ,199未分類其他化學製品、243銅  
11508.csv,合順興鋼鐵有限公司,68005582,,桃園市龜山區大坑里南上路520巷28弄27號(1樓),桃園市龜山區大坑里,張清讚,16659938,有限公司,,1120718,生產中,25金屬製品製造業  ,259其他金屬製品  
11508.csv,吉永宏工業有限公司,99678087,08910007301991,彰化縣福興鄉同安村同安巷四三號之二,彰化縣福興鄉同安村,陳志旺,12643458,有限公司,0900108,0900118,生產中,25金屬製品製造業、24基本金屬製造業  ,241鋼鐵、259其他金屬製品  
11508.csv,吉隆鋼鐵股份有限公司,S1300326,,屏東縣里港鄉茄苳村6鄰茄苳路18-22號,屏東縣里港鄉茄苳村,林秀菊,80249931,股份有限公司,,1120427,生產中,24基本金屬製造業  ,241鋼鐵  
11508.csv,名人製衣襪品有限公司,99680206,,彰化縣社頭鄉舊社村清水岩路２３２號,彰化縣社頭鄉舊社村,陳秀珍,27824169,有限公司,,0951005,生產中,12成衣及服飾品製造業  ,121成衣、123服飾品  
11508.csv,名人製衣襪品有限公司二廠,07002089,,彰化縣社頭鄉朝興村織襪一路26號、2樓、3樓、4樓,彰化縣社頭鄉朝興村,陳秀珍,27824169,有限公司,,1060410,生產中,12成衣及服飾品製造業、33其他製造業  ,121成衣、123服飾品、332醫療器材及用品  
11508.csv,名佳利金屬工業股份有限公司,99622050,06710000206361,桃園市中壢區復興里中壢工業區北園路11號,桃園市中壢區復興里,林世強,45018531,股份有限公司,0580101,0690220,生產中,24基本金屬製造業  ,243銅  
11508.csv,名佳利金屬工業股份有限公司中壢二廠,99622812,,桃園市中壢區文化里中壢工業區北園路14號,桃園市中壢區文化里,林世強,45018531,股份有限公司,,0901224,生產中,24基本金屬製造業  ,243銅  
11508.csv,和圓印刷所,99683242,08810011305088,臺南市永康區建國里復興路26巷31之2號,臺南市永康區建國里,吳瑞芳　　　,94979894,獨資,0880510,0880524,生產中,15紙漿、紙及紙製品製造業、16印刷及資料儲存媒體複製業  ,152瓦楞紙板及紙容器、160印刷及資料儲存媒體複製  
11508.csv,喬裕建材有限公司,99633397,08210006302857,臺中市大里區仁化里工業九路七號,臺中市大里區仁化里,曾環儀,22234376,有限公司,0821213,0840509,生產中,29機械設備製造業、25金屬製品製造業、24基本金屬製造業  ,241鋼鐵、293通用機械設備、254金屬加工處理  
11508.csv,嘉展鋼鐵有限公司安南廠,67004162,,臺南市安南區四草里北汕尾一路226號,臺南市安南區四草里,吳明東,27516254,有限公司,,1140919,生產中,25金屬製品製造業  ,259其他金屬製品  
11508.csv,嘉山鋼鐵工業股份有限公司,99624926,05810000009708,桃園市龜山區舊路里東舊路街169號,桃園市龜山區舊路里,林有為,43652163,股份有限公司,0580101,0610627,生產中,24基本金屬製造業  ,241鋼鐵、243銅  
11508.csv,嘉祐鋁業股份有限公司豐洲廠,66002306,,臺中市神岡區豐洲里豐工南路28號,臺中市神岡區豐洲里,徐水秀,84425683,股份有限公司,,1021122,生產中,24基本金屬製造業  ,242鋁  
11508.csv,嘉陽鑄造工業股份有限公司,99633573,07310000129486,臺中市梧棲區草湳里自立二街129號,臺中市梧棲區草湳里,楊木祥,56694067,股份有限公司,0730628,0730628,生產中,24基本金屬製造業  ,241鋼鐵  
11508.csv,國喬興業有限公司,68002241,,桃園市蘆竹區長興里南崁路二段228巷273弄68號,桃園市蘆竹區長興里,呂沅罡,69549670,有限公司,,1070925,生產中,29機械設備製造業、25金屬製品製造業  ,291金屬加工用機械設備、293通用機械設備、259其他金屬製品  
11508.csv,國藝企業社,S0702415,,彰化縣鹿港鎮詔安里某旦巷臨1之8號1樓,彰化縣鹿港鎮詔安里,蔡承佑,47421024,獨資,,1130529,生產中,22塑膠製品製造業  ,220塑膠製品  
11508.csv,培聖企業有限公司,99672428,08810019000330,臺中市中區大墩里光復路169號,臺中市中區大墩里,李榮宗,18896731,有限公司,0880403,0880709,生產中,16印刷及資料儲存媒體複製業  ,160印刷及資料儲存媒體複製  
11508.csv,塑友企業股份有限公司二廠,99665171,08710000920284,高雄市大寮區過溪里莒光二街２４號,高雄市大寮區過溪里,陳秋生,81097362,股份有限公司,0870302,0870418,生產中,24基本金屬製造業  ,241鋼鐵  
11508.csv,塑恒股份有限公司本洲廠,99712107,,高雄市岡山區本洲里本工五路17號,高雄市岡山區本洲里,陳金樹,22427084,股份有限公司,,0970109,生產中,22塑膠製品製造業、25金屬製品製造業  ,220塑膠製品、252金屬結構及建築組件  
11508.csv,大翔油漆有限公司,99664934,08710012242996,高雄市大社區保社里民族路17號,高雄市大社區保社里,黃水坔,22814199,有限公司,0880105,0880108,生產中,19其他化學製品製造業  ,192塗料、染料及顏料  
11508.csv,大連行鋼鐵股份有限公司埔鹽廠,S0700900,,彰化縣埔鹽鄉豐澤村埔打路49-7號,彰化縣埔鹽鄉豐澤村,謝德湧,60302535,股份有限公司,,1090713,生產中,25金屬製品製造業  ,254金屬加工處理  
11508.csv,大連行鋼鐵股份有限公司工廠,99649370,08210007056632,彰化縣溪湖鎮太平里員鹿路３段３４７號,彰化縣溪湖鎮太平里,謝德湧　,60302535,股份有限公司,0820419,0820604,生產中,24基本金屬製造業  ,241鋼鐵  
11508.csv,大連金屬工業股份有限公司,09000436,,雲林縣斗六市榴中里工業路133號,雲林縣斗六市榴中里,張力伸,28582816,股份有限公司,,1030619,生產中,25金屬製品製造業、24基本金屬製造業  ,254金屬加工處理、241鋼鐵  
11508.csv,天下數位科技股份有限公司三廠,19000004,,臺中市西屯區大河里河南路二段81號,臺中市西屯區大河里,羅志宗,24250359,股份有限公司,,0991014,生產中,33其他製造業  ,331育樂用品  
11508.csv,天下數位科技股份有限公司二廠,99702012,,臺中市西屯區大河里福上巷197弄1號,臺中市西屯區大河里,羅志宗,24250359,股份有限公司,,0921212,生產中,29機械設備製造業、33其他製造業、26電子零組件製造業  ,293通用機械設備、331育樂用品、269其他電子零組件  
11508.csv,天丞科技股份有限公司頭份廠,05000241,,苗栗縣頭份市蘆竹里蘆竹四七之三號,苗栗縣頭份市蘆竹里,黃國昌,28500884,股份有限公司,,1040522,生產中,26電子零組件製造業、29機械設備製造業、23非金屬礦物製品製造業  ,269其他電子零組件、293通用機械設備、239其他非金屬礦物製品  
11508.csv,天九興業股份有限公司台南廠,99657562,08410011302825,臺南市後壁區嘉田里上茄苳12之37號、12之39號,臺南市後壁區嘉田里,黃佐輔　　　,23824224,股份有限公司,0840303,0850215,生產中,23非金屬礦物製品製造業  ,233水泥及其製品、239其他非金屬礦物製品  
11508.csv,天梭科技股份有限公司,99618163,08610001154243,新北市汐止區保安里大同路三段一九二號三樓之一,新北市汐止區保安里,徐澄淼,23010536,股份有限公司,0860509,0860523,生產中,27電腦、電子產品及光學製品製造業、26電子零組件製造業  ,271電腦及其週邊設備、272通訊傳播設備、269其他電子零組件  
11508.csv,宇亮光電股份有限公司,65003797,,新北市五股區興珍里五工六路48號2樓,新北市五股區興珍里,秦嘉謙,24350884,股份有限公司,,1040216,生產中,19其他化學製品製造業  ,192塗料、染料及顏料、199未分類其他化學製品  
11508.csv,沅鑫企業股份有限公司,67002961,,臺南市永康區龍潭里龍中街30巷69號,臺南市永康區龍潭里,葉瑞文,83169762,股份有限公司,,1100329,生產中,24基本金屬製造業  ,243銅  
11508.csv,沅麒工業有限公司,99709650,,臺南市永康區蔦松里正北三路130巷20號,臺南市永康區蔦松里,蔡育騰,24902373,有限公司,,0951101,生產中,24基本金屬製造業  ,242鋁、249其他基本金屬  
11508.csv,泉海實業股份有限公司,99620998,,宜蘭縣員山鄉中華村員山路三段４１０號,宜蘭縣員山鄉中華村,許銀川,97052411,有限公司,,0941027,生產中,23非金屬礦物製品製造業  ,239其他非金屬礦物製品  
11508.csv,泰安鋼鐵有限公司,99700534,,新竹縣湖口鄉東興村２鄰東成街３５號１樓,新竹縣湖口鄉東興村,徐德錦,27267781,有限公司,,0971009,生產中,25金屬製品製造業  ,252金屬結構及建築組件、259其他金屬製品  
11508.csv,泰安鋼鐵有限公司,S0400024,,新竹縣湖口鄉東興村東成街35號,新竹縣湖口鄉東興村,曾毓玲,27267781,有限公司,,1090515,生產中,25金屬製品製造業、25金屬製品製造業  ,254金屬加工處理  
11508.csv,泳旭科技有限公司,99706617,,桃園市蘆竹區瓦窯里南山路一段90巷5號,桃園市蘆竹區瓦窯里,杜柏宏,24388782,有限公司,,0950929,生產中,26電子零組件製造業  ,263印刷電路板  
11508.csv,洺揚食品工廠有限公司,99680908,,彰化縣和美鎮犁盛里東谷路１之１號,彰化縣和美鎮犁盛里,吳鴻鵬,24285836,有限公司,,0980310,生產中,08食品製造業  ,089其他食品  
11508.csv,浩正精密工業有限公司,66012417,,臺中市豐原區翁社里豐年路109巷105號1樓,臺中市豐原區翁社里,劉小萍,83577373,有限公司,,1150512,生產中,22塑膠製品製造業、25金屬製品製造業  ,220塑膠製品、259其他金屬製品  
11508.csv,海雄鋼鐵股份有限公司,99712304,,高雄市永安區維新里永工五路７號(部份使用),高雄市永安區維新里,林登海,29081142,有限公司,,0971016,生產中,24基本金屬製造業  ,241鋼鐵  
11508.csv,添群鋼鐵股份有限公司中壢廠,99625559,06710000303645,桃園市中壢區內定里定安路一五號,桃園市中壢區內定里,林美智,70670501,股份有限公司,0671208,0700122,生產中,24基本金屬製造業  ,249其他基本金屬  
11508.csv,湧泉精機有限公司,64009015,,高雄市鳥松區仁美里美山路88號,高雄市鳥松區仁美里,李賢湧,59241315,有限公司,,1100421,生產中,25金屬製品製造業  ,254金屬加工處理  
11508.csv,源泰豐食品有限公司,99713065,,臺中市外埔區永豐里六分路１２３之７號１樓,臺中市外埔區永豐里,黃佳雯,28624169,有限公司,,0971128,生產中,08食品製造業  ,089其他食品  
11508.csv,源泰豐食品有限公司二廠,S6601151,,臺中市外埔區永豐里六分路123-7號,臺中市外埔區永豐里,黃佳雯,28624169,有限公司,,1090918,生產中,08食品製造業  ,089其他食品  
11508.csv,漢林環保科技股份有限公司,99721506,,高雄市大寮區過溪里大業街１、３號,高雄市大寮區過溪里,曾秋聯,24360525,股份有限公司,,0980824,生產中,25金屬製品製造業、22塑膠製品製造業、23非金屬礦物製品製造業、24基本金屬製造業  ,254金屬加工處理、220塑膠製品、231玻璃及其製品、259其他金屬製品、249其他基本金屬、241鋼鐵、242鋁、243銅  
11508.csv,炳昱有限公司,68006242,,桃園市龜山區南美里南上路250巷13號5樓,桃園市龜山區南美里,陳進益,96216909,有限公司,,1130809,生產中,25金屬製品製造業  ,254金屬加工處理  
11508.csv,為同科技股份有限公司,04000242,,新竹縣湖口鄉鳳山村光復南路57號,新竹縣湖口鄉鳳山村,彭慎翔,53600783,股份有限公司,,1021007,生產中,23非金屬礦物製品製造業  ,239其他非金屬礦物製品  
11508.csv,台瑋企業股份有限公司工廠,99641533,08310006004585,臺中市梧棲區草湳里梧南路2之2號,臺中市梧棲區草湳里,陳季吉,97550000,股份有限公司,0830215,0830519,生產中,24基本金屬製造業  ,241鋼鐵  
11508.csv,台迪興業有限公司屏東廠,13000122,,屏東縣屏東市清溪里建國路241巷11號,屏東縣屏東市清溪里,林秋月,97202018,有限公司,,1011015,生產中,22塑膠製品製造業、22塑膠製品製造業  ,220塑膠製品  
11508.csv,吉泰鋼鐵有限公司,66007646,,臺中市沙鹿區鹿寮里光明街350巷72弄50號,臺中市沙鹿區鹿寮里,柯次郎,84606875,有限公司,,1080808,生產中,25金屬製品製造業  ,254金屬加工處理、293通用機械設備  
11508.csv,吉泰鋼鐵有限公司二廠,S6601751,,臺中市沙鹿區鹿寮里三條圳二街130號,臺中市沙鹿區鹿寮里,柯次郎,84606875,有限公司,,1110216,生產中,25金屬製品製造業  ,254金屬加工處理  
11508.csv,吉電造機股份有限公司,99617257,07710001242827,新北市汐止區環河里南陽街二七八號,新北市汐止區環河里,蘇麗琪,22973409,股份有限公司,0770815,0770831,生產中,29機械設備製造業  ,292其他專用機械設備  
11508.csv,吉順億金屬有限公司,13000564,,屏東縣長治鄉繁昌村16鄰中山路160號,屏東縣長治鄉繁昌村,白順旭,42817321,有限公司,,1080902,生產中,24基本金屬製造業  ,242鋁  
11508.csv,吉順工業有限公司汐止廠,99600035,07010000149897,新北市汐止區拱北里汐萬路二段二三巷一０號,新北市汐止區拱北里,鄭煙敦,05408668,有限公司,0700806,0730118,生產中,25金屬製品製造業、29機械設備製造業、24基本金屬製造業、14木竹製品製造業  ,241鋼鐵、254金屬加工處理、252金屬結構及建築組件、293通用機械設備、140木竹製品、253金屬容器  
11508.csv,名隆食品有限公司,99717711,,桃園市龜山區大坑里南上路４００巷８、１０號１樓,桃園市龜山區大坑里,陳育仁,24396609,有限公司,,0980612,生產中,08食品製造業  ,089其他食品  
11508.csv,呈昕機械工業股份有限公司二廠,S6601711,,臺中市大里區樹王里樹王路405巷2號,臺中市大里區樹王里,陳志成,22704926,股份有限公司,,1100618,生產中,24基本金屬製造業  ,241鋼鐵、249其他基本金屬  
11508.csv,呈智科技股份有限公司,05000889,,苗栗縣竹南鎮大厝里真如路253巷32號3樓,苗栗縣竹南鎮大厝里,馮祥銨,62241068,股份有限公司,,1140509,生產中,19其他化學製品製造業  ,199未分類其他化學製品  
11508.csv,和宏鋼鐵廠股份有限公司,99661828,00010012004748,高雄市路竹區甲南里大仁路６２２號,高雄市路竹區甲南里,林炳勳,88121015,股份有限公司,0791231,0791231,生產中,24基本金屬製造業、25金屬製品製造業、22塑膠製品製造業  ,241鋼鐵、259其他金屬製品、220塑膠製品  
11508.csv,和熠有限公司,99602555,07910001100314,新北市汐止區環河里福德一路三五一巷二號,新北市汐止區環河里,林文仁,04824343,有限公司,0790531,0790810,生產中,22塑膠製品製造業  ,220塑膠製品  
11508.csv,唯一鋁業有限公司,99602327,07810000177209,新北市五股區興珍里五權三路四五號,新北市五股區興珍里,陳瑞鵬,02088207,有限公司,0780502,0800722,生產中,24基本金屬製造業  ,242鋁  
11508.csv,喜美包裝企業股份有限公司,99688354,,桃園市蘆竹區長興里南崁路二段200號(1樓、2樓、3樓、4樓),桃園市蘆竹區長興里,蔡志陽,23944136,股份有限公司,,0940504,生產中,15紙漿、紙及紙製品製造業、22塑膠製品製造業、24基本金屬製造業  ,152瓦楞紙板及紙容器、220塑膠製品、242鋁  
11508.csv,嘉德創資源股份有限公司,99717979,,桃園市觀音區大潭里環科路231號,桃園市觀音區大潭里,彭文宏,89670880,股份有限公司,,0990104,生產中,18化學材料及肥料製造業、23非金屬礦物製品製造業、24基本金屬製造業  ,181化學原材料、239其他非金屬礦物製品、241鋼鐵  
11508.csv,嘉隆鋼鐵股份有限公司,S1300144,,屏東縣新園鄉港墘村港墘路2-300號,屏東縣新園鄉港墘村,林順興,84226903,股份有限公司,,1090604,生產中,25金屬製品製造業、25金屬製品製造業  ,252金屬結構及建築組件  
11508.csv,國讚金屬工業股份有限公司,99645676,08210000072873,彰化縣芳苑鄉後寮村工區六路２號,彰化縣芳苑鄉後寮村,張明陽　,86861533,股份有限公司,0820419,0830113,生產中,24基本金屬製造業、25金屬製品製造業  ,243銅、252金屬結構及建築組件  
11508.csv,坤樺鋼鐵股份有限公司,S0701772,,彰化縣員林市柳橋路二段65號,彰化縣員林市,王祖趁,60287555,股份有限公司,,1110919,生產中,24基本金屬製造業  ,241鋼鐵  
11508.csv,基揚機械有限公司,S6602419,,臺中市烏日區北里里太明路145巷128號,臺中市烏日區北里里,林祈孝,28744559,有限公司,,1140505,生產中,29機械設備製造業  ,293通用機械設備  
11508.csv,塑根企業股份有限公司,99659901,07710011023777,臺南市仁德區仁義里中山路77巷2Ｏ號,臺南市仁德區仁義里,陳進鎡　　　,22556241,股份有限公司,0770309,0770414,生產中,22塑膠製品製造業  ,220塑膠製品  
11508.csv,塑根企業股份有限公司分廠,S6700110,,臺南市仁德區新田里新田二街116巷47號,臺南市仁德區新田里,陳進鎡,22556241,股份有限公司,,1090803,生產中,22塑膠製品製造業  ,220塑膠製品  
11508.csv,夆太鋼鐵有限公司,S1000231,,嘉義縣朴子市佳禾里苦瓜寮176號,嘉義縣朴子市佳禾里,張文福,27449973,有限公司,,1140317,生產中,25金屬製品製造業  ,252金屬結構及建築組件  
11508.csv,大宇工業社,99672078,07410019002740,臺中市南區福興里五權南路241巷6號,臺中市南區福興里,高國芳,06032394,獨資,0740822,0740907,生產中,29機械設備製造業  ,293通用機械設備  
11508.csv,大甲永和機械工業股份有限公司,99633305,07610006181068,臺中市大甲區日南里幼獅路69號,臺中市大甲區日南里,黃士峯,56615319,股份有限公司,0761023,0761221,生產中,24基本金屬製造業、25金屬製品製造業、29機械設備製造業  ,241鋼鐵、259其他金屬製品、293通用機械設備  
11508.csv,大甲永和機械工業股份有限公司三廠,99633304,08310006601546,臺中市大甲區日南里工九路四二號,臺中市大甲區日南里,黃士峯,56615319,股份有限公司,0830907,0771011,生產中,22塑膠製品製造業、24基本金屬製造業、25金屬製品製造業  ,220塑膠製品、241鋼鐵、259其他金屬製品  
11508.csv,大甲永和機械工業股份有限公司五廠,99713249,,臺中市大甲區日南里幼獅路５５號、工九路２２號,臺中市大甲區日南里,黃士峯,56615319,股份有限公司,,0980506,生產中,24基本金屬製造業、25金屬製品製造業、29機械設備製造業  ,241鋼鐵、259其他金屬製品、293通用機械設備  
11508.csv,大耀通商有限公司田中廠,07003564,,彰化縣田中鎮沙崙里酪農路76號,彰化縣田中鎮沙崙里,葉耀仁,66590822,有限公司,,1090219,生產中,24基本金屬製造業  ,242鋁  
11508.csv,大進油壓機械股份有限公司,99624038,06610000184767,桃園市龜山區南上里民生北路一段338號,桃園市龜山區南上里,陳張秋桂,12119398,股份有限公司,0661111,0681011,生產中,25金屬製品製造業、29機械設備製造業、24基本金屬製造業  ,251金屬刀具、手工具及模具、259其他金屬製品、254金屬加工處理、291金屬加工用機械設備、241鋼鐵、293通用機械設備  
11508.csv,大進溢食品有限公司,10000005,,嘉義縣六腳鄉更寮村更寮236號,嘉義縣六腳鄉更寮村,吳水潘,89504243,有限公司,,1000107,生產中,08食品製造業  ,083蔬果加工  
11508.csv,天泰銲材工業股份有限公司,99657862,06910000087319,臺南市仁德區保安里開發四路6號,臺南市仁德區保安里,許嘉洲,72060478,股份有限公司,0690212,0700311,生產中,25金屬製品製造業、29機械設備製造業、19其他化學製品製造業、24基本金屬製造業  ,254金屬加工處理、241鋼鐵、293通用機械設備、249其他基本金屬、259其他金屬製品、291金屬加工用機械設備、199未分類其他化學製品  
11508.csv,太天興業股份有限公司,99675858,,嘉義縣大林鎮明華里湖底56號,嘉義縣大林鎮明華里,陳建翔,12876771,股份有限公司,,0930819,生產中,24基本金屬製造業、25金屬製品製造業、29機械設備製造業  ,242鋁、252金屬結構及建築組件、293通用機械設備  
11508.csv,太大鋼鐵企業社,02000288,,宜蘭縣三星鄉集慶村三星路四段31號,宜蘭縣三星鄉集慶村,鍾芷茜,42000805,獨資,,1061222,生產中,25金屬製品製造業  ,254金屬加工處理、259其他金屬製品  
11508.csv,太天興業股份有限公司中興廠,05000641,,苗栗縣銅鑼鄉中平村中隆三路9之1號,苗栗縣銅鑼鄉中平村,陳建翔,12876771,股份有限公司,,1100617,生產中,24基本金屬製造業、25金屬製品製造業  ,242鋁、252金屬結構及建築組件  
11508.csv,奇宏工業社,99636271,08110006117995,臺中市潭子區新田里豐興路二段龍興巷二三之九號,臺中市潭子區新田里,周麗美,55992433,獨資,0810714,0820513,生產中,29機械設備製造業、25金屬製品製造業  ,293通用機械設備、259其他金屬製品  
11508.csv,威宏精密工具有限公司,03000061,,桃園市八德區大安里四鄰和平路540巷25號,桃園市八德區大安里,石賢輝,24211315,有限公司,,0991029,生產中,29機械設備製造業  ,291金屬加工用機械設備  
11508.csv,威達工業股份有限公司,68001994,,桃園市觀音區富源里新富路876號(1樓),桃園市觀音區富源里,謝明嘉,24217839,股份有限公司,,1070612,生產中,22塑膠製品製造業、30汽車及其零件製造業  ,220塑膠製品、303汽車零件  
11508.csv,威達康防偽科技股份有限公司,99719926,,新北市中和區中原里中正路961號18樓,新北市中和區中原里,許俊傑,24214333,股份有限公司,,0990203,生產中,16印刷及資料儲存媒體複製業  ,160印刷及資料儲存媒體複製  
11508.csv,宇倫塑膠有限公司,S6602429,,臺中市烏日區溪埧里環中路八段430號,臺中市烏日區溪埧里,何文龍,86331681,有限公司,,1140513,生產中,33其他製造業  ,339未分類其他製品  
11508.csv,沇聖精密工業股份有限公司八德廠,99625427,08910003322437,桃園市八德區大興里指玄街73巷17號,桃園市八德區大興里,廖明坤,22473544,股份有限公司,0890127,0890925,生產中,25金屬製品製造業、26電子零組件製造業、29機械設備製造業、30汽車及其零件製造業  ,259其他金屬製品、293通用機械設備、269其他電子零組件、303汽車零件  
11508.csv,泉磐企業股份有限公司,99676839,,臺南市安南區溪心里海佃路3段241號,臺南市安南區溪心里,魏百慶,28135177,股份有限公司,,0930608,生產中,12成衣及服飾品製造業  ,121成衣、123服飾品  
11508.csv,泰笙機械軸承有限公司,18000323,,新竹市香山區埔前里牛埔南路169之31號,新竹市香山區埔前里,馬榮芳,47324389,有限公司,,1080103,生產中,29機械設備製造業  ,291金屬加工用機械設備  
11508.csv,浩發股份有限公司,99641675,07210006190243,臺中市沙鹿區鹿峰里星河路一七六號,臺中市沙鹿區鹿峰里,蕭鴻嘉,56695544,股份有限公司,0721207,0721207,生產中,29機械設備製造業  ,292其他專用機械設備  
11508.csv,添達鋼鐵股份有限公司,99625830,08110003006021,桃園市八德區大安里榮興路３９之１號,桃園市八德區大安里,林志銘,86401813,股份有限公司,0810114,0810806,生產中,25金屬製品製造業  ,252金屬結構及建築組件  
11508.csv,添銘企業股份有限公司龍潭廠,99626141,08610000806559,桃園市龍潭區烏林里工二路一段29號,桃園市龍潭區烏林里,林志銘　　　,16033745,有限公司,0860813,0870304,生產中,24基本金屬製造業、25金屬製品製造業、29機械設備製造業  ,242鋁、252金屬結構及建築組件、259其他金屬製品、293通用機械設備  
11508.csv,添陽企業股份有限公司,99688956,,桃園市蘆竹區蘆竹里８鄰富國路３段１１８６號,桃園市蘆竹區蘆竹里,林美雯,23098146,股份有限公司,,0950501,生產中,25金屬製品製造業、24基本金屬製造業、29機械設備製造業  ,259其他金屬製品、241鋼鐵、293通用機械設備  
11508.csv,湧禾興業股份有限公司,68004418,,桃園市楊梅區高上里幼一路9號,桃園市楊梅區高上里,王志翔,68982900,股份有限公司,,1100827,生產中,24基本金屬製造業、28電力設備及配備製造業  ,243銅、283電線及配線器材  
11508.csv,源潤豐鑄造股份有限公司新庄廠,99634909,08710006243989,臺中市神岡區新庄里溪頭路三二六號,臺中市神岡區新庄里,黃加再,55962347,股份有限公司,0870921,0880809,生產中,24基本金屬製造業、29機械設備製造業  ,249其他基本金屬、293通用機械設備  
11508.csv,源玖龍鐵工廠有限公司霧峰工廠,99642822,08410006235911,臺中市霧峰區丁台里丁臺路537號,臺中市霧峰區丁台里,朱婉君,52227507,有限公司,0840925,0841108,生產中,24基本金屬製造業、29機械設備製造業  ,241鋼鐵、293通用機械設備  
11508.csv,溢澄精密科技股份有限公司,99694339,,新北市樹林區三多里俊德街五號一樓,新北市樹林區三多里,鄭勝龍,27836242,股份有限公司,,0940714,生產中,29機械設備製造業、25金屬製品製造業  ,293通用機械設備、251金屬刀具、手工具及模具  
11508.csv,溢芊有限公司,99709511,,雲林縣斗南鎮新崙里新崙路６０之１號,雲林縣斗南鎮新崙里,張宏彰,24377743,有限公司,,0980507,生產中,29機械設備製造業  ,293通用機械設備  
11508.csv,溢賢工業有限公司,S6601723,,臺中市大雅區員林里大林路182巷2、6號,臺中市大雅區員林里,李秀桃,22579005,有限公司,,1100825,生產中,24基本金屬製造業  ,242鋁  
11508.csv,漢權實業有限公司,66009425,,臺中市太平區光華里長安路87號1樓,臺中市太平區光華里,楊松達,89242229,有限公司,,1100823,生產中,29機械設備製造業  ,292其他專用機械設備  
11508.csv,漢欣精機工業有限公司,99605834,,新北市樹林區圳生里三俊街252巷2弄5號1樓,新北市樹林區圳生里,張漢隆,89779903,有限公司,,0910515,生產中,25金屬製品製造業、24基本金屬製造業、29機械設備製造業、26電子零組件製造業、30汽車及其零件製造業、31其他運輸工具及其零件製造業  ,259其他金屬製品、241鋼鐵、293通用機械設備、264光電材料及元件、269其他電子零組件、301汽車、302車體、303汽車零件、312機車及其零件  
11508.csv,潤融工業股份有限公司,99711602,,臺南市仁德區太子里太子路78、80、82號,臺南市仁德區太子里,張振城,24234210,股份有限公司,,0971023,生產中,30汽車及其零件製造業、31其他運輸工具及其零件製造業  ,303汽車零件、312機車及其零件  
11508.csv,潤豪有限公司,99696038,,新北市新莊區西盛里新樹路二五七巷一０號,新北市新莊區西盛里,洪若慶,27620046,有限公司,,0951020,生產中,24基本金屬製造業、25金屬製品製造業、29機械設備製造業、27電腦、電子產品及光學製品製造業、26電子零組件製造業、30汽車及其零件製造業、31其他運輸工具及其零件製造業  ,242鋁、243銅、259其他金屬製品、293通用機械設備、291金屬加工用機械設備、271電腦及其週邊設備、272通訊傳播設備、269其他電子零組件、264光電材料及元件、303汽車零件、312機車及其零件  
11508.csv,焜全科技有限公司,07000128,,彰化縣彰化市莿桐里彰水路128巷2號1樓,彰化縣彰化市莿桐里,吳建志,24297740,有限公司,,1000315,生產中,29機械設備製造業、25金屬製品製造業  ,293通用機械設備、252金屬結構及建築組件  
11508.csv,焜杰機械實業有限公司,99718647,,新北市新莊區頭前里化成路二六七巷四三號,新北市新莊區頭前里,張焜森,24201843,有限公司,,0970829,生產中,29機械設備製造業  ,293通用機械設備  
11508.csv,焱贊國際有限公司永康廠,67001386,,臺南市永康區塩洲里正南二街35號,臺南市永康區塩洲里,沈小惠,24372959,有限公司,,1041228,生產中,30汽車及其零件製造業  ,303汽車零件  
11508.csv,煇清企業有限公司,99657782,,臺南市仁德區保安里開發七路1號,臺南市仁德區保安里,黃煇清,12898894,有限公司,,0910205,生產中,24基本金屬製造業  ,242鋁  
11508.csv,台瑋股份有限公司台南廠,99711643,,臺南市佳里區海澄里萊芊寮12之33號,臺南市佳里區海澄里,楊子路,22433749,股份有限公司,,0971216,生產中,22塑膠製品製造業  ,220塑膠製品  
11508.csv,台環資源科技有限公司,99709595,,雲林縣斗南鎮小東里公論路１５之２號,雲林縣斗南鎮小東里,潘良田,24233866,有限公司,,0991001,生產中,17石油及煤製品製造業  ,170石油及煤製品  
11508.csv,台達鋁業股份有限公司,99630910,08210004025996,新竹縣湖口鄉信勢村成功路６１４巷６６號,新竹縣湖口鄉信勢村,羅勝龍　,23560362,股份有限公司,0820506,0820605,生產中,24基本金屬製造業  ,242鋁  
11508.csv,合台生化股份有限公司,09000430,,雲林縣斗六市榴南里斗工六路67號,雲林縣斗六市榴南里,廖郁銘,12413723,股份有限公司,,1030523,生產中,08食品製造業  ,087動物飼品  
11508.csv,合發工業社,99648617,06310000039052,彰化縣秀水鄉福安村彰水路２段４５６號,彰化縣秀水鄉福安村,陳和籐　　　,58157107,獨資,0630328,0630611,生產中,24基本金屬製造業、25金屬製品製造業  ,241鋼鐵、254金屬加工處理、259其他金屬製品  
11508.csv,吉鴻電子股份有限公司一廠,63022416,,臺北市內湖區湖元里民權東路六段十五巷二十八號地下一樓,臺北市內湖區湖元里,張王明香,23733940,股份有限公司,,1060410,生產中,26電子零組件製造業、27電腦、電子產品及光學製品製造業、29機械設備製造業、33其他製造業  ,269其他電子零組件、271電腦及其週邊設備、293通用機械設備、331育樂用品  
11508.csv,名利電子工業股份有限公司,99614888,07610001142435,新北市泰山區楓樹里明志路一段一一七巷一八之一號二樓,新北市泰山區楓樹里,張秋南,22473143,股份有限公司,0760522,0760609,生產中,26電子零組件製造業  ,263印刷電路板  
11508.csv,名鴻工業有限公司,99640112,07010006074757,臺中市大里區樹王里萬安路７７號,臺中市大里區樹王里,黃政順,24275703,有限公司,0700620,0730619,生產中,29機械設備製造業、30汽車及其零件製造業、31其他運輸工具及其零件製造業  ,292其他專用機械設備、293通用機械設備、303汽車零件、312機車及其零件  
11508.csv,和麗工業股份有限公司,99636242,07610006190508,臺中市清水區下湳里中山路四００之十八號,臺中市清水區下湳里,林河鎮,22488814,股份有限公司,0761116,0761231,生產中,22塑膠製品製造業  ,220塑膠製品  
11508.csv,和麗工業股份有限公司分廠,99636243,06510000140318,臺中市清水區下湳里中山路三九六之二０、之二一號,臺中市清水區下湳里,林河鎮,22488814,股份有限公司,0650909,0680104,生產中,22塑膠製品製造業  ,220塑膠製品  
11508.csv,品臻鋼鐵有限公司,S6600822,,臺中市烏日區北里里太明路成豐巷43號,臺中市烏日區北里里,陳冠伶,86970743,有限公司,,1090813,生產中,25金屬製品製造業  ,259其他金屬製品  
11508.csv,品藝科技有限公司,65002584,,新北市汐止區保安里大同路3段202號9樓,新北市汐止區保安里,侯欣汝,24264847,有限公司,,1021101,生產中,26電子零組件製造業、27電腦、電子產品及光學製品製造業  ,269其他電子零組件、271電腦及其週邊設備  
11508.csv,啟樺機械工業股份有限公司樹林廠,99613068,08310001342034,新北市樹林區北園里佳園路二段一五巷九弄二號,新北市樹林區北園里,徐天祿,35924330,股份有限公司,0831017,0840104,生產中,29機械設備製造業、25金屬製品製造業  ,293通用機械設備、251金屬刀具、手工具及模具  
11508.csv,啟泉電機工程有限公司,99679835,,彰化縣員林市南平里南平西街203號,彰化縣員林市南平里,吳承叡,22242501,有限公司,,0940929,生產中,28電力設備及配備製造業  ,281發電、輸電及配電機械  
11508.csv,啟泉電機工程有限公司二廠,07002291,,彰化縣員林市南平里南平西街199-1號1樓,彰化縣員林市南平里,吳承叡,22242501,有限公司,,1060901,生產中,28電力設備及配備製造業  ,281發電、輸電及配電機械  
11508.csv,喜美包裝企業股份有限公司二廠,68007098,,桃園市蘆竹區長興里南崁路二段228巷16弄28號(1樓),桃園市蘆竹區長興里,蔡志陽,23944136,股份有限公司,,1141014,生產中,15紙漿、紙及紙製品製造業、22塑膠製品製造業、24基本金屬製造業  ,159其他紙製品、220塑膠製品、242鋁  
11508.csv,國塑塑膠工業股份有限公司,67002431,,臺南市官田區二鎮里成功街85、87、89號,臺南市官田區二鎮里,林佳輝,28044090,股份有限公司,,1080710,生產中,22塑膠製品製造業  ,220塑膠製品  
11508.csv,國威金屬工業股份有限公司,99633155,08710006102507,臺中市后里區墩南里七星街15號,臺中市后里區墩南里,林崑鐔,16407172,股份有限公司,0870427,0871009,生產中,24基本金屬製造業、25金屬製品製造業  ,242鋁、252金屬結構及建築組件、254金屬加工處理  
11508.csv,國安鋼鐵有限公司,S6300009,,臺北市士林區葫蘆里延平北路五段二五七巷十五弄一號、三號及三號旁建物(倉庫),臺北市士林區葫蘆里,郭子豪,31084790,有限公司,,1090518,生產中,25金屬製品製造業  ,254金屬加工處理  
11508.csv,國清五金有限公司,99694586,,新北市八里區大崁里觀海大道二五八號一樓（Ｂ棟）,新北市八里區大崁里,鄭瑞貞,70613410,有限公司,,0940920,生產中,25金屬製品製造業、24基本金屬製造業  ,252金屬結構及建築組件、241鋼鐵  
11508.csv,國豐金屬壓鑄工廠,99637316,07210000097118,臺中市太平區宜欣里富宜路80號,臺中市太平區宜欣里,邱明全,97566214,合夥,0720509,0721020,生產中,24基本金屬製造業  ,242鋁  
11508.csv,基溢實業有限公司,99603712,07610001224333,新北市三重區五谷里光復路一段九九巷二一號一、二、三樓,新北市三重區五谷里,羅明珠,31272532,有限公司,0760724,0780711,生產中,21橡膠製品製造業  ,210橡膠製品  
11508.csv,基登科技股份有限公司,67002746,,臺南市永康區塩行里鹽和街242號,臺南市永康區塩行里,程江龍,70653101,股份有限公司,,1090722,生產中,25金屬製品製造業、26電子零組件製造業  ,254金屬加工處理、259其他金屬製品、269其他電子零組件  
11508.csv,基益企業股份有限公司,67002211,,臺南市永康區王行里環工路107號,臺南市永康區王行里,吳疆宇,73682410,股份有限公司,,1071114,生產中,08食品製造業  ,089其他食品  
11508.csv,大宇鋁業有限公司,03000616,,桃園市中壢區山東里山東路722號及中壢區山東里圓光路二段581號,桃園市中壢區山東里,劉易承,29167302,有限公司,,1000829,生產中,24基本金屬製造業、25金屬製品製造業  ,242鋁、259其他金屬製品  
11508.csv,大安塑膠有限公司五股廠,99604178,08310001144471,新北市五股區興珍里四維路一一八巷一四弄五號,新北市五股區興珍里,張明雄,86232423,有限公司,0830511,0830810,生產中,22塑膠製品製造業  ,220塑膠製品  
11508.csv,大安生醫股份有限公司,66002435,,臺中市大里區健民里仁化工三路128號2樓,臺中市大里區健民里,徐國頤,23981259,股份有限公司,,1030110,生產中,33其他製造業  ,332醫療器材及用品  
11508.csv,大樣光電科技有限公司,65006929,,新北市新店區安康路3段3號,新北市新店區,楊財烈,24365042,有限公司,,1070608,生產中,28電力設備及配備製造業  ,289其他電力設備及配備  
11508.csv,大登鋼鐵廠有限公司,99639431,08110006117523,臺中市霧峰區本鄉里草湖路一三五巷六號,臺中市霧峰區本鄉里,林坤隆,86743874,有限公司,0810629,0810720,生產中,25金屬製品製造業、29機械設備製造業  ,254金屬加工處理、291金屬加工用機械設備  
11508.csv,大登鋼鐵廠有限公司二廠,S6600164,,臺中市霧峰區南柳里柳豐路395巷6號1樓,臺中市霧峰區南柳里,林坤隆,86743874,有限公司,,1090617,生產中,25金屬製品製造業  ,254金屬加工處理  
11508.csv,大都會數位影音有限公司,65002432,,新北市汐止區北山里康寧街169巷27之1號3樓之3,新北市汐止區北山里,郭玲玲,89932097,有限公司,,1020819,生產中,16印刷及資料儲存媒體複製業  ,160印刷及資料儲存媒體複製  
11508.csv,天源特殊鋼有限公司,65013488,,新北市新莊區化成里化成路6號(1樓),新北市新莊區化成里,王李素月,22993947,有限公司,,1150420,生產中,24基本金屬製造業  ,241鋼鐵  
11508.csv,天滎工業有限公司,65013697,,新北市樹林區山佳里新興街37巷12弄22號,新北市樹林區山佳里,陳俊良,24265156,有限公司,,1150717,生產中,25金屬製品製造業  ,259其他金屬製品  
11508.csv,泓霖鋼鐵有限公司第一廠,99706092,,臺南市南區彰南里中華西路1段87號,臺南市南區彰南里,黃永霖,22080457,有限公司,,0990818,生產中,25金屬製品製造業  ,251金屬刀具、手工具及模具  
11508.csv,泰山裕鐵網廠有限公司三重廠,99689448,08710001508647,新北市三重區五谷里光復路一段三０巷六號,新北市三重區五谷里,林靖子,35319312,有限公司,0870217,0870227,生產中,24基本金屬製造業  ,241鋼鐵  
11508.csv,泰翔工業股份有限公司觀音廠,68004912,,桃園市觀音區草漯里榮工南路5號,桃園市觀音區草漯里,李大權,22673178,股份有限公司,,1110602,生產中,24基本金屬製造業、25金屬製品製造業  ,241鋼鐵、259其他金屬製品  
11508.csv,泰翔精密鑄造股份有限公司,99665557,08110013053153,屏東縣屏東市清溪里建國路332巷32號,屏東縣屏東市清溪里,宋龍德,86610403,股份有限公司,0810504,0810701,生產中,33其他製造業、25金屬製品製造業、29機械設備製造業、24基本金屬製造業  ,331育樂用品、251金屬刀具、手工具及模具、293通用機械設備、249其他基本金屬、241鋼鐵  
11508.csv,浩証有限公司二廠,99645471,08610000807467,彰化縣田中鎮沙崙里中州路２段６６１號,彰化縣田中鎮沙崙里,鄭美鑾,97243290,有限公司,0860828,0860923,生產中,11紡織業  ,114染整  
11508.csv,浩証有限公司工廠,99645364,08710000921937,彰化縣田中鎮沙崙里中州路２段５７３號,彰化縣田中鎮沙崙里,鄭美鑾　,97243290,有限公司,0871119,0871203,生產中,11紡織業  ,114染整  
11508.csv,涵群精密股份有限公司,99624942,08710003263460,桃園市楊梅區秀才里秀才路769巷16號,桃園市楊梅區秀才里,蕭良泉　　,16243480,股份有限公司,0870119,0870123,生產中,25金屬製品製造業、29機械設備製造業  ,259其他金屬製品、293通用機械設備  
11508.csv,湯祥股份有限公司,99632624,06810005220803,苗栗縣竹南鎮大埔里一八鄰公義路九二一號,苗栗縣竹南鎮大埔里,湯永茂,80039652,有限公司,0681017,0681017,生產中,24基本金屬製造業、29機械設備製造業  ,241鋼鐵、293通用機械設備  
11508.csv,溥源電機股份有限公司,99640521,,臺中市大甲區江南里東西七路一段310號,臺中市大甲區江南里,吳螺英,24276560,股份有限公司,,0920121,生產中,28電力設備及配備製造業、29機械設備製造業  ,281發電、輸電及配電機械、292其他專用機械設備  
11508.csv,煌大鋼鐵股份有限公司,99693818,,新北市樹林區金寮里樹潭街七之一號一樓,新北市樹林區金寮里,陳杏池,86035133,股份有限公司,,0940315,生產中,24基本金屬製造業  ,241鋼鐵  
11508.csv,煌昇機械企業股份有限公司,99657378,07010000158835,臺南市鹽水區水秀里土庫2之17號,臺南市鹽水區水秀里,林孟儒　,72190824,股份有限公司,0700914,0710729,生產中,24基本金屬製造業  ,241鋼鐵  
11508.csv,煌明機器工業股份有限公司,99637699,06810006223257,臺中市烏日區前竹里光明路157巷60號,臺中市烏日區前竹里,林月鳳,52411594,股份有限公司,0681129,0690204,生產中,29機械設備製造業  ,293通用機械設備  
11508.csv,煌裕金屬工業股份有限公司,65008351,,新北市樹林區圳生里俊安街72號,新北市樹林區圳生里,王百紹,12692393,股份有限公司,,1090130,生產中,24基本金屬製造業、25金屬製品製造業  ,241鋼鐵、254金屬加工處理  
11508.csv,煌鎰金屬股份有限公司台南廠,67002660,,臺南市安南區佃東里新吉三路277號,臺南市安南區佃東里,王周淑芬,23246630,股份有限公司,,1090410,生產中,24基本金屬製造業  ,241鋼鐵  
11508.csv,煒勝電線電纜粉碎股份有限公司分廠,64008450,,高雄市大寮區潮寮里田單五街17號,高雄市大寮區潮寮里,謝雅惠,88746428,股份有限公司,,1080628,生產中,24基本金屬製造業  ,241鋼鐵、242鋁、243銅  
11508.csv,合益組合屋材料股份有限公司,S0702078,,彰化縣伸港鄉全興村全興路臨101之68號,彰化縣伸港鄉全興村,張學昊,61524373,股份有限公司,,1120808,生產中,25金屬製品製造業、29機械設備製造業  ,252金屬結構及建築組件、292其他專用機械設備  
11508.csv,吉俐鋼鐵有限公司,99713109,,臺中市太平區德隆里光德路２３１號,臺中市太平區德隆里,周裕倉,80108714,有限公司,,0971229,生產中,25金屬製品製造業  ,254金屬加工處理  
11508.csv,吉生機械股份有限公司一廠,S6601663,,臺中市烏日區螺潭里溪南路二段68巷105弄2號,臺中市烏日區螺潭里,林宏亮,52242394,股份有限公司,,1091210,生產中,29機械設備製造業  ,293通用機械設備  
11508.csv,吉生機械股份有限公司,99637215,08210006089730,臺中市烏日區前竹里仁義街一五號,臺中市烏日區前竹里,林宏亮,52242394,股份有限公司,0820510,0820521,生產中,30汽車及其零件製造業、31其他運輸工具及其零件製造業、25金屬製品製造業、29機械設備製造業  ,303汽車零件、312機車及其零件、251金屬刀具、手工具及模具、291金屬加工用機械設備、293通用機械設備  
11508.csv,同利造機廠,99643545,06910006142243,臺中市豐原區大湳里大勇街53號,臺中市豐原區大湳里,鍾家樑,55085116,獨資,0690628,0690628,生產中,29機械設備製造業  ,292其他專用機械設備、293通用機械設備  
11508.csv,呈聯金屬股份有限公司,99638087,06710006085096,臺中市龍井區三德里工業路173巷11、13、15號,臺中市龍井區三德里,陳憲慶,56648590,股份有限公司,0670622,0670622,生產中,24基本金屬製造業  ,241鋼鐵  
11508.csv,和峰金屬股份有限公司彰濱廠,07003246,,彰化縣鹿港鎮海埔里工業西七路1之1號、1之23號,彰化縣鹿港鎮海埔里,顏福源,22790788,股份有限公司,,1080724,生產中,24基本金屬製造業  ,243銅  
11508.csv,和益木業有限公司,99620662,06210000052425,宜蘭縣羅東鎮仁愛里復興路三段75巷52號,宜蘭縣羅東鎮仁愛里,廖啟旭　　,40573518,有限公司,0580101,0630408,生產中,14木竹製品製造業  ,140木竹製品  
11508.csv,咏明機械工業股份有限公司,99674125,06810000121261,臺南市安南區總頭里長溪路2段283號,臺南市安南區總頭里,黃再宏,69724304,股份有限公司,0680509,0680821,生產中,29機械設備製造業  ,292其他專用機械設備、293通用機械設備  
11508.csv,咏昱宏機械科技有限公司,99674047,07510021002073,臺南市安南區總頭里長溪路2段290號,臺南市安南區總頭里,黃再隆,24265867,有限公司,0751103,0751105,生產中,29機械設備製造業  ,292其他專用機械設備、293通用機械設備  
11508.csv,嘉鴻金屬科技有限公司楊梅廠,68005711,,桃園市楊梅區埔心里幼二路4號,桃園市楊梅區埔心里,邱顯鴻,90332424,有限公司,,1121005,生產中,25金屬製品製造業、29機械設備製造業  ,259其他金屬製品、291金屬加工用機械設備、293通用機械設備、254金屬加工處理  
11508.csv,國瑋企業有限公司,99624365,08910003323834,桃園市平鎮區雙連里民族路雙連二段118巷51弄28號,桃園市平鎮區雙連里,邱美玲,84505089,有限公司,0890506,0890705,生產中,22塑膠製品製造業  ,220塑膠製品  
11508.csv,在楓企業有限公司,99660616,07010000066806,臺南市永康區南灣里南興路57號,臺南市永康區南灣里,李家禎,80020627,有限公司,0700203,0710715,生產中,29機械設備製造業、25金屬製品製造業、24基本金屬製造業  ,242鋁、259其他金屬製品、293通用機械設備  
11508.csv,基益企業股份有限公司環工廠,67000687,,臺南市永康區王行里環工路70號,臺南市永康區王行里,吳疆宇,73682410,股份有限公司,,1020812,生產中,30汽車及其零件製造業、31其他運輸工具及其零件製造業  ,303汽車零件、312機車及其零件、319未分類其他運輸工具及其零件  
11508.csv,塘山企業有限公司,07002535,,彰化縣線西鄉頂犁村崁頂路671巷2號1樓,彰化縣線西鄉頂犁村,鄭和坤,24247088,有限公司,,1070424,生產中,31其他運輸工具及其零件製造業  ,313自行車及其零件  
11508.csv,增安鋼鐵工業有限公司,99669591,06510000130326,臺中市東區東橋里大振街23號,臺中市東區東橋里,李建德,12926771,有限公司,0580101,0670515,生產中,25金屬製品製造業  ,254金屬加工處理  
11508.csv,大力砂石行股份有限公司工廠,99646305,,彰化縣溪州鄉過溪段690、691、692、693、694地號,彰化縣溪州鄉,楊龍河,89241642,股份有限公司,,0901218,生產中,23非金屬礦物製品製造業  ,239其他非金屬礦物製品  
11508.csv,大力熱處理股份有限公司,99717719,,桃園市中壢區永福里東園二路２３號１樓,桃園市中壢區永福里,林月瑜,24371620,股份有限公司,,0980622,生產中,25金屬製品製造業  ,254金屬加工處理  
11508.csv,大勝鋼鐵股份有限公司,99623992,06910000089530,桃園市中壢區永福里中園路160號,桃園市中壢區永福里,鄭貞祥,07033028,股份有限公司,0580101,0700626,生產中,25金屬製品製造業  ,254金屬加工處理  
11508.csv,大勝鋼鐵股份有限公司幼獅廠,68000812,,桃園市楊梅區青山里獅一路12號,桃園市楊梅區青山里,鄭貞祥,07033028,股份有限公司,,1050818,生產中,25金屬製品製造業  ,254金屬加工處理  
11508.csv,大安電業股份有限公司,99631874,08310005005837,苗栗縣南庄鄉東村南庄九四之二號,苗栗縣南庄鄉東村,許啟珠,22425924,股份有限公司,0830113,0830321,生產中,28電力設備及配備製造業、22塑膠製品製造業  ,281發電、輸電及配電機械、283電線及配線器材、289其他電力設備及配備、220塑膠製品  
11508.csv,大安生醫股份有限公司二廠,66002439,,臺中市大里區健民里仁化工三路128號2、3樓,臺中市大里區健民里,徐國頤,23981259,股份有限公司,,1030113,生產中,08食品製造業、09飲料製造業  ,089其他食品、092非酒精飲料  
11508.csv,大安電業股份有限公司二廠,99631549,,苗栗縣南庄鄉東村一七鄰南庄九四之三號,苗栗縣南庄鄉東村,許啟珠,22425924,股份有限公司,,0900611,生產中,28電力設備及配備製造業  ,281發電、輸電及配電機械、283電線及配線器材、289其他電力設備及配備  
11508.csv,大宙金屬工業股份有限公司,99669276,07610000321341,臺中市南屯區寶山里工業區二十三路2號,臺中市南屯區寶山里,廖昭綺,52429898,股份有限公司,0761210,0770222,生產中,25金屬製品製造業  ,259其他金屬製品  
11508.csv,大欣實業有限公司,66006709,,臺中市豐原區南田里豐原大道五段216巷86號、86之1號、86之2號,臺中市豐原區南田里,陳彥睿,50826317,有限公司,,1070807,生產中,24基本金屬製造業、25金屬製品製造業  ,242鋁、259其他金屬製品  
11508.csv,大發金屬加工廠,99687607,,桃園市龜山區大坑里南上路３８６巷９號,桃園市龜山區大坑里,黃瑞珍,13566514,獨資,,0930421,生產中,29機械設備製造業、25金屬製品製造業、24基本金屬製造業  ,293通用機械設備、251金屬刀具、手工具及模具、254金屬加工處理、241鋼鐵  
11508.csv,天元機器股份有限公司,99624063,06910000094408,桃園市八德區茄苳里永興街一號,桃園市八德區茄苳里,謝劉阿桔　　,44522317,股份有限公司,0580101,0700501,生產中,24基本金屬製造業、25金屬製品製造業、27電腦、電子產品及光學製品製造業、26電子零組件製造業、28電力設備及配備製造業、30汽車及其零件製造業、31其他運輸工具及其零件製造業  ,241鋼鐵、252金屬結構及建築組件、271電腦及其週邊設備、269其他電子零組件、285家用電器、303汽車零件、312機車及其零件、313自行車及其零件  
11508.csv,天然草本生物科技有限公司台北廠,65002393,,新北市新店區寶福里寶橋路140巷11號2樓,新北市新店區寶福里,周寶光,97243545,有限公司,,1020801,生產中,19其他化學製品製造業  ,193清潔用品及化粧品  
11508.csv,奇昱鋼鐵股份有限公司,99662361,07810012098135,高雄市大寮區大寮里興業路３８號,高雄市大寮區大寮里,王啟鐘,81147911,股份有限公司,0791231,0791231,生產中,24基本金屬製造業  ,241鋼鐵  
11508.csv,奇杰實業有限公司,S0702603,,彰化縣線西鄉頂犁村和線路653巷242號,彰化縣線西鄉頂犁村,鄭明宗,83729646,有限公司,,1131009,生產中,16印刷及資料儲存媒體複製業  ,160印刷及資料儲存媒體複製  
11508.csv,奇林家具有限公司,S6602423,,臺中市潭子區大豐里大富路二段12之12號,臺中市潭子區大豐里,劉志誠,70645010,有限公司,,1140429,生產中,32家具製造業  ,320家具  
11508.csv,奕和金屬股份有限公司大寮廠,64009748,,高雄市大寮區上寮里河堤路二段348號,高雄市大寮區上寮里,謝宗亨,13142164,股份有限公司,,1121228,生產中,24基本金屬製造業  ,243銅  
11508.csv,威德企業有限公司,S1000242,,嘉義縣太保市南新里南埤路140號,嘉義縣太保市南新里,蘇文彬,83439301,有限公司,,1140806,生產中,22塑膠製品製造業  ,220塑膠製品  
11508.csv,宇勝銅器有限公司,S0700242,,彰化縣和美鎮仁愛里布西路116巷22號、26號,彰化縣和美鎮仁愛里,施葉月圓,86993696,有限公司,,1090512,生產中,25金屬製品製造業、29機械設備製造業  ,259其他金屬製品、293通用機械設備  
11508.csv,宇勝鋼鐵有限公司,68007415,,桃園市龜山區大坑里南上路520巷33弄7號三樓,桃園市龜山區大坑里,許銘宇,95474626,有限公司,,1150310,生產中,25金屬製品製造業  ,259其他金屬製品  
11508.csv,泰興塑膠廠,S6602432,,臺中市后里區墩南里舊社路5-27號,臺中市后里區墩南里,陳張雪卿,55204582,獨資,,1140521,生產中,13皮革、毛皮及其製品製造業  ,130皮革、毛皮及其製品  
11508.csv,泰興工程行工廠,07004378,,彰化縣大村鄉黃厝村山腳路57-98號1樓,彰化縣大村鄉黃厝村,賴柏全,82421492,獨資,,1100723,生產中,25金屬製品製造業  ,252金屬結構及建築組件、254金屬加工處理  
11508.csv,泳銓股份有限公司二廠,99680035,,彰化縣花壇鄉橋頭村彰員路２段３６６號,彰化縣花壇鄉橋頭村,馮貴香,84659324,股份有限公司,,0950407,生產中,32家具製造業、24基本金屬製造業、25金屬製品製造業  ,320家具、241鋼鐵、259其他金屬製品  
11508.csv,泳鋐工業股份有限公司,99645054,08110000085312,彰化縣伸港鄉溪底村興工路６６號,彰化縣伸港鄉溪底村,柯俊北,24268105,股份有限公司,0810925,0830119,生產中,11紡織業  ,114染整  
11508.csv,泳鑫紙品企業社,65012241,,新北市中和區中原里立德街40號1樓,新北市中和區中原里,許永河,41064978,獨資,,1131024,生產中,16印刷及資料儲存媒體複製業  ,160印刷及資料儲存媒體複製  
11508.csv,活躍科技股份有限公司,99670443,05810000016730,臺中市南區永興里德富路492號,臺中市南區永興里,黃繼瑩,24209710,股份有限公司,0580101,0690129,生產中,29機械設備製造業  ,291金屬加工用機械設備、292其他專用機械設備  
11508.csv,湶湧大興業有限公司,S6601716,,臺中市烏日區光明里五光路復光六巷140號,臺中市烏日區光明里,何昕瑜,54591050,有限公司,,1100628,生產中,24基本金屬製造業  ,241鋼鐵  
11508.csv,源直精密工業有限公司,99623524,08910003324181,桃園市桃園區龍山里龍壽街二五三巷一六號,桃園市桃園區龍山里,謝先旺,70698923,有限公司,0890530,0890608,生產中,29機械設備製造業  ,293通用機械設備  
11508.csv,漢泰鋼鐵廠股份有限公司,64000129,,高雄市小港區山明里世全路４號,高雄市小港區山明里,盧振基,75688109,股份有限公司,,0680403,生產中,24基本金屬製造業、25金屬製品製造業  ,241鋼鐵、254金屬加工處理  
11508.csv,漢泰鋼鐵廠股份有限公司北林廠,64005081,8264122181,高雄市小港區山明里北林路５號,高雄市小港區山明里,盧振基,75688109,股份有限公司,0820402,0841005,生產中,25金屬製品製造業  ,254金屬加工處理  
11508.csv,煒煌有限公司,65002410,,新北市五股區興珍里五權八路31號1樓,新北市五股區興珍里,陳錫欽,23269577,有限公司,,1020807,生產中,25金屬製品製造業、29機械設備製造業  ,251金屬刀具、手工具及模具、259其他金屬製品、291金屬加工用機械設備、292其他專用機械設備、293通用機械設備  
11508.csv,煜佳環能科技股份有限公司,13000266,,屏東縣鹽埔鄉新二村27鄰新埔路168號,屏東縣鹽埔鄉新二村,劉光哲,24632435,股份有限公司,,1040520,生產中,23非金屬礦物製品製造業、14木竹製品製造業  ,239其他非金屬礦物製品、140木竹製品  
11508.csv,煜旌企業有限公司,99661295,08110000074406,高雄市湖內區太爺里中山路二段2巷53弄13號,高雄市湖內區太爺里,吳益祥,12638032,有限公司,0810810,0810831,生產中,24基本金屬製造業  ,242鋁  
11508.csv,煜益工業股份有限公司二廠,99704101,,臺中市龍井區忠和里臨港路二段58號,臺中市龍井區忠和里,蔡春生,56696889,股份有限公司,,0960202,生產中,24基本金屬製造業  ,241鋼鐵  
11508.csv,台野畜產有限公司,09000652,,雲林縣大埤鄉豐田村延平路3段72巷60號2樓,雲林縣大埤鄉豐田村,林和成 ,54542241,有限公司,,1060303,生產中,08食品製造業  ,081肉類加工、089其他食品  
11508.csv,台金昌鋼鐵股份有限公司,99633407,08410006231289,臺中市太平區德隆里工業十六路三號,臺中市太平區德隆里,郭建國,89584288,股份有限公司,0840927,0860515,生產中,25金屬製品製造業  ,259其他金屬製品  
11508.csv,台鈺企業社,99679634,,彰化縣鹿港鎮頭崙里埔尾巷１號１樓,彰化縣鹿港鎮頭崙里,許春田,77110103,合夥,,0940222,生產中,24基本金屬製造業  ,243銅  
11508.csv,合盛機械有限公司卓蘭廠,S0500243,,苗栗縣卓蘭鎮新厝里新厝2鄰16之5號,苗栗縣卓蘭鎮新厝里,傅採雲,27306356,有限公司,,1130726,生產中,29機械設備製造業  ,292其他專用機械設備  
11508.csv,合眾成工程有限公司汐止廠,65007241,,新北市汐止區中興里福德一路429號,新北市汐止區中興里,高瑀璤,53735092,有限公司,,1071004,生產中,25金屬製品製造業  ,252金屬結構及建築組件  
11508.csv,和嵩金屬建材有限公司二廠,66009931,,臺中市梧棲區草湳里建國東街107號1樓,臺中市梧棲區草湳里,丁冠介,89382425,有限公司,,1110419,生產中,25金屬製品製造業  ,252金屬結構及建築組件  
11508.csv,和嵩金屬建材有限公司一廠,S6601881,,臺中市沙鹿區清泉里清泉路189號,臺中市沙鹿區清泉里,丁冠介,89382425,有限公司,,1120605,生產中,25金屬製品製造業  ,252金屬結構及建築組件  
11508.csv,和康彩色印刷包裝有限公司,99616908,08810001024148,新北市中和區中原里中板路18巷2弄10號,新北市中和區中原里,吳麗華,23159261,有限公司,0880212,0880308,生產中,16印刷及資料儲存媒體複製業  ,160印刷及資料儲存媒體複製  
11508.csv,啟發機械企業有限公司,10000116,,嘉義縣太保市南新里北港路二段105巷18弄29號,嘉義縣太保市南新里,紀正展,24378911,有限公司,,1020716,生產中,29機械設備製造業  ,292其他專用機械設備  
11508.csv,喬利鋼鐵工業股份有限公司,S0800082,,南投縣草屯鎮碧洲里碧峰路960號,南投縣草屯鎮碧洲里,陳乙臻,86361381,股份有限公司,,1121215,生產中,25金屬製品製造業  ,259其他金屬製品  
11508.csv,喻勝實業有限公司彰濱廠,07004931,,彰化縣鹿港鎮海埔里工業西七路36號,彰化縣鹿港鎮海埔里,張景文,12919722,有限公司,,1111013,生產中,24基本金屬製造業  ,243銅  
11508.csv,嘉一鋼鐵工業股份有限公司,99653058,06510000144204,雲林縣大埤鄉嘉興村豐盛街四號,雲林縣大埤鄉嘉興村,歐健利,64863925,股份有限公司,0650917,0660210,生產中,24基本金屬製造業、24基本金屬製造業  ,249其他基本金屬  
11508.csv,嘉敏包裝專業股份有限公司二廠,99702416,,臺中市西屯區協和里工業區三十五路２８之１號,臺中市西屯區協和里,徐燈枝,22502908,股份有限公司,,0961015,生產中,22塑膠製品製造業  ,220塑膠製品  
11508.csv,嘉聖金屬有限公司三峽廠,99691711,,新北市三峽區二鬮里中正路三段一七六號,新北市三峽區二鬮里,高文松,80448827,有限公司,,0921118,生產中,25金屬製品製造業、24基本金屬製造業  ,254金屬加工處理、259其他金屬製品、241鋼鐵  
11508.csv,國展地磚有限公司,08000509,,南投縣集集鎮廣明里洞角巷29-3號,南投縣集集鎮廣明里,林麗雪,24228456,有限公司,,1130531,生產中,23非金屬礦物製品製造業  ,234石材製品  
11508.csv,坤竑企業有限公司,S0200076,,宜蘭縣五結鄉大吉村三吉一路123巷39號,宜蘭縣五結鄉大吉村,林育新,24629797,有限公司,,1131011,生產中,12成衣及服飾品製造業、24基本金屬製造業、25金屬製品製造業  ,121成衣、242鋁、252金屬結構及建築組件  
11508.csv,多吉師食品有限公司,99653232,08810000810158,雲林縣二崙鄉大義村田中路２３號,雲林縣二崙鄉大義村,李承晏,24288171,有限公司,0880812,0890131,生產中,08食品製造業  ,084動植物油脂  
11508.csv,大家切削五金有限公司龜山廠,99626371,08610003306092,桃園市龜山區龍壽里萬壽路一段1247巷2號,桃園市龜山區龍壽里,林則旻,86999559,有限公司,0860919,0870828,生產中,25金屬製品製造業、24基本金屬製造業  ,241鋼鐵、251金屬刀具、手工具及模具  
11508.csv,大正和儀器股份有限公司,99713259,,臺中市潭子區潭秀里潭富路一段８７巷７９號,臺中市潭子區潭秀里,鄧尚儒,24357015,股份有限公司,,0980519,生產中,33其他製造業  ,332醫療器材及用品  
11508.csv,大盛紡織有限公司,99679108,,彰化縣埔鹽鄉埔鹽村埔港路６８號,彰化縣埔鹽鄉埔鹽村,蕭巽霖,24368316,有限公司,,0920612,生產中,11紡織業  ,114染整  
11508.csv,大芫鋼鐵企業有限公司,99663150,08410012188070,高雄市大寮區義和里鳳屏２路３７５之１號,高雄市大寮區義和里,黃裕凱,24285081,股份有限公司,0841011,0841019,生產中,24基本金屬製造業  ,241鋼鐵  
11508.csv,太平洋蒸餾水廠有限公司汐止廠,65009169,,新北市汐止區保安里茄安路199之1號,新北市汐止區保安里,蔡文陽,12422687,有限公司,,1100121,生產中,09飲料製造業  ,092非酒精飲料  
11508.csv,奕均工業有限公司工廠,63022219,,臺北市內湖區湖元里舊宗路二段一二一巷二十二號,臺北市內湖區湖元里,林奕均,24319195,有限公司,,1001005,生產中,30汽車及其零件製造業  ,301汽車  
11508.csv,奕大金屬製品有限公司,99712934,,臺中市大里區大元里國光路一段２０６－３號,臺中市大里區大元里,張世傑,24209612,有限公司,,0970828,生產中,25金屬製品製造業  ,251金屬刀具、手工具及模具  
11508.csv,奕富企業社,68006241,,桃園市蘆竹區內厝里長興路三段277巷1號(一樓),桃園市蘆竹區內厝里,李奕廷,87483123,獨資,,1130809,生產中,25金屬製品製造業  ,251金屬刀具、手工具及模具  
11508.csv,好食國際文化股份有限公司,65008242,,新北市汐止區樟樹里大同路1段337巷16弄2之6號1、2樓,新北市汐止區樟樹里,陳弘洲,24763442,股份有限公司,,1081210,生產中,08食品製造業  ,089其他食品  
11508.csv,好香食品行龜山一廠,68001911,,桃園市龜山區龍壽里萬壽路1段551巷5號(1樓),桃園市龜山區龍壽里,蔡雅惠,30241961,獨資,,1070430,生產中,08食品製造業  ,083蔬果加工  
11508.csv,威饌股份有限公司,65005004,,新北市新莊區思源里思源路39號2樓,新北市新莊區思源里,林威利,24385639,有限公司,,1050615,生產中,08食品製造業  ,087動物飼品  
11508.csv,宇又科技開發有限公司,07001502,,彰化縣埔心鄉芎蕉村員鹿路五段241巷10號1樓,彰化縣埔心鄉芎蕉村,蕭志岳,42707725,有限公司,,1040512,生產中,30汽車及其零件製造業、31其他運輸工具及其零件製造業  ,303汽車零件、312機車及其零件  
11508.csv,泉順興鋼鐵有限公司,99677782,,苗栗縣苑裡鎮新復里四鄰新復四二之二號,苗栗縣苑裡鎮新復里,李慶昌,70614142,有限公司,,0981207,生產中,25金屬製品製造業  ,252金屬結構及建築組件  
11508.csv,泰華貿易有限公司以利亞廠,64009860,,高雄市岡山區灣裡里岡山北路77巷30號,高雄市岡山區灣裡里,蘇劭御,24211589,有限公司,,1130603,生產中,25金屬製品製造業  ,254金屬加工處理  
11508.csv,海光企業股份有限公司,64000220,6400022000,高雄市小港區山明里沿海二路１２號,高雄市小港區山明里,劉清宏,75470524,股份有限公司,0620210,0660627,生產中,24基本金屬製造業  ,241鋼鐵  
11508.csv,海光企業股份有限公司嘉興鋼鐵廠,64004710,7964125613,高雄市小港區店鎮里嘉興街５號,高雄市小港區店鎮里,卓志弘,75470524,股份有限公司,0790927,0801107,生產中,24基本金屬製造業  ,241鋼鐵  
11508.csv,清本工業有限公司,99613576,08910001369021,新北市樹林區三龍里三龍街二四巷七號,新北市樹林區三龍里,朱志賢,84092411,有限公司,0891023,0891104,生產中,28電力設備及配備製造業、29機械設備製造業、25金屬製品製造業  ,281發電、輸電及配電機械、283電線及配線器材、289其他電力設備及配備、293通用機械設備、251金屬刀具、手工具及模具  
11508.csv,源冠食品股份有限公司,99680747,,彰化縣北斗鎮中寮里螺陽路２６、２８、３０、３２、３４、３５號,彰化縣北斗鎮中寮里,陳奕誠,24213025,股份有限公司,,0970821,生產中,08食品製造業  ,089其他食品  
11508.csv,源利製刀工業股份有限公司,99637241,06710006052919,臺中市潭子區栗林里中山路三段三０五巷六一號,臺中市潭子區栗林里,林森益,55286388,股份有限公司,0670210,0720118,生產中,25金屬製品製造業  ,251金屬刀具、手工具及模具  
11508.csv,源祥鋼鐵有限公司,68006301,,桃園市楊梅區高榮里電研路190巷258號,桃園市楊梅區高榮里,呂紹瑋,44999403,有限公司,,1130910,生產中,25金屬製品製造業  ,254金屬加工處理  
11508.csv,源程科技股份有限公司,99687242,,桃園市蘆竹區內厝里南山路三段一七巷四二號一樓,桃園市蘆竹區內厝里,許宗寅,12802820,股份有限公司,,0921016,生產中,28電力設備及配備製造業  ,281發電、輸電及配電機械  
11508.csv,溫馨紙品有限公司,99670734,06810000127501,臺中市北屯區三光里北屯路２９６號,臺中市北屯區三光里,溫國明,89243260,有限公司,0580101,0691226,生產中,16印刷及資料儲存媒體複製業  ,160印刷及資料儲存媒體複製  
11508.csv,溫誠工業股份有限公司,99623566,07610000129670,桃園市新屋區頭洲里青田路376巷80號,桃園市新屋區頭洲里,鄧承遠　　　,45085398,股份有限公司,0760506,0760625,生產中,24基本金屬製造業  ,243銅  
11508.csv,煜益工業股份有限公司三廠,66006734,,臺中市龍井區忠和里臨港路二段60號,臺中市龍井區忠和里,蔡春生,56696889,股份有限公司,,1070814,生產中,24基本金屬製造業  ,241鋼鐵  
11508.csv,煜益鋁業股份有限公司,99633540,08710006135774,臺中市龍井區忠和里海尾路278巷13號,臺中市龍井區忠和里,楊木祥,16425398,股份有限公司,0870601,0871214,生產中,24基本金屬製造業  ,242鋁  
11508.csv,煜益鋁業股份有限公司23號廠,66010656,,臺中市龍井區忠和里海尾路278巷23號,臺中市龍井區忠和里,楊木祥,16425398,股份有限公司,,1120617,生產中,24基本金屬製造業  ,242鋁  
11508.csv,煜益鑄造科技股份有限公司一廠,66006333,,臺中市龍井區忠和里台西南路251巷15號,臺中市龍井區忠和里,蔡春生,24585209,股份有限公司,,1070409,生產中,24基本金屬製造業  ,241鋼鐵  
11508.csv,煜益鋁業股份有限公司二廠,66000389,,臺中市龍井區忠和里海尾路278巷9號,臺中市龍井區忠和里,楊木祥,16425398,股份有限公司,,1000719,生產中,24基本金屬製造業  ,242鋁  
11508.csv,煜益鑄造科技股份有限公司,66008724,,臺中市龍井區忠和里台西南路251巷17號,臺中市龍井區忠和里,蔡春生,24585209,股份有限公司,,1091202,生產中,24基本金屬製造業  ,241鋼鐵  
11508.csv,熱點影像科技有限公司,65013342,,新北市三重區中興里重新路5段609巷6號9樓之8,新北市三重區中興里,莊智清,24274916,有限公司,,1150129,生產中,28電力設備及配備製造業  ,289其他電力設備及配備  
11508.csv,熹力股份有限公司,66008268,,臺中市太平區宜欣里中山路3段19巷40弄7號1樓,臺中市太平區宜欣里,饒哲源,24218984,股份有限公司,,1090508,生產中,26電子零組件製造業  ,269其他電子零組件  
11508.csv,合峻鋁業股份有限公司,99661478,07810012098576,高雄市路竹區文南里中華路５９６號,高雄市路竹區文南里,吳恩樟,22781520,股份有限公司,0791231,0791231,生產中,24基本金屬製造業  ,242鋁  
11508.csv,同威光電有限公司,S0700182,,彰化縣和美鎮嘉犁里東原路168號,彰化縣和美鎮嘉犁里,粘珈瑜,27382419,有限公司,,1090508,生產中,22塑膠製品製造業  ,220塑膠製品  
11508.csv,同宥工具有限公司,S6400385,,高雄市岡山區嘉興里大埔二街39巷32號,高雄市岡山區嘉興里,林保田,24202723,有限公司,,1090825,生產中,25金屬製品製造業  ,251金屬刀具、手工具及模具  
11508.csv,同寅興業股份有限公司關西廠,99630568,07510004043410,新竹縣關西鎮南新里２９號,新竹縣關西鎮南新里,吳學而　　　,12417615,股份有限公司,0750627,0750711,生產中,25金屬製品製造業  ,252金屬結構及建築組件  
11508.csv,向暘科技股份有限公司汐止廠,99607998,08510001108223,新北市汐止區復興里新臺五路一段七七號一九樓之四,新北市汐止區復興里,趙偉民,22422601,股份有限公司,0850427,0850902,生產中,28電力設備及配備製造業  ,281發電、輸電及配電機械、283電線及配線器材、289其他電力設備及配備  
11508.csv,向榮工業股份有限公司,99643141,07010006043421,臺中市太平區太平里永平路三段92巷2號,臺中市太平區太平里,楊文進,22601105,股份有限公司,0700313,0700313,生產中,25金屬製品製造業、24基本金屬製造業  ,253金屬容器、259其他金屬製品、242鋁  
11508.csv,和祐金屬股份有限公司,99717595,,桃園市觀音區金湖里中山路一段1171巷36號,桃園市觀音區金湖里,王惠芳,69475446,股份有限公司,,0980310,生產中,24基本金屬製造業、25金屬製品製造業  ,241鋼鐵、259其他金屬製品  
11508.csv,品佳紙器股份有限公司,99671602,07510000279936,臺中市南屯區寶山里工業區二十路22號,臺中市南屯區寶山里,李文成,22241860,股份有限公司,0751125,0760804,生產中,15紙漿、紙及紙製品製造業  ,152瓦楞紙板及紙容器  
11508.csv,四季城企業有限公司,67004038,,臺南市西港區南海里慶安路243號,臺南市西港區南海里,陳美華,94219472,有限公司,,1140324,生產中,25金屬製品製造業  ,254金屬加工處理  
11508.csv,四季甜煮食品有限公司八里廠,65002386,,新北市八里區觀海大道241號1樓,新北市八里區,王碧珠,25035815,有限公司,,1020730,生產中,08食品製造業  ,089其他食品  
11508.csv,四季股份有限公司,65001818,,新北市汐止區北山里康寧街169巷29號7樓,新北市汐止區北山里,林鎮圓,20772428,股份有限公司,,1011101,生產中,25金屬製品製造業  ,251金屬刀具、手工具及模具、259其他金屬製品  
11508.csv,國峰工業社,99648565,07710007062412,彰化縣和美鎮犁盛里東谷路１３７號,彰化縣和美鎮犁盛里,吳哲彥　　　,59191933,獨資,0771122,0771124,生產中,29機械設備製造業  ,293通用機械設備  
11508.csv,國鏟鋼鐵股份有限公司,03000377,,桃園市平鎮區湧豐里工業二路6號,桃園市平鎮區湧豐里,高銘國,84242474,股份有限公司,,1000421,生產中,25金屬製品製造業  ,254金屬加工處理  
11508.csv,國鐙實業有限公司,99607241,07810000283745,新北市新莊區福興里五權一路七號五樓之二,新北市新莊區福興里,許明華,23968170,有限公司,0780904,0791012,生產中,22塑膠製品製造業  ,220塑膠製品  
11508.csv,圳新有限公司,S6602416,,臺中市大里區西湖里西湖路187巷322弄38號,臺中市大里區西湖里,柯柏任,90890449,有限公司,,1140514,生產中,25金屬製品製造業  ,254金屬加工處理  
11508.csv,坤豐興業有限公司,99624817,08910003325241,桃園市桃園區龍山里龍壽街八一巷一二弄八號,桃園市桃園區龍山里,吳進豐,16856889,有限公司,0890808,0890820,生產中,12成衣及服飾品製造業  ,121成衣  
11508.csv,堂丞股份有限公司,99641131,08210006138157,臺中市霧峰區吉峰里自強路182號,臺中市霧峰區吉峰里,張俊良,84242988,股份有限公司,0820708,0820728,生產中,25金屬製品製造業、27電腦、電子產品及光學製品製造業、29機械設備製造業  ,259其他金屬製品、293通用機械設備、277光學儀器及設備、291金屬加工用機械設備  
11508.csv,堂丞股份有限公司二廠,S6601450,,臺中市大里區西湖里草溪西路168號及草溪西路116巷7號,臺中市大里區西湖里,張俊良,84242988,股份有限公司,,1091103,生產中,29機械設備製造業、30汽車及其零件製造業、31其他運輸工具及其零件製造業  ,291金屬加工用機械設備、292其他專用機械設備、293通用機械設備、303汽車零件、312機車及其零件  
11508.csv,堂榮機械股份有限公司,99627094,07510000076744,桃園市桃園區大林里桃鶯路三三八巷二二號,桃園市桃園區大林里,謝昌縈　　,43841242,股份有限公司,0750409,0750409,生產中,29機械設備製造業  ,293通用機械設備  
11508.csv,堂達有限公司,99603791,07410001070421,新北市三重區大有里中正北路四二八巷五０號,新北市三重區大有里,謝黃美凰,07705257,有限公司,0740320,0740411,生產中,24基本金屬製造業  ,243銅  
11508.csv,多樂利有限公司,99601992,08310000605669,新北市五股區興珍里五工二路一一六巷一三號,新北市五股區興珍里,施維哲,22924153,有限公司,0831207,0831201,生產中,15紙漿、紙及紙製品製造業  ,159其他紙製品、152瓦楞紙板及紙容器  
11508.csv,多米諾自動化科技股份有限公司,67002696,,臺南市永康區尚頂里正南一街57巷56號,臺南市永康區尚頂里,邱瑛杰,28157241,股份有限公司,,1090514,生產中,29機械設備製造業  ,292其他專用機械設備  
11508.csv,大博鋼鐵股份有限公司新衙廠,64006088,,高雄市前鎮區信義里新衙路３０８號,高雄市前鎮區信義里,李博文,22523283,股份有限公司,,0961231,生產中,25金屬製品製造業  ,254金屬加工處理  
11508.csv,大旺國際股份有限公司,S6800429,,桃園市平鎮區宋屋里快速路三段625號,桃園市平鎮區宋屋里,彭國恩,24222431,股份有限公司,,1131230,生產中,26電子零組件製造業、28電力設備及配備製造業  ,269其他電子零組件、285家用電器  
11508.csv,大旺鋼鐵有限公司,S6701031,,臺南市六甲區中社里林鳳營107之1號,臺南市六甲區中社里,黃瓊瑢,24904750,有限公司,,1140317,生產中,25金屬製品製造業  ,259其他金屬製品  
11508.csv,大正鋁業有限公司,99718831,,新北市三重區頂崁里光復路二段一０二巷五０號一樓,新北市三重區頂崁里,黃瑋傑,35917485,有限公司,,0971110,生產中,24基本金屬製造業、25金屬製品製造業  ,242鋁、254金屬加工處理、259其他金屬製品  
11508.csv,大正鋁業有限公司林口廠,65002485,,新北市林口區東林里工九路16號1、2樓,新北市林口區東林里,黃瑋傑,35917485,有限公司,,1020912,生產中,24基本金屬製造業、25金屬製品製造業  ,242鋁、259其他金屬製品、254金屬加工處理  
11508.csv,大正鋁業有限公司觀音廠,99626854,08510000411355,桃園市觀音區草漯里大同二路48號,桃園市觀音區草漯里,黃瑋傑　　,35917485,有限公司,0851202,0870914,生產中,24基本金屬製造業  ,242鋁  
11508.csv,大石實業股份有限公司,99640233,06310006030852,臺中市大里區仁化里仁化路432號,臺中市大里區仁化里,王博宗,52271242,股份有限公司,0630325,0640124,生產中,30汽車及其零件製造業、31其他運輸工具及其零件製造業、25金屬製品製造業  ,312機車及其零件、313自行車及其零件、303汽車零件、254金屬加工處理  
11508.csv,大鉦環保科技股份有限公司,07000367,,彰化縣線西鄉頂庄村線工北三路1號,彰化縣線西鄉頂庄村,賴宏勝,28724152,股份有限公司,,1001125,生產中,17石油及煤製品製造業、25金屬製品製造業  ,170石油及煤製品、254金屬加工處理  
11508.csv,大銓企業股份有限公司,99622083,07810003005834,桃園市桃園區玉山里漢中路119巷26弄17號,桃園市桃園區玉山里,邱建智,23243015,股份有限公司,0780417,0780425,生產中,29機械設備製造業  ,293通用機械設備  
11508.csv,天祥工業社,99670894,07310019000245,臺中市西屯區何厝里甘州五街５號,臺中市西屯區何厝里,謝深潭,52415114,獨資,0730130,0740905,生產中,22塑膠製品製造業  ,220塑膠製品  
11508.csv,天祥金屬股份有限公司,S0701645,,彰化縣彰化市磚磘里水尾二路87巷19、23、27號,彰化縣彰化市磚磘里,林志宏,23076712,股份有限公司,,1110406,生產中,24基本金屬製造業、25金屬製品製造業  ,243銅、249其他基本金屬、254金屬加工處理、259其他金屬製品  
11508.csv,太平洋電線電纜股份有限公司大溪工廠,99626546,06210000167910,桃園市大溪區南興里仁和路二段269號,桃園市大溪區南興里,王春城,03064800,股份有限公司,0580101,0640922,生產中,24基本金屬製造業  ,243銅、281發電、輸電及配電機械、283電線及配線器材  
11508.csv,太平洋電話工程行,64009243,,高雄市鳥松區仁美里美山路48-12號1樓,高雄市鳥松區仁美里,羅靜如,75946444,獨資,,1110128,生產中,26電子零組件製造業、27電腦、電子產品及光學製品製造業  ,269其他電子零組件、272通訊傳播設備  
11508.csv,太平鋼鐵股份有限公司,99639440,07810006132639,臺中市太平區太平里永平路3段296號,臺中市太平區太平里,王郁菁,22924506,股份有限公司,0780829,0791015,生產中,25金屬製品製造業  ,254金屬加工處理  
11508.csv,奇煒企業股份有限公司,99721726,,高雄市大寮區三隆里三隆路121號,高雄市大寮區三隆里,林健治,89753262,股份有限公司,,0990830,生產中,24基本金屬製造業、25金屬製品製造業  ,241鋼鐵、254金屬加工處理  
11508.csv,奇瑞精密工業有限公司,68002020,,桃園市八德區大發里和平路704巷20號(1樓),桃園市八德區大發里,沈彥平,24398521,有限公司,,1070622,生產中,29機械設備製造業、25金屬製品製造業  ,293通用機械設備、259其他金屬製品  
11508.csv,奕崇化工原料有限公司工廠,99647720,07810007058314,彰化縣員林市新生里至賢街八０號,彰化縣員林市新生里,張鑽焮　　,22372412,有限公司,0780621,0780831,生產中,19其他化學製品製造業  ,199未分類其他化學製品  
11508.csv,如勝企業有限公司高峰廠,99667552,07310018006059,新竹市高峰里高峰路四三二巷三八號,新竹市東區高峰里,杜讚鴻　　　,47171243,有限公司,0730126,0730217,生產中,14木竹製品製造業、23非金屬礦物製品製造業  ,140木竹製品、234石材製品  
11508.csv,威昇鋼鐵有限公司,02000184,,宜蘭縣五結鄉五結村國民南路47之8號,宜蘭縣五結鄉五結村,林如燕,80448571,有限公司,,1040819,生產中,25金屬製品製造業  ,252金屬結構及建築組件  
11508.csv,威昕機械工業有限公司,99713185,,臺中市大里區樹王里樹王路405巷6號,臺中市大里區樹王里,張惠珠,24249781,有限公司,,0980306,生產中,24基本金屬製造業、30汽車及其零件製造業  ,242鋁、303汽車零件  
11508.csv,宇宣實業有限公司,68000852,,桃園市蘆竹區瓦窯里南山路一段56巷3號,桃園市蘆竹區瓦窯里,謝政成,27890717,有限公司,,1050906,生產中,24基本金屬製造業  ,243銅、242鋁  
11508.csv,沛毅工業股份有限公司,99640517,07810006002617,臺中市大雅區四德里中清路一段243號,臺中市大雅區四德里,賴明偉,23191059,股份有限公司,0780201,0780221,生產中,29機械設備製造業、28電力設備及配備製造業、31其他運輸工具及其零件製造業  ,293通用機械設備、313自行車及其零件、285家用電器  
11508.csv,沛波鋼鐵股份有限公司,07004451,,彰化縣鹿港鎮山崙里經建十一路1號、3號,彰化縣鹿港鎮山崙里,顏慶利,38432767,股份有限公司,,1100901,生產中,25金屬製品製造業  ,254金屬加工處理  
11508.csv,沛波鋼鐵股份有限公司彰濱二廠,07005905,,彰化縣鹿港鎮山崙里崙工北五路１２號,彰化縣鹿港鎮山崙里,顏慶利,38432767,股份有限公司,,1140204,生產中,25金屬製品製造業  ,254金屬加工處理  
11508.csv,沛波鋼鐵股份有限公司關西廠,04001251,,新竹縣關西鎮大同里水坑37號,新竹縣關西鎮大同里,顏慶利,38432767,股份有限公司,,1140121,生產中,25金屬製品製造業  ,252金屬結構及建築組件、254金屬加工處理  
11508.csv,泓佶企業有限公司,65010826,,新北市土城區大安里承天路43巷5號,新北市土城區大安里,張淑容,89562411,有限公司,,1111207,生產中,25金屬製品製造業、29機械設備製造業  ,251金屬刀具、手工具及模具、259其他金屬製品、293通用機械設備  
11508.csv,泰成機械股份有限公司觀音廠,03002078,,桃園市觀音區草漯里觀音工業區大同二路17號,桃園市觀音區草漯里,趙國隆,43245899,股份有限公司,,1021219,生產中,24基本金屬製造業、25金屬製品製造業、29機械設備製造業、30汽車及其零件製造業  ,241鋼鐵、252金屬結構及建築組件、254金屬加工處理、291金屬加工用機械設備、303汽車零件  
11508.csv,泰豐實業有限公司,07000241,,彰化縣花壇鄉中庄村竹子街121號,彰化縣花壇鄉中庄村,洪添進,84072793,有限公司,,1000719,生產中,15紙漿、紙及紙製品製造業  ,152瓦楞紙板及紙容器  
11508.csv,洋星有限公司,99625611,08310003213174,桃園市中壢區內定里內定二十街１５巷２６號,桃園市中壢區內定里,莊承泰　　　,89243114,有限公司,0831212,0840629,生產中,26電子零組件製造業  ,269其他電子零組件  
11508.csv,洽順汽車股份有限公司,99712439,,高雄市仁武區竹後里鳳仁路３００號,高雄市仁武區竹後里,許太郎,75348566,股份有限公司,,0980505,生產中,30汽車及其零件製造業  ,302車體、303汽車零件  
11508.csv,淞詠企業有限公司,65013682,,新北市樹林區圳生里俊英街223巷20號(1樓),新北市樹林區圳生里,蔡安順,16713243,有限公司,,1150714,生產中,29機械設備製造業  ,293通用機械設備  
11508.csv,源利金屬股份有限公司,99622599,,桃園市楊梅區豐野里二鄰中正路二九七之一號,桃園市楊梅區豐野里,陳源興,86937581,股份有限公司,,0901129,生產中,24基本金屬製造業、29機械設備製造業  ,241鋼鐵、293通用機械設備  
11508.csv,滙茂實業股份有限公司,99661522,07710012096436,高雄市大寮區大寮里大有一街３１號,高雄市大寮區大寮里,趙立德,76355522,股份有限公司,0791231,0791231,生產中,24基本金屬製造業、25金屬製品製造業  ,242鋁、243銅、259其他金屬製品  
11508.csv,滴禧工業股份有限公司,99661158,08510000405140,臺南市永康區王行里經華路4號,臺南市永康區王行里,黃建華　　　,97038468,股份有限公司,0850604,0850723,生產中,24基本金屬製造業、28電力設備及配備製造業  ,242鋁、285家用電器  
11508.csv,漢翔精密鈑金股份有限公司,99671183,08310019002304,臺中市北屯區舊社里舊社巷１２之１號一樓,臺中市北屯區舊社里,何淑惠,89243727,股份有限公司,0831222,0831230,生產中,25金屬製品製造業、29機械設備製造業、30汽車及其零件製造業  ,259其他金屬製品、293通用機械設備、303汽車零件  
11508.csv,漢翔航空工業股份有限公司岡山廠,99661755,08710012243003,高雄市岡山區大莊里崗德路1號,高雄市岡山區大莊里,曹進平,97160544,股份有限公司,0880106,0880125,生產中,28電力設備及配備製造業、30汽車及其零件製造業、31其他運輸工具及其零件製造業、29機械設備製造業  ,281發電、輸電及配電機械、283電線及配線器材、289其他電力設備及配備、303汽車零件、319未分類其他運輸工具及其零件、293通用機械設備  
11508.csv,澄源松實業有限公司佳佐廠,99699547,07810013024285,屏東縣萬巒鄉佳和村佳興路34號,屏東縣萬巒鄉佳和村,陳周豊,81205334,有限公司,0780321,0780522,生產中,26電子零組件製造業  ,262被動電子元件  
11508.csv,燁允企業有限公司二廠,S6401241,,高雄市大寮區潮寮里潮興路107巷138號,高雄市大寮區潮寮里,陳周清琴,97195895,有限公司,,1140502,生產中,25金屬製品製造業  ,252金屬結構及建築組件  
11508.csv,燁利電機廠股份有限公司二廠,65001269,,新北市淡水區中和里小中寮9之2號,新北市淡水區中和里,陳李燁,07617971,股份有限公司,,1010412,生產中,24基本金屬製造業  ,242鋁  
11508.csv,燁昌鋼鐵股份有限公司,S6401388,,高雄市彌陀區南寮里新庄路1-92號,高雄市彌陀區南寮里,戴德偉,80581893,股份有限公司,,1150120,生產中,24基本金屬製造業  ,241鋼鐵  
11508.csv,燁昌鋼鐵股份有限公司梓官廠,64009732,,高雄市梓官區赤崁里赤崁北路120號,高雄市梓官區赤崁里,戴德偉,80581893,股份有限公司,,1121207,生產中,24基本金屬製造業  ,241鋼鐵  
11508.csv,燁暉機械股份有限公司桃園廠,99686717,07610003082369,桃園市桃園區汴洲里鹽庫西街三六號,桃園市桃園區汴洲里,林崑山　　　,86599863,股份有限公司,0760616,0780128,生產中,29機械設備製造業、24基本金屬製造業  ,293通用機械設備、241鋼鐵  
11508.csv,燁村鋼鐵股份有限公司,99703865,,臺中市沙鹿區興仁里沙田路４６號,臺中市沙鹿區興仁里,張進國,84881252,股份有限公司,,0950925,生產中,25金屬製品製造業  ,254金屬加工處理  
11508.csv,燁聯鋼鐵股份有限公司,99664992,08010012093049,高雄市岡山區嘉興里興隆街581、590、592、600、600-1、600-2、600-3、602、604號,高雄市岡山區嘉興里,林義守,23218395,股份有限公司,0800621,0840705,生產中,24基本金屬製造業、18化學材料及肥料製造業、31其他運輸工具及其零件製造業  ,241鋼鐵、249其他基本金屬、181化學原材料、319未分類其他運輸工具及其零件  
11508.csv,燁興企業股份有限公司不銹鋼管廠,99665559,08610099831049,屏東縣枋寮鄉東海村永翔路4之3號,屏東縣枋寮鄉東海村,吳林茂,75992214,股份有限公司,0860514,0861121,生產中,24基本金屬製造業  ,241鋼鐵  
11508.csv,燁興企業股份有限公司屏南線材廠,99665558,08610099831050,屏東縣枋寮鄉東海村永翔路4之5號,屏東縣枋寮鄉東海村,吳林茂,75992214,股份有限公司,0860514,0861121,生產中,24基本金屬製造業  ,241鋼鐵  
11508.csv,燁茂實業股份有限公司路竹一廠,99662587,08410000207702,高雄市路竹區後鄉里順安路３４１、３４５號,高雄市路竹區後鄉里,許祺祥,76480628,股份有限公司,0840706,0881122,生產中,24基本金屬製造業、25金屬製品製造業  ,241鋼鐵、254金屬加工處理  
11508.csv,燁茂實業股份有限公司路竹二廠,99662525,08410000207703,高雄市路竹區後鄉里順安路３４７號,高雄市路竹區後鄉里,許祺祥,76480628,股份有限公司,0840710,0851226,生產中,24基本金屬製造業、25金屬製品製造業  ,241鋼鐵、254金屬加工處理  
11508.csv,燁輝企業股份有限公司屏東廠,99665584,08510099431701,屏東縣屏東市橋南里工業6路6號,屏東縣屏東市橋南里,林義守,75947936,股份有限公司,0900213,0851130,生產中,24基本金屬製造業、25金屬製品製造業  ,241鋼鐵、249其他基本金屬、254金屬加工處理  
11508.csv,燁輝企業股份有限公司路竹廠,99661474,07210012057177,高雄市路竹區三爺里復興路９０９號,高雄市路竹區三爺里,林義守,75947936,股份有限公司,0791231,0791231,生產中,24基本金屬製造業、25金屬製品製造業、29機械設備製造業  ,241鋼鐵、252金屬結構及建築組件、292其他專用機械設備、293通用機械設備  
11508.csv,台箔科技股份有限公司,99719369,,新北市樹林區柑園里寶園街8之2號,新北市樹林區柑園里,彭大騰,27624134,股份有限公司,,0980629,生產中,22塑膠製品製造業、25金屬製品製造業、29機械設備製造業  ,220塑膠製品、251金屬刀具、手工具及模具、293通用機械設備  
11508.csv,台鑫堆高機有限公司,07000169,,彰化縣鹿港鎮海埔里鹿草路二段820號1樓,彰化縣鹿港鎮海埔里,林錫卿,24217232,有限公司,,1000427,生產中,25金屬製品製造業、32家具製造業  ,259其他金屬製品、320家具  
11508.csv,合平鋼鐵有限公司,S6500586,,新北市泰山區楓樹里中港南路169之15號,新北市泰山區楓樹里,林雅芳,22447856,有限公司,,1140829,生產中,25金屬製品製造業、25金屬製品製造業  ,254金屬加工處理  
11508.csv,吉利米血,S1300006,,屏東縣鹽埔鄉鹽中村民興街71-11號,屏東縣鹽埔鄉鹽中村,林恒志,99242450,獨資,,1090521,生產中,08食品製造業  ,089其他食品  
11508.csv,吉祥工業股份有限公司,99606351,07110000112863,新北市林口區東林里工二工業區工七路九、一一號,新北市林口區東林里,黃振圖,33098314,股份有限公司,0710528,0730124,生產中,32家具製造業、24基本金屬製造業、25金屬製品製造業  ,320家具、241鋼鐵、242鋁、252金屬結構及建築組件  
11508.csv,同心國際有限公司,S6800620,,桃園市蘆竹區中福里福興三街110號,桃園市蘆竹區中福里,王聖文,53700241,有限公司,,1150408,生產中,22塑膠製品製造業  ,220塑膠製品  
11508.csv,名弘有限公司,99626804,,桃園市大園區和平里劉厝一之二號一樓,桃園市大園區和平里,許清泉,80231926,有限公司,,0910912,生產中,24基本金屬製造業、29機械設備製造業  ,241鋼鐵、293通用機械設備  
11508.csv,向璟科技有限公司,17000164,,基隆市安樂區內寮里武訓街57號,基隆市安樂區內寮里,賴令箎,53874122,有限公司,,1120324,生產中,24基本金屬製造業  ,242鋁  
11508.csv,唯鑫鋼鐵股份有限公司,99629908,08210003000386,桃園市桃園區玉山里漢中路119巷18號,桃園市桃園區玉山里,林淑芬,84361148,股份有限公司,0820205,0820609,生產中,24基本金屬製造業  ,241鋼鐵  
11508.csv,啟翔股份有限公司台北廠,99608405,08010000322436,新北市五股區興珍里五權七路三二號,新北市五股區興珍里,陳旭輝,22079297,股份有限公司,0801029,0750701,生產中,29機械設備製造業  ,292其他專用機械設備  
11508.csv,啟翔輕金屬科技股份有限公司新屋一廠,03001913,,桃園市新屋區埔頂里埔頂路6號,桃園市新屋區埔頂里,陳臆云,27793807,股份有限公司,,1020913,生產中,24基本金屬製造業  ,242鋁  
11508.csv,啟翔輕金屬科技股份有限公司新屋三廠,03001121,,桃園市新屋區埔頂里埔頂路6號1樓,桃園市新屋區埔頂里,陳臆云,27793807,股份有限公司,,1010618,生產中,24基本金屬製造業、25金屬製品製造業  ,242鋁、252金屬結構及建築組件  
11508.csv,喬富不鏽鋼工程行,07005195,,彰化縣和美鎮山犁里仁愛路242號1樓,彰化縣和美鎮山犁里,鄭昭辰,47553811,獨資,,1120621,生產中,25金屬製品製造業  ,252金屬結構及建築組件、254金屬加工處理、259其他金屬製品  
11508.csv,四海遊龍食品股份有限公司,65001048,,新北市中和區碧河里連城路222巷8弄1、3號1、2樓,新北市中和區碧河里,彭浩恩,24293977,股份有限公司,,1010109,生產中,08食品製造業、08食品製造業  ,081肉類加工、082水產加工、089其他食品、083蔬果加工  
11508.csv,四海遊龍食品股份有限公司西螺廠,99709390,,雲林縣西螺鎮福田里社口６８－４８號,雲林縣西螺鎮福田里,陳建宏,24293977,股份有限公司,,0960522,生產中,08食品製造業、09飲料製造業  ,081肉類加工、082水產加工、089其他食品、092非酒精飲料  
11508.csv,四海遊龍食品股份有限公司高雄廠,64007482,,高雄市大寮區大寮里興業路18號1樓,高雄市大寮區大寮里,陳建宏,24293977,股份有限公司,,1050222,生產中,08食品製造業  ,089其他食品  
11508.csv,四盟企業有限公司,99661705,07610012096262,高雄市大寮區潮寮里田單四街１７號,高雄市大寮區潮寮里,許施秀鳳,82093478,股份有限公司,0791231,0791231,生產中,24基本金屬製造業  ,241鋼鐵  
11508.csv,國際世佳科技有限公司二廠,S0703093,,彰化縣和美鎮新庄里彰新路二段243巷89號,彰化縣和美鎮新庄里,蘇秋月,16981182,有限公司,,1140529,生產中,29機械設備製造業  ,291金屬加工用機械設備  
11508.csv,圻逸科技股份有限公司,65004358,,新北市三重區中興里重新路5段609巷4號5樓之8,新北市三重區中興里,林燕聰,24375386,股份有限公司,,1040914,生產中,27電腦、電子產品及光學製品製造業、33其他製造業  ,277光學儀器及設備、332醫療器材及用品  
11508.csv,圻逸科技股份有限公司第二廠,65012285,,新北市三重區中興里重新路5段609巷4號5樓之4,新北市三重區中興里,林燕聰,24375386,股份有限公司,,1131115,生產中,27電腦、電子產品及光學製品製造業  ,277光學儀器及設備  
11508.csv,坤銘鋼鐵有限公司,99646054,05810000006599,彰化縣員林市溝皂里柳橋路二段65號,彰化縣員林市溝皂里,王萬貫,89215172,有限公司,0580101,0591031,生產中,24基本金屬製造業  ,241鋼鐵  
11508.csv,坤銘鋼鐵有限公司三廠,S0701771,,彰化縣員林市柳橋路二段67號,彰化縣員林市,王萬貫,89215172,有限公司,,1110919,生產中,25金屬製品製造業  ,252金屬結構及建築組件  
11508.csv,坤銘鋼鐵有限公司工廠,07003500,,彰化縣員林市三和里成功路118號1樓,彰化縣員林市三和里,王萬貫,89215172,有限公司,,1081226,生產中,25金屬製品製造業  ,252金屬結構及建築組件、254金屬加工處理  
11508.csv,堃呈鈑金工業股份有限公司,99712981,,臺中市太平區建興里鵬儀路463號,臺中市太平區建興里,張慶坤,24225578,股份有限公司,,0970922,生產中,25金屬製品製造業、29機械設備製造業  ,259其他金屬製品、291金屬加工用機械設備、293通用機械設備  
11508.csv,堃峰鋼鐵股份有限公司,S6400756,,高雄市仁武區文武里中正路467號,高雄市仁武區文武里,黃昶智,81346313,股份有限公司,,1091005,生產中,25金屬製品製造業  ,254金屬加工處理  
11508.csv,墨達思精密工業股份有限公司苑裡二廠,05000335,,苗栗縣苑裡鎮房裡里一鄰南房一０之二號,苗栗縣苑裡鎮房裡里,林彥佑,25197796,股份有限公司,,1060120,生產中,24基本金屬製造業、24基本金屬製造業、25金屬製品製造業  ,242鋁、259其他金屬製品  
11508.csv,大專環保科技有限公司,64006235,,高雄市大寮區潮寮里田單一街２１號，建民街８號,高雄市大寮區潮寮里,涂林滿,80110269,有限公司,,1000223,生產中,21橡膠製品製造業、22塑膠製品製造業、24基本金屬製造業  ,210橡膠製品、220塑膠製品、241鋼鐵、242鋁、243銅、249其他基本金屬  
11508.csv,大展實業股份有限公司,S0702883,,彰化縣埔心鄉舊舘村興霖路臨476號,彰化縣埔心鄉舊舘村,黃深展,20752422,股份有限公司,,1140317,生產中,29機械設備製造業  ,293通用機械設備  
11508.csv,大展精密工業有限公司,66004243,,臺中市太平區建興里鵬儀路342巷6弄6號,臺中市太平區建興里,陳再允,42677074,有限公司,,1041223,生產中,29機械設備製造業、30汽車及其零件製造業、31其他運輸工具及其零件製造業  ,293通用機械設備、303汽車零件、312機車及其零件  
11508.csv,大展陶瓷企業有限公司,99617588,05810000005613,新北市鶯歌區同慶里尖山埔路二三號,新北市鶯歌區同慶里,黃幼蕙,84687243,有限公司,0580101,0590731,生產中,23非金屬礦物製品製造業、33其他製造業  ,232耐火、黏土建材及其他陶瓷製品、339未分類其他製品  
11508.csv,大展電線電纜股份有限公司,99625013,06910000188559,桃園市觀音區富源里新富路855號,桃園市觀音區富源里,沈尚弘　　　,05024240,股份有限公司,0580101,0710311,生產中,24基本金屬製造業、28電力設備及配備製造業  ,243銅、283電線及配線器材  
11508.csv,大祥鋼業股份有限公司,99669707,06710000303579,臺中市東區東橋里建功街７３號,臺中市東區東橋里,陳加祥,52242802,股份有限公司,0580101,0690206,生產中,24基本金屬製造業、25金屬製品製造業  ,241鋼鐵、254金屬加工處理  
11508.csv,大祥鋼業股份有限公司二廠,99669698,07110000110242,臺中市東區東橋里建德街221號,臺中市東區東橋里,陳加祥,52242802,股份有限公司,0580101,0710618,生產中,25金屬製品製造業  ,254金屬加工處理  
11508.csv,大錏企業有限公司,99662353,07210012090601,高雄市大寮區大寮里大有二街１０號,高雄市大寮區大寮里,洪建營,82055241,有限公司,0791231,0791231,生產中,24基本金屬製造業、25金屬製品製造業  ,241鋼鐵、253金屬容器  
11508.csv,天地鋼鐵有限公司桃園廠,68006447,,桃園市桃園區玉山里玉山街233巷47弄3號(1樓),桃園市桃園區玉山里,吳天地,94116460,有限公司,,1131204,生產中,25金屬製品製造業  ,254金屬加工處理  
11508.csv,天糧食品有限公司,99661242,,高雄市鳥松區仁美里美山路３９號,高雄市鳥松區仁美里,黃崇蘊,16707214,有限公司,,0900521,生產中,08食品製造業  ,089其他食品  
11508.csv,太御食品股份有限公司大甲廠,66002051,,臺中市大甲區義和里重義二路151號1、2樓,臺中市大甲區義和里,郭純宜,53432436,股份有限公司,,1020802,生產中,08食品製造業  ,089其他食品  
11508.csv,太昱企業社,99608223,,新北市新莊區化成里化成路八三巷五二號一樓,新北市新莊區化成里,劉宗霖,02324119,獨資,,0910822,生產中,25金屬製品製造業、29機械設備製造業  ,259其他金屬製品、293通用機械設備、291金屬加工用機械設備  
11508.csv,如意企業社,09000540,,雲林縣莿桐鄉四合村永基路23之22號,雲林縣莿桐鄉四合村,高梅貴,47392415,獨資,,1041216,生產中,22塑膠製品製造業  ,220塑膠製品  
11508.csv,如是我聞食品有限公司,66006180,,臺中市大肚區新興里沙田路二段2巷21-8號,臺中市大肚區新興里,黃冠穎,24234892,有限公司,,1070213,生產中,08食品製造業  ,083蔬果加工  
11508.csv,威暘國際有限公司八里廠,65012944,,新北市八里區頂罟里文昌路71號,新北市八里區頂罟里,劉家瑜,00192411,有限公司,,1140815,生產中,25金屬製品製造業  ,259其他金屬製品、252金屬結構及建築組件  
11508.csv,嬌聯股份有限公司仁愛廠,05000557,,苗栗縣竹南鎮崎頂里仁愛路1381號,苗栗縣竹南鎮崎頂里,洪振輝,09461242,股份有限公司,,1090226,生產中,15紙漿、紙及紙製品製造業  ,159其他紙製品  
11508.csv,嬌聯股份有限公司,99631631,07410005038288,苗栗縣竹南鎮崎頂里一五鄰和興路三六二號,苗栗縣竹南鎮崎頂里,洪振輝,09461242,股份有限公司,0740402,0740402,生產中,15紙漿、紙及紙製品製造業  ,159其他紙製品  
11508.csv,嬌聯股份有限公司竹南三廠,05000192,,苗栗縣竹南鎮頂埔里一０鄰科專路一號,苗栗縣竹南鎮頂埔里,洪振輝,09461242,股份有限公司,,1030526,生產中,15紙漿、紙及紙製品製造業  ,159其他紙製品  
11508.csv,嬌聯股份有限公司竹南二廠,99631550,,苗栗縣竹南鎮崎頂里一六鄰和誠街二七號,苗栗縣竹南鎮崎頂里,洪振輝,09461242,股份有限公司,,0900611,生產中,15紙漿、紙及紙製品製造業  ,159其他紙製品  
11508.csv,沛能國際股份有限公司,65005321,,新北市土城區頂埔里大暖路136號3樓,新北市土城區頂埔里,陳峰城,24352763,股份有限公司,,1050929,生產中,28電力設備及配備製造業、30汽車及其零件製造業、31其他運輸工具及其零件製造業  ,284照明設備及配備、303汽車零件、312機車及其零件、313自行車及其零件  
11508.csv,沛迪亞自動化科技股份有限公司,68002415,,桃園市蘆竹區錦興里錦華路70號,桃園市蘆竹區錦興里,陳楷淇,54940705,股份有限公司,,1071211,生產中,29機械設備製造業  ,292其他專用機械設備  
11508.csv,波色科技股份有限公司,04001242,,新竹縣竹北市竹北里台元二街10號4樓之3,新竹縣竹北市竹北里,王科順,53386854,股份有限公司,,1131216,生產中,27電腦、電子產品及光學製品製造業  ,277光學儀器及設備  
11508.csv,泰旻鋼鐵有限公司,S6800109,,桃園市楊梅區三湖里楊湖路三段131號,桃園市楊梅區三湖里,古昌森,97399167,有限公司,,1090512,生產中,25金屬製品製造業  ,254金屬加工處理、259其他金屬製品  
11508.csv,泰昇實業有限公司一廠,S1000059,,嘉義縣民雄鄉興中村11鄰坔墘8-11號,嘉義縣民雄鄉興中村,吳得全,84570573,有限公司,,1090521,生產中,24基本金屬製造業、25金屬製品製造業  ,242鋁、252金屬結構及建築組件  
11508.csv,泰昇工業有限公司三廠,07002422,,彰化縣鹿港鎮東石里環工五路7號,彰化縣鹿港鎮東石里,陳貞造,80213238,有限公司,,1070115,生產中,25金屬製品製造業  ,254金屬加工處理  
11508.csv,泰昇工業有限公司二廠,07002437,,彰化縣鹿港鎮東石里環工五路5號,彰化縣鹿港鎮東石里,陳貞造,80213238,有限公司,,1070119,生產中,25金屬製品製造業  ,254金屬加工處理  
11508.csv,洋貞農水產行,S1500023,,花蓮縣吉安鄉仁安村南海二街114-1號,花蓮縣吉安鄉仁安村,李慶洋,41462434,獨資,,1130812,生產中,08食品製造業  ,082水產加工  
11508.csv,海宇針織實業有限公司蘆竹廠,99629949,08410003224220,桃園市蘆竹區新興里龍安街１段９９號,桃園市蘆竹區新興里,吳成翔,23002796,有限公司,0841019,0850321,生產中,11紡織業  ,112織布  
11508.csv,淞頂股份有限公司,66003953,,臺中市龍井區龍津里三港路355巷143號,臺中市龍井區龍津里,楊傳桔,24363038,股份有限公司,,1040831,生產中,25金屬製品製造業  ,251金屬刀具、手工具及模具、259其他金屬製品  
11508.csv,淡水鋼鐵有限公司,99614969,07710001126990,新北市淡水區水源里鄒厝崙一之八號,新北市淡水區水源里,張玉青,02215745,有限公司,0770517,0770527,生產中,24基本金屬製造業、25金屬製品製造業  ,241鋼鐵、254金屬加工處理  
11508.csv,源友企業股份有限公司平鎮廠,03002243,,桃園市平鎮區湧豐里工業五路8號,桃園市平鎮區湧豐里,李惠芝,43953288,股份有限公司,,1030428,生產中,08食品製造業、09飲料製造業  ,085乳品、086碾榖、磨粉及澱粉製品、089其他食品、092非酒精飲料  
11508.csv,源合興鑄造股份有限公司,99637872,06710006143470,臺中市神岡區溪洲里豐洲路1199號,臺中市神岡區溪洲里,楊涵羚,16070656,股份有限公司,0671012,0710607,生產中,24基本金屬製造業  ,241鋼鐵  
11508.csv,滴禧工業股份有限公司新吉廠,67003926,,臺南市安南區佃東里安新二路299號,臺南市安南區佃東里,黃建華,97038468,股份有限公司,,1140115,生產中,24基本金屬製造業  ,242鋁  
11508.csv,漢菖機械工業有限公司,99657279,07710011135208,臺南市永康區塩行里中正南路360巷5號,臺南市永康區塩行里,黃妙真　　　,22202439,有限公司,0771118,0790112,生產中,29機械設備製造業、25金屬製品製造業  ,293通用機械設備  
11508.csv,特利工業有限公司,65012930,,新北市樹林區圳安里中正路259號,新北市樹林區圳安里,廖俊杰,24397760,有限公司,,1140807,生產中,25金屬製品製造業、29機械設備製造業  ,251金屬刀具、手工具及模具、259其他金屬製品、292其他專用機械設備  
11508.csv,燦豐企業有限公司,65000453,,新北市土城區清化里青雲路669之3號1、2樓,新北市土城區清化里,洪燦淙,86767930,有限公司,,1000602,生產中,25金屬製品製造業、27電腦、電子產品及光學製品製造業、28電力設備及配備製造業、29機械設備製造業、24基本金屬製造業  ,251金屬刀具、手工具及模具、252金屬結構及建築組件、253金屬容器、273視聽電子產品、285家用電器、293通用機械設備、241鋼鐵、242鋁、243銅、254金屬加工處理  
11508.csv,燦豐實業股份有限公司,99661113,07610000112838,臺南市永康區新樹里富強路2段398巷193號,臺南市永康區新樹里,楊明成　　　,73688414,股份有限公司,0760219,0761030,生產中,24基本金屬製造業  ,241鋼鐵  
11508.csv,台綸企業股份有限公司,99651613,06210000103221,彰化縣花壇鄉白沙村田墘巷二號,彰化縣花壇鄉白沙村,周通漢,58124211,股份有限公司,0620809,0630530,生產中,11紡織業、13皮革、毛皮及其製品製造業、33其他製造業  ,115紡織品、130皮革、毛皮及其製品、339未分類其他製品  
11508.csv,合慶壓鑄有限公司,65002141,,新北市八里區大崁里觀海大道215號,新北市八里區大崁里,吳俊宏,22883934,有限公司,,1020416,生產中,25金屬製品製造業、27電腦、電子產品及光學製品製造業、30汽車及其零件製造業、24基本金屬製造業  ,251金屬刀具、手工具及模具、253金屬容器、259其他金屬製品、271電腦及其週邊設備、273視聽電子產品、303汽車零件、242鋁  
11508.csv,吉立鋁業有限公司新屋廠,99687961,,桃園市新屋區大坡里一鄰四號,桃園市新屋區大坡里,張惠卿,22092284,有限公司,,0931005,生產中,24基本金屬製造業  ,242鋁  
11508.csv,向陽瑋業股份有限公司,99641693,06210006092429,臺中市外埔區大東里甲后路四段589號,臺中市外埔區大東里,林宥諭,56710480,股份有限公司,0621001,0641218,生產中,19其他化學製品製造業  ,193清潔用品及化粧品  
11508.csv,向陽生物科技股份有限公司,66008243,,臺中市太平區宜欣里宜欣二路143號,臺中市太平區宜欣里,謝雪娥,53355992,股份有限公司,,1090428,生產中,19其他化學製品製造業  ,191農藥及環境用藥  
11508.csv,和成鋼鐵股份有限公司三重廠,65008697,,新北市三重區溪美里溪尾街49號2樓,新北市三重區溪美里,吳卿曉,35197155,股份有限公司,,1090630,生產中,25金屬製品製造業、29機械設備製造業  ,251金屬刀具、手工具及模具、291金屬加工用機械設備  
11508.csv,和美鋼鐵有限公司,07002264,,彰化縣和美鎮竹營里忠誠路60號1樓,彰化縣和美鎮竹營里,辛玲瑤,56609484,有限公司,,1060808,生產中,25金屬製品製造業  ,252金屬結構及建築組件  
11508.csv,和美鋼鐵有限公司二廠,07003803,,彰化縣彰化市福山里彰南路一段167巷5弄20號1樓,彰化縣彰化市福山里,辛玲瑤,56609484,有限公司,,1090813,生產中,25金屬製品製造業  ,252金屬結構及建築組件  
11508.csv,品冠商行,S0900243,,雲林縣元長鄉西莊村西庄109-85號,雲林縣元長鄉西莊村,吳秋霞,47407297,獨資,,1111208,生產中,33其他製造業  ,339未分類其他製品  
11508.csv,品創智慧科技有限公司,68005400,,桃園市八德區福興里廣興路316巷5號（2樓）,桃園市八德區福興里,黃允謙,82991922,有限公司,,1120501,生產中,24基本金屬製造業  ,243銅  
11508.csv,喬廣科技股份有限公司,66007454,,臺中市大甲區日南里東二街11號,臺中市大甲區日南里,陳敏彰,53643220,股份有限公司,,1080524,生產中,24基本金屬製造業  ,241鋼鐵  
11508.csv,嘉暘科技股份有限公司二廠,66008977,,臺中市龍井區忠和里工業路216巷58號,臺中市龍井區忠和里,楊正雄,54890395,股份有限公司,,1100409,生產中,24基本金屬製造業  ,242鋁  
11508.csv,嘉曜鋼鐵有限公司,S1300130,,屏東縣新園鄉港墘村港墘路2-300號,屏東縣新園鄉港墘村,林坤樂,28051583,有限公司,,1090602,生產中,25金屬製品製造業、25金屬製品製造業  ,252金屬結構及建築組件  
11508.csv,嘉華盛科技股份有限公司,99665470,08610000801362,高雄市岡山區為隨里為隨西路８８號,高雄市岡山區為隨里,江慶生,12916226,股份有限公司,0860213,0870609,生產中,24基本金屬製造業、29機械設備製造業  ,241鋼鐵、242鋁、249其他基本金屬、293通用機械設備  
11508.csv,四進工業有限公司一廠,66010440,,臺中市東區東門里天乙街78號1樓,臺中市東區東門里,張四進,42669243,有限公司,,1120214,生產中,25金屬製品製造業  ,259其他金屬製品  
11508.csv,四進工業有限公司烏日廠,S6602826,,臺中市烏日區螺潭里環中路八段1517號,臺中市烏日區螺潭里,張四進,42669243,有限公司,,1141211,生產中,25金屬製品製造業、25金屬製品製造業  ,254金屬加工處理、259其他金屬製品  
11508.csv,國帽股份有限公司,99657688,07310000241166,臺南市官田區二鎮里成功街7號,臺南市官田區二鎮里,陳學賜　,72214213,股份有限公司,0730827,0740119,生產中,25金屬製品製造業  ,259其他金屬製品  
11508.csv,國益精密科技有限公司,99680821,,彰化縣鹿港鎮頂番里彰頂路２２４巷７號１樓,彰化縣鹿港鎮頂番里,莊家豪,24209134,有限公司,,0971114,生產中,30汽車及其零件製造業、31其他運輸工具及其零件製造業、25金屬製品製造業  ,303汽車零件、312機車及其零件、313自行車及其零件、251金屬刀具、手工具及模具  
11508.csv,國益精密科技有限公司伸港廠,S0702136,,彰化縣伸港鄉汴頭村汴頭路63-27號,彰化縣伸港鄉汴頭村,莊家豪,24209134,有限公司,,1120918,生產中,25金屬製品製造業、31其他運輸工具及其零件製造業  ,259其他金屬製品、313自行車及其零件  
11508.csv,國際置地股份有限公司,99722411,,桃園市大園區竹圍里海方厝３２－２號１樓,桃園市大園區竹圍里,吳正忠,89454709,股份有限公司,,0990406,生產中,25金屬製品製造業  ,259其他金屬製品  
11508.csv,國際通企業股份有限公司頭橋廠,99655510,08210010074589,嘉義縣民雄鄉興南村工業五路８號,嘉義縣民雄鄉興南村,林憲揚,86535616,股份有限公司,0820529,0820615,生產中,24基本金屬製造業、25金屬製品製造業、30汽車及其零件製造業、31其他運輸工具及其零件製造業  ,241鋼鐵、253金屬容器、259其他金屬製品、303汽車零件、312機車及其零件  
11508.csv,均堡回收資源有限公司,13000897,,屏東縣新園鄉新園村龍洲一路698號,屏東縣新園鄉新園村,戴子庭,90899096,有限公司,,1130524,生產中,24基本金屬製造業、25金屬製品製造業  ,241鋼鐵、242鋁、243銅、249其他基本金屬、254金屬加工處理  
11508.csv,坤鑫金屬工業股份有限公司,99654270,07810009079656,雲林縣虎尾鎮廉使里廉使八五六號,雲林縣虎尾鎮廉使里,李鎭坤,23366901,股份有限公司,0780816,0780929,生產中,24基本金屬製造業  ,242鋁  
11508.csv,堃立食品有限公司,99684717,,臺南市仁德區一甲里中正路3段327號,臺南市仁德區一甲里,陳錫文,80724219,有限公司,,0940512,生產中,08食品製造業  ,089其他食品  
11508.csv,堃立食品有限公司分廠,67001909,,臺南市仁德區一甲里中正路3段81-12號,臺南市仁德區一甲里,陳錫文,80724219,有限公司,,1061110,生產中,08食品製造業  ,083蔬果加工  
11508.csv,大合實業股份有限公司,99650801,07110000129709,彰化縣埤頭鄉和豐村斗苑東路２３４號,彰化縣埤頭鄉和豊村,陳忠釗　　　,24166297,股份有限公司,0710909,0720607,生產中,13皮革、毛皮及其製品製造業、22塑膠製品製造業  ,130皮革、毛皮及其製品、220塑膠製品  
11508.csv,大合實業股份有限公司二廠,99645039,09010007300306,彰化縣埤頭鄉和豐村斗苑東路２２８號,彰化縣埤頭鄉和豊村,陳忠釗,24166297,股份有限公司,0900315,0900514,生產中,25金屬製品製造業  ,259其他金屬製品  
11508.csv,大明捲門材料有限公司,99635701,07410006228171,臺中市大安區龜里龜殼里中山南路６２５號,臺中市大安區龜里,顏慶宗,05796766,有限公司,0741218,0750106,生產中,25金屬製品製造業、24基本金屬製造業  ,259其他金屬製品、254金屬加工處理、241鋼鐵  
11508.csv,大河凡而精機廠股份有限公司線西廠,07002341,,彰化縣線西鄉線西村彰濱東十一路11號,彰化縣線西鄉線西村,黃河山,22507621,股份有限公司,,1061023,生產中,25金屬製品製造業、24基本金屬製造業  ,259其他金屬製品、243銅  
11508.csv,大鎰工業有限公司,99680854,,彰化縣鹿港鎮頂番里彰頂路２２４巷２１號１樓,彰化縣鹿港鎮頂番里,謝永來,24262469,有限公司,,0971219,生產中,25金屬製品製造業、29機械設備製造業  ,259其他金屬製品、293通用機械設備  
11508.csv,大鎰工業有限公司,S0701674,,彰化縣和美鎮南佃里彰草路三段384巷35號,彰化縣和美鎮南佃里,謝永來,24262469,有限公司,,1110505,生產中,25金屬製品製造業、29機械設備製造業、30汽車及其零件製造業、31其他運輸工具及其零件製造業  ,259其他金屬製品、293通用機械設備、303汽車零件、313自行車及其零件  
11508.csv,大鐘印染股份有限公司中壢廠,99628281,07310000120138,桃園市中壢區青埔里新生路三段741號,桃園市中壢區青埔里,陳修雄,57002416,股份有限公司,0730510,0740403,生產中,11紡織業  ,114染整  
11508.csv,太業科技股份有限公司,99626438,08710000901141,桃園市楊梅區員本里民隆路５號及民富路三段２４８－２號,桃園市楊梅區員本里,梁國恩　　　,45911340,股份有限公司,0870206,0870317,生產中,24基本金屬製造業、25金屬製品製造業  ,242鋁、259其他金屬製品  
11508.csv,太業科技股份有限公司高獅一廠,68000665,,桃園市楊梅區高山里高獅路342巷55號,桃園市楊梅區高山里,梁國恩,45911340,股份有限公司,,1050531,生產中,24基本金屬製造業  ,242鋁  
11508.csv,奇益鋁材金屬股份有限公司,99660733,07510011092741,臺南市永康區甲頂里中華路1015號,臺南市永康區甲頂里,涂秀妺　　　,22213739,股份有限公司,0750804,0751230,生產中,24基本金屬製造業  ,242鋁、243銅  
11508.csv,子田企業社,07004150,,彰化縣彰化市西興里辭修路461巷32號1樓,彰化縣彰化市西興里,林珠慧,99661241,獨資,,1100325,生產中,25金屬製品製造業、29機械設備製造業  ,251金屬刀具、手工具及模具、292其他專用機械設備  
11508.csv,宇得機械有限公司雲林廠,S0900242,,雲林縣斗南鎮東明里雲林路三段624之5號,雲林縣斗南鎮東明里,黃秋綾,54529789,有限公司,,1111201,生產中,29機械設備製造業、29機械設備製造業  ,292其他專用機械設備、293通用機械設備  
11508.csv,茶霖國際茶業有限公司仁德廠,67000910,,臺南市仁德區土庫里1鄰太乙路82號,臺南市仁德區土庫里,林雅婷,24267231,有限公司,,1030616,生產中,08食品製造業  ,089其他食品  
11508.csv,華斌工業股份有限公司,99635445,07310006094094,臺中市沙鹿區南勢里南斗路79號,臺中市沙鹿區南勢里,鄧富美,22124217,股份有限公司,0730619,0750718,生產中,22塑膠製品製造業  ,220塑膠製品  
11508.csv,萬家香醬園股份有限公司屏東廠,99665642,06210099086241,屏東縣內埔鄉中林村大同路5段88號,屏東縣內埔鄉中林村,吳仁春,35426782,股份有限公司,0580101,0641008,生產中,08食品製造業  ,089其他食品  
11508.csv,萬峰科技股份有限公司,07000640,,彰化縣鹿港鎮海埔里鹿工路12號,彰化縣鹿港鎮海埔里,葉正流,53377546,股份有限公司,,1011018,生產中,24基本金屬製造業  ,243銅  
11508.csv,衆程科技股份有限公司,99635529,,臺中市后里區公館里三豐東路88號,臺中市后里區公館里,黃威翌,23082242,股份有限公司,,0910404,生產中,25金屬製品製造業、29機械設備製造業  ,259其他金屬製品、291金屬加工用機械設備、292其他專用機械設備、251金屬刀具、手工具及模具  
11508.csv,裕豐龍鋼鐵有限公司龜山廠,68005330,,桃園市龜山區大坑里南上路520巷28弄4號四樓,桃園市龜山區大坑里,歐輝燦,96869605,有限公司,,1120218,生產中,25金屬製品製造業  ,259其他金屬製品  
11508.csv,裕豪拉鏈實業有限公司,65007243,,新北市樹林區三俊街65巷18弄40號1樓,新北市樹林區,王景泰,36188823,有限公司,,1071004,生產中,33其他製造業  ,339未分類其他製品  
11508.csv,詠源鐵工廠股份有限公司,64000475,,高雄市三民區灣興里灣興街５３號,高雄市三民區灣興里,李芳儀,75927087,股份有限公司,,0660214,生產中,24基本金屬製造業、25金屬製品製造業  ,241鋼鐵、254金屬加工處理  
11508.csv,諾達股份有限公司,99686050,08210003145102,桃園市龜山區龍壽里萬壽路一段四九二之一四號六、七樓,桃園市龜山區龍壽里,趙令達　　　,12428599,股份有限公司,0820831,0820909,生產中,29機械設備製造業  ,292其他專用機械設備  
11508.csv,諾鎷客企業社,07005242,,彰化縣社頭鄉東興村清水岩路94巷25號1樓,彰化縣社頭鄉東興村,林淑梅,72497802,獨資,,1120727,生產中,12成衣及服飾品製造業  ,123服飾品  
11508.csv,豐之田工業股份有限公司,99622954,07810000281460,桃園市楊梅區新榮里電研路69巷21號,桃園市楊梅區新榮里,周麗玉　,12907541,股份有限公司,0780713,0780930,生產中,24基本金屬製造業、25金屬製品製造業、29機械設備製造業、26電子零組件製造業、28電力設備及配備製造業、30汽車及其零件製造業  ,303汽車零件、269其他電子零組件、241鋼鐵、251金屬刀具、手工具及模具、293通用機械設備、289其他電力設備及配備  
11508.csv,豐王工業有限公司,99606332,07610001116722,新北市三重區永發里大勇街八二巷二六弄五一號,新北市三重區永發里,許仁義,23242542,有限公司,0760428,0780508,生產中,29機械設備製造業、25金屬製品製造業  ,293通用機械設備、251金屬刀具、手工具及模具  
11508.csv,豐隆齒輪有限公司,99612429,07610001030455,新北市三重區中興里中興北街五四之二四號,新北市三重區中興里,林源德,22970557,有限公司,0760204,0770917,生產中,29機械設備製造業  ,293通用機械設備  
11508.csv,豪豐工業股份有限公司,99669399,08010000093614,臺中市西屯區協和里工業區四十一路32號,臺中市西屯區協和里,廖宏彬,22281460,股份有限公司,0800724,0830818,生產中,29機械設備製造業、24基本金屬製造業  ,293通用機械設備、241鋼鐵  
11508.csv,貫琳企業股份有限公司員林廠,S0701421,,彰化縣員林市大饒里大饒路682號,彰化縣員林市大饒里,李佩蓉,60311817,股份有限公司,,1091124,生產中,24基本金屬製造業、25金屬製品製造業、29機械設備製造業  ,241鋼鐵、252金屬結構及建築組件、259其他金屬製品、292其他專用機械設備、293通用機械設備  
11508.csv,超吉工業股份有限公司南崗廠,99720037,,南投縣南投市新興里自強三路23號,南投縣南投市新興里,王志鴻,97520323,股份有限公司,,0970828,生產中,24基本金屬製造業、25金屬製品製造業  ,241鋼鐵、251金屬刀具、手工具及模具、254金屬加工處理、259其他金屬製品  
11508.csv,超圓鋼鐵有限公司,66002726,,臺中市大雅區上楓里民生路三段88號1樓,臺中市大雅區上楓里,張文女,16041962,有限公司,,1030529,生產中,25金屬製品製造業  ,254金屬加工處理  
11508.csv,超圳實業有限公司,99640103,08710006242768,臺中市大里區大元里國光路一段一五九巷十一之十二號,臺中市大里區大元里,吳筑筠,16541468,有限公司,0870917,0871001,生產中,25金屬製品製造業、29機械設備製造業  ,259其他金屬製品、293通用機械設備  
11508.csv,輝鴻科技股份有限公司,64009465,,高雄市前鎮區興化里新衙路296巷3號,高雄市前鎮區興化里,宋楨堯,91072241,股份有限公司,,1111104,生產中,26電子零組件製造業  ,263印刷電路板  
11508.csv,迅宏企業有限公司,99670222,07610019000862,臺中市北區建興里永興街80巷32號,臺中市北區建興里,郭明進,22241714,有限公司,0760410,0760421,生產中,25金屬製品製造業  ,259其他金屬製品  
11508.csv,連星建材有限公司,99652824,06210000103241,南投縣名間鄉中正村彰南路一三九之一號,南投縣名間鄉,許尚緯,89732632,有限公司,0580101,0580101,生產中,32家具製造業、14木竹製品製造業  ,140木竹製品、320家具  
11508.csv,連春工業股份有限公司,99619578,07610001278429,新北市泰山區貴和里貴鳳街24巷2號,新北市泰山區貴和里,王昆煌,36204801,股份有限公司,0760923,0780316,生產中,24基本金屬製造業、25金屬製品製造業、29機械設備製造業  ,242鋁、259其他金屬製品、293通用機械設備  
11508.csv,連春工業股份有限公司一廠,65013180,,新北市泰山區貴和里貴鳳街24巷6號(1樓),新北市泰山區貴和里,王昆煌,36204801,股份有限公司,,1141201,生產中,24基本金屬製造業、25金屬製品製造業、29機械設備製造業  ,241鋼鐵、242鋁、251金屬刀具、手工具及模具、252金屬結構及建築組件、254金屬加工處理、259其他金屬製品、291金屬加工用機械設備  
11508.csv,進拓鑄造股份有限公司,99639655,08810006039551,臺中市大肚區永和里溪洲路278號,臺中市大肚區永和里,黃睿能,55762880,股份有限公司,0880719,0880722,生產中,30汽車及其零件製造業、31其他運輸工具及其零件製造業、25金屬製品製造業、29機械設備製造業、24基本金屬製造業  ,259其他金屬製品、293通用機械設備、303汽車零件、312機車及其零件、252金屬結構及建築組件、241鋼鐵  
11508.csv,運錩鋼鐵股份有限公司大發廠,99712449,,高雄市大寮區過溪里華西路12號,高雄市大寮區過溪里,顏德和,22533297,股份有限公司,,0980525,生產中,25金屬製品製造業  ,254金屬加工處理  
11508.csv,遠大興鋼鐵工程有限公司,99709581,,雲林縣土庫鎮西平里馬光路258號,雲林縣土庫鎮西平里,柳蕙蓉,16246249,有限公司,,0990809,生產中,25金屬製品製造業  ,252金屬結構及建築組件、253金屬容器、254金屬加工處理、259其他金屬製品  
11508.csv,遠大興鋼鐵工程有限公司雲林一廠,S0900475,,雲林縣土庫鎮西平里信義街49巷36之11號,雲林縣土庫鎮西平里,柳蕙蓉,16246249,有限公司,,1150728,生產中,25金屬製品製造業  ,252金屬結構及建築組件、259其他金屬製品  
11508.csv,邦貿機械股份有限公司,99624179,08510003138600,桃園市平鎮區東勢里金陵路五段二四九號一樓,桃園市平鎮區東勢里,馮輝浮　　　,86971216,股份有限公司,0850710,0850717,生產中,29機械設備製造業  ,293通用機械設備  
11508.csv,采祿金屬企業股份有限公司銅鑼廠,05000660,,苗栗縣銅鑼鄉新隆村新隆4鄰54號,苗栗縣銅鑼鄉新隆村,劉村樑,84198499,股份有限公司,,1100826,生產中,24基本金屬製造業  ,243銅  
11508.csv,金億實業社,S0701347,,彰化縣和美鎮源埤里南雷路285巷8號,彰化縣和美鎮源埤里,許恩展,25404486,獨資,,1091028,生產中,24基本金屬製造業  ,243銅  
11508.csv,金呈益企業有限公司大里廠,99713210,,臺中市大里區西湖里西湖路１３５號,臺中市大里區西湖里,郭德昌,24262502,有限公司,,0980407,生產中,22塑膠製品製造業  ,220塑膠製品  
11508.csv,金和新企業有限公司,S0700449,,彰化縣鹿港鎮頭南里南勢巷87號,彰化縣鹿港鎮頭南里,丁秀麗,24387138,有限公司,,1090602,生產中,25金屬製品製造業、29機械設備製造業  ,259其他金屬製品、293通用機械設備  
11508.csv,金富苑工業股份有限公司,99664199,08310000604650,高雄市大寮區大寮里大有二街２８號,高雄市大寮區大寮里,林顯明,84984383,股份有限公司,0831115,0840116,生產中,33其他製造業、24基本金屬製造業  ,331育樂用品、241鋼鐵  
11508.csv,金富麗企業股份有限公司,99683122,07610011072610,臺南市歸仁區看東里中山路一段175號,臺南市歸仁區看東里,葉恬瑄,86260243,股份有限公司,0760624,0770122,生產中,23非金屬礦物製品製造業  ,231玻璃及其製品  
11508.csv,金昇鋼鐵企業股份有限公司,99660108,06210000060343,臺南市仁德區保安里保安路1段21號,臺南市仁德區保安里,方淑珍　　　,72062948,股份有限公司,0620517,0630118,生產中,25金屬製品製造業、24基本金屬製造業  ,259其他金屬製品、241鋼鐵  
11508.csv,金昇鋼鐵企業股份有限公司分廠　　　　　　　　　　　　　　　　,99660105,06210000014239,臺南市仁德區保安里保安路1段21之1號,臺南市仁德區保安里,方淑珍　　,72062948,股份有限公司,0620214,0620824,生產中,24基本金屬製造業  ,241鋼鐵  
11508.csv,金永昌鋼鐵有限公司,07002031,,彰化縣員林市南平里復興路21號1樓,彰化縣員林市南平里,張永錄,53046357,有限公司,,1060123,生產中,25金屬製品製造業  ,252金屬結構及建築組件  
11508.csv,金永明鋼鐵有限公司,65010297,,新北市土城區廷寮里永豐路195巷7弄23號,新北市土城區廷寮里,簡士凱,66420019,有限公司,,1110412,生產中,25金屬製品製造業  ,254金屬加工處理  
11508.csv,鈞唯金屬有限公司,99600322,07710001083230,新北市樹林區三多里中正路508號,新北市樹林區三多里,陳義慶,12985898,有限公司,0770330,0770407,生產中,24基本金屬製造業、25金屬製品製造業、29機械設備製造業  ,242鋁、251金屬刀具、手工具及模具、254金屬加工處理、259其他金屬製品、293通用機械設備  
11508.csv,鈞大實業有限公司,64006820,,高雄市大寮區潮寮里田單七街26號,高雄市大寮區潮寮里,劉晋安,24504184,有限公司,,1020704,生產中,22塑膠製品製造業、24基本金屬製造業、25金屬製品製造業  ,220塑膠製品、241鋼鐵、242鋁、243銅、249其他基本金屬、254金屬加工處理、259其他金屬製品  
11508.csv,荃能鋁業有限公司,99658477,,臺南市仁德區保安里開發七路8號,臺南市仁德區保安里,林進長,12889683,有限公司,,0910404,生產中,24基本金屬製造業  ,242鋁  
11508.csv,華新工業有限公司,65012053,,新北市新莊區福基里化成路431巷20號,新北市新莊區福基里,鄭麗華,95485383,有限公司,,1130807,生產中,24基本金屬製造業、25金屬製品製造業、29機械設備製造業  ,241鋼鐵、242鋁、243銅、251金屬刀具、手工具及模具、254金屬加工處理、259其他金屬製品、293通用機械設備  
11508.csv,華新皮件有限公司,S0700457,,彰化縣彰化市國聖里中山路三段714巷70-2號,彰化縣彰化市國聖里,何偉新,24279763,有限公司,,1090527,生產中,13皮革、毛皮及其製品製造業  ,130皮革、毛皮及其製品  
11508.csv,萬鈞鋼鐵有限公司,07006007,,彰化縣彰化市延平里延平路492巷5號1樓,彰化縣彰化市延平里,李可芃,90164854,有限公司,,1140422,生產中,25金屬製品製造業  ,252金屬結構及建築組件、254金屬加工處理、259其他金屬製品  
11508.csv,萬鉅鋼鐵有限公司,99626647,07610000322936,桃園市中壢區忠義里南園路2之14號(1樓),桃園市中壢區忠義里,林於彪　　　,44966114,有限公司,0770104,0770224,生產中,25金屬製品製造業  ,254金屬加工處理  
11508.csv,萬銓精機股份有限公司彰濱廠,99679331,,彰化縣鹿港鎮海埔里鹿工路３０號,彰化縣鹿港鎮海埔里,葉正流,80043760,股份有限公司,,0930409,生產中,24基本金屬製造業、25金屬製品製造業  ,243銅、259其他金屬製品  
11508.csv,蓬銘企業有限公司龜山廠,99686991,,桃園市龜山區大華里頂湖二街65巷15弄11號1樓,桃園市龜山區大華里,劉志峰,23180476,有限公司,,0920620,生產中,24基本金屬製造業  ,242鋁、249其他基本金屬  
11508.csv,蓮凰鋼鐵有限公司,S0701360,,彰化縣員林市中央里中央路72號,彰化縣員林市中央里,陳妙虹,22797261,有限公司,,1091015,生產中,25金屬製品製造業  ,254金屬加工處理  
11508.csv,福器企業有限公司,99664023,07510012094243,高雄市大寮區潮寮里富民街１之３號,高雄市大寮區潮寮里,黃維霆,81269483,有限公司,0791231,0791231,生產中,24基本金屬製造業  ,241鋼鐵  
11508.csv,詮盛工業股份有限公司,99665976,07310013077523,屏東縣屏東市頂柳里中柳路277號,屏東縣屏東市頂柳里,盧華傑,91720149,股份有限公司,0730717,0740418,生產中,24基本金屬製造業、25金屬製品製造業  ,242鋁、252金屬結構及建築組件  
11508.csv,誠瑋美術印刷有限公司,99615482,07610001224431,新北市中和區中原里立德街五二巷一九號,新北市中和區中原里,蔣忠臣,05024298,有限公司,0760811,0780410,生產中,16印刷及資料儲存媒體複製業  ,160印刷及資料儲存媒體複製  
11508.csv,誠皓工程行,66012418,,臺中市后里區后里里泉州路23巷1弄1號1樓,臺中市后里區后里里,陳建宏,82630049,獨資,,1150513,生產中,25金屬製品製造業  ,252金屬結構及建築組件、259其他金屬製品  
11508.csv,誠盈鋼鐵行,S2000044,,嘉義市西區北湖里北社尾路６７５附１號,嘉義市西區北湖里,李芙金,09000327,合夥,,1120322,生產中,25金屬製品製造業  ,251金屬刀具、手工具及模具  
11508.csv,豐億鋼珠有限公司,99635667,06810006120967,臺中市豐原區南田里朝陽路55巷31號,臺中市豐原區南田里,黃新政,22486772,有限公司,0580101,0680807,生產中,24基本金屬製造業  ,241鋼鐵  
11508.csv,豐儷企業有限公司,65003283,,新北市中和區中原里中板路15巷11號3樓,新北市中和區中原里,盧建勛,86492433,有限公司,,1030730,生產中,15紙漿、紙及紙製品製造業  ,152瓦楞紙板及紙容器  
11508.csv,豐順興企業股份有限公司,10000599,,嘉義縣大林鎮中坑里大埔美園區18路5號(地上一樓),嘉義縣大林鎮中坑里,王振添,90268339,股份有限公司,,1120608,生產中,24基本金屬製造業、25金屬製品製造業  ,241鋼鐵、253金屬容器、254金屬加工處理  
11508.csv,豐騰精密工業有限公司(三廠),65003066,,新北市樹林區三多里俊興街211巷8號1樓,新北市樹林區三多里,李均緯,28083044,有限公司,,1030501,生產中,24基本金屬製造業  ,242鋁  
11508.csv,豪金鐵線股份有限公司,99683233,08510011302817,臺南市新化區知義里新和庄10之3號,臺南市新化區知義里,林瑞宗　　　,84869314,股份有限公司,0850405,0860130,生產中,24基本金屬製造業  ,241鋼鐵  
11508.csv,豪銘汽車科技股份有限公司,99706011,,臺南市安南區安順里開安路175號1樓,臺南市安南區安順里,陳宏和,24364542,股份有限公司,,0980422,生產中,30汽車及其零件製造業  ,302車體、303汽車零件  
11508.csv,貫響企業股份有限公司,99683312,08010011133519,臺南市永康區甲頂里中正南路242巷4弄73號,臺南市永康區甲頂里,林昆木　　　,84394909,股份有限公司,0810720,0820630,生產中,29機械設備製造業、25金屬製品製造業  ,259其他金屬製品、293通用機械設備  
11508.csv,超威精密工業有限公司,99628570,,桃園市蘆竹區長興里南崁路二段226巷3號,桃園市蘆竹區長興里,陳學超,97352424,有限公司,,0920107,生產中,21橡膠製品製造業、29機械設備製造業、30汽車及其零件製造業、31其他運輸工具及其零件製造業  ,210橡膠製品、293通用機械設備、303汽車零件、312機車及其零件、313自行車及其零件、319未分類其他運輸工具及其零件  
11508.csv,超尊科技股份有限公司,99687857,,桃園市蘆竹區外社里山林路２段３６１號１樓,桃園市蘆竹區外社里,張正煌,12624157,股份有限公司,,0930810,生產中,29機械設備製造業  ,292其他專用機械設備、293通用機械設備  
11508.csv,躍隆實業有限公司,S6601924,,臺中市大里區新里里德芳路三段89號,臺中市大里區新里里,石富美,24232584,有限公司,,1120901,生產中,23非金屬礦物製品製造業  ,234石材製品  
11508.csv,車城工業有限公司,99602439,07610000269574,新北市五股區興珍里五權路三七號三樓,新北市五股區興珍里,林俊夫,22599001,有限公司,0761013,0830523,生產中,32家具製造業  ,320家具  
11508.csv,迅展企業股份有限公司苗栗廠,99632086,07710005264474,苗栗縣銅鑼鄉銅鑼村二三鄰民享路二四號,苗栗縣銅鑼鄉銅鑼村,陳松川,05412591,股份有限公司,0770718,0770718,生產中,24基本金屬製造業、25金屬製品製造業、29機械設備製造業  ,241鋼鐵、254金屬加工處理、291金屬加工用機械設備、293通用機械設備、292其他專用機械設備  
11508.csv,連泰鋼鐵工業股份有限公司,99661592,06510012032407,高雄市仁武區仁武里工業二路２１號,高雄市仁武區仁武里,連文祥,85614583,獨資,0791231,0650930,生產中,24基本金屬製造業  ,241鋼鐵、249其他基本金屬  
11508.csv,邰富企業股份有限公司,99657606,07510000275773,臺南市永康區王行里興工路23號,臺南市永康區王行里,陳正達　　,84242208,股份有限公司,0751023,0770602,生產中,25金屬製品製造業  ,259其他金屬製品、254金屬加工處理  
11508.csv,邰富企業股份有限公司第二廠,67001430,,臺南市永康區王行里經建路11號,臺南市永康區王行里,陳正達,84242208,股份有限公司,,1050225,生產中,25金屬製品製造業  ,259其他金屬製品  
11508.csv,金億頓實業有限公司化成廠,99696386,,新北市新莊區化成里化成路一五六巷二、四號,新北市新莊區化成里,王伯尹,89712431,有限公司,,0960213,生產中,25金屬製品製造業  ,254金屬加工處理  
11508.csv,金和興銅鍛造股份有限公司,99647221,06610000003235,彰化縣和美鎮犁盛里東平路６８號,彰化縣和美鎮犁盛里,葉信良,59372104,股份有限公司,0660111,0660223,生產中,24基本金屬製造業  ,242鋁、243銅  
11508.csv,金寬達實業有限公司福德廠,65012419,,新北市汐止區中興里福德一路332號,新北市汐止區中興里,林文玲,28809623,有限公司,,1131231,生產中,25金屬製品製造業  ,253金屬容器  
11508.csv,金寶鐵工企業社,07005771,11310007800381,彰化縣溪湖鎮東寮里頂新五街2號1樓,彰化縣溪湖鎮東寮里,蔡錫煌,82423647,獨資,1131018,1131030,生產中,25金屬製品製造業  ,259其他金屬製品  
11508.csv,金昌隆企業股份有限公司,67000626,,臺南市仁德區太子里太子路108號,臺南市仁德區太子里,李健豪,53788463,股份有限公司,,1020517,生產中,24基本金屬製造業  ,242鋁  
11508.csv,金昌隆企業股份有限公司勝利廠,67004097,,臺南市仁德區新田里勝利一街36號A區,臺南市仁德區新田里,李健豪,53788463,股份有限公司,,1140610,生產中,24基本金屬製造業  ,242鋁  
11508.csv,金明億鋼鐵有限公司,99638492,08610006051182,臺中市豐原區南嵩里北陽路三九七巷二三號,臺中市豐原區南嵩里,林益生,16569274,有限公司,0860308,0860314,生產中,25金屬製品製造業  ,254金屬加工處理  
11508.csv,金田鑄造有限公司,66011460,,臺中市龍井區竹坑里中華路一段261號,臺中市龍井區竹坑里,陳明正,93683541,有限公司,,1131001,生產中,24基本金屬製造業  ,242鋁  
11508.csv,金界旺企業股份有限公司,99679666,,彰化縣鹿港鎮東石里工業西二路２７號,彰化縣鹿港鎮東石里,張翔淏,80681372,股份有限公司,,0940411,生產中,24基本金屬製造業  ,243銅  
11508.csv,金耘鋼鐵股份有限公司,67002132,,臺南市永康區王行里永科環路189號,臺南市永康區王行里,邵慧昌,97219138,股份有限公司,,1070823,生產中,24基本金屬製造業  ,249其他基本金屬  
11508.csv,金聖杰精密有限公司第三廠,67002436,,臺南市南區佛壇里興南街328號,臺南市南區佛壇里,杜信義,70668511,有限公司,,1080718,生產中,26電子零組件製造業  ,269其他電子零組件  
11508.csv,金順精密有限公司五股廠,65012398,,新北市五股區興珍里中興路1段128巷36號5樓,新北市五股區興珍里,梁鴻銘,24282556,有限公司,,1131224,生產中,29機械設備製造業、31其他運輸工具及其零件製造業  ,293通用機械設備、313自行車及其零件  
11508.csv,金順興鋼鐵有限公司沿海廠,99665719,08810013140947,屏東縣東港鎮興東里沿海路32號,屏東縣東港鎮興東里,張壽峰,89216215,有限公司,0880811,0910321,生產中,25金屬製品製造業  ,252金屬結構及建築組件  
11508.csv,鈞安生物科技實業社,07004243,,彰化縣竹塘鄉新廣村光明路新田巷23號,彰化縣竹塘鄉新廣村,何家安,87035391,獨資,,1100531,生產中,18化學材料及肥料製造業  ,183肥料及氮化合物  
11508.csv,鈞弘鋼鐵有限公司,99706564,,桃園市蘆竹區錦興里錦秀街１３巷２０號,桃園市蘆竹區錦興里,張力友,28345440,有限公司,,0950901,生產中,25金屬製品製造業、29機械設備製造業  ,252金屬結構及建築組件、293通用機械設備  
11508.csv,草屯中一實業社,S0800127,,南投縣草屯鎮新庄里芬草路二段386巷62弄16號,南投縣草屯鎮新庄里,徐秉鴻,19242788,合夥,,1140106,生產中,25金屬製品製造業  ,259其他金屬製品  
11508.csv,華利鋼鐵有限公司,99712561,,臺中市霧峰區舊正里中正路２巷２號,臺中市霧峰區舊正里,林美惠,80638896,有限公司,,0970115,生產中,25金屬製品製造業  ,259其他金屬製品  
11508.csv,華勇鋼鐵工業股份有限公司,99665884,06610099070567,屏東縣屏東市清溪里建國路362號,屏東縣屏東市清溪里,陳文龍,90736896,股份有限公司,0580101,0680814,生產中,29機械設備製造業、25金屬製品製造業  ,292其他專用機械設備、254金屬加工處理  
11508.csv,華勝壓光廠有限公司,99717557,,桃園市蘆竹區海湖里中圳街190號,桃園市蘆竹區海湖里,蔡基萬,24286379,有限公司,,0980213,生產中,11紡織業  ,114染整  
11508.csv,華新麗華股份有限公司台中不銹鋼廠,90C00057,,臺中市梧棲區草湳里經三路57號,臺中市梧棲區草湳里,張志哲,35412204,股份有限公司,,1020201,生產中,24基本金屬製造業、25金屬製品製造業  ,241鋼鐵、254金屬加工處理  
11508.csv,華新麗華股份有限公司楊梅廠,99622164,07510000271701,桃園市楊梅區高上里高獅路566號、566之8號,桃園市楊梅區高上里,陳科名,35412204,股份有限公司,0750930,0770602,生產中,24基本金屬製造業、28電力設備及配備製造業  ,243銅、283電線及配線器材  
11508.csv,華新麗華股份有限公司鹽水廠,99657714,07910000172466,臺南市鹽水區汫水里溪州寮3之10號A棟,臺南市鹽水區汫水里,張志哲,35412204,股份有限公司,0790612,0831011,生產中,24基本金屬製造業  ,241鋼鐵  
11508.csv,華翔植物生技有限公司,65006838,,新北市汐止區北山里康寧街169巷27號5樓之2,新北市汐止區北山里,本位田昇,24356114,有限公司,,1070508,生產中,19其他化學製品製造業  ,193清潔用品及化粧品  
11508.csv,華翔植物生技有限公司二廠,65006235,,新北市汐止區北山里康寧街169巷27號5樓之1,新北市汐止區北山里,本位田昇,24356114,有限公司,,1060904,生產中,19其他化學製品製造業  ,193清潔用品及化粧品  
11508.csv,華麒不銹鋼有限公司,99627135,08810003328008,桃園市蘆竹區新莊里大興路二０巷二一弄一七號,桃園市蘆竹區新莊里,吳琇華,16933289,有限公司,0880717,0890310,生產中,24基本金屬製造業、25金屬製品製造業  ,241鋼鐵、254金屬加工處理  
11508.csv,萬鐘金屬有限公司,99703756,,臺中市烏日區烏日里新興路２０號,臺中市烏日區烏日里,林混昌,52565979,有限公司,,0950807,生產中,24基本金屬製造業  ,242鋁、243銅  
11508.csv,萬鑫鋼鐵有限公司,99622250,08510003011379,桃園市蘆竹區新興里中興二街29號,桃園市蘆竹區新興里,黃偉倫,29110435,有限公司,0850430,0851227,生產中,25金屬製品製造業、29機械設備製造業  ,254金屬加工處理、259其他金屬製品、293通用機械設備  
11508.csv,萬鑫鋼鐵有限公司蘆竹廠,99688378,,桃園市蘆竹區新興里中興二街３１號,桃園市蘆竹區新興里,黃偉倫,29110435,有限公司,,0940517,生產中,24基本金屬製造業  ,241鋼鐵  
11508.csv,萬順顧問開發有限公司龍潭廠,99706894,,桃園市龍潭區高平里龍源路８５巷４２號,桃園市龍潭區高平里,馮愛蓮,89770467,有限公司,,0960321,生產中,24基本金屬製造業、18化學材料及肥料製造業  ,241鋼鐵、242鋁、243銅、249其他基本金屬、184塑膠及合成橡膠原料  
11508.csv,蓮花工業股份有限公司,99630771,08310004006999,新竹縣新豐鄉上坑村坑子口438、438-1、439-1號,新竹縣新豐鄉上坑村,林明彬　　　,27025068,股份有限公司,0831003,0840810,生產中,24基本金屬製造業、25金屬製品製造業  ,242鋁、249其他基本金屬、252金屬結構及建築組件、259其他金屬製品  
11508.csv,蔚慶鋼鐵有限公司,S6500634,,新北市樹林區東園里田尾街175巷2號,新北市樹林區東園里,張純慈,86580013,有限公司,,1150327,生產中,25金屬製品製造業  ,254金屬加工處理  
11508.csv,蔚揚實業股份有限公司,99624117,07710003096472,桃園市蘆竹區內厝里油管路一段666號,桃園市蘆竹區內厝里,許早惠　　　,20751090,股份有限公司,0770716,0780617,生產中,22塑膠製品製造業  ,220塑膠製品  
11508.csv,蘇澳鋼鐵環保有限公司,02000480,,宜蘭縣蘇澳鎮永春里永春路97號,宜蘭縣蘇澳鎮永春里,許家程,90087484,有限公司,,1120201,生產中,14木竹製品製造業  ,140木竹製品  
11508.csv,蘇菲手工坊有限公司,99719710,,新北市土城區大安里承天路一八號四樓,新北市土城區大安里,施彥秀,25032417,有限公司,,0981112,生產中,19其他化學製品製造業  ,193清潔用品及化粧品  
11508.csv,福大鑄造股份有限公司,99643425,06510006089707,臺中市沙鹿區斗抵里斗潭路8號,臺中市沙鹿區斗抵里,何燦東,22237628,股份有限公司,0650616,0670203,生產中,25金屬製品製造業、24基本金屬製造業  ,259其他金屬製品、241鋼鐵  
11508.csv,証崑鋼鐵有限公司一廠,64007441,,高雄市大寮區內坑里內坑路9之37號,高雄市大寮區內坑里,張詠智,97140652,有限公司,,1050125,生產中,25金屬製品製造業  ,254金屬加工處理  
11508.csv,証浤興業有限公司,07000818,,彰化縣永靖鄉光雲村光雲巷263弄45號,彰化縣永靖鄉光雲村,張淵宏,24352341,有限公司,,1020524,生產中,22塑膠製品製造業、29機械設備製造業、25金屬製品製造業  ,220塑膠製品、253金屬容器、293通用機械設備  
11508.csv,誠益興業社,S6600325,,臺中市霧峰區北柳里24鄰四德路280巷26號,臺中市霧峰區北柳里,張家誠,25243638,獨資,,1090620,生產中,30汽車及其零件製造業  ,303汽車零件  
11508.csv,軒亮股份有限公司,99611273,07510001324266,新北市淡水區崁頂里崁頂五七之六號一樓,新北市淡水區崁頂里,曾文雄,33791644,股份有限公司,0751027,0751122,生產中,11紡織業  ,115紡織品  
11508.csv,辛隆發展工業有限公司,99701858,,臺中市太平區德隆里光德路一二號,臺中市太平區德隆里,王力生,86676241,有限公司,,0930728,生產中,28電力設備及配備製造業  ,281發電、輸電及配電機械、283電線及配線器材  
11508.csv,辰乙有限公司一廠,99702435,,臺中市東區東信里振興路358巷57號1樓,臺中市東區東信里,李美枝,16543304,有限公司,,0961224,生產中,29機械設備製造業  ,293通用機械設備  
11508.csv,迎廣科技股份有限公司長興廠,99622439,08810003329728,桃園市蘆竹區山鼻里長興路2段193號,桃園市蘆竹區山鼻里,賴文賢,09497109,股份有限公司,0881102,0890901,生產中,25金屬製品製造業、27電腦、電子產品及光學製品製造業  ,271電腦及其週邊設備、254金屬加工處理  
11508.csv,通順鋼鐵股份有限公司,99677274,,苗栗縣通霄鎮五北里七鄰五北六八之六號,苗栗縣通霄鎮五北里,王李秀昭,56248010,股份有限公司,,0920506,生產中,24基本金屬製造業  ,241鋼鐵  
11508.csv,通駿企業股份有限公司,99642145,07310006135193,臺中市大雅區上楓里民生路三段111巷5號,臺中市大雅區上楓里,黃清賢,22104057,股份有限公司,0730815,0750612,生產中,25金屬製品製造業、29機械設備製造業、24基本金屬製造業  ,241鋼鐵、251金屬刀具、手工具及模具、259其他金屬製品、293通用機械設備  
11508.csv,連瑜鏈條有限公司,66003618,,臺中市神岡區岸裡里大豐路五段295巷75號,臺中市神岡區岸裡里,何聖嫈,16224110,有限公司,,1040511,生產中,29機械設備製造業  ,293通用機械設備  
11508.csv,金優美股份有限公司,99656538,06910000242338,臺南市新營區嘉芳里五福路132號,臺南市新營區嘉芳里,林進興　　　,72202814,股份有限公司,0691204,0730315,生產中,32家具製造業  ,320家具  
11508.csv,金元企業社,99627873,08410003224239,桃園市新屋區永安里文化路３段２５號,桃園市新屋區永安里,古盛旺　　　,97801739,獨資,0841020,0841108,生產中,25金屬製品製造業  ,259其他金屬製品  
11508.csv,金和鑫鋼鐵有限公司,S1300030,,屏東縣鹽埔鄉鹽北村中山路136-3號,屏東縣鹽埔鄉鹽北村,楊宗斌,53062898,有限公司,,1090624,生產中,25金屬製品製造業  ,254金屬加工處理  
11508.csv,金居開發股份有限公司斗六一廠,99653100,08710000910070,雲林縣斗六市虎溪里科工八路五十六號,雲林縣斗六市虎溪里,呂安純,16447610,股份有限公司,0871023,0890413,生產中,24基本金屬製造業、18化學材料及肥料製造業  ,243銅、181化學原材料  
11508.csv,金居開發股份有限公司斗六二廠,99654537,,雲林縣斗六市虎溪里科工八路56號,雲林縣斗六市虎溪里,呂安純,16447610,股份有限公司,,0920623,生產中,24基本金屬製造業、18化學材料及肥料製造業  ,243銅、181化學原材料  
11508.csv,金明德鋼鐵有限公司,S0700725,,彰化縣永靖鄉崙子村九分路340巷184號,彰化縣永靖鄉崙子村,徐嘉辰,28573921,有限公司,,1090618,生產中,25金屬製品製造業  ,259其他金屬製品  
11508.csv,金明德鋼鐵有限公司,99648895,08810007103326,彰化縣埔心鄉太平村武聖路６５巷３２號,彰化縣埔心鄉太平村,吳宜彰,28573921,有限公司,0880607,0880614,生產中,25金屬製品製造業  ,254金屬加工處理  
11508.csv,金明玻璃有限公司,99632426,08110005083289,苗栗縣銅鑼鄉中平村中隆一路一五號,苗栗縣銅鑼鄉中平村,鍾榮華,49798828,有限公司,0810611,0821202,生產中,23非金屬礦物製品製造業  ,231玻璃及其製品  
11508.csv,金池金屬壓鑄有限公司,99633411,07610006050441,臺中市神岡區神洲里民權路12之2、12之3號,臺中市神岡區神洲里,賴文瑞,22403007,有限公司,0760402,0771110,生產中,25金屬製品製造業、24基本金屬製造業  ,259其他金屬製品、242鋁  
11508.csv,金沅鑄造廠,99672334,06210000134856,臺中市東區東門里振興路２４６巷５８號,臺中市東區東門里,邱家泓,52267296,獨資,0580101,0630723,生產中,24基本金屬製造業  ,241鋼鐵  
11508.csv,金聖錡機械工業股份有限公司,66002428,,臺中市豐原區南田里水源路258巷81弄3號,臺中市豐原區南田里,黃玲玉,54607285,股份有限公司,,1030108,生產中,25金屬製品製造業、29機械設備製造業  ,259其他金屬製品、291金屬加工用機械設備  
11508.csv,金辰工業社,99646577,08010007072434,彰化縣和美鎮犁盛里彰新路３段２２號,彰化縣和美鎮犁盛里,林麗祝　,98617872,獨資,0800603,0820401,生產中,25金屬製品製造業  ,259其他金屬製品  
11508.csv,金通塑膠股份有限公司,99645228,06810000104320,彰化縣員林市大饒里員集路二段三八六巷四八號,彰化縣員林市大饒里,田寶玉　,22243184,股份有限公司,0680203,0690515,生產中,22塑膠製品製造業、16印刷及資料儲存媒體複製業  ,220塑膠製品、160印刷及資料儲存媒體複製  
11508.csv,金馬塑膠廠,99620624,07810002012583,宜蘭縣頭城鎮二城里二城路56號,宜蘭縣頭城鎮二城里,林光彩　　,02419678,獨資,0780414,0780812,生產中,13皮革、毛皮及其製品製造業、22塑膠製品製造業  ,130皮革、毛皮及其製品、220塑膠製品  
11508.csv,鈞永科技股份有限公司土城一廠,65005536,,新北市土城區沛陂里自由街21、23號1樓,新北市土城區沛陂里,周清圳,24222755,股份有限公司,,1051226,生產中,25金屬製品製造業  ,254金屬加工處理  
11508.csv,鈞永科技股份有限公司土城三廠,65005539,,新北市土城區沛陂里自由街21號5樓,新北市土城區沛陂里,周清圳,24222755,股份有限公司,,1051227,生產中,25金屬製品製造業  ,254金屬加工處理  
11508.csv,萬昌科技有限公司,03000894,,桃園市蘆竹區長興里南崁路二段228巷16弄17號及19號,桃園市蘆竹區長興里,林伯俊,53392434,有限公司,,1010112,生產中,26電子零組件製造業  ,263印刷電路板  
11508.csv,蘭亭生物科技股份有限公司,63022411,,臺北市內湖區湖元里行愛路七十七巷三十一、三十三號五樓,臺北市內湖區湖元里,呂金燕,53680569,股份有限公司,,1060317,生產中,08食品製造業  ,089其他食品  
11508.csv,蘭州工程股份有限公司,99705070,,高雄市岡山區本洲里本工西二路２１號,高雄市岡山區本洲里,蔡錦州,89296646,股份有限公司,,0950719,生產中,24基本金屬製造業、25金屬製品製造業  ,241鋼鐵、252金屬結構及建築組件  
11508.csv,裕權鋼鐵有限公司冬山廠,02000035,,宜蘭縣冬山鄉順安村永興路二段134號,宜蘭縣冬山鄉順安村,林姿瑩,53322043,有限公司,,1000906,生產中,25金屬製品製造業  ,252金屬結構及建築組件  
11508.csv,裕鐵企業股份有限公司岡山二廠,99662081,08610012138842,高雄市燕巢區安招里安招路６３９之１號,高雄市燕巢區安招里,林高煌,85978401,股份有限公司,0860717,0871214,生產中,24基本金屬製造業、25金屬製品製造業  ,241鋼鐵、254金屬加工處理  
11508.csv,祥鑫鋼鐵股份有限公司,S1300147,,屏東縣新園鄉港墘村港墘路2-301號,屏東縣新園鄉港墘村,林坤樂,53866214,股份有限公司,,1090604,生產中,25金屬製品製造業、25金屬製品製造業  ,252金屬結構及建築組件  
11508.csv,証統環保科技股份有限公司二廠,64009417,,高雄市小港區山明里永光街2號,高雄市小港區山明里,黃韋翰,88101881,股份有限公司,,1110912,生產中,24基本金屬製造業  ,241鋼鐵  
11508.csv,詠盛鋁業股份有限公司,99634471,07510006088898,臺中市太平區永成里長億二街36號,臺中市太平區永成里,蘇宗永,22204823,股份有限公司,0750624,0750624,生產中,24基本金屬製造業、25金屬製品製造業、27電腦、電子產品及光學製品製造業  ,242鋁、252金屬結構及建築組件、272通訊傳播設備、253金屬容器  
11508.csv,詠盛鋁業股份有限公司彰化廠,07006421,,彰化縣彰化市莿桐里彰鹿路123巷31號,彰化縣彰化市莿桐里,蘇宗永,22204823,股份有限公司,,1150512,生產中,24基本金屬製造業、25金屬製品製造業  ,242鋁、252金屬結構及建築組件  
11508.csv,詠立實業有限公司,99609594,09010001004399,新北市汐止區智慧里大同路二段147、149號8樓,新北市汐止區智慧里,邱郁欣,22428507,有限公司,0900205,0900221,生產中,22塑膠製品製造業、33其他製造業  ,220塑膠製品、332醫療器材及用品  
11508.csv,謚嘉紙業有限公司,68006703,,桃園市龍潭區高原里中原路一段332巷1號,桃園市龍潭區高原里,謝其軒,89242591,有限公司,,1140424,生產中,15紙漿、紙及紙製品製造業  ,152瓦楞紙板及紙容器  
11508.csv,豐助金屬工業有限公司工廠,66000355,,臺中市太平區中興里永義八街6號,臺中市太平區中興里,廖立晨,24381401,有限公司,,1000704,生產中,25金屬製品製造業、29機械設備製造業  ,259其他金屬製品、293通用機械設備  
11508.csv,豐田電機股份有限公司,99673387,07410000238214,臺南市南區彰南里新義路10之1號,臺南市南區彰南里,蘇文禎,69032604,股份有限公司,0740809,0741211,生產中,28電力設備及配備製造業、31其他運輸工具及其零件製造業、25金屬製品製造業、24基本金屬製造業  ,283電線及配線器材、313自行車及其零件、259其他金屬製品、254金屬加工處理、242鋁、243銅  
11508.csv,豪駿金屬有限公司,S0703164,,彰化縣彰化市三村里彰興路一段165巷臨75之3號,彰化縣彰化市三村里,馮建宏,24264425,有限公司,,1140626,生產中,25金屬製品製造業  ,251金屬刀具、手工具及模具、259其他金屬製品  
11508.csv,貴族服裝有限公司,99690788,,新北市五股區五工三路116巷2號3樓,新北市五股區,龔銘崇,24225182,股份有限公司,,0920521,生產中,12成衣及服飾品製造業  ,121成衣、123服飾品  
11508.csv,貴晟工業有限公司,99683854,,臺南市永康區塩行里塩和街230號,臺南市永康區塩行里,李文貴,16877694,有限公司,,0920110,生產中,25金屬製品製造業、24基本金屬製造業  ,251金屬刀具、手工具及模具、241鋼鐵  
11508.csv,賓瑋興業股份有限公司,99669243,07810019001451,臺中市南區樹義里福田三街322號,臺中市南區樹義里,張毓彬,22480910,股份有限公司,0780905,0780922,生產中,33其他製造業  ,331育樂用品  
11508.csv,賓雄企業股份有限公司,99602643,07710001276707,新北市樹林區三興里工興街二一號,新北市樹林區三興里,賴源賓,22413589,有限公司,0770920,0771018,生產中,25金屬製品製造業、29機械設備製造業  ,259其他金屬製品、293通用機械設備  
11508.csv,迎盛股份有限公司,67001241,,臺南市永康區王行里永科環路75號,臺南市永康區王行里,曾麗芳,16229683,股份有限公司,,1040629,生產中,25金屬製品製造業  ,253金屬容器、259其他金屬製品  
11508.csv,近代醫療器材股份有限公司,99647657,07310007042437,彰化縣和美鎮四張里德美路６１６巷５５號,彰化縣和美鎮四張里,黃信仁,59369419,股份有限公司,0730309,0740312,生產中,22塑膠製品製造業、33其他製造業  ,220塑膠製品、332醫療器材及用品  
11508.csv,進烜科技有限公司,03002414,,桃園市八德區瑞豐里興豐路575巷7號,桃園市八德區瑞豐里,周淑芬,70514333,有限公司,,1030902,生產中,26電子零組件製造業  ,269其他電子零組件  
11508.csv,進瑞鋼鐵有限公司,64005302,08664011130226,高雄市小港區龍鳳里大業南路１１之１號,高雄市小港區龍鳳里,吳三益,75940005,有限公司,0860531,0860804,生產中,25金屬製品製造業  ,259其他金屬製品  
11508.csv,達信機械有限公司,99630700,07910004051242,新竹縣竹北市斗崙村福興路１０５４號,新竹縣竹北市斗崙里,曾戊松　　　,23072912,有限公司,0790704,0790719,生產中,25金屬製品製造業、29機械設備製造業  ,293通用機械設備、259其他金屬製品  
11508.csv,遠東機械工業股份有限公司,99672738,0AA100AA000026,嘉義市東區後湖里忠孝路７５２號,嘉義市東區後湖里,莊惠美,65818201,股份有限公司,0580101,0580101,生產中,24基本金屬製造業、25金屬製品製造業、29機械設備製造業  ,241鋼鐵、249其他基本金屬、254金屬加工處理、259其他金屬製品、291金屬加工用機械設備  
11508.csv,遠東機械工業股份有限公司頭橋廠,99655784,06210000106468,嘉義縣民雄鄉興南村工業一路１號,嘉義縣民雄鄉興南村,莊惠美,65818201,股份有限公司,0580101,0660317,生產中,25金屬製品製造業、24基本金屬製造業、29機械設備製造業、30汽車及其零件製造業  ,241鋼鐵、249其他基本金屬、252金屬結構及建築組件、293通用機械設備、301汽車、302車體、303汽車零件  
11508.csv,遠東船舶有限公司,64006427,,高雄市前鎮區鎮北里新生路５巷１４號１、２樓,高雄市前鎮區鎮北里,莊智詠,53241979,有限公司,,1001208,生產中,31其他運輸工具及其零件製造業、31其他運輸工具及其零件製造業  ,311船舶及浮動設施  
11508.csv,金元福包裝企業股份有限公司冬山廠,02000242,,宜蘭縣冬山鄉東城村香中路275、275-1號,宜蘭縣冬山鄉東城村,吳美雲,34227006,股份有限公司,,1050906,生產中,22塑膠製品製造業  ,220塑膠製品  
11508.csv,金品金屬工業股份有限公司一廠,99602539,07810001068398,新北市鶯歌區永吉里德昌二街72號,新北市鶯歌區永吉里,張哲銘,31125700,股份有限公司,0780316,0780512,生產中,24基本金屬製造業、25金屬製品製造業  ,241鋼鐵、254金屬加工處理、249其他基本金屬  
11508.csv,金品食品企業有限公司,18000430,,新竹市東區水源里千甲路5號,新竹市東區水源里,彭念譁,24395876,有限公司,,1110209,生產中,08食品製造業  ,089其他食品  
11508.csv,金星企業有限公司,99646114,08010007074212,彰化縣秀水鄉莊雅村溪心街１８７號,彰化縣秀水鄉莊雅村,林寶珠,86252433,有限公司,0800815,0810129,生產中,13皮革、毛皮及其製品製造業  ,130皮革、毛皮及其製品  
11508.csv,金泉發塑膠廠,99648487,06110000025113,彰化縣花壇鄉花壇村花壇街３６８號,彰化縣花壇鄉花壇村,黃進隆　　　,58024373,獨資,0580101,0610609,生產中,13皮革、毛皮及其製品製造業、22塑膠製品製造業  ,130皮革、毛皮及其製品、220塑膠製品  
11508.csv,金皇企業股份有限公司屏南六廠,99699542,07710099286482,屏東縣枋寮鄉東海村精進路32號,屏東縣枋寮鄉東海村,陳思明,85807913,股份有限公司,0771229,0831011,生產中,24基本金屬製造業、32家具製造業  ,241鋼鐵、320家具  
11508.csv,金聯群工業有限公司,99640242,08510006212819,臺中市太平區建國里鵬儀路四二一號,臺中市太平區建國里,張進發,97042272,有限公司,0850826,0850916,生產中,29機械設備製造業、25金屬製品製造業  ,259其他金屬製品、293通用機械設備  
11508.csv,鈞永科技股份有限公司土城廠二廠,65005896,,新北市土城區沛陂里自由街21號2樓,新北市土城區沛陂里,周清圳,24222755,股份有限公司,,1060503,生產中,25金屬製品製造業  ,254金屬加工處理  
11508.csv,鈞泓企業有限公司,07001862,,彰化縣埔鹽鄉好修村新生路35-6號1樓,彰化縣埔鹽鄉好修村,施文哲,24212320,有限公司,,1050801,生產中,25金屬製品製造業  ,251金屬刀具、手工具及模具、259其他金屬製品  
11508.csv,鈞浩股份有限公司,65006659,,新北市新莊區瓊林南路77號之48,新北市新莊區,白麗美,23424276,股份有限公司,,1070208,生產中,25金屬製品製造業  ,259其他金屬製品  
11508.csv,華台實業股份有限公司,99617243,07810001140065,新北市中和區員富里員山路五三二號一樓,新北市中和區員富里,張佳泰,22714656,股份有限公司,0780522,0780725,生產中,11紡織業  ,115紡織品  
11508.csv,華晟特殊鋼鐵股份有限公司,99611970,08710001583064,新北市新莊區西盛里新樹路三０二巷二三號,新北市新莊區西盛里,張和明,80419436,股份有限公司,0871211,0880112,生產中,25金屬製品製造業  ,254金屬加工處理  
11508.csv,華晟特殊鋼鐵股份有限公司一廠,99718664,,新北市新莊區西盛里新樹路三０二巷二五號,新北市新莊區西盛里,張和明,80419436,股份有限公司,,0970903,生產中,25金屬製品製造業  ,254金屬加工處理  
11508.csv,蔡富國鑄造股份有限公司,99634187,06710006165834,臺中市大雅區六寶里和平路一六五號,臺中市大雅區六寶里,廖玉憤,55854543,股份有限公司,0671121,0680307,生產中,24基本金屬製造業  ,241鋼鐵  
11508.csv,蔡富國鑄造股份有限公司大雅廠,S6601753,,臺中市大雅區六寶里和平路258號,臺中市大雅區六寶里,廖玉憤,55854543,股份有限公司,,1110217,生產中,24基本金屬製造業、29機械設備製造業  ,241鋼鐵、292其他專用機械設備  
11508.csv,蘿拉食品股份有限公司,05000229,,苗栗縣公館鄉尖山村6鄰75號,苗栗縣公館鄉尖山村,羅宛珍,24412410,股份有限公司,,1040116,生產中,08食品製造業、08食品製造業  ,083蔬果加工  
11508.csv,衛騏科技有限公司關廟廠,67002080,,臺南市關廟區埤頭里關新路2段51巷68弄18號1樓,臺南市關廟區埤頭里,施僡,24373752,有限公司,,1070619,生產中,11紡織業、15紙漿、紙及紙製品製造業、33其他製造業  ,113不織布、159其他紙製品、331育樂用品  
11508.csv,裕泰實業社,S0200125,,宜蘭縣員山鄉蓁巷村深洲路205巷50號,宜蘭縣員山鄉蓁巷村,陳淦沂,40624235,獨資,,1150820,生產中,25金屬製品製造業  ,259其他金屬製品  
11508.csv,祥頂實業股份有限公司仁德廠,99684977,,臺南市仁德區太子里大吉路137號,臺南市仁德區太子里,汪慧玲,84242517,股份有限公司,,0950308,生產中,25金屬製品製造業  ,259其他金屬製品  
11508.csv,福岳工業有限公司五股廠,99696241,,新北市五股區五福里成泰路二段一六三號（一樓）,新北市五股區五福里,李鶯韻,28397988,有限公司,,0951225,生產中,25金屬製品製造業、26電子零組件製造業  ,253金屬容器、259其他金屬製品、269其他電子零組件  
11508.csv,福峰工業股份有限公司,99624298,,桃園市龜山區文化里12鄰復興三路398號,桃園市龜山區文化里,劉鴻祥,22402648,股份有限公司,,0910422,生產中,28電力設備及配備製造業  ,289其他電力設備及配備  
11508.csv,詔富有限公司,S0703387,,彰化縣鹿港鎮溝墘里棋盤巷79-8號,彰化縣鹿港鎮溝墘里,楊淑蒨,24377933,有限公司,,1141211,生產中,31其他運輸工具及其零件製造業  ,313自行車及其零件  
11508.csv,豐益鋼鐵企業有限公司工廠,99711838,,臺南市關廟區五甲里南雄路1段511巷11號,臺南市關廟區五甲里,黃耿雄,28030217,有限公司,,0981105,生產中,25金屬製品製造業  ,254金屬加工處理、259其他金屬製品  
11508.csv,豐益鋼鐵企業有限公司,99659275,08710011312783,臺南市關廟區山西里崇明街3巷12號,臺南市關廟區山西里,黃耿雄　　　,28030217,有限公司,0871231,0880113,生產中,25金屬製品製造業  ,259其他金屬製品  
11508.csv,豪健科技股份有限公司,07004789,,彰化縣和美鎮糖友里糖東一街86號一樓,彰化縣和美鎮糖友里,王清堆,24364368,股份有限公司,,1110530,生產中,25金屬製品製造業  ,254金屬加工處理  
11508.csv,豪傑模具股份有限公司,99624289,08310003064624,桃園市大園區溪海里溪州路163巷109號1樓,桃園市大園區溪海里,裘妤涵　　,22150349,股份有限公司,0830503,0830511,生產中,25金屬製品製造業  ,251金屬刀具、手工具及模具  
11508.csv,豫展消防安全設備有限公司,65001934,,新北市新莊區福基里化成路431巷64號(2樓),新北市新莊區福基里,許明哲,54024182,有限公司,,1011226,生產中,29機械設備製造業  ,293通用機械設備  
11508.csv,豫展消防安全設備有限公司二廠,65011550,,新北市新莊區福基里化成路431巷61號(1樓),新北市新莊區福基里,郭彥伶,54024182,有限公司,,1121212,生產中,29機械設備製造業  ,293通用機械設備  
11508.csv,貝世登實業有限公司,99680962,,彰化縣埔心鄉二重村五通南路１８０號,彰化縣埔心鄉二重村,黃國銘,24378481,有限公司,,0980615,生產中,29機械設備製造業  ,292其他專用機械設備  
11508.csv,賜田五金企業社,99679366,,彰化縣鹿港鎮廖厝里廖厝巷７９號,彰化縣鹿港鎮廖厝里,吳賜田,98822249,獨資,,0930511,生產中,24基本金屬製造業  ,243銅  
11508.csv,賜發鐵材有限公司,99662285,07910012148927,高雄市岡山區台上里成功路４６０巷３２號,高雄市岡山區台上里,施政臣,16716656,有限公司,0791231,0791231,生產中,24基本金屬製造業、25金屬製品製造業  ,241鋼鐵、259其他金屬製品  
11508.csv,辰安工程行,66011991,,臺中市潭子區栗林里中山路三段493巷30號1樓,臺中市潭子區栗林里,林長瑞,45224194,獨資,,1140902,生產中,25金屬製品製造業  ,252金屬結構及建築組件  
11508.csv,辰宗壓鑄有限公司,99687700,,桃園市蘆竹區錦興里聯福街二巷一二之一號,桃園市蘆竹區錦興里,李梅桂,16650752,有限公司,,0930602,生產中,24基本金屬製造業  ,242鋁  
11508.csv,辰寅股份有限公司,68002580,,桃園市中壢區忠義里忠義路24巷6號,桃園市中壢區忠義里,曹志強,89241018,股份有限公司,,1080314,生產中,25金屬製品製造業  ,254金屬加工處理  
11508.csv,迦綮精工股份有限公司,68002571,,桃園市中壢區山東里中正路四段322號3樓,桃園市中壢區山東里,康進福,54121430,股份有限公司,,1080312,生產中,24基本金屬製造業  ,243銅  
11508.csv,迪一企業股份有限公司,99669377,08710000902412,臺中市南屯區寶山里工業區二十二路39號,臺中市南屯區寶山里,鄭良安,16005620,股份有限公司,0870320,0870811,生產中,29機械設備製造業  ,293通用機械設備  
11508.csv,連祥工業有限公司,07000738,,彰化縣和美鎮新庄里彰新路二段13號1樓,彰化縣和美鎮新庄里,楊朝宗,59224195,有限公司,,1020218,生產中,25金屬製品製造業  ,259其他金屬製品  
11508.csv,連祥工業有限公司二廠,S0703858,,彰化縣彰化市茄苳里茄苳路二段335之42號,彰化縣彰化市茄苳里,楊朝宗,59224195,有限公司,,1150820,生產中,25金屬製品製造業  ,251金屬刀具、手工具及模具、254金屬加工處理、259其他金屬製品  
11508.csv,連程企業有限公司,S6401476,,高雄市大寮區上寮里上寮路152-18號,高雄市大寮區上寮里,林麗卿,24350701,有限公司,,1150610,生產中,22塑膠製品製造業  ,220塑膠製品  
11508.csv,進發鋼鐵有限公司,64005380,08664011131226,高雄市小港區龍鳳里大業南路１１號,高雄市小港區龍鳳里,吳登財,75513495,有限公司,0870102,0870116,生產中,25金屬製品製造業  ,259其他金屬製品  
11508.csv,進益糕餅食品有限公司,64005720,09064005142092,高雄市三民區灣興里灣興街４０號,高雄市三民區灣興里,林振益,84324123,有限公司,0900316,0900704,生產中,08食品製造業  ,089其他食品  
11508.csv,遠東鋼鐵企業股份有限公司,64008403,,高雄市小港區店鎮里嘉興街8號,高雄市小港區店鎮里,侯傑騰,75680107,股份有限公司,,1080520,生產中,25金屬製品製造業  ,254金屬加工處理  
11508.csv,遠東鐵櫃鋼鐵廠股份有限公司八里廠,99602947,,新北市八里區頂罟里仁愛路197號(2樓),新北市八里區頂罟里,王蘇明霞,35513104,股份有限公司,,0910122,生產中,25金屬製品製造業、28電力設備及配備製造業、32家具製造業  ,251金屬刀具、手工具及模具、259其他金屬製品、284照明設備及配備、320家具  
11508.csv,郁清鑄造廠股份有限公司分廠,S6601673,,臺中市大雅區六寶里清陽路92巷5號、9號,臺中市大雅區六寶里,林淑鈴,22276585,股份有限公司,,1100114,生產中,24基本金屬製造業  ,241鋼鐵  
11508.csv,郁珺實業股份有限公司,99673479,07410000028799,臺南市南區彰南里新義路8號之1,臺南市南區彰南里,方建中,68467242,股份有限公司,0740215,0740311,生產中,31其他運輸工具及其零件製造業  ,313自行車及其零件、312機車及其零件  
11508.csv,郁珺實業股份有限公司第一廠,99673480,07310000246975,臺南市南區彰南里新義路8號,臺南市南區彰南里,方建中,68467242,股份有限公司,0730925,0731224,生產中,31其他運輸工具及其零件製造業、25金屬製品製造業  ,313自行車及其零件、254金屬加工處理  
11508.csv,重和企業股份有限公司,99660033,08010000324376,臺南市仁德區保安里開發六路17號,臺南市仁德區保安里,黃俊仁　　　,73629181,股份有限公司,0801227,0810702,生產中,25金屬製品製造業  ,259其他金屬製品  
11508.csv,重嘉精機企業有限公司,99608705,07310001242513,新北市三重區永發里中正北路一九三巷二一弄三二號,新北市三重區永發里,陳秀娥,36070839,有限公司,0730922,0750718,生產中,25金屬製品製造業、29機械設備製造業、26電子零組件製造業、27電腦、電子產品及光學製品製造業  ,259其他金屬製品、293通用機械設備、292其他專用機械設備、264光電材料及元件、269其他電子零組件、275量測、導航、控制設備及鐘錶  
11508.csv,重宜企業股份有限公司,99624178,08210003251343,桃園市桃園區龍山里龍壽街273巷26號1樓,桃園市桃園區龍山里,呂英雄　　　,86537749,股份有限公司,0821227,0830121,生產中,25金屬製品製造業、29機械設備製造業、30汽車及其零件製造業  ,259其他金屬製品、293通用機械設備、303汽車零件  
11508.csv,金器工業股份有限公司佳里北門廠,67002416,,臺南市佳里區六安里六安117之59號,臺南市佳里區六安里,黃景成,04486005,股份有限公司,,1080627,生產中,29機械設備製造業  ,293通用機械設備  
11508.csv,金山總晟鋼鐵股份有限公司,S6800017,,桃園市八德區廣興里廣興路1240號,桃園市八德區廣興里,呂文賓,84890885,股份有限公司,,1090415,生產中,25金屬製品製造業  ,252金屬結構及建築組件、254金屬加工處理  
11508.csv,金星窯業股份有限公司,99624190,06310000114528,桃園市八德區大發里後庄街61號,桃園市八德區大發里,陳伯修　,34108472,股份有限公司,0580101,0650715,生產中,23非金屬礦物製品製造業  ,232耐火、黏土建材及其他陶瓷製品  
11508.csv,金映機械工業股份有限公司,99624328,08410003071874,桃園市八德區大發里和平路七七二巷一五號一樓,桃園市八德區大發里,張永金　　　,23405329,股份有限公司,0840701,0840708,生產中,29機械設備製造業、25金屬製品製造業  ,259其他金屬製品、293通用機械設備  
11508.csv,金益田橡膠有限公司,99644382,07410006207290,臺中市大里區健民里鳳凰路241號,臺中市大里區健民里,宋周金玉,24218794,有限公司,0741125,0741211,生產中,21橡膠製品製造業  ,210橡膠製品  
11508.csv,金興機械廠,99671343,06910000241010,臺中市南區和平里復興路二段７１巷３１弄２４之６號,臺中市南區和平里,陳裕銘,52685101,獨資,0580101,0710701,生產中,29機械設備製造業  ,292其他專用機械設備  
11508.csv,金采精密鑄造股份有限公司大發廠,64006727,,高雄市大寮區大寮里華中路46-1號,高雄市大寮區大寮里,賴育誠,85969206,股份有限公司,,1020223,生產中,24基本金屬製造業  ,241鋼鐵  
11508.csv,鈞祥鋼鐵有限公司二廠,S6601351,,臺中市后里區后里里成功路158巷99弄15號,臺中市后里區后里里,黃孟琪,22786905,有限公司,,1090923,生產中,25金屬製品製造業  ,254金屬加工處理  
11508.csv,鈞耀五金有限公司,99609635,08210001429464,新北市樹林區三龍里三龍街九四巷三八號,新北市樹林區三龍里,陳邱耀,84637764,有限公司,0821129,0821231,生產中,25金屬製品製造業、29機械設備製造業、24基本金屬製造業  ,241鋼鐵、254金屬加工處理、243銅、259其他金屬製品、293通用機械設備  
11508.csv,莉豐米廠,99641927,07610006050423,臺中市豐原區北陽里南陽路242、244號,臺中市豐原區北陽里,林維謙,05781969,獨資,0760411,0760512,生產中,08食品製造業  ,086碾榖、磨粉及澱粉製品  
11508.csv,華城電機股份有限公司,99624170,06510000071329,桃園市中壢區永福里7鄰吉林路10號,桃園市中壢區永福里,許邦福,33284077,股份有限公司,0580101,0690704,生產中,28電力設備及配備製造業  ,281發電、輸電及配電機械、289其他電力設備及配備  
11508.csv,華興鑄造廠,65009824,,新北市鶯歌區中湖里大湖路187之5號,新北市鶯歌區中湖里,黃仕宇,36138107,獨資,,1100930,生產中,24基本金屬製造業  ,242鋁  
11508.csv,萊多鋼鐵工程有限公司,07006019,,彰化縣二林鎮華崙里二溪路7段353巷11號1樓,彰化縣二林鎮華崙里,李忠訓,24605486,有限公司,,1140430,生產中,25金屬製品製造業  ,252金屬結構及建築組件、259其他金屬製品  
11508.csv,萬機鋼鉄工業股份有限公司,99664046,07410012111630,高雄市燕巢區角宿里安新路３６０號,高雄市燕巢區角宿里,周冠呈,88318994,股份有限公司,0791231,0740705,生產中,24基本金屬製造業、25金屬製品製造業、29機械設備製造業  ,241鋼鐵、254金屬加工處理、252金屬結構及建築組件、253金屬容器、259其他金屬製品、293通用機械設備、291金屬加工用機械設備、292其他專用機械設備  
11508.csv,葆上股份有限公司秀東廠,07002297,,彰化縣和美鎮鐵山里秀東路41巷58號,彰化縣和美鎮鐵山里,陳阿潭,23815301,股份有限公司,,1060905,生產中,24基本金屬製造業  ,242鋁  
11508.csv,葆力華國際貿易有限公司,09000792,,雲林縣斗六市榴南里斗工十六路3號,雲林縣斗六市榴南里,阮玉華,24218513,有限公司,,1070820,生產中,22塑膠製品製造業  ,220塑膠製品  
11508.csv,蕎鋒企業有限公司二廠,S6601679,,臺中市南屯區寶山里文山南巷10號,臺中市南屯區寶山里,王國鋒,23104631,有限公司,,1100202,生產中,24基本金屬製造業  ,242鋁  
11508.csv,衡奕精密工業股份有限公司,99611108,08310001017242,新北市新莊區頭前里化成路三０五號,新北市新莊區頭前里,何國梁,36183952,股份有限公司,0830128,0830204,生產中,25金屬製品製造業、30汽車及其零件製造業、27電腦、電子產品及光學製品製造業、33其他製造業  ,259其他金屬製品、303汽車零件、277光學儀器及設備、331育樂用品  
11508.csv,裕澤特殊工業股份有限公司,63021123,05763000000296,臺北市內湖區蘆洲里安康路一二五、一二七號,臺北市內湖區蘆洲里,施良琦,20673406,股份有限公司,0570503,0570629,生產中,24基本金屬製造業、25金屬製品製造業、31其他運輸工具及其零件製造業  ,241鋼鐵、254金屬加工處理、259其他金屬製品、319未分類其他運輸工具及其零件  
11508.csv,福得混凝土工業股份有限公司,99620169,08110000087650,宜蘭縣宜蘭市梅洲里梅洲二路97號,宜蘭縣宜蘭市梅洲里,吳智翔　　　,23695241,股份有限公司,0811230,0830722,生產中,23非金屬礦物製品製造業  ,233水泥及其製品  
11508.csv,詠佑企業社,S0701112,,彰化縣線西鄉下犁村下犁路128-10號,彰化縣線西鄉下犁村,黃明順,17693929,合夥,,1090818,生產中,24基本金屬製造業  ,243銅  
11508.csv,詠翔精機有限公司,99627418,07510003154442,桃園市平鎮區義民里復旦路二段241巷1弄26衖3號1樓,桃園市平鎮區義民里,范瑋德,22385275,有限公司,0751117,0751129,生產中,29機械設備製造業  ,293通用機械設備  
11508.csv,誠鈦企業有限公司,99712030,,高雄市岡山區本洲里本工西二路２９號,高雄市岡山區本洲里,劉碧蓉,80395791,有限公司,,0961015,生產中,24基本金屬製造業  ,242鋁  
11508.csv,豐安鋼鐵有限公司,99628048,,桃園市桃園區大林里樹仁二街二０號,桃園市桃園區大林里,簡木男,22286107,有限公司,,0911118,生產中,24基本金屬製造業、25金屬製品製造業  ,241鋼鐵、252金屬結構及建築組件、242鋁、259其他金屬製品  
11508.csv,超盛膠業有限公司一廠,99659388,07510011124101,臺南市仁德區土庫里大發路36號,臺南市仁德區土庫里,李祥富　　　,86433478,有限公司,0751020,0760624,生產中,21橡膠製品製造業  ,210橡膠製品  
11508.csv,軒聖興工業社,07002430,,彰化縣和美鎮鐵山里彰美路三段175巷17號1樓,彰化縣和美鎮鐵山里,楊峻豪,72310807,獨資,,1070118,生產中,31其他運輸工具及其零件製造業  ,313自行車及其零件  
11508.csv,軒轅布業科技有限公司,99703662,,臺中市龍井區忠和里工業路173巷2號,臺中市龍井區忠和里,王敏光,24222896,有限公司,,0950615,生產中,11紡織業  ,114染整  
11508.csv,軒達鋼鐵有限公司第一廠,99620209,08810000061167,宜蘭縣五結鄉成興村五濱路1段249號,宜蘭縣五結鄉成興村,魏廷璋,22767554,有限公司,0880221,0900129,生產中,25金屬製品製造業  ,252金屬結構及建築組件  
11508.csv,辰寅股份有限公司二廠,S6800422,,桃園市中壢區內定里內定三街50號,桃園市中壢區內定里,曹志強,89241018,股份有限公司,,1130829,生產中,25金屬製品製造業  ,254金屬加工處理  
11508.csv,連興五金行,S1300458,,屏東縣竹田鄉鳳明村鳳新路518-1號,屏東縣竹田鄉鳳明村,莊玉婷,14239243,獨資,,1150414,生產中,29機械設備製造業  ,292其他專用機械設備  
11508.csv,進益鋁合金科技股份有限公司,20000103,,嘉義市東區後湖里保忠一街167號,嘉義市東區後湖里,郭昭佑,83761151,股份有限公司,,1110104,生產中,24基本金屬製造業、24基本金屬製造業  ,242鋁  
11508.csv,達友鋼鐵有限公司二廠,07005116,,彰化縣彰化市下廍里茄苳路一段59號1樓,彰化縣彰化市下廍里,賴柏榕,28902655,有限公司,,1120411,生產中,25金屬製品製造業  ,252金屬結構及建築組件、259其他金屬製品  
11508.csv,郁詠股份有限公司,99657432,08410011303943,臺南市永康區尚頂里塩信街62號,臺南市永康區尚頂里,陳美櫻　,89524395,股份有限公司,0840531,0840608,生產中,25金屬製品製造業  ,259其他金屬製品  
11508.csv,郁證鋼鐵有限公司大新廠,99625000,08610003304141,桃園市蘆竹區大竹里大新一街二三號,桃園市蘆竹區大竹里,簡秋仁　　　,23697607,有限公司,0860627,0861208,生產中,25金屬製品製造業、29機械設備製造業  ,259其他金屬製品、293通用機械設備  
11508.csv,金峰山五金有限公司,07004398,,彰化縣北斗鎮中和里斗中路242-1號1樓,彰化縣北斗鎮中和里,鄭創友,28914478,有限公司,,1100729,生產中,25金屬製品製造業  ,259其他金屬製品  
11508.csv,金泰聖鋼鐵有限公司,66011211,,臺中市霧峰區本鄉里18鄰草湖路135巷17號1樓,臺中市霧峰區本鄉里,黃瑞灥,16245001,有限公司,,1130513,生產中,25金屬製品製造業  ,259其他金屬製品  
11508.csv,金泰鋼鐵有限公司,99707878,,桃園市蘆竹區中福里龍壽街１段７７號之４,桃園市蘆竹區中福里,凃聰明,27893192,有限公司,,0971015,生產中,29機械設備製造業、25金屬製品製造業  ,291金屬加工用機械設備、254金屬加工處理  
11508.csv,金益銲條實業有限公司,99675208,07510000282498,臺南市南區佛壇里興南街378號,臺南市南區佛壇里,林麗香,06385501,有限公司,0751120,0820720,生產中,24基本金屬製造業、25金屬製品製造業  ,254金屬加工處理、243銅、249其他基本金屬  
11508.csv,金益鼎企業股份有限公司南港廠,99668938,,新竹市香山區南港里西濱路六段五九九號,新竹市香山區南港里,莊清旗,97419282,股份有限公司,,0940914,生產中,24基本金屬製造業、25金屬製品製造業、22塑膠製品製造業  ,220塑膠製品、241鋼鐵、254金屬加工處理、242鋁、243銅、249其他基本金屬、259其他金屬製品、293通用機械設備  
11508.csv,金鴻興鋼鐵有限公司,S0702022,,彰化縣北斗鎮七星里神農路17-35號,彰化縣北斗鎮七星里,黃瑩屏,53045569,有限公司,,1120612,生產中,25金屬製品製造業  ,254金屬加工處理  
11508.csv,莊記綠豆鑽食品有限公司,64008542,,高雄市鳳山區鎮北里鳳仁路97-71號,高雄市鳳山區鎮北里,莊俊一,59241856,有限公司,,1081008,生產中,08食品製造業  ,089其他食品  
11508.csv,華夏聚合股份有限公司林園廠,64006350,,高雄市林園區五福里石化二路６號、８號,高雄市林園區五福里,蔡明光,24347565,股份有限公司,,1000819,生產中,18化學材料及肥料製造業  ,184塑膠及合成橡膠原料  
11508.csv,華果企業有限公司,99651899,07710007054799,彰化縣永靖鄉永興村永興路１段１００巷１１號,彰化縣永靖鄉永興村,李國銘,22414074,有限公司,0770208,0770303,生產中,11紡織業、13皮革、毛皮及其製品製造業  ,115紡織品、130皮革、毛皮及其製品  
11508.csv,華楊興業股份有限公司彰化廠,99651092,08210007058609,彰化縣竹塘鄉田頭村光明路４６之１號,彰化縣竹塘鄉田頭村,林美芬　,84071252,股份有限公司,0820810,0820823,生產中,24基本金屬製造業  ,241鋼鐵  
11508.csv,萊格鋼品股份有限公司,99704096,,臺中市大雅區四德里中山路285號,臺中市大雅區四德里,張荐承,28514022,股份有限公司,,0960131,生產中,25金屬製品製造業  ,252金屬結構及建築組件  
11508.csv,萊璉鋼鐵有限公司,99703979,,臺中市霧峰區南勢里豐正路工業巷１號,臺中市霧峰區南勢里,洪明輝,16739377,有限公司,,0951123,生產中,24基本金屬製造業  ,241鋼鐵  
11508.csv,葉信工業股份有限公司,99683170,07610011050238,臺南市仁德區一甲里太乙一街21號,臺南市仁德區一甲里,薛佳文　　,22386942,股份有限公司,0760513,0760526,生產中,24基本金屬製造業  ,242鋁  
11508.csv,葉信工業股份有限公司仁德二廠,99683124,08310011197891,臺南市仁德區一甲里忠義一街52號,臺南市仁德區一甲里,薛佳文　　,22386942,股份有限公司,0831216,0850411,生產中,24基本金屬製造業、25金屬製品製造業  ,242鋁、259其他金屬製品  
11508.csv,薇薾登股份有限公司觀音廠,99621929,07610000192813,桃園市觀音區樹林里經建四路四二號,桃園市觀音區樹林里,詹秀美　　　,22434331,股份有限公司,0760427,0780210,生產中,19其他化學製品製造業、29機械設備製造業、15紙漿、紙及紙製品製造業  ,191農藥及環境用藥、193清潔用品及化粧品、192塗料、染料及顏料、159其他紙製品、292其他專用機械設備  
11508.csv,薇薾登股份有限公司二廠,68004283,,桃園市觀音區樹林里工業二路12號,桃園市觀音區樹林里,詹秀美,22434331,股份有限公司,,1100713,生產中,19其他化學製品製造業  ,191農藥及環境用藥  
11508.csv,虹京資源股份有限公司,99709941,,高雄市岡山區本洲里本工東二路８號、本工二路１之１號,高雄市岡山區本洲里,張虔豪,27992242,股份有限公司,,0960621,生產中,18化學材料及肥料製造業、24基本金屬製造業  ,181化學原材料、249其他基本金屬  
11508.csv,虹京資源股份有限公司屏南廠,99699798,,屏東縣枋寮鄉東海村永翔路33、33之1號,屏東縣枋寮鄉東海村,王裕農,27992242,股份有限公司,,0971111,生產中,18化學材料及肥料製造業、24基本金屬製造業  ,181化學原材料、241鋼鐵  
11508.csv,衣和紡實業有限公司,65004820,,新北市三重區福隆里溪尾街108巷46弄2號1樓,新北市三重區福隆里,胡盛淵,70562411,有限公司,,1050325,生產中,12成衣及服飾品製造業  ,121成衣  
11508.csv,衣的藝術有限公司大發廠,67003100,,臺南市仁德區土庫里大發路28號,臺南市仁德區土庫里,魏穆禕,24335441,有限公司,,1100813,生產中,12成衣及服飾品製造業  ,121成衣、123服飾品  
11508.csv,裕瑋鋁業股份有限公司九如廠,99699785,,屏東縣九如鄉東寧村東寧路15之2號,屏東縣九如鄉東寧村,陳佐瑋,08056929,股份有限公司,,0970808,生產中,24基本金屬製造業  ,242鋁  
11508.csv,祥鼎實業股份有限公司,99612411,08110001048198,新北市新莊區福營里福營路一九五巷二二弄一二號,新北市新莊區福營里,陳錦彰,36159361,股份有限公司,0810302,0810312,生產中,16印刷及資料儲存媒體複製業  ,160印刷及資料儲存媒體複製  
11508.csv,祥鼎鋁業股份有限公司,99645261,08710000912304,彰化縣伸港鄉溪底村工西一路６２之１號,彰化縣伸港鄉溪底村,廖英宏　,16276995,股份有限公司,0880108,0880130,生產中,24基本金屬製造業、25金屬製品製造業  ,242鋁、252金屬結構及建築組件  
11508.csv,祥鼎鋁業股份有限公司二廠,S0701446,,彰化縣伸港鄉大同村大同路臨93號,彰化縣伸港鄉大同村,廖英宏,16276995,股份有限公司,,1100302,生產中,24基本金屬製造業、25金屬製品製造業  ,242鋁、259其他金屬製品  
11508.csv,祥龍興鋼鐵股份有限公司,S0400092,,新竹縣湖口鄉信勢村成功路896號1樓,新竹縣湖口鄉信勢村,張國謙,86771955,股份有限公司,,1100219,生產中,25金屬製品製造業、25金屬製品製造業  ,254金屬加工處理  
11508.csv,詠創精密股份有限公司,02000019,,宜蘭縣蘇澳鎮龍德里龍祥一路6號,宜蘭縣蘇澳鎮龍德里,薛維中,24350913,股份有限公司,,1000415,生產中,29機械設備製造業  ,292其他專用機械設備、293通用機械設備  
11508.csv,詠加實業有限公司,99605241,07910001099594,新北市泰山區貴和里貴陽街九０巷二六號,新北市泰山區貴和里,林堅慎,36287909,有限公司,0790509,0790626,生產中,25金屬製品製造業、29機械設備製造業、27電腦、電子產品及光學製品製造業  ,259其他金屬製品、293通用機械設備、251金屬刀具、手工具及模具、275量測、導航、控制設備及鐘錶、277光學儀器及設備  
11508.csv,詠聖興業有限公司新莊廠,65008626,,新北市新莊區營盤里中正路582號(1、2樓),新北市新莊區營盤里,李英桃,24292127,有限公司,,1090602,生產中,25金屬製品製造業、29機械設備製造業  ,251金屬刀具、手工具及模具、259其他金屬製品、293通用機械設備  
11508.csv,誠銘澤鋼鐵工程行,07003813,,彰化縣埔心鄉仁里村仁一路160號1樓,彰化縣埔心鄉仁里村,江寶蓮,38911719,獨資,,1090820,生產中,25金屬製品製造業  ,252金屬結構及建築組件  
11508.csv,誠鑫五金股份有限公司,67002241,,臺南市歸仁區歸仁里信義北路86號1樓,臺南市歸仁區歸仁里,陳姿容,54072058,股份有限公司,,1071211,生產中,25金屬製品製造業  ,259其他金屬製品  
11508.csv,譜榮系統科技股份有限公司,99632410,08910005200264,苗栗縣竹南鎮大厝里九鄰真如路四一０號,苗栗縣竹南鎮大厝里,李經黔,89696679,股份有限公司,0891118,0891204,生產中,25金屬製品製造業、29機械設備製造業、27電腦、電子產品及光學製品製造業  ,254金屬加工處理、253金屬容器、259其他金屬製品、293通用機械設備、276輻射及電子醫學設備  
11508.csv,豐山傢俱行,99624232,07910003006768,桃園市平鎮區建安里華隆街138號,桃園市平鎮區建安里,陳定貴　　　,44988362,獨資,0790219,0790227,生產中,32家具製造業  ,320家具  
11508.csv,豐展實業有限公司,65001241,,新北市土城區廷寮里永豐路195巷2之11號3樓,新北市土城區廷寮里,張俊雄,16979236,有限公司,,1010402,生產中,16印刷及資料儲存媒體複製業  ,160印刷及資料儲存媒體複製  
11508.csv,豐山金屬廠,99646475,06810000122496,彰化縣和美鎮嘉寶里新興路６９巷１０弄２３號,彰化縣和美鎮嘉寶里,葉文宏　　　,59243904,獨資,0680515,0690107,生產中,31其他運輸工具及其零件製造業  ,312機車及其零件  
11508.csv,豐立工業社,99639586,05810000600095,臺中市烏日區榮泉里振興街20號,臺中市烏日區榮泉里,薛劉月英,55724177,合夥,0580101,0911220,生產中,25金屬製品製造業  ,252金屬結構及建築組件  
11508.csv,豪勇企業社,S0702412,,彰化縣福興鄉番社村番社街臨19之1號,彰化縣福興鄉番社村,李月笑,59291428,獨資,,1130529,生產中,11紡織業、22塑膠製品製造業、25金屬製品製造業  ,115紡織品、220塑膠製品、251金屬刀具、手工具及模具、259其他金屬製品  
11508.csv,貿威科技有限公司,66002434,,臺中市后里區后里里泉州路8-2號,臺中市后里區后里里,莊惠珍,54593640,有限公司,,1030109,生產中,27電腦、電子產品及光學製品製造業、28電力設備及配備製造業  ,271電腦及其週邊設備、284照明設備及配備、289其他電力設備及配備  
11508.csv,賢德鋼鐵股份有限公司汐止廠,99697306,,新北市汐止區環河里環河街136號(1樓)、138號(1樓),新北市汐止區環河里,林賢德,16681122,股份有限公司,,0961231,生產中,25金屬製品製造業  ,254金屬加工處理  
11508.csv,超群企業行,99685420,,高雄市岡山區岡山里嘉新西路７８號１樓,高雄市岡山區岡山里,石育源,80956300,獨資,,0921129,生產中,24基本金屬製造業  ,241鋼鐵  
11508.csv,軟硬鋁科技有限公司,99707781,,桃園市龜山區嶺頂里萬壽路２段４１０巷１４號,桃園市龜山區嶺頂里,簡明宗,24216352,有限公司,,0970821,生產中,25金屬製品製造業、26電子零組件製造業、29機械設備製造業  ,254金屬加工處理、263印刷電路板、292其他專用機械設備  
11508.csv,載興實業股份有限公司,99663377,07610012076176,高雄市大寮區潮寮里華東路１７之１號,高雄市大寮區潮寮里,蔡呂鳳琴,81256298,股份有限公司,0730519,0791231,生產中,24基本金屬製造業  ,241鋼鐵  
11508.csv,輔仁理化工廠股份有限公司觀音廠,99622100,07510000272086,桃園市觀音區草漯里大同二路三三號,桃園市觀音區草漯里,詹坤山　　　,34299459,股份有限公司,0751003,0771116,生產中,18化學材料及肥料製造業、19其他化學製品製造業、24基本金屬製造業  ,181化學原材料、199未分類其他化學製品、243銅  
11508.csv,辰強塑膠有限公司,99660811,07710011009568,臺南市永康區塩洲里正南六街105巷12號,臺南市永康區塩洲里,陳翊鴻,89322433,有限公司,0770201,0771020,生產中,22塑膠製品製造業  ,220塑膠製品  
11508.csv,辰悅工廠股份有限公司,99663454,07610012124694,高雄市彌陀區文安里文安路東段１５４號,高雄市彌陀區文安里,王溪泉,22262490,股份有限公司,0791231,0791231,生產中,24基本金屬製造業  ,241鋼鐵  
11508.csv,造泰金屬股份有限公司,99626758,07610003102665,桃園市觀音區廣福里大福路88巷51弄21號,桃園市觀音區廣福里,柯力瑋　　,44992675,股份有限公司,0760812,0761125,生產中,24基本金屬製造業  ,242鋁  
11508.csv,造隆股份有限公司南崁廠,99624284,07310000036615,桃園市蘆竹區錦興里光明路二段151巷10號,桃園市蘆竹區錦興里,王勇祥,22000216,股份有限公司,0730423,0740304,生產中,30汽車及其零件製造業、31其他運輸工具及其零件製造業、27電腦、電子產品及光學製品製造業  ,303汽車零件、312機車及其零件、277光學儀器及設備  
11508.csv,連菖工業社,99634706,08910006000843,臺中市大里區內新里鐵路街一二二巷二號,臺中市大里區內新里,黃貴玲,13802432,獨資,0890408,0890424,生產中,29機械設備製造業  ,293通用機械設備  
11508.csv,連華股份有限公司,08000115,,南投縣南投市永豐里工業北路33之1號,南投縣南投市永豐里,劉德豐,22690922,股份有限公司,,1030205,生產中,24基本金屬製造業、25金屬製品製造業  ,254金屬加工處理、242鋁  
11508.csv,遠見綠能科技有限公司,21000005,,臺南市安南區鹽田里工業七路1號,臺南市安南區,李彥輝,24437361,有限公司,,0991101,生產中,22塑膠製品製造業、24基本金屬製造業  ,220塑膠製品、242鋁、243銅、249其他基本金屬  
11508.csv,遠記機械有限公司,S0700575,,彰化縣埔心鄉油車村二抱路二段242號,彰化縣埔心鄉油車村,邱盈瑜,86842446,有限公司,,1090604,生產中,29機械設備製造業  ,293通用機械設備  
11508.csv,郃茂機械有限公司,66012528,,臺中市神岡區岸裡里中山路241巷5-1號,臺中市神岡區岸裡里,劉冠甫,28660713,有限公司,,1150721,生產中,29機械設備製造業  ,292其他專用機械設備  
11508.csv,郅益工業有限公司,99612523,07610001224327,新北市三重區光復路1段61巷24弄22號,新北市三重區,林文來,36031560,有限公司,0760724,0780130,生產中,29機械設備製造業、25金屬製品製造業  ,293通用機械設備、251金屬刀具、手工具及模具  
11508.csv,郡大實業股份有限公司,99661842,07710012094804,高雄市大寮區潮寮里田單一街１１號,高雄市大寮區潮寮里,郭海碑,86683685,股份有限公司,0791231,0791231,生產中,24基本金屬製造業、21橡膠製品製造業、22塑膠製品製造業  ,241鋼鐵、210橡膠製品、220塑膠製品  
11508.csv,郡大實業股份有限公司第二廠,99685285,,高雄市大寮區大寮里華東路２６之１號,高雄市大寮區大寮里,郭海碑,86683685,股份有限公司,,0920528,生產中,24基本金屬製造業、25金屬製品製造業、21橡膠製品製造業、22塑膠製品製造業  ,243銅、249其他基本金屬、210橡膠製品、220塑膠製品  
11508.csv,重置資源科技股份有限公司,99663220,08710012242380,高雄市湖內區太爺里中山路二段２８號,高雄市湖內區太爺里,林嘉政,93590229,股份有限公司,0871218,0890315,生產中,23非金屬礦物製品製造業  ,233水泥及其製品  
11508.csv,金冠堡鋁業有限公司,99703455,,臺中市大里區仁化里仁美路90號,臺中市大里區仁化里,丁文瑞,28075874,有限公司,,0950307,生產中,24基本金屬製造業、25金屬製品製造業、29機械設備製造業  ,242鋁、293通用機械設備、251金屬刀具、手工具及模具  
11508.csv,金帶有限公司,99616866,07610001214359,新北市中和區中原里環中路120號,新北市中和區中原里,洪志任,22606241,有限公司,0760718,0760819,生產中,11紡織業  ,115紡織品  
11508.csv,金洽成鋼鐵股份有限公司,99651886,06710000009899,彰化縣溪湖鎮西溪里員鹿路後溪巷９３號,彰化縣溪湖鎮西溪里,陳忠浩,86971790,股份有限公司,0670127,0680718,生產中,31其他運輸工具及其零件製造業  ,312機車及其零件、313自行車及其零件  
11508.csv,金盛富實業股份有限公司,99646458,08510000409297,彰化縣芳苑鄉後寮村工業路９號,彰化縣芳苑鄉後寮村,洪錦,29122431,股份有限公司,0851007,0860528,生產中,11紡織業  ,112織布  
11508.csv,金芫鋼鐵有限公司,66000139,,臺中市豐原區南村里水源路434號,臺中市豐原區南村里,陳桂櫻,86350814,有限公司,,1000330,生產中,25金屬製品製造業  ,254金屬加工處理  
11508.csv,金鉤有限公司,S6400950,,高雄市路竹區甲南里環球路461-11號,高雄市路竹區甲南里,曹曾素英,22971459,有限公司,,1091228,生產中,24基本金屬製造業  ,241鋼鐵  
11508.csv,茂耘精密工業有限公司二廠,S6601576,,臺中市神岡區三角里中山路241巷55、57、61號,臺中市神岡區三角里,劉文憲,28663964,有限公司,,1091104,生產中,29機械設備製造業  ,293通用機械設備  
11508.csv,萊馡文創股份有限公司(化粧品),65008243,,新北市樹林區金寮里武林街2號6樓,新北市樹林區金寮里,林柏均,54890971,股份有限公司,,1081212,生產中,19其他化學製品製造業  ,193清潔用品及化粧品  
11508.csv,萬丞科技有限公司,99711891,,臺南市新市區港墘里國際路3號,臺南市新市區港墘里,阮連慶,24267324,有限公司,,0990113,生產中,29機械設備製造業  ,291金屬加工用機械設備  
11508.csv,萬濠精密儀器股份有限公司台中廠,99702241,,臺中市南屯區寶山里工業區23路6號,臺中市南屯區寶山里,黃漢章,27649965,股份有限公司,,0941229,生產中,27電腦、電子產品及光學製品製造業  ,277光學儀器及設備  
11508.csv,萬瀧鋼鐵股份有限公司,99619623,08210000085771,新北市五股區興珍里五工五路34號之1,新北市五股區興珍里,王岳誠,84590395,股份有限公司,0821124,0821211,生產中,24基本金屬製造業、25金屬製品製造業  ,241鋼鐵、254金屬加工處理  
11508.csv,葉添製刀股份有限公司,99624388,08010003005029,桃園市楊梅區上田里楊新路四段2巷1弄30號,桃園市楊梅區上田里,余遠志　　　,86112187,股份有限公司,0800806,0800806,生產中,25金屬製品製造業  ,251金屬刀具、手工具及模具  
11508.csv,薩得爾企業有限公司,66002156,,臺中市后里區義里里甲后路一段136巷8號,臺中市后里區義里里,蔡鈞皓,53807243,有限公司,,1020909,生產中,33其他製造業  ,331育樂用品  
11508.csv,祺峰鋼鐵有限公司工廠,99703331,,臺中市太平區太平里永豐路２７０巷６號,臺中市太平區太平里,陳景全,13062794,有限公司,,0941220,生產中,25金屬製品製造業  ,254金屬加工處理  
11508.csv,祺峰鋼鐵有限公司,S6602992,,臺中市太平區太平里永豐路272號,臺中市太平區太平里,陳景全,13062794,有限公司,,1141224,生產中,25金屬製品製造業  ,254金屬加工處理  
11508.csv,豐強鋼鐵有限公司,68007468,,桃園市龜山區大坑里南上路520巷33弄10號2樓,桃園市龜山區大坑里,梁春寶,53993767,有限公司,,1150409,生產中,25金屬製品製造業  ,254金屬加工處理  
11508.csv,豐義汽車車體工業有限公司,99630652,08110004115239,新竹縣竹北市泰和里環北路2段243巷8號,新竹縣竹北市泰和里,呂信憙,86992681,有限公司,0811229,0820722,生產中,30汽車及其零件製造業、31其他運輸工具及其零件製造業  ,302車體、319未分類其他運輸工具及其零件  
11508.csv,賢源鋼鐵股份有限公司和發廠,64009288,,高雄市大寮區琉球里和業一路27號,高雄市大寮區琉球里,許哲榮,23933481,股份有限公司,,1110415,生產中,25金屬製品製造業  ,252金屬結構及建築組件  
11508.csv,賢源鋼鐵股份有限公司,99663632,08810012014650,高雄市大寮區琉球里農場路192、196號,高雄市大寮區琉球里,許順洋,23933481,股份有限公司,0880222,0900212,生產中,25金屬製品製造業  ,254金屬加工處理  
11508.csv,賢源鋼鐵股份有限公司二廠,S6401455,,高雄市大寮區溪寮里河堤路一段1168-1號,高雄市大寮區溪寮里,吳清輝,23933481,股份有限公司,,1150601,生產中,25金屬製品製造業  ,252金屬結構及建築組件  
11508.csv,辰晧電子股份有限公司台中廠,99672433,,臺中市南屯區寶山里工業區十八路26號1樓,臺中市南屯區寶山里,李綉鳳,22247098,股份有限公司,,0920516,生產中,26電子零組件製造業、27電腦、電子產品及光學製品製造業  ,269其他電子零組件、271電腦及其週邊設備、272通訊傳播設備、273視聽電子產品、274資料儲存媒體  
11508.csv,迺立興業股份有限公司,99701190,06710006224106,臺中市大肚區社腳里沙田路一段六六七之一號,臺中市大肚區社腳里,陳維尊,55872900,股份有限公司,0671018,0700423,生產中,25金屬製品製造業、29機械設備製造業、30汽車及其零件製造業、31其他運輸工具及其零件製造業  ,251金屬刀具、手工具及模具、292其他專用機械設備、293通用機械設備、303汽車零件、312機車及其零件、313自行車及其零件  
11508.csv,連豐企業社,07003012,10810007800087,彰化縣溪湖鎮西溪里員鹿路二段343號1樓,彰化縣溪湖鎮西溪里,潘文櫻,82415822,獨資,1080304,1080312,生產中,30汽車及其零件製造業  ,303汽車零件  
11508.csv,連豐金屬壓鑄股份有限公司,99636092,07710006068864,臺中市太平區中興里新平路一段279巷65號,臺中市太平區中興里,鍾誌穎,23243042,股份有限公司,0770429,0770512,生產中,24基本金屬製造業  ,242鋁  
11508.csv,達見綜合工業股份有限公司,99624346,06210000017702,桃園市蘆竹區新莊里大新路812號及812之1號,桃園市蘆竹區新莊里,鄭偉民,14052035,股份有限公司,0580101,0650527,生產中,25金屬製品製造業、27電腦、電子產品及光學製品製造業、28電力設備及配備製造業、29機械設備製造業、30汽車及其零件製造業  ,259其他金屬製品、275量測、導航、控制設備及鐘錶、289其他電力設備及配備、293通用機械設備、302車體、303汽車零件  
11508.csv,遠都鋼鐵股份有限公司,99608645,08210000072659,新北市五股區興珍里五工一路一二四號,新北市五股區興珍里,廖進忠,86664630,股份有限公司,0820416,0820510,生產中,24基本金屬製造業、25金屬製品製造業  ,241鋼鐵、254金屬加工處理  
11508.csv,郡政科技有限公司,68000219,,桃園市蘆竹區海湖里海山東街393號,桃園市蘆竹區海湖里,張清南,53715173,有限公司,,1040805,生產中,24基本金屬製造業  ,243銅  
11508.csv,郡頡工業有限公司,99640309,08410006241490,臺中市大里區新里里新興路99巷16弄23號,臺中市大里區新里里,葉玲華,27811397,有限公司,0841004,0841109,生產中,25金屬製品製造業、29機械設備製造業  ,259其他金屬製品、293通用機械設備  
11508.csv,野草工程行雲林廠,09000976,10910009600156,雲林縣東勢鄉四美村永安路18-1號1樓,雲林縣東勢鄉四美村,陳佳岩,72418271,合夥,1090323,1090406,生產中,25金屬製品製造業  ,259其他金屬製品  
11508.csv,金利刀模開發有限公司,65000441,,新北市板橋區廣福里信義路163巷5號1樓,新北市板橋區廣福里,馬國枝,84359298,有限公司,,1000531,生產中,24基本金屬製造業、25金屬製品製造業  ,241鋼鐵、249其他基本金屬、251金屬刀具、手工具及模具  
11508.csv,金塔化學有限公司,99644283,,臺中市太平區長億里永成北路一八六巷五七號,臺中市太平區長億里,李明芳,52426908,有限公司,,0670605,生產中,20藥品及醫用化學製品製造業  ,200藥品及醫用化學製品  
11508.csv,金建億鋼鐵企業有限公司,S6401306,,高雄市梓官區梓義里信義路75巷24-20號,高雄市梓官區梓義里,洪進益,13143564,有限公司,,1140908,生產中,25金屬製品製造業  ,254金屬加工處理  
11508.csv,金石資訊股份有限公司,63021484,08863000025694,臺北市內湖區湖元里瑞光路六十六巷二十三號二樓、二十七號二樓,臺北市內湖區湖元里,吳進益,22423974,股份有限公司,0880717,0880726,生產中,27電腦、電子產品及光學製品製造業、26電子零組件製造業  ,271電腦及其週邊設備、269其他電子零組件  
11508.csv,金銘鋁業股份有限公司,99643627,07510006149797,臺中市豐原區豐田里豐原大道三段286巷136弄86號,臺中市豐原區豐田里,王美玉,55988445,股份有限公司,0750919,0751002,生產中,24基本金屬製造業  ,242鋁  
11508.csv,金鼎鑄造股份有限公司,10000082,,嘉義縣民雄鄉福樂村中華路86、86-1號,嘉義縣民雄鄉福樂村,黃素月,53835178,股份有限公司,,1010827,生產中,24基本金屬製造業  ,241鋼鐵  
11508.csv,金鼎陶瓷企業有限公司,65000027,,新北市鶯歌區中湖里西湖街243巷36號,新北市鶯歌區中湖里,曾玉瑩,28763909,有限公司,,1000104,生產中,23非金屬礦物製品製造業  ,232耐火、黏土建材及其他陶瓷製品  
11508.csv,華毅金機械有限公司,99683697,,臺南市永康區五王里中山東路42號,臺南市永康區五王里,郭淑津,24293723,有限公司,,0911119,生產中,29機械設備製造業  ,292其他專用機械設備  
11508.csv,萬璁實業有限公司,99709929,,高雄市岡山區本洲里本工三路２２號,高雄市岡山區本洲里,王百煉,96875590,有限公司,,0960530,生產中,24基本金屬製造業  ,242鋁  
11508.csv,萬生科技農業股份有限公司,S0700281,,彰化縣和美鎮源埤里太平路46巷52號,彰化縣和美鎮源埤里,黃聖義,28932412,股份有限公司,,1090518,生產中,08食品製造業  ,083蔬果加工  
11508.csv,葛洛芮生化科技股份有限公司,66007145,,臺中市大里區大元里大衛路48之2號1樓,臺中市大里區大元里,呂慶雲,24246258,股份有限公司,,1080111,生產中,19其他化學製品製造業  ,193清潔用品及化粧品  
11508.csv,葛瑞特洋菜企業有限公司,67003187,,臺南市麻豆區麻口里麻佳路一段503號,臺南市麻豆區麻口里,李奇輝,24298826,有限公司,,1101123,生產中,08食品製造業  ,089其他食品  
11508.csv,虹寶企業有限公司二廠,65010242,,新北市中和區碧河里建康路148號,新北市中和區碧河里,周武盛,29132894,有限公司,,1110321,生產中,16印刷及資料儲存媒體複製業  ,160印刷及資料儲存媒體複製  
11508.csv,裕傑企業社,S0200070,,宜蘭縣員山鄉尚德村賢德路二段221巷19號,宜蘭縣員山鄉尚德村,張淑黎,17942413,獨資,,1130702,生產中,12成衣及服飾品製造業  ,121成衣  
11508.csv,西寧機械有限公司二廠,68002414,,桃園市平鎮區平南里中豐路南勢二段460巷35號4樓,桃園市平鎮區平南里,馬順祈,27632583,有限公司,,1071211,生產中,29機械設備製造業  ,293通用機械設備  
11508.csv,西德塑膠工廠,99670865,06910000242546,臺中市北區建成里東成路58號,臺中市北區建成里,張精一,51274100,合夥,0580101,0700514,生產中,22塑膠製品製造業  ,220塑膠製品  
11508.csv,西惠工業股份有限公司仁武廠,99662007,08410012123568,高雄市仁武區竹後里竹工一巷６號,高雄市仁武區竹後里,陳憲富,76326864,股份有限公司,0840721,0860703,生產中,24基本金屬製造業、25金屬製品製造業、30汽車及其零件製造業、31其他運輸工具及其零件製造業  ,241鋼鐵、259其他金屬製品、303汽車零件、312機車及其零件  
11508.csv,祺益精密實業有限公司,S6603172,,臺中市潭子區東寶里崇德路五段78號,臺中市潭子區東寶里,郭清宗,24271663,有限公司,,1150409,生產中,29機械設備製造業  ,292其他專用機械設備  
11508.csv,詠合興機械股份有限公司,99703243,,臺中市大雅區上楓里德勝路１７巷１號,臺中市大雅區上楓里,王彥仁,27857506,股份有限公司,,0941108,生產中,29機械設備製造業  ,293通用機械設備  
11508.csv,詠吉金屬有限公司,S0700833,,彰化縣彰化市南興里中山路一段87巷1弄19號,彰化縣彰化市南興里,陳清海,24240846,有限公司,,1090708,生產中,25金屬製品製造業  ,254金屬加工處理  
11508.csv,誌洋工業股份有限公司樹林廠,99689786,08810001246241,新北市樹林區彭厝里八德街四三六巷六弄三號,新北市樹林區彭厝里,塗映宇,16935224,股份有限公司,0880802,0880816,生產中,25金屬製品製造業、29機械設備製造業  ,259其他金屬製品、293通用機械設備  
11508.csv,誼信科技股份有限公司,65009690,,新北市中和區平河里中正路700號2樓之4、18樓之4,新北市中和區平河里,陳俊宏,24324970,股份有限公司,,1100816,生產中,27電腦、電子產品及光學製品製造業、28電力設備及配備製造業、29機械設備製造業  ,271電腦及其週邊設備、289其他電力設備及配備、293通用機械設備  
11508.csv,誼冠鋼品股份有限公司,S6601010,,臺中市烏日區北里里太明路成豐巷162號,臺中市烏日區北里里,楊淑惠,28018760,股份有限公司,,1090921,生產中,25金屬製品製造業  ,252金屬結構及建築組件  
11508.csv,譽豐食品有限公司楊梅廠,99624364,08610000805760,桃園市楊梅區三湖里楊湖路一段六七六巷三三弄一五號,桃園市楊梅區三湖里,周朝星　　　,97194256,有限公司,0860709,0880209,生產中,08食品製造業  ,089其他食品、084動植物油脂  
11508.csv,豐興汽車車體廠,99672609,08110020089243,嘉義市東區後湖里保康路２００號,嘉義市東區後湖里,陳炎生　　　,66520798,獨資,0811222,0820105,生產中,30汽車及其零件製造業  ,301汽車、302車體、303汽車零件  
11508.csv,豐興鋼鐵股份有限公司,99641380,05810006076104,臺中市后里區墩北里甲后路一段998號、1000號、1002號,臺中市后里區墩北里,林大鈞,55389357,股份有限公司,0580915,,生產中,24基本金屬製造業  ,241鋼鐵  
11508.csv,豪宸科技有限公司,65010376,,新北市汐止區環河里福德一路351巷11弄1號(1樓),新北市汐止區環河里,高鳳淑,53451242,有限公司,,1110513,生產中,25金屬製品製造業  ,252金屬結構及建築組件  
11508.csv,豪展興業有限公司中清廠,66003925,,臺中市大雅區四德里中清路三段832號2樓,臺中市大雅區四德里,吳成義,24200844,有限公司,,1040824,生產中,32家具製造業  ,320家具  
11508.csv,豪岑電子金屬股份有限公司,99628796,07310000240770,桃園市新屋區九斗里中山東路二段一三○巷１２號,桃園市新屋區九斗里,羅婉瑜　　　,44999945,股份有限公司,0730817,0740114,生產中,22塑膠製品製造業、24基本金屬製造業、27電腦、電子產品及光學製品製造業  ,220塑膠製品、243銅、272通訊傳播設備  
11508.csv,賢豐企業股份有限公司,99661889,,高雄市岡山區本洲里本工南一路３號,高雄市岡山區本洲里,蔡國豐,86242750,股份有限公司,,0901207,生產中,25金屬製品製造業  ,259其他金屬製品  
11508.csv,超越金屬工業股份有限公司中壢廠,68000792,,桃園市中壢區山東里中正路4段286巷190號,桃園市中壢區山東里,梁國隆,86820479,股份有限公司,,1050805,生產中,24基本金屬製造業  ,242鋁  
11508.csv,超鋁金屬工業股份有限公司,99664224,07710012140779,高雄市岡山區竹圍里新庄路１１之５號,高雄市岡山區竹圍里,陳榮仁,22414031,股份有限公司,0791231,0791231,生產中,24基本金屬製造業  ,242鋁  
11508.csv,超鋁金屬工業股份有限公司三廠,64006293,,高雄市岡山區灣裡里正氣路１９８號,高雄市岡山區灣裡里,陳榮仁,22414031,股份有限公司,,1000602,生產中,24基本金屬製造業  ,242鋁  
11508.csv,超鋁金屬工業股份有限公司第二廠,99664184,07910012077857,高雄市岡山區竹圍里新庄路１１之１５號,高雄市岡山區竹圍里,陳榮仁,22414031,股份有限公司,0790712,0800522,生產中,25金屬製品製造業  ,252金屬結構及建築組件  
11508.csv,輝南實業股份有限公司,99651616,07010000254905,彰化縣和美鎮鎮平里輝南路一六五號,彰化縣和美鎮鎮平里,林杉伯　,59299651,股份有限公司,0701217,0710624,生產中,24基本金屬製造業  ,241鋼鐵  
11508.csv,辰欣鋼鐵有限公司,68005463,,桃園市蘆竹區內厝里內溪路68巷51弄8號,桃園市蘆竹區內厝里,翁承暘,86624146,有限公司,,1120517,生產中,25金屬製品製造業  ,259其他金屬製品  
11508.csv,逢昌機械廠股份有限公司蘆竹廠,99677544,,苗栗縣頭份市蘆竹里二鄰蘆竹路一五四號,苗栗縣頭份市蘆竹里,陳玉庭,50506243,股份有限公司,,0950620,生產中,25金屬製品製造業、29機械設備製造業  ,293通用機械設備、251金屬刀具、手工具及模具  
11508.csv,連邦工業有限公司,99645762,08410007154920,彰化縣秀水鄉福安村彰水路二段六二０巷三三號,彰化縣秀水鄉福安村,林邦傑　,97241764,有限公司,0840908,0851206,生產中,25金屬製品製造業、29機械設備製造業  ,259其他金屬製品、293通用機械設備  
11508.csv,進豐興企業股份有限公司分廠,99661855,08510012069864,高雄市岡山區岡山里新樂街１５６號,高雄市岡山區岡山里,黃順安,85735313,股份有限公司,0850425,0850517,生產中,24基本金屬製造業  ,241鋼鐵  
11508.csv,進豐興企業股份有限公司,99661321,00010012051832,高雄市岡山區岡山里新樂街１４６號,高雄市岡山區岡山里,黃順安,85735313,股份有限公司,0791231,0791231,生產中,18化學材料及肥料製造業、24基本金屬製造業、25金屬製品製造業  ,181化學原材料、241鋼鐵、259其他金屬製品  
11508.csv,達建榮有限公司,68005243,,桃園市蘆竹區內厝里長安路一段159巷24號,桃園市蘆竹區內厝里,廖酉玏,90252884,有限公司,,1111209,生產中,25金屬製品製造業  ,252金屬結構及建築組件、259其他金屬製品  
11508.csv,達豐鐵材行股份有限公司,99645324,08110000079188,彰化縣伸港鄉溪底村工西二路６號,彰化縣伸港鄉溪底村,蔡永達　,59035835,股份有限公司,0811223,0830422,生產中,24基本金屬製造業、25金屬製品製造業  ,241鋼鐵、254金屬加工處理  
11508.csv,達資金屬股份有限公司一廠,99613670,08810001379258,新北市樹林區獇寮里俊興街一五四巷七號,新北市樹林區獇寮里,李一輝,12289739,股份有限公司,0881102,0890302,生產中,24基本金屬製造業  ,243銅  
11508.csv,遠陞實業有限公司,64006942,,高雄市大寮區潮寮里田單六街25號,高雄市大寮區潮寮里,黃采潔,86041888,有限公司,,1021219,生產中,25金屬製品製造業、24基本金屬製造業  ,254金屬加工處理、241鋼鐵、242鋁、243銅  
11508.csv,遠隆消防工程有限公司,S6602243,,臺中市霧峰區六股里六股路106號,臺中市霧峰區六股里,温孟訓,53476047,有限公司,,1131105,生產中,29機械設備製造業  ,293通用機械設備  
11508.csv,遠龍不銹鋼股份有限公司,64006006,,高雄市小港區鳳鳴里大業南路２８號,高雄市小港區鳳鳴里,李坤炎,27699704,股份有限公司,,0950920,生產中,24基本金屬製造業  ,241鋼鐵  
11508.csv,郭爐山企業股份有限公司屏東廠,13000243,,屏東縣萬丹鄉社上村萬丹路3段345號,屏東縣萬丹鄉社上村,顏惠珍,22132595,股份有限公司,,1031226,生產中,22塑膠製品製造業  ,220塑膠製品  
11508.csv,都市採礦股份有限公司,68007622,,桃園市觀音區金湖里中山路一段1579巷20號,桃園市觀音區金湖里,張佳寶,60524104,股份有限公司,,1150527,生產中,23非金屬礦物製品製造業  ,239其他非金屬礦物製品  
11508.csv,野馬預拌混凝土有限公司,99713527,,臺中市龍井區麗水里臨港路一段880巷18號,臺中市龍井區麗水里,林志銘,24397369,有限公司,,0990114,生產中,23非金屬礦物製品製造業  ,233水泥及其製品  
11508.csv,金一昌工業有限公司二廠,08000550,,南投縣草屯鎮新豐里中正路1149號,南投縣草屯鎮新豐里,楊宗榮,13037487,有限公司,,1140430,生產中,24基本金屬製造業  ,242鋁  
11508.csv,金弘福企業有限公司,99626228,08510003138803,桃園市蘆竹區新興里中興路一００巷一號,桃園市蘆竹區新興里,李來卿　　　,16269452,有限公司,0850807,0870121,生產中,24基本金屬製造業、29機械設備製造業  ,241鋼鐵、293通用機械設備  
11508.csv,金東永工業社工廠,99680020,,彰化縣田中鎮南路里興工路３０７號,彰化縣田中鎮南路里,謝燕章,05980242,獨資,,0950328,生產中,22塑膠製品製造業  ,220塑膠製品  
11508.csv,金源發食品有限公司,68003023,,桃園市楊梅區永平里永平路543號(1樓),桃園市楊梅區永平里,李啓源,24357802,有限公司,,1081107,生產中,08食品製造業  ,089其他食品  
11508.csv,金磊精密刀具有限公司,65001896,,新北市樹林區三多里三俊街126巷40號,新北市樹林區三多里,管慶堯,27471242,有限公司,,1011213,生產中,25金屬製品製造業  ,251金屬刀具、手工具及模具  
11508.csv,金華珍食品行,99654099,08110000075242,雲林縣斗六市三平里北平路六號,雲林縣斗六市三平里,孫家興,97608967,獨資,0810914,0811020,生產中,08食品製造業  ,089其他食品  
11508.csv,金華興工業股份有限公司,99658000,08110000072620,臺南市仁德區保安里永德路37號,臺南市仁德區保安里,林明良　　　,84561770,股份有限公司,0810518,0810727,生產中,30汽車及其零件製造業、31其他運輸工具及其零件製造業、25金屬製品製造業、24基本金屬製造業  ,303汽車零件、312機車及其零件、254金屬加工處理、242鋁、249其他基本金屬  
11508.csv,金錩發股份有限公司,99650994,07610007054262,彰化縣北斗鎮大新里中圳路一一九號,彰化縣北斗鎮大新里,劉鎮發　,84159242,股份有限公司,0760602,0760613,生產中,29機械設備製造業  ,293通用機械設備  
11508.csv,萬代鋼鐵五金企業有限公司,99667443,08210018120331,新竹市香山區埔前里牛埔南路二０七巷一之一號,新竹市香山區埔前里,林彥淙　　,47014244,有限公司,0820709,0820727,生產中,25金屬製品製造業  ,259其他金屬製品  
11508.csv,萬發不銹鋼工廠,99675039,06010000024355,臺南市中西區西和里永和街58號,臺南市中西區西和里,林琮智,68858607,獨資,0600327,0600826,生產中,25金屬製品製造業  ,259其他金屬製品  
11508.csv,葡軒食品有限公司工廠,67001316,,臺南市安南區淵西里安中路4段211巷105號1樓,臺南市安南區淵西里,吳雀貴,24902438,有限公司,,1040929,生產中,08食品製造業  ,089其他食品  
11508.csv,薪榮環保股份有限公司,04000622,,新竹縣新豐鄉埔和村19鄰埔頂237-3號,新竹縣新豐鄉埔和村,陳德麒,56924201,股份有限公司,,1061206,生產中,14木竹製品製造業、22塑膠製品製造業、24基本金屬製造業、18化學材料及肥料製造業  ,140木竹製品、220塑膠製品、241鋼鐵、183肥料及氮化合物  
11508.csv,薪灃塑膠廠,S0701626,,彰化縣鹿港鎮頭崙里埔尾巷80號,彰化縣鹿港鎮頭崙里,謝振科,95966241,獨資,,1110315,生產中,22塑膠製品製造業  ,220塑膠製品  
11508.csv,裕典科技股份有限公司第一廠,07002818,,彰化縣福興鄉萬豐村福工路4號,彰化縣福興鄉萬豐村,陳育君,80080357,股份有限公司,,1071019,生產中,24基本金屬製造業、25金屬製品製造業  ,241鋼鐵、242鋁、251金屬刀具、手工具及模具  
11508.csv,裕凱發興業股份有限公司鹿港廠,99645976,08810000813174,彰化縣鹿港鎮東石里鹿工南三路５６號,彰化縣鹿港鎮東石里,李清華,16905208,股份有限公司,0881223,0900120,生產中,24基本金屬製造業  ,243銅  
11508.csv,裕力機械股份有限公司,99669124,07010000147187,臺中市西屯區協和里工業區九路10號,臺中市西屯區協和里,鄭谷龍,34219456,股份有限公司,0700723,0720925,生產中,24基本金屬製造業、29機械設備製造業、28電力設備及配備製造業  ,241鋼鐵、292其他專用機械設備、293通用機械設備、281發電、輸電及配電機械  
11508.csv,誼昇鋼鐵實業股份有限公司,02000451,,宜蘭縣蘇澳鎮龍德里德興一路8-1號,宜蘭縣蘇澳鎮龍德里,張碧霞,16557600,股份有限公司,,1110418,生產中,25金屬製品製造業  ,252金屬結構及建築組件  
11508.csv,誼昌工業有限公司,99618136,08510001212425,新北市樹林區三多里三俊街九０巷五六弄一三號,新北市樹林區三多里,邱春榮,22485247,有限公司,0850629,0850719,生產中,22塑膠製品製造業  ,220塑膠製品  
11508.csv,譽鑫鋼鐵有限公司,07001692,,彰化縣彰化市向陽里崙美路162號,彰化縣彰化市向陽里,陳文鈴,42573774,有限公司,,1050112,生產中,25金屬製品製造業  ,259其他金屬製品  
11508.csv,豐成鑄造股份有限公司,99631703,07410005025858,苗栗縣竹南鎮崎頂里一六鄰和義街五號,苗栗縣竹南鎮崎頂里,王世東,49717086,股份有限公司,0740116,0740116,生產中,24基本金屬製造業、25金屬製品製造業、30汽車及其零件製造業  ,241鋼鐵、254金屬加工處理、301汽車、302車體、303汽車零件  
11508.csv,豪慶工業有限公司二廠,S6601755,,臺中市烏日區東園里溪南路一段18巷868弄59號,臺中市烏日區東園里,朱淑芬,80410195,有限公司,,1110222,生產中,24基本金屬製造業、24基本金屬製造業  ,241鋼鐵  
11508.csv,賴世明企業股份有限公司,07000893,,彰化縣彰化市南興里天祥路243巷23號1樓,彰化縣彰化市南興里,賴世明,24251239,有限公司,,1020729,生產中,25金屬製品製造業、30汽車及其零件製造業  ,259其他金屬製品、252金屬結構及建築組件、303汽車零件  
11508.csv,賴世明企業股份有限公司花壇廠,S0702261,,彰化縣花壇鄉北口村彰花路751巷17弄26號,彰化縣花壇鄉北口村,賴世明,24251239,股份有限公司,,1130118,生產中,25金屬製品製造業、30汽車及其零件製造業、32家具製造業、33其他製造業  ,251金屬刀具、手工具及模具、303汽車零件、320家具、339未分類其他製品  
11508.csv,超順肉品行,65013774,,新北市三重區大有里中正北路560巷45號(1樓),新北市三重區大有里,黃松騵,00624261,獨資,,1150819,生產中,08食品製造業  ,081肉類加工  
11508.csv,連鋐企業有限公司,99657720,08510011302955,臺南市仁德區保安里保安路1段72巷16號,臺南市仁德區保安里,李月雅,12929502,有限公司,0850417,0851001,生產中,24基本金屬製造業、29機械設備製造業  ,242鋁、292其他專用機械設備  
11508.csv,達辰塑膠廠股份有限公司斗六廠,09000331,,雲林縣斗六市長安里科加六路19號,雲林縣斗六市長安里,楊資煜,24375153,有限公司,,1020712,生產中,22塑膠製品製造業  ,220塑膠製品  
11508.csv,達辰塑膠廠股份有限公司,99701801,,臺中市清水區西寧里中山路451號,臺中市清水區西寧里,楊資煜,24375153,股份有限公司,,0930705,生產中,22塑膠製品製造業  ,220塑膠製品  
11508.csv,鄉士塑膠有限公司,99647196,07710000297920,彰化縣芳苑鄉後寮村工區五路３號,彰化縣芳苑鄉後寮村,劉煌章　,24156426,股份有限公司,0771227,0820521,生產中,22塑膠製品製造業  ,220塑膠製品  
11508.csv,金上合鋼鐵有限公司,99638535,,臺中市太平區建國里鵬儀路３３４巷１０號,臺中市太平區建國里,廖盈茹,12704530,有限公司,,0911018,生產中,25金屬製品製造業  ,251金屬刀具、手工具及模具、252金屬結構及建築組件、254金屬加工處理  
11508.csv,金勃有限公司二廠,S6800372,,桃園市觀音區新坡里文林路261-1號,桃園市觀音區新坡里,吳建榮,22587595,有限公司,,1100423,生產中,24基本金屬製造業  ,241鋼鐵  
11508.csv,金勃有限公司龍潭廠,68005599,,桃園市龍潭區高平里中豐路高平段10巷85號,桃園市龍潭區高平里,吳建榮,22587595,有限公司,,1120727,生產中,24基本金屬製造業  ,241鋼鐵  
11508.csv,金大祥鋼鐵股份有限公司,S6400673,,高雄市大寮區過溪里光華路163-1號,高雄市大寮區過溪里,潘自強,89291255,股份有限公司,,1090922,生產中,25金屬製品製造業  ,259其他金屬製品  
11508.csv,金大精密工業股份有限公司,66001795,,臺中市西屯區協和里工業區41路12之2號1樓,臺中市西屯區協和里,張文志,24328482,股份有限公司,,1020426,生產中,25金屬製品製造業、29機械設備製造業、30汽車及其零件製造業、31其他運輸工具及其零件製造業  ,251金屬刀具、手工具及模具、259其他金屬製品、293通用機械設備、303汽車零件、312機車及其零件  
11508.csv,金大裕鐵材行,99655375,07510000130726,嘉義縣大林鎮明華里忠孝路２６４號,嘉義縣大林鎮明華里,田詒海,66478314,獨資,0750510,0750510,生產中,24基本金屬製造業、25金屬製品製造業  ,241鋼鐵、254金屬加工處理  
11508.csv,金源豐企業有限公司二廠,S6601700,,臺中市烏日區南里里溪南路三段503巷39號,臺中市烏日區南里里,劉俊敏,80316017,有限公司,,1100512,生產中,24基本金屬製造業  ,243銅、249其他基本金屬  
11508.csv,金潤實業股份有限公司,S6700034,,臺南市安定區海寮里海寮30之15號,臺南市安定區海寮里,卓國欽,22411724,股份有限公司,,1090611,生產中,17石油及煤製品製造業、28電力設備及配備製造業  ,170石油及煤製品、285家用電器  
11508.csv,金萬工業社,99668145,07710000174910,新竹市頂埔里中華路四段１８１巷２１號,新竹市香山區頂埔里,黃羅庭嬌　　,47193582,獨資,0770314,0770314,生產中,24基本金屬製造業、25金屬製品製造業  ,241鋼鐵、254金屬加工處理  
11508.csv,金萬成鋼鐵有限公司,S1300172,,屏東縣屏東市三山里海豐街2之3號,屏東縣屏東市三山里,蔡金鐘,89728975,有限公司,,1090612,生產中,25金屬製品製造業  ,252金屬結構及建築組件  
11508.csv,金萬財股份有限公司忠孝廠,S6400729,,高雄市湖內區海埔里忠孝街180巷49號,高雄市湖內區海埔里,蔡丁瑞明,89241565,股份有限公司,,1090924,生產中,25金屬製品製造業  ,259其他金屬製品  
11508.csv,金鎔企業有限公司,99712996,,臺中市霧峰區南柳里柳豐路３０９號,臺中市霧峰區南柳里,洪猜,24222072,有限公司,,0971003,生產中,29機械設備製造業  ,293通用機械設備  
11508.csv,金鎔企業有限公司二廠,S6601715,,臺中市霧峰區南柳里柳豐路309號,臺中市霧峰區南柳里,洪猜,24222072,有限公司,,1100628,生產中,24基本金屬製造業  ,241鋼鐵  
11508.csv,釜泰鑄造股份有限公司,99636686,07810006080651,臺中市大雅區上雅里民生路一段315號,臺中市大雅區上雅里,劉奇和,23257663,股份有限公司,0780517,0780517,生產中,25金屬製品製造業、24基本金屬製造業  ,241鋼鐵、259其他金屬製品  
11508.csv,菖鼎科技股份有限公司,68000461,,桃園市楊梅區青山里獅一路10之2號,桃園市楊梅區青山里,林妤榛,42598212,股份有限公司,,1050112,生產中,22塑膠製品製造業、23非金屬礦物製品製造業、24基本金屬製造業  ,220塑膠製品、231玻璃及其製品、243銅  
11508.csv,華通電腦股份有限公司一廠,99622648,06210000162397,桃園市蘆竹區新莊里大新路814巷91號,桃園市蘆竹區新莊里,吳祥麒,04401392,股份有限公司,0621201,0630823,生產中,26電子零組件製造業、24基本金屬製造業、27電腦、電子產品及光學製品製造業  ,263印刷電路板、241鋼鐵、249其他基本金屬、271電腦及其週邊設備  
11508.csv,萬禾森國際有限公司工廠,S6700797,,臺南市安定區文科里油車62之21號,臺南市安定區文科里,蕭秋生,54549785,有限公司,,1111228,生產中,24基本金屬製造業  ,242鋁  
11508.csv,薹莊實業有限公司,65009451,,新北市汐止區北山里康寧街169巷29號8樓之2 ,新北市汐止區北山里,王藝荑,24253996,有限公司,,1100517,生產中,26電子零組件製造業、27電腦、電子產品及光學製品製造業  ,269其他電子零組件、275量測、導航、控制設備及鐘錶、277光學儀器及設備  
11508.csv,虹牌鋼鐵有限公司,65009753,,新北市新莊區福基里化成路375巷27號1樓,新北市新莊區福基里,倪振純,23088301,有限公司,,1100902,生產中,25金屬製品製造業  ,252金屬結構及建築組件、259其他金屬製品  
11508.csv,裕勝鋼鐵有限公司,99713101,,臺中市大安區福興里興安路１７８號,臺中市大安區福興里,郭佳松,24261530,有限公司,,0971225,生產中,25金屬製品製造業  ,259其他金屬製品  
11508.csv,裕勝機械有限公司,S0800121,,南投縣草屯鎮碧洲里立人路786巷87號,南投縣草屯鎮碧洲里,陳炫琮,52750377,有限公司,,1131206,生產中,24基本金屬製造業  ,242鋁  
11508.csv,裕勝發有限公司,64006252,,高雄市燕巢區角宿里四林路121巷14號,高雄市燕巢區角宿里,劉宜芳,53238067,有限公司,,1000421,生產中,25金屬製品製造業、24基本金屬製造業  ,254金屬加工處理、253金屬容器、241鋼鐵、242鋁、243銅  
11508.csv,裕勝鋼鐵有限公司三廠,S6601111,,臺中市大甲區義和里文曲路680號,臺中市大甲區義和里,郭佳松,24261530,有限公司,,1091013,生產中,29機械設備製造業  ,293通用機械設備  
11508.csv,裕勝鋼鐵有限公司二廠,S6600890,,臺中市大甲區武陵里6鄰文曲路178號,臺中市大甲區武陵里,郭佳松,24261530,有限公司,,1090908,生產中,25金屬製品製造業  ,259其他金屬製品  
11508.csv,禎祥實業股份有限公司,68000799,,桃園市大園區北港里工五路2號2樓,桃園市大園區北港里,闕陳弘子,34205241,股份有限公司,,1050811,生產中,19其他化學製品製造業  ,199未分類其他化學製品  
11508.csv,詠展金屬工業有限公司,99676900,,臺南市安南區鹽田里科技一路30號,臺南市安南區,侯献忠,23971323,有限公司,,0931222,生產中,26電子零組件製造業、25金屬製品製造業、24基本金屬製造業  ,269其他電子零組件、253金屬容器、242鋁  
11508.csv,詠展金屬工業有限公司二廠,67002097,,臺南市安南區塩田里工業一路9號,臺南市安南區塩田里,侯献忠,23971323,有限公司,,1070718,生產中,24基本金屬製造業  ,242鋁  
11508.csv,詠鋐有限公司,99721597,,高雄市湖內區太爺里中山路二段３８之３號,高雄市湖內區太爺里,鄭子翔,24387329,有限公司,,0990125,生產中,19其他化學製品製造業  ,193清潔用品及化粧品  
11508.csv,詠鋐鋼鐵股份有限公司二廠,64008460,,高雄市大寮區後庄里鳳屏一路3號,高雄市大寮區後庄里,張銘元,86081348,股份有限公司,,1080710,生產中,29機械設備製造業、25金屬製品製造業、29機械設備製造業  ,251金屬刀具、手工具及模具、291金屬加工用機械設備、293通用機械設備  
11508.csv,誠偉鋼鐵科技有限公司,S6602837,,臺中市大里區西湖里草堤路387巷5號,臺中市大里區西湖里,陳政偉,54247439,有限公司,,1141120,生產中,25金屬製品製造業  ,254金屬加工處理  
11508.csv,誼榮鋼鐵股份有限公司,99661790,,高雄市永安區維新里永工三路１０號,高雄市永安區維新里,陳月嫌,89585081,有限公司,,0901108,生產中,24基本金屬製造業、33其他製造業  ,241鋼鐵、339未分類其他製品  
11508.csv,谷全實業有限公司二廠,S1000141,,嘉義縣溪口鄉柳溝村6鄰柳子溝2之10號,嘉義縣溪口鄉柳溝村,吳敏宏,24362066,有限公司,,1090810,生產中,08食品製造業、08食品製造業  ,086碾榖、磨粉及澱粉製品  
11508.csv,谷全實業有限公司,99656146,08010010001558,嘉義縣溪口鄉柳溝村柳子溝４號,嘉義縣溪口鄉柳溝村,吳敏宏,24362066,獨資,0800817,0820803,生產中,08食品製造業  ,089其他食品  
11508.csv,谷全實業有限公司三廠,S1000142,,嘉義縣溪口鄉柳溝村6鄰柳子溝2之33號,嘉義縣溪口鄉柳溝村,吳敏宏,24362066,有限公司,,1090810,生產中,08食品製造業  ,086碾榖、磨粉及澱粉製品  
11508.csv,豐成食品工廠,99679667,,彰化縣溪湖鎮中山里大溪路１段６１９巷９１弄１８、２４號,彰化縣溪湖鎮中山里,張子瀅,24164869,合夥,,0940412,生產中,08食品製造業  ,089其他食品  
11508.csv,豐政金屬工業股份有限公司,99653346,07510000333365,雲林縣斗六市榴中里民樂街一三號,雲林縣斗六市榴中里,林明輝,22291100,股份有限公司,0751203,0760704,生產中,24基本金屬製造業  ,241鋼鐵  
11508.csv,豪成科技股份有限公司,04000094,,新竹縣湖口鄉鳳山村工業五路1號,新竹縣湖口鄉鳳山村,范振師,80107588,股份有限公司,,1001025,生產中,24基本金屬製造業、25金屬製品製造業  ,241鋼鐵、249其他基本金屬、251金屬刀具、手工具及模具、252金屬結構及建築組件、254金屬加工處理、259其他金屬製品  
11508.csv,豪成實業股份有限公司,99648252,08210007059153,彰化縣彰化市延和里埔內街４７９巷５８號,彰化縣彰化市延和里,陳滿足　,84243298,股份有限公司,0820907,0820924,生產中,25金屬製品製造業  ,259其他金屬製品  
11508.csv,豪成鋼鐵有限公司,S6500067,,新北市樹林區北園里西圳街2段23號,新北市樹林區北園里,吳秀照,86810492,有限公司,,1090430,生產中,25金屬製品製造業  ,254金屬加工處理  
11508.csv,財旺農用機械社,S0701740,,彰化縣和美鎮犁盛里十茂路臨105號,彰化縣和美鎮犁盛里,林財旺,82411924,獨資,,1110805,生產中,29機械設備製造業  ,292其他專用機械設備  
11508.csv,財本企業有限公司二廠,99643243,07210006186092,臺中市東勢區新盛里東關路六段627號,臺中市東勢區新盛里,林柏榕,05871201,有限公司,0720919,0740822,生產中,23非金屬礦物製品製造業  ,233水泥及其製品  
11508.csv,財榮壓鑄股份有限公司,99635194,07910006059471,臺中市外埔區鐵山里長生路828號,臺中市外埔區鐵山里,鐘偉榮,23853867,股份有限公司,0790403,0800525,生產中,24基本金屬製造業  ,242鋁  
11508.csv,賀安鋼鐵企業股份有限公司,99712391,,高雄市仁武區竹後里鳳仁路３２５號,高雄市仁武區竹後里,鄭國太,83406786,股份有限公司,,0980306,生產中,25金屬製品製造業  ,254金屬加工處理  
11508.csv,贊暉實業股份有限公司,99657149,08410011303534,臺南市永康區尚頂里正南一街82號,臺南市永康區尚頂里,蔡士吟　,06592430,股份有限公司,0840427,0840429,生產中,25金屬製品製造業、26電子零組件製造業  ,259其他金屬製品、269其他電子零組件  
11508.csv,越峯電子材料股份有限公司,99623008,08110000083143,桃園市觀音區樹林里國建二路2號,桃園市觀音區樹林里,吳明信　,86124395,股份有限公司,0810608,0830622,生產中,24基本金屬製造業、26電子零組件製造業  ,249其他基本金屬、262被動電子元件、269其他電子零組件  
11508.csv,輝斌企業股份有限公司二廠,S6800374,,桃園市大溪區南興里仁和路二段571巷41號,桃園市大溪區南興里,邱創斌,22372454,股份有限公司,,1100820,生產中,24基本金屬製造業  ,241鋼鐵  
11508.csv,輝昌金屬有限公司樹林廠,99719552,,新北市樹林區金寮里武林街11之4號,新北市樹林區金寮里,張世佳,84697185,有限公司,,0980915,生產中,24基本金屬製造業、25金屬製品製造業  ,241鋼鐵、242鋁、252金屬結構及建築組件  
11508.csv,辰翰衣材股份有限公司,99679483,,彰化縣秀水鄉安溪村安溪街１１０號,彰化縣秀水鄉安溪村,陳江霖,27399241,股份有限公司,,0930830,生產中,12成衣及服飾品製造業  ,121成衣  
11508.csv,達成鑫鋼鐵股份有限公司苗栗廠,99632214,08610005084452,苗栗縣後龍鎮埔頂里十五鄰中華路七一二號,苗栗縣後龍鎮埔頂里,陳春生,84829361,股份有限公司,0860626,0880121,生產中,24基本金屬製造業、25金屬製品製造業  ,241鋼鐵、254金屬加工處理  
11508.csv,達邡化工有限公司楊梅廠,03002410,,桃園市楊梅區瑞坪里梅獅路二段578巷16弄18號,桃園市楊梅區瑞坪里,徐宏文,20779317,有限公司,,1030901,生產中,19其他化學製品製造業  ,199未分類其他化學製品  
11508.csv,金九五金有限公司工廠,07003578,,彰化縣彰化市田中里田中路281號1樓,彰化縣彰化市田中里,黄駿承,24233021,有限公司,,1090303,生產中,25金屬製品製造業  ,254金屬加工處理、259其他金屬製品  
11508.csv,金大食品有限公司,18000331,,新竹市香山區香村里15鄰香村路300巷90弄27號,新竹市香山區香村里,曾煥賢,24360454,有限公司,,1080419,生產中,08食品製造業  ,089其他食品  
11508.csv,金奕科技有限公司,65001479,,新北市樹林區和平里鎮前街269巷29弄16號(1、2、3樓),新北市樹林區和平里,張堂明,53712491,有限公司,,1010625,生產中,25金屬製品製造業、24基本金屬製造業、26電子零組件製造業  ,254金屬加工處理、242鋁、263印刷電路板  
11508.csv,金怡昌鋼鐵股份有限公司,99628856,08610003301809,桃園市蘆竹區新興里中興路101號(1樓),桃園市蘆竹區新興里,歐進飛　　　,43898363,股份有限公司,0860215,0870216,生產中,25金屬製品製造業  ,254金屬加工處理、259其他金屬製品  
11508.csv,金澤金屬科技股份有限公司,04000390,,新竹縣新埔鎮內立里關埔路內立段 131號,新竹縣新埔鎮內立里,黃丁一,54093011,股份有限公司,,1040109,生產中,24基本金屬製造業  ,249其他基本金屬、241鋼鐵  
11508.csv,金長佳科技股份有限公司,99717636,,桃園市八德區福興里３鄰廣興路３１６巷１１號,桃園市八德區福興里,羅守圳,24222663,股份有限公司,,0980413,生產中,26電子零組件製造業  ,263印刷電路板  
11508.csv,菘喆有限公司,66004459,,臺中市大甲區頂店里大發路139號,臺中市大甲區頂店里,俞明珠,42572439,有限公司,,1050328,生產中,08食品製造業  ,089其他食品  
11508.csv,菘鴻有限公司,99694011,,新北市土城區員仁里亞洲路三二巷二號一樓,新北市土城區員仁里,洪若賀,27617470,有限公司,,0940428,生產中,24基本金屬製造業、25金屬製品製造業、29機械設備製造業、27電腦、電子產品及光學製品製造業、26電子零組件製造業、30汽車及其零件製造業、31其他運輸工具及其零件製造業  ,242鋁、243銅、251金屬刀具、手工具及模具、253金屬容器、291金屬加工用機械設備、293通用機械設備、271電腦及其週邊設備、272通訊傳播設備、275量測、導航、控制設備及鐘錶、269其他電子零組件、264光電材料及元件、303汽車零件、312機車及其零件、273視聽電子產品、277光學儀器及設備  
11508.csv,華洋精密工業股份有限公司,99674928,07810021001210,臺南市北區成功里中華北路2段243巷11號,臺南市北區成功里,鄭明海,86118458,股份有限公司,0781030,0781102,生產中,25金屬製品製造業  ,251金屬刀具、手工具及模具  
11508.csv,華淨醫材股份有限公司,65010545,,新北市新店區寶福里寶高路28號4樓、28之1號4樓、28之2號4樓,新北市新店區寶福里,劉啟瑞,83702421,股份有限公司,,1110729,生產中,11紡織業、20藥品及醫用化學製品製造業、33其他製造業  ,115紡織品、200藥品及醫用化學製品、332醫療器材及用品  
11508.csv,華淨醫材股份有限公司寶高廠,65010922,,新北市新店區寶福里寶高路30之1號5樓,新北市新店區寶福里,劉啟瑞,83702421,股份有限公司,,1120117,生產中,11紡織業  ,115紡織品  
11508.csv,華進不銹鋼金屬有限公司,99609927,07510001087722,新北市中和區中原里中正路九０五號一樓,新北市中和區中原里,黃文華,15912835,有限公司,0750331,0751028,生產中,32家具製造業、28電力設備及配備製造業、24基本金屬製造業、25金屬製品製造業、29機械設備製造業  ,320家具、285家用電器、241鋼鐵、254金屬加工處理、251金屬刀具、手工具及模具、252金屬結構及建築組件、253金屬容器、259其他金屬製品、293通用機械設備  
11508.csv,華進工業社,99625729,07510003155741,桃園市八德區大和里建國路九七二巷一一弄一一號,桃園市八德區大和里,呂清煌　　　,02616426,獨資,0751205,0751223,生產中,24基本金屬製造業、25金屬製品製造業、29機械設備製造業  ,241鋼鐵、259其他金屬製品、293通用機械設備、251金屬刀具、手工具及模具、249其他基本金屬  
11508.csv,萬力工業有限公司,99722012,,南投縣南投市永豐里工業北二路6號,南投縣南投市永豐里,陳傳裕,24288003,有限公司,,0980608,生產中,24基本金屬製造業、29機械設備製造業  ,242鋁、249其他基本金屬、293通用機械設備  
11508.csv,萬力馨實業股份有限公司,99681088,,彰化縣鹿港鎮頂厝里頂厝巷１６之１０號,彰化縣鹿港鎮頂厝里,李阿力,24372661,股份有限公司,,0990120,生產中,11紡織業、20藥品及醫用化學製品製造業  ,115紡織品、200藥品及醫用化學製品  
11508.csv,葳潤鋼鐵股份有限公司,99701373,,臺中市烏日區螺潭里溪南路二段一八三號,臺中市烏日區螺潭里,洪子耀,27465353,股份有限公司,,0820215,生產中,25金屬製品製造業  ,254金屬加工處理  
11508.csv,葳潤鋼鐵股份有限公司,S6601479,,臺中市烏日區螺潭里溪南路二段270巷168號,臺中市烏日區螺潭里,洪子耀,27465353,股份有限公司,,1091013,生產中,25金屬製品製造業  ,254金屬加工處理、251金屬刀具、手工具及模具、259其他金屬製品  
11508.csv,葳舜實業有限公司,99680947,,彰化縣溪湖鎮湖東里大溪路二段７３巷２０７弄１號１樓,彰化縣溪湖鎮湖東里,楊舜賢,24239622,有限公司,,0980515,生產中,25金屬製品製造業、31其他運輸工具及其零件製造業  ,259其他金屬製品、313自行車及其零件  
11508.csv,藍洋企業社,66005072,,臺中市潭子區東寶里16鄰雅潭路三段7-5號,臺中市潭子區東寶里,陳冠甫,47510243,獨資,,1051213,生產中,25金屬製品製造業  ,259其他金屬製品  
11508.csv,虹運鋼鐵有限公司,67003500,,臺南市安定區新吉里安新二路728號,臺南市安定區新吉里,黃欣欣,54067175,有限公司,,1111229,生產中,25金屬製品製造業  ,252金屬結構及建築組件  
11508.csv,虹鋒鋼鐵有限公司,S6500005,,新北市樹林區東園里民權街7號,新北市樹林區東園里,倪宏岳,23408846,有限公司,,1090415,生產中,25金屬製品製造業  ,252金屬結構及建築組件、259其他金屬製品  
11508.csv,裕笙工業股份有限公司,99680082,,彰化縣鹿港鎮海埔里鹿工北一路１２號,彰化縣鹿港鎮海埔里,黃瑞呈,86473175,股份有限公司,,0950602,生產中,24基本金屬製造業、25金屬製品製造業  ,241鋼鐵、254金屬加工處理、249其他基本金屬  
11508.csv,福晟工業股份有限公司,68002745,,桃園市楊梅區永平里梅獅路一段469號,桃園市楊梅區永平里,孫賜福,24210104,股份有限公司,,1080604,生產中,29機械設備製造業  ,291金屬加工用機械設備、292其他專用機械設備、293通用機械設備  
11508.csv,誼聯機械鑄造股份有限公司,99620212,06810000137242,宜蘭縣蘇澳鎮龍德里龍祥一路3號,宜蘭縣蘇澳鎮龍德里,羅阿愛　　,42063575,股份有限公司,0680728,0720816,生產中,29機械設備製造業、24基本金屬製造業、30汽車及其零件製造業、31其他運輸工具及其零件製造業  ,293通用機械設備、241鋼鐵、311船舶及浮動設施、303汽車零件  
11508.csv,豐昇企業社,99627447,08110003029557,桃園市大溪區一心里中華路一二一巷二一弄一號,桃園市大溪區一心里,黃素琴　　　,36494230,獨資,0810323,0810331,生產中,24基本金屬製造業  ,241鋼鐵  
11508.csv,豐昌五金工業社,S1000243,,嘉義縣水上鄉粗溪村粗溪89之28號,嘉義縣水上鄉粗溪村,蔡泗文,19726968,獨資,,1140804,生產中,25金屬製品製造業  ,259其他金屬製品  
11508.csv,豐昱光電工程行,64010242,,高雄市林園區中門里海墘路46巷12弄7號,高雄市林園區中門里,陳巧慧,88435992,獨資,,1140926,生產中,25金屬製品製造業  ,259其他金屬製品  
11508.csv,豐記木器加工所,99658330,07810011150338,臺南市麻豆區南勢里南勢1之22號,臺南市麻豆區南勢里,蘇梅桂　　　,06652437,獨資,0781124,0790827,生產中,14木竹製品製造業  ,140木竹製品  
11508.csv,豪松工業股份有限公司,99661082,07410011136561,臺南市永康區甲頂里中正南路242巷16弄3號,臺南市永康區甲頂里,王蔡金彩　　,22591893,股份有限公司,0741120,0750328,生產中,30汽車及其零件製造業、31其他運輸工具及其零件製造業、25金屬製品製造業  ,303汽車零件、312機車及其零件、259其他金屬製品  
11508.csv,財榮壓鑄股份有限公司彰濱廠,07002057,,彰化縣線西鄉頂庄村彰濱西五路1-1號,彰化縣線西鄉頂庄村,鐘偉榮,23853867,股份有限公司,,1060222,生產中,25金屬製品製造業、31其他運輸工具及其零件製造業、24基本金屬製造業  ,259其他金屬製品、313自行車及其零件、242鋁  
11508.csv,財欣鋼鐵工業股份有限公司,99661065,07610011063769,臺南市永康區南灣里南興路13號,臺南市永康區南灣里,盧伶燕　　　,22506989,股份有限公司,0760608,0770309,生產中,25金屬製品製造業、25金屬製品製造業  ,254金屬加工處理  
11508.csv,賀強有限公司,66002242,,臺中市神岡區岸裡里大豐路五段295巷55號,臺中市神岡區岸裡里,陳秋棠,54595838,有限公司,,1021022,生產中,29機械設備製造業  ,293通用機械設備  
11508.csv,賀振有限公司,99641456,08610006037851,臺中市太平區太平里永義路２３５巷５８號,臺中市太平區太平里,陳建助,24272656,有限公司,0860217,0860225,生產中,25金屬製品製造業、29機械設備製造業  ,259其他金屬製品、293通用機械設備  
11508.csv,辰軒科技有限公司,18000241,,新竹市東區東園里八德路19巷32號,新竹市東區東園里,劉寶蓮,24209015,有限公司,,1050825,生產中,26電子零組件製造業  ,269其他電子零組件  
11508.csv,辰鋼科技有限公司,99688410,,桃園市八德區茄苳里永豐路１９６號,桃園市八德區茄苳里,黃卉嫻,97241201,有限公司,,0940607,生產中,29機械設備製造業  ,291金屬加工用機械設備、293通用機械設備  
11508.csv,連信鋼鐵股份有限公司,99659845,08210011001882,臺南市仁德區保安里二仁路1段15Ｏ號,臺南市仁德區保安里,黃美熟　　,23651258,股份有限公司,0820106,0820130,生產中,25金屬製品製造業、29機械設備製造業  ,254金屬加工處理、291金屬加工用機械設備、293通用機械設備、292其他專用機械設備  
11508.csv,連克有限公司外埔廠,S6602415,,臺中市外埔區鐵山里長生路427-1號,臺中市外埔區鐵山里,洪進財,28331831,有限公司,,1140424,生產中,29機械設備製造業  ,293通用機械設備  
11508.csv,進侑企業有限公司,99684242,,臺南市新營區嘉芳里四維路12號,臺南市新營區嘉芳里,黃進有,22398095,有限公司,,0920922,生產中,25金屬製品製造業  ,254金屬加工處理  
11508.csv,達鉅電子股份有限公司,65010704,,新北市汐止區保新里保長路431號8樓、433號8樓,新北市汐止區保新里,林清進,24255256,股份有限公司,,1111011,生產中,27電腦、電子產品及光學製品製造業  ,271電腦及其週邊設備  
11508.csv,達鋌機械股份有限公司,66000064,,臺中市潭子區栗林里中山路三段163號,臺中市潭子區栗林里,饒金火,24361756,股份有限公司,,1000214,生產中,29機械設備製造業  ,291金屬加工用機械設備  
11508.csv,邁萃斯精密股份有限公司鳳山廠,04001241,,新竹縣湖口鄉鳳山村鳳工路66號,新竹縣湖口鄉鳳山村,屈岳陵,84149202,股份有限公司,,1131204,生產中,29機械設備製造業、29機械設備製造業  ,291金屬加工用機械設備  
11508.csv,酉順有限公司工廠,66009610,,臺中市霧峰區吉峰里吉峰路70號,臺中市霧峰區吉峰里,魏慈滿,24284560,有限公司,,1101116,生產中,25金屬製品製造業  ,254金屬加工處理、259其他金屬製品  
11508.csv,酷頂合穩實業有限公司,S0700008,,彰化縣和美鎮大霞里太平路483、485號,彰化縣和美鎮大霞里,謝燕芬,24236483,有限公司,,1090420,生產中,12成衣及服飾品製造業  ,121成衣、123服飾品  
11508.csv,金享車業股份有限公司分廠,99635812,07910006072384,臺中市神岡區神洲里大洲路一八六號,臺中市神岡區神洲里,陳潮湖,55923561,股份有限公司,0790601,0790606,生產中,24基本金屬製造業、31其他運輸工具及其零件製造業  ,242鋁、313自行車及其零件  
11508.csv,金勝鑫企業有限公司二廠,S6601615,,臺中市烏日區螺潭里太明路成豐巷232號,臺中市烏日區螺潭里,陳素秋,84994729,有限公司,,1091105,生產中,24基本金屬製造業、25金屬製品製造業、29機械設備製造業  ,241鋼鐵、251金屬刀具、手工具及模具、252金屬結構及建築組件、259其他金屬製品、293通用機械設備  
11508.csv,金勝鴻企業有限公司,66010105,,臺中市大雅區三和里仁和北路90號,臺中市大雅區三和里,陳鴻章,54587767,有限公司,,1110714,生產中,24基本金屬製造業  ,242鋁  
11508.csv,金北川實業股份有限公司一廠,99680012,,彰化縣埔鹽鄉南新村好金路５５之１０號,彰化縣埔鹽鄉南新村,施教順,16877619,股份有限公司,,0950315,生產中,24基本金屬製造業  ,242鋁、249其他基本金屬  
11508.csv,金北川實業股份有限公司工廠,S0701475,,彰化縣埔鹽鄉角樹村員鹿路一段177-10、177-11號,彰化縣埔鹽鄉角樹村,施教順,16877619,股份有限公司,,1100715,生產中,24基本金屬製造業、25金屬製品製造業、29機械設備製造業、30汽車及其零件製造業、31其他運輸工具及其零件製造業  ,242鋁、249其他基本金屬、251金屬刀具、手工具及模具、259其他金屬製品、293通用機械設備、303汽車零件、312機車及其零件  
11508.csv,金協德鋼鐵有限公司,99639581,08310006161930,臺中市太平區中興里太平路六七八巷六八弄二０號,臺中市太平區中興里,陳曾寶鳳,84885481,有限公司,0830718,0830801,生產中,29機械設備製造業、25金屬製品製造業  ,291金屬加工用機械設備、293通用機械設備、259其他金屬製品  
11508.csv,金協德鋼鐵有限公司二廠,99644445,,臺中市太平區中興里永義一二街八號,臺中市太平區中興里,曾麗樺,84885481,有限公司,,0920512,生產中,25金屬製品製造業  ,254金屬加工處理  
11508.csv,金榮工業股份有限公司安平廠,99673440,06710000083785,臺南市南區彰南里新平路3號,臺南市南區彰南里,林榮豐,68323673,股份有限公司,0670524,0690805,生產中,24基本金屬製造業、25金屬製品製造業  ,241鋼鐵、259其他金屬製品  
11508.csv,金濠實業社,65003764,,新北市新莊區福基里化成路431巷66號(1樓),新北市新莊區福基里,吳天和,02424567,獨資,,1040127,生產中,25金屬製品製造業  ,251金屬刀具、手工具及模具、254金屬加工處理、259其他金屬製品  
11508.csv,金煌塑膠股份有限公司,99637231,06810000121003,臺中市烏日區光明里五光路八０五巷二六弄二八號,臺中市烏日區光明里,林秀香,22418867,股份有限公司,0580101,0680725,生產中,22塑膠製品製造業  ,220塑膠製品  
11508.csv,金禾鋼構有限公司工廠,07005557,,彰化縣和美鎮南佃里彰草路三段241號,彰化縣和美鎮南佃里,周瑞益,28785447,有限公司,,1130514,生產中,25金屬製品製造業  ,252金屬結構及建築組件、254金屬加工處理、259其他金屬製品  
11508.csv,金記科技工業股份有限公司,99711796,,臺南市永康區王行里環工路17之1號A棟1、2樓,臺南市永康區王行里,陳金柱,24359490,股份有限公司,,0980825,生產中,22塑膠製品製造業  ,220塑膠製品  
11508.csv,金詠勝企業有限公司,S0702667,,彰化縣花壇鄉文德村宏宅街65巷18號,彰化縣花壇鄉文德村,吳孫欣,85113624,有限公司,,1131030,生產中,24基本金屬製造業、25金屬製品製造業  ,241鋼鐵、259其他金屬製品  
11508.csv,金長榮國際實業股份有限公司,99657241,08210011194223,臺南市學甲區光華里頭港子1號,臺南市學甲區光華里,林國堂,84413482,股份有限公司,0821220,0830815,生產中,22塑膠製品製造業、33其他製造業  ,220塑膠製品、332醫療器材及用品  
11508.csv,鈊富工業股份有限公司二廠,67004280,,臺南市新營區中營里東平街51號,臺南市新營區中營里,楊薰鴻,54081872,股份有限公司,,1150302,生產中,24基本金屬製造業  ,241鋼鐵  
11508.csv,范志食品有限公司,99711994,,臺南市仁德區後壁里民安路1段310巷32弄19號,臺南市仁德區後壁里,蕭嘉明,24359549,有限公司,,0990701,生產中,08食品製造業  ,089其他食品  
11508.csv,茄信鋼品企業社,64010204,,高雄市茄萣區崎漏里大勇路9號,高雄市茄萣區崎漏里,王信賢,94619688,獨資,,1140818,生產中,31其他運輸工具及其零件製造業  ,311船舶及浮動設施  
11508.csv,華一彩色印刷有限公司,67002417,,臺南市永康區甲頂里中央路35號,臺南市永康區甲頂里,李冠瑤,54564526,有限公司,,1080705,生產中,16印刷及資料儲存媒體複製業  ,160印刷及資料儲存媒體複製  
11508.csv,華鉅鋼鐵有限公司,64006764,,高雄市岡山區灣裡里岡山北路2巷35號,高雄市岡山區灣裡里,童建華,27846543,有限公司,,1020412,生產中,24基本金屬製造業、25金屬製品製造業  ,241鋼鐵、254金屬加工處理  
11508.csv,萬合特殊鋼有限公司,99625488,06710000300135,桃園市中壢區內定里定安路一三號,桃園市中壢區內定里,林淑興　　　,07654089,有限公司,0671122,0690905,生產中,24基本金屬製造業  ,241鋼鐵  
11508.csv,萬吉車業股份有限公司,S0900044,,雲林縣西螺鎮埤頭里埤頭76-22號,雲林縣西螺鎮埤頭里,陳泓誠,24232000,股份有限公司,,1090427,生產中,30汽車及其零件製造業  ,302車體、303汽車零件  
11508.csv,萬味軒食品工業股份有限公司清水廠,66012437,,臺中市清水區下湳里三田路1之12號,臺中市清水區下湳里,蔡宇宸,56291944,股份有限公司,,1150529,生產中,08食品製造業  ,081肉類加工  
11508.csv,萬至企業股份有限公司,S6401243,,高雄市路竹區三爺里民權路165巷17號,高雄市路竹區三爺里,蔡丁瑞明,97033061,股份有限公司,,1140502,生產中,25金屬製品製造業  ,251金屬刀具、手工具及模具  
11508.csv,萬興實業有限公司,68004939,,桃園市龜山區嶺頂里萬壽路二段349號,桃園市龜山區嶺頂里,林育洋,90324297,有限公司,,1110623,生產中,25金屬製品製造業、32家具製造業  ,259其他金屬製品、320家具  
11508.csv,萬興金屬製鎖有限公司,99665891,07510099124130,屏東縣內埔鄉和興村竹山路91號,屏東縣內埔鄉和興村,李秀枝,22243699,有限公司,0750424,0750424,生產中,25金屬製品製造業  ,259其他金屬製品  
11508.csv,裕大輪圈股份有限公司平鎮廠,99688477,,桃園市平鎮區湧安里工業十路13號,桃園市平鎮區湧安里,朱永靖,02657740,股份有限公司,,0940711,生產中,25金屬製品製造業、24基本金屬製造業、30汽車及其零件製造業  ,254金屬加工處理、242鋁、303汽車零件  
11508.csv,裕家實業有限公司蘆竹廠,68003567,,桃園市蘆竹區新興里中興一街34號(1樓),桃園市蘆竹區新興里,林育聖,83473243,有限公司,,1090805,生產中,25金屬製品製造業、29機械設備製造業  ,254金屬加工處理、259其他金屬製品、293通用機械設備  
11508.csv,裕興工業社,S6800257,,桃園市蘆竹區中福里龍安街二段460之1號1樓,桃園市蘆竹區中福里,康添倫,98243425,獨資,,1090601,生產中,29機械設備製造業  ,293通用機械設備  
11508.csv,福果國際股份有限公司阿蓮廠,64006941,,高雄市阿蓮區阿蓮里永豐路18號,高雄市阿蓮區阿蓮里,謝文峰,53243174,股份有限公司,,1021218,生產中,08食品製造業、09飲料製造業  ,083蔬果加工、085乳品、092非酒精飲料  
11508.csv,詠慶鋼鐵有限公司,S1000014,,嘉義縣民雄鄉大崎村十四甲820號,嘉義縣民雄鄉大崎村,謝慶坤,89225642,有限公司,,1090429,生產中,25金屬製品製造業  ,254金屬加工處理  
11508.csv,詠承企業股份有限公司,99637385,07410006113314,臺中市太平區長億里長億二街四０號,臺中市太平區長億里,蘇承龍,23506065,股份有限公司,0740701,0741113,生產中,24基本金屬製造業  ,242鋁  
11508.csv,詠承鋼鐵股份有限公司,99670415,09010019000037,臺中市東區東門里振興路174號,臺中市東區東門里,賴玉花,80225184,股份有限公司,0900115,0900119,生產中,25金屬製品製造業  ,254金屬加工處理  
11508.csv,詠振工業有限公司,66010351,,臺中市大里區仁德里四育街20號,臺中市大里區仁德里,吳勇慶,53152413,有限公司,,1111219,生產中,25金屬製品製造業、29機械設備製造業  ,251金屬刀具、手工具及模具、293通用機械設備  
11508.csv,誠堃企業股份有限公司線西廠,99650334,07910007070871,彰化縣線西鄉頂犁村中央路一段三號,彰化縣線西鄉頂犁村,林淑芳,22081836,股份有限公司,0790606,0790621,生產中,24基本金屬製造業  ,241鋼鐵  
11508.csv,誠大機械有限公司,66009779,,臺中市大里區大元里國光路一段82之4號,臺中市大里區大元里,曾暉翔,24260434,有限公司,,1110127,生產中,25金屬製品製造業、29機械設備製造業  ,253金屬容器、254金屬加工處理、293通用機械設備  
11508.csv,調味大師展業有限公司(中和廠),65007645,,新北市中和區員山里員山路506之4號7樓,新北市中和區員山里,陳燕芳,24223092,有限公司,,1080328,生產中,08食品製造業  ,089其他食品  
11508.csv,諄昇工業有限公司,99611867,07510001324281,新北市新莊區頭前里化成路五五四巷一六弄六號,新北市新莊區頭前里,邱文仕,22585724,有限公司,0751016,0760923,生產中,29機械設備製造業、25金屬製品製造業  ,293通用機械設備、251金屬刀具、手工具及模具  
11508.csv,諒興鐵材行五股廠,99696216,,新北市五股區興珍里四維路一五五巷三二號一樓,新北市五股區興珍里,施諒城,35873233,獨資,,0951215,生產中,24基本金屬製造業、25金屬製品製造業  ,241鋼鐵、254金屬加工處理  
11508.csv,谷村有限公司二廠,S0702665,,彰化縣鹿港鎮溝墘里溝漧巷71之8號、71-9號,彰化縣鹿港鎮溝墘里,黃瑞濱,83242172,有限公司,,1131101,生產中,25金屬製品製造業  ,259其他金屬製品  
11508.csv,谷村有限公司,07004118,,彰化縣鹿港鎮頭崙里頂草路二段74號1樓,彰化縣鹿港鎮頭崙里,黃瑞濱,83242172,有限公司,,1100226,生產中,25金屬製品製造業  ,259其他金屬製品  
11508.csv,豐輿實業有限公司,99625601,08910003323788,桃園市平鎮區雙連里民族路雙連二段一一八巷五一弄三一號,桃園市平鎮區雙連里,劉國聰,84848705,有限公司,0890505,0890508,生產中,24基本金屬製造業、27電腦、電子產品及光學製品製造業  ,243銅、272通訊傳播設備  
11508.csv,豐輝股份有限公司,99653119,09010000002420,雲林縣斗六市榴南里斗工六路四五號,雲林縣斗六市榴南里,簡玉枝,86355310,股份有限公司,0900111,0900822,生產中,22塑膠製品製造業、25金屬製品製造業  ,220塑膠製品、254金屬加工處理  
11508.csv,豪泰塑膠企業有限公司,S0701416,,彰化縣芬園鄉嘉興村嘉中街750號,彰化縣芬園鄉嘉興村,黃盈彰,70624134,有限公司,,1091117,生產中,22塑膠製品製造業  ,220塑膠製品  
11508.csv,財田鐵工廠二廠,S6601696,,臺中市神岡區神洲里民權路45-3號,臺中市神岡區神洲里,張萬財,08289602,獨資,,1100412,生產中,24基本金屬製造業  ,241鋼鐵  
11508.csv,赫冶實業廠安南廠,67004074,,臺南市安南區安順里安和路四段36巷200弄48號,臺南市安南區安順里,施嘉華,00255891,獨資,,1140513,生產中,24基本金屬製造業  ,242鋁  
11508.csv,趴趴走食品廠有限公司,65011062,,新北市汐止區樟樹里大同路1段154之6號(1樓)、2樓,新北市汐止區樟樹里,張鑑弘  ,24325540,有限公司,,1120414,生產中,08食品製造業  ,089其他食品  
11508.csv,路健實業股份有限公司,99661290,,高雄市大寮區大寮里大有四街１號,高雄市大寮區大寮里,王紫焙,22482430,股份有限公司,,0900605,生產中,23非金屬礦物製品製造業  ,239其他非金屬礦物製品  
11508.csv,通泰興企業有限公司,99667883,08710018130850,新竹市香山區美山里中華路五段三二三巷七二號一樓,新竹市香山區美山里,陳志祥,16699241,有限公司,0871218,0871230,生產中,25金屬製品製造業  ,259其他金屬製品、254金屬加工處理  
11508.csv,通然順工業有限公司桃園廠,99624204,08510003300185,桃園市蘆竹區坑口里油管路二段251巷3號,桃園市蘆竹區坑口里,羅己能　　,35983230,有限公司,0851029,0851218,生產中,29機械設備製造業、25金屬製品製造業  ,293通用機械設備、259其他金屬製品  
11508.csv,連勤有限公司,99678096,08410007181350,彰化縣花壇鄉長沙村彰員路二段四四六號,彰化縣花壇鄉長沙村,陳　錫　川　,86241632,有限公司,0841019,0841106,生產中,29機械設備製造業  ,292其他專用機械設備、293通用機械設備  
11508.csv,進全鋼鐵有限公司,S6800410,,桃園市新屋區頭洲里高上路二段356巷56號,桃園市新屋區頭洲里,曾前清,22282600,有限公司,,1130507,生產中,25金屬製品製造業  ,254金屬加工處理  
11508.csv,達易機械科技有限公司,S6601060,,臺中市豐原區朴子里豐勢路二段819巷84號,臺中市豐原區朴子里,姚皖純,24210863,有限公司,,1090907,生產中,25金屬製品製造業、25金屬製品製造業、29機械設備製造業、30汽車及其零件製造業  ,259其他金屬製品、293通用機械設備、303汽車零件  
11508.csv,金樹玉實業有限公司,S0702655,,彰化縣花壇鄉文德村宏宅街65巷26號,彰化縣花壇鄉文德村,吳孫文,16224792,有限公司,,1131030,生產中,24基本金屬製造業、25金屬製品製造業  ,241鋼鐵、259其他金屬製品  
11508.csv,金牌電動車有限公司,99681144,,彰化縣花壇鄉長沙村中正東街３６號,彰化縣花壇鄉長沙村,施淮繼,24214256,有限公司,,0990409,生產中,30汽車及其零件製造業、31其他運輸工具及其零件製造業  ,301汽車、312機車及其零件、313自行車及其零件  
11508.csv,金諦鋼鐵有限公司,68003965,,桃園市桃園區龍鳳里裕和街17巷80號,桃園市桃園區龍鳳里,簡進益,83137848,有限公司,,1100308,生產中,25金屬製品製造業  ,252金屬結構及建築組件、254金屬加工處理  
11508.csv,金門超硬合金機械有限公司,99624305,07810003058527,桃園市中壢區興仁里興仁路一段一一五號,桃園市中壢區興仁里,方水枝　　　,23238097,有限公司,0780517,0780626,生產中,29機械設備製造業  ,292其他專用機械設備、293通用機械設備  
11508.csv,釱豐精密有限公司,99719233,,新北市蘆洲區中華里中山二路二一二號一樓,新北市蘆洲區中華里,吳張齊,24289489,有限公司,,0980427,生產中,25金屬製品製造業、29機械設備製造業  ,251金屬刀具、手工具及模具、293通用機械設備  
11508.csv,華中鋼鐵股份有限公司,99701024,,臺中市龍井區龍泉里龍新路二一六巷一弄五號,臺中市龍井區龍泉里,周弘修,86574933,股份有限公司,,0920903,生產中,25金屬製品製造業  ,259其他金屬製品  
11508.csv,華佑國際科技股份有限公司,99678175,,彰化縣埔鹽鄉瓦村光明路二段１４３號,彰化縣埔鹽鄉瓦村,施琬君,24254405,股份有限公司,,0911021,生產中,30汽車及其零件製造業  ,303汽車零件  
11508.csv,華佑國際科技股份有限公司一廠,S0702124,,彰化縣埔鹽鄉好修村光明路二段200-2號,彰化縣埔鹽鄉好修村,施琬君,24254405,股份有限公司,,1120911,生產中,30汽車及其零件製造業  ,303汽車零件  
11508.csv,藝墅家實業有限公司,67003402,,臺南市北區文成里文賢路520巷29號,臺南市北區文成里,鄭孟藝,24228929,有限公司,,1110831,生產中,25金屬製品製造業  ,252金屬結構及建築組件  
11508.csv,蜜思克事業有限公司,05000883,,苗栗縣公館鄉玉泉村4鄰玉泉111之15號1樓,苗栗縣公館鄉玉泉村,吳金明,52437623,有限公司,,1140324,生產中,11紡織業  ,113不織布  
11508.csv,見福紙器有限公司,99654847,07810000295573,嘉義縣朴子市大鄉里大槺榔179之50號,嘉義縣朴子市大鄉里,陳清水,66355241,有限公司,0781118,0781128,生產中,15紙漿、紙及紙製品製造業  ,152瓦楞紙板及紙容器  
11508.csv,觀鼎企業有限公司南港廠,18000111,,新竹市香山區南港里南港街68、68之1號,新竹市香山區南港里,莊瑞龍,47289215,有限公司,,1020320,生產中,23非金屬礦物製品製造業、24基本金屬製造業、25金屬製品製造業  ,234石材製品、243銅、249其他基本金屬、259其他金屬製品  
11508.csv,觀音環境資源科技股份有限公司觀音廠,99717642,,桃園市觀音區富林里觀音工業區工業七路5號,桃園市觀音區富林里,邱創海,80472184,股份有限公司,,0980417,生產中,22塑膠製品製造業、24基本金屬製造業  ,220塑膠製品、241鋼鐵、242鋁、243銅  
11508.csv,詮創科技有限公司,65011234,,新北市新莊區富民里中正路829巷22弄22號10樓,新北市新莊區富民里,陳宜信,24269408,有限公司,,1120630,生產中,27電腦、電子產品及光學製品製造業  ,271電腦及其週邊設備  
11508.csv,諭成有限公司工廠,99713800,,臺中市太平區建國里精美路４０８號,臺中市太平區建國里,陳招銘,24271501,有限公司,,0990805,生產中,25金屬製品製造業  ,251金屬刀具、手工具及模具、259其他金屬製品  
11508.csv,豐榮碾米廠,99666392,07510014097241,臺東縣臺東市豐榮里中華路二段192號,臺東縣臺東市豐榮里,莊順富,93448547,獨資,0751218,0751231,生產中,08食品製造業  ,086碾榖、磨粉及澱粉製品  
11508.csv,豪益工業社,07002669,10710007800243,彰化縣溪州鄉尾厝村光明六街2號1樓,彰化縣溪州鄉尾厝村,陳建昇,21892288,獨資,1070628,1070718,生產中,25金屬製品製造業  ,251金屬刀具、手工具及模具  
11508.csv,貫勝金屬有限公司,99704843,,高雄市大寮區潮寮里田單七街１４號,高雄市大寮區潮寮里,王智民,76447993,有限公司,,0941108,生產中,24基本金屬製造業  ,241鋼鐵  
11508.csv,賀聯工業股份有限公司,99633430,08910006222692,臺中市大甲區日南里東三街２號,臺中市大甲區日南里,吳茂育,24213094,股份有限公司,0890814,0900102,生產中,29機械設備製造業、30汽車及其零件製造業、31其他運輸工具及其零件製造業  ,291金屬加工用機械設備、303汽車零件、312機車及其零件、313自行車及其零件、319未分類其他運輸工具及其零件  
11508.csv,赫茲水資源開發有限公司,99620030,07810000185484,宜蘭縣礁溪鄉大忠村五峰路41號一樓,宜蘭縣礁溪鄉大忠村,魏約翰,24259529,有限公司,0780427,0780524,生產中,09飲料製造業  ,092非酒精飲料  
11508.csv,輝聖工業有限公司,99726056,,新北市樹林區三多里三德街六三號,新北市樹林區三多里,方炎輝,02087116,有限公司,,0990908,生產中,25金屬製品製造業、29機械設備製造業、24基本金屬製造業  ,251金屬刀具、手工具及模具、254金屬加工處理、293通用機械設備、242鋁  
11508.csv,農德興業股份有限公司,13001036,,屏東縣屏東市橋南里工業二路36號,屏東縣屏東市橋南里,劉基德,53243765,股份有限公司,,1150212,生產中,08食品製造業  ,087動物飼品  
11508.csv,通用不銹鋼有限公司,99635115,,臺中市梧棲區永安里向上路九段322巷39號,臺中市梧棲區永安里,卓金堂,89585300,有限公司,,0910305,生產中,25金屬製品製造業、24基本金屬製造業  ,252金屬結構及建築組件、259其他金屬製品、241鋼鐵  
11508.csv,通用化學鞋業股份有限公司,99635777,07210006043736,臺中市大甲區頂店里東西八路一段68號,臺中市大甲區頂店里,李照雄,56242037,股份有限公司,0720209,0630906,生產中,13皮革、毛皮及其製品製造業、11紡織業、12成衣及服飾品製造業、33其他製造業  ,121成衣、115紡織品、130皮革、毛皮及其製品、331育樂用品  
11508.csv,進和實業社,S0702423,,彰化縣秀水鄉下崙村惠南巷6號,彰化縣秀水鄉下崙村,張進和,39685450,獨資,,1130607,生產中,25金屬製品製造業  ,259其他金屬製品  
11508.csv,達望國際有限公司,66010902,,臺中市大里區大元里大衛路47號,臺中市大里區大元里,迪大衛,28682435,有限公司,,1121205,生產中,25金屬製品製造業、33其他製造業  ,259其他金屬製品、331育樂用品  
11508.csv,達靖企業股份有限公司蘆竹廠,68003096,,桃園市蘆竹區濱海里海山東街17號,桃園市蘆竹區濱海里,黃靖元,24361881,股份有限公司,,1081211,生產中,11紡織業、25金屬製品製造業、29機械設備製造業  ,115紡織品、259其他金屬製品、293通用機械設備  
11508.csv,邦傑塑膠有限公司,99707844,,桃園市觀音區崙坪里2鄰崙坪三路55巷88弄35號,桃園市觀音區崙坪里,梁信智,24228006,有限公司,,0970925,生產中,22塑膠製品製造業  ,220塑膠製品  
11508.csv,邦協發展企業有限公司,S6500111,,新北市樹林區東園里田尾街193巷21-2號,新北市樹林區東園里,梁育雯,80722438,有限公司,,1090512,生產中,22塑膠製品製造業  ,220塑膠製品  
11508.csv,邦協發展企業有限公司柑園廠,S6500034,,新北市樹林區東園里柑園街一段253巷61號之1,新北市樹林區東園里,梁育雯,80722438,有限公司,,1090429,生產中,22塑膠製品製造業  ,220塑膠製品  
11508.csv,金口金屬股份有限公司,99641705,06610006205208,臺中市神岡區庄後里厚生路57號,臺中市神岡區庄後里,盧原鎮,55851314,股份有限公司,0661214,0661214,生產中,24基本金屬製造業  ,243銅  
11508.csv,金振誠金屬有限公司,S0701119,,彰化縣大村鄉新興村旗興路一段347巷18號,彰化縣大村鄉新興村,許呈尉,24381232,有限公司,,1090807,生產中,25金屬製品製造業  ,259其他金屬製品  
11508.csv,金捷紳興業有限公司,68006440,,桃園市蘆竹區長興里南崁路二段228巷16弄33號,桃園市蘆竹區長興里,吳姝雯,90404783,有限公司,,1131129,生產中,24基本金屬製造業  ,242鋁  
11508.csv,金揚有限公司,64007917,,高雄市前鎮區信義里新衙路288-6號2樓之1,高雄市前鎮區信義里,粘哲瑋,59243340,有限公司,,1060904,生產中,25金屬製品製造業、29機械設備製造業  ,253金屬容器、259其他金屬製品、292其他專用機械設備、293通用機械設備  
11508.csv,金櫃有限公司,99632312,08010005024343,苗栗縣卓蘭鎮內灣里內灣三號,苗栗縣卓蘭鎮內灣里,張鈴鈴,86083205,有限公司,0800307,0800315,生產中,21橡膠製品製造業、22塑膠製品製造業  ,210橡膠製品、220塑膠製品  
11508.csv,金玉糧行,S6700277,,臺南市下營區茅港里茅港尾53之6、53之7號,臺南市下營區茅港里,王淑娟,37622424,獨資,,1091006,生產中,08食品製造業  ,086碾榖、磨粉及澱粉製品  
11508.csv,金笠科技有限公司,99623262,08810003324359,桃園市八德區茄苳里永豐路二七六巷十二號,桃園市八德區茄苳里,張菊昭,80128269,有限公司,0880114,0880121,生產中,26電子零組件製造業  ,263印刷電路板  
11508.csv,鈊富工業股份有限公司,67001348,,臺南市新營區中營里開元路100、102號,臺南市新營區中營里,楊薫鴻,54081872,股份有限公司,,1041112,生產中,24基本金屬製造業  ,241鋼鐵  
11508.csv,茗星事業有限公司,S6701260,,臺南市新化區崙頂里崙子頂287之75號,臺南市新化區崙頂里,周銘彥,24289002,有限公司,,1150511,生產中,08食品製造業  ,089其他食品  
11508.csv,華信水織布實業股份有限公司,68002430,,桃園市大溪區瑞源里石園路230號,桃園市大溪區瑞源里,張文獻,89959010,股份有限公司,,1071218,生產中,11紡織業  ,113不織布  
11508.csv,華鏞機械工業股份有限公司小港廠,64004807,8164068469,高雄市小港區港口里同利路５號,高雄市小港區港口里,夏朝崐,79412435,股份有限公司,0811221,0820114,生產中,29機械設備製造業  ,293通用機械設備  
11508.csv,華鏞機械工業股份有限公司,64006175,,高雄市左營區菜公里菜公一路６２巷１７號,高雄市左營區菜公里,夏朝崐,79412435,股份有限公司,,0990705,生產中,29機械設備製造業、30汽車及其零件製造業、31其他運輸工具及其零件製造業  ,303汽車零件、293通用機械設備、312機車及其零件、319未分類其他運輸工具及其零件  
11508.csv,華鏞機械工業股份有限公司,64006608,,高雄市鳳山區鎮北里鳳仁路95號,高雄市鳳山區鎮北里,夏朝崐,79412435,股份有限公司,,1010815,生產中,29機械設備製造業、30汽車及其零件製造業、31其他運輸工具及其零件製造業  ,293通用機械設備、303汽車零件、312機車及其零件、319未分類其他運輸工具及其零件  
11508.csv,華鏞機械工業股份有限公司美山廠,64009876,,高雄市鳥松區仁美里美山路8號,高雄市鳥松區仁美里,夏朝崐,79412435,股份有限公司,,1130716,生產中,31其他運輸工具及其零件製造業  ,312機車及其零件  
11508.csv,萬在工業股份有限公司,99683509,07510011068703,臺南市關廟區關廟里中山路2段260號,臺南市關廟區關廟里,萬正乾　,22212598,股份有限公司,0750617,0760408,生產中,24基本金屬製造業、25金屬製品製造業、26電子零組件製造業、30汽車及其零件製造業  ,242鋁、251金屬刀具、手工具及模具、269其他電子零組件、303汽車零件  
11508.csv,萬域電腦印刷有限公司,S6602241,,臺中市霧峰區四德里新埔路239號,臺中市霧峰區四德里,林怡佑,16943688,有限公司,,1131112,生產中,16印刷及資料儲存媒體複製業  ,160印刷及資料儲存媒體複製  
11508.csv,萬壽鋁業股份有限公司永康分廠,99660243,99910099000564,臺南市永康區塩行里中正南路468號,臺南市永康區塩行里,余淑貞,68767959,股份有限公司,0581204,0610413,生產中,24基本金屬製造業  ,242鋁  
11508.csv,萬大禾鋼鐵股份有限公司,S6400973,,高雄市大寮區內坑里仁德路17-15、17-17號,高雄市大寮區內坑里,陳麗如,86607738,股份有限公司,,1110120,生產中,25金屬製品製造業  ,254金屬加工處理  
11508.csv,萬豐鋼鐵股份有限公司,99686607,07310003079676,桃園市龜山區南上里南上路498號,桃園市龜山區南上里,林連春　　　,16425545,股份有限公司,0730803,0790605,生產中,30汽車及其零件製造業  ,303汽車零件  
11508.csv,萬豐碾米廠,99624027,06910000241872,桃園市中壢區水尾里新生路二段三三○號,桃園市中壢區水尾里,廖健宏　　　,45050481,獨資,0691204,0700629,生產中,08食品製造業  ,086碾榖、磨粉及澱粉製品  
11508.csv,蒲菲科技有限公司,66012433,,臺中市東區東門里旱溪西路一段190巷15號1樓,臺中市東區東門里,陳卉庭,28539446,有限公司,,1150520,生產中,29機械設備製造業  ,291金屬加工用機械設備、293通用機械設備  
11508.csv,藝林鑄機股份有限公司二廠,68005484,,桃園市新屋區永安里12鄰永福路651號,桃園市新屋區永安里,徐一峯,22364362,股份有限公司,,1120525,生產中,24基本金屬製造業  ,241鋼鐵  
11508.csv,融樂化工工業股份有限公司,07000371,,彰化縣彰化市牛埔里彰南路三段234巷86弄21號1樓,彰化縣彰化市牛埔里,林金盆,24275909,股份有限公司,,1001201,生產中,22塑膠製品製造業  ,220塑膠製品  
11508.csv,裕峰工業股份有限公司,99660273,06110000131475,臺南市仁德區一甲里中正路3段242巷25號,臺南市仁德區一甲里,鄭重慶,69273589,股份有限公司,0611222,0630724,生產中,25金屬製品製造業、29機械設備製造業  ,254金屬加工處理、259其他金屬製品、291金屬加工用機械設備  
11508.csv,裕強五金有限公司,66004800,,臺中市神岡區岸裡里中山路241巷9號,臺中市神岡區岸裡里,陳裕雄,25160171,有限公司,,1050803,生產中,25金屬製品製造業  ,259其他金屬製品  
11508.csv,詠智機械有限公司,99627634,,桃園市中壢區內定里內定七街320號,桃園市中壢區內定里,高福來,97422414,有限公司,,0911017,生產中,25金屬製品製造業、29機械設備製造業、26電子零組件製造業  ,259其他金屬製品、293通用機械設備、291金屬加工用機械設備、269其他電子零組件  
11508.csv,詮宇勝企業股份有限公司鑄造廠,07005569,,彰化縣鹿港鎮海埔里工業西七路6-1號,彰化縣鹿港鎮海埔里,陳啓鋒,54958660,股份有限公司,,1130524,生產中,24基本金屬製造業  ,243銅  
11508.csv,諻驛企業有限公司,99609966,07410001184857,新北市三重區頂崁里光復路二段四五號,新北市三重區頂崁里,陳進雄,35946242,有限公司,0740708,0740724,生產中,29機械設備製造業、25金屬製品製造業、26電子零組件製造業、31其他運輸工具及其零件製造業、33其他製造業  ,259其他金屬製品、293通用機械設備、251金屬刀具、手工具及模具、264光電材料及元件、269其他電子零組件、319未分類其他運輸工具及其零件、339未分類其他製品  
11508.csv,豐欣銅針有限公司,99609418,07910001213645,新北市五股區興珍里中興路一段一一八巷六弄二四號,新北市五股區興珍里,賴婯綺,36099625,有限公司,0790808,0790901,生產中,24基本金屬製造業  ,243銅、249其他基本金屬  
11508.csv,豐鈞木工機廠,99672563,07510020037713,嘉義市西區新厝里保安二路５２號,嘉義市西區新厝里,陳永隆　　　,06243601,獨資,0750708,0750902,生產中,29機械設備製造業、25金屬製品製造業  ,292其他專用機械設備  
11508.csv,豐鈿鋼鐵股份有限公司,99664287,07610012095743,高雄市仁武區烏林里仁心路２５５號,高雄市仁武區烏林里,陳綉美,89230666,股份有限公司,0791231,0791231,生產中,24基本金屬製造業  ,241鋼鐵  
11508.csv,豐銂工業股份有限公司,S6601730,,臺中市神岡區庄前里庄前路1號,臺中市神岡區庄前里,張秉豐,28387476,股份有限公司,,1101006,生產中,24基本金屬製造業  ,241鋼鐵  
11508.csv,豐銘機械有限公司,99685242,08310012139452,高雄市大寮區內坑里內坑路9-15、9-16號,高雄市大寮區內坑里,陳啟軒,89411771,有限公司,0830822,0830916,生產中,29機械設備製造業  ,292其他專用機械設備、293通用機械設備  
11508.csv,豐鋅彩色鋼品有限公司二廠,07002061,,彰化縣彰化市新興里金馬路二段712巷37弄5號1樓,彰化縣彰化市新興里,黃琮閔,53040500,有限公司,,1060303,生產中,25金屬製品製造業  ,252金屬結構及建築組件  
11508.csv,豪興紙器工廠,99649081,06910000244301,彰化縣福興鄉廈粘村沿海路3段196之1號,彰化縣福興鄉廈粘村,蔣瑞騰　　,59285241,獨資,0691217,0701027,生產中,15紙漿、紙及紙製品製造業  ,152瓦楞紙板及紙容器  
11508.csv,貫宏精密工業有限公司,99672274,06710000090895,臺中市東區東橋里建功街90號,臺中市東區東橋里,田國華,28502757,獨資,0580101,0690320,生產中,24基本金屬製造業、25金屬製品製造業  ,241鋼鐵、254金屬加工處理  
11508.csv,貫德鋼鐵有限公司,65002291,,新北市三重區仁華里仁華街118巷24號,新北市三重區仁華里,徐鳳英,86540408,有限公司,,1020614,生產中,24基本金屬製造業  ,241鋼鐵  
11508.csv,賀遠精密科技有限公司,66012242,,臺中市后里區義里里甲后路一段278巷17弄38號,臺中市后里區義里里,黃世傑,83024302,有限公司,,1150115,生產中,25金屬製品製造業、29機械設備製造業  ,259其他金屬製品、291金屬加工用機械設備、293通用機械設備  
11508.csv,輝誼股份有限公司蘆竹廠,99707884,,桃園市蘆竹區中福里15鄰內定二街636巷86號,桃園市蘆竹區中福里,許水教,22415524,股份有限公司,,0971020,生產中,29機械設備製造業、30汽車及其零件製造業、31其他運輸工具及其零件製造業  ,292其他專用機械設備、303汽車零件、312機車及其零件  
11508.csv,輝達玻璃股份有限公司八里廠,65012414,,新北市八里區訊塘里商港五路67號,新北市八里區訊塘里,陳連蘭馨,23502808,股份有限公司,,1131231,生產中,23非金屬礦物製品製造業  ,231玻璃及其製品  
11508.csv,通田金屬廠,99647167,06510000015108,彰化縣和美鎮大霞里太平路５７４巷５號,彰化縣和美鎮大霞里,黃許淑梅　,59008892,獨資,0650207,0650604,生產中,24基本金屬製造業、33其他製造業  ,241鋼鐵、339未分類其他製品  
11508.csv,連將有限公司,66004478,,臺中市大里區仁化里仁美路137巷25號,臺中市大里區仁化里,李清山,80243346,有限公司,,1050406,生產中,25金屬製品製造業  ,259其他金屬製品  
11508.csv,連將有限公司二廠,S6603264,,臺中市烏日區溪埧里環中路八段260巷6號,臺中市烏日區溪埧里,李清山,80243346,有限公司,,1150515,生產中,25金屬製品製造業、29機械設備製造業、30汽車及其零件製造業  ,254金屬加工處理、259其他金屬製品、291金屬加工用機械設備、302車體  
11508.csv,進寶企業社,08000031,,南投縣南投市平山里自強三路7號,南投縣南投市平山里,林進昇,19241401,合夥,,1000822,生產中,24基本金屬製造業  ,241鋼鐵  
11508.csv,達鴻工業社,99701242,,臺中市潭子區潭秀里雅潭路一段二三六號,臺中市潭子區潭秀里,莊義芳,08324208,獨資,,0921023,生產中,25金屬製品製造業、29機械設備製造業  ,259其他金屬製品、293通用機械設備  
11508.csv,邦彥企業有限公司,99701977,,臺中市大里區瑞城里中興路一段2巷81弄50號,臺中市大里區瑞城里,歐施麗禎,22411127,有限公司,,0930927,生產中,25金屬製品製造業、29機械設備製造業  ,251金屬刀具、手工具及模具、259其他金屬製品、293通用機械設備  
11508.csv,金信利合板有限公司,99647339,08710007026485,彰化縣鹿港鎮海埔里鹿草路２段１９６號,彰化縣鹿港鎮海埔里,顏進達,16272436,有限公司,0870227,0870420,生產中,14木竹製品製造業  ,140木竹製品  
11508.csv,金合發鋼鐵股份有限公司,64000393,6264019068,高雄市小港區山明里利昌街３號,高雄市小港區山明里,陳鴻智,15176809,股份有限公司,0621030,0670425,生產中,24基本金屬製造業  ,241鋼鐵  
11508.csv,金家企業股份有限公司二廠,99655060,08410010006243,嘉義縣大林鎮明華里湖底153-1號,嘉義縣大林鎮明華里,黃哲奇,22279788,股份有限公司,0840807,0841007,生產中,11紡織業  ,115紡織品  
11508.csv,金富勝鋼鐵有限公司,S0900051,,雲林縣斗南鎮田頭里延平北路326號,雲林縣斗南鎮田頭里,柯進武,86095645,有限公司,,1090428,生產中,25金屬製品製造業  ,254金屬加工處理  
11508.csv,金新企業有限公司,13000965,,屏東縣屏東市前進里24鄰大溪路317-1號,屏東縣屏東市前進里,林暄智,83548315,有限公司,,1140502,生產中,24基本金屬製造業、25金屬製品製造業  ,242鋁、254金屬加工處理  
11508.csv,金正達科技有限公司,99631964,,苗栗縣頭份市東庄里一０鄰民族路五０二巷一八號一樓,苗栗縣頭份市東庄里,黃玄昌,12924942,有限公司,,0910130,生產中,23非金屬礦物製品製造業、24基本金屬製造業  ,234石材製品、241鋼鐵  
11508.csv,金氏鋼鐵股份有限公司仁武廠,99662162,07410012110596,高雄市仁武區竹後里水管路１６８號,高雄市仁武區竹後里,金永欽,86439971,股份有限公司,0791231,0791231,生產中,25金屬製品製造業  ,252金屬結構及建築組件、259其他金屬製品  
11508.csv,金瑞文機電有限公司二廠,S6400815,,高雄市永安區維新里維新路光明三巷3號,高雄市永安區維新里,李郭麗雲,23072434,有限公司,,1091016,生產中,29機械設備製造業  ,292其他專用機械設備  
11508.csv,金瑞泰鐵工廠,99666405,06910014088539,臺東縣臺東市中正里福建路一五Ｏ號,臺東縣臺東市中正里,盧建榮,93181202,獨資,0690228,0690228,生產中,24基本金屬製造業  ,241鋼鐵  
11508.csv,金統洋酒業股份有限公司,99713060,,臺中市太平區德隆里德隆路１２２巷３７弄８號,臺中市太平區德隆里,鄭堯天,24247046,股份有限公司,,0971121,生產中,09飲料製造業  ,091酒精飲料  
11508.csv,金緯工業股份有限公司,99659129,07910011074276,臺南市安定區安加里安定258之34號,臺南市安定區安加里,顏金霸　　　,23720488,股份有限公司,0790609,0800401,生產中,24基本金屬製造業  ,241鋼鐵  
11508.csv,金豐行,07001213,,彰化縣埔鹽鄉崑崙村彰水路一段33-9號1樓,彰化縣埔鹽鄉崑崙村,陳月雲,60241685,合夥,,1030606,生產中,22塑膠製品製造業  ,220塑膠製品  
11508.csv,金隆發鋼鐵有限公司,99621096,,桃園市蘆竹區新興里中興一街五五及五七號,桃園市蘆竹區新興里,翁金傳,16908710,有限公司,,0900521,生產中,25金屬製品製造業  ,254金屬加工處理  
11508.csv,鈜竣精密機械有限公司,68003629,,桃園市中壢區文化里長春二路116號1樓,桃園市中壢區文化里,林慧珠,50924176,有限公司,,1090904,生產中,25金屬製品製造業  ,254金屬加工處理  
11508.csv,華成鋼鐵有限公司,67000631,,臺南市安南區安順里安和路四段36巷88號,臺南市安南區安順里,邱進財,54075180,有限公司,,1020528,生產中,25金屬製品製造業  ,254金屬加工處理  
11508.csv,華陽精密工業股份有限公司,S6602730,,臺中市神岡區庄後里溝心路52號,臺中市神岡區庄後里,吳岳樺,24206951,股份有限公司,,1140916,生產中,29機械設備製造業  ,293通用機械設備  
11508.csv,萬大鋁業股份有限公司,99652454,08010000000611,南投縣南投市平山里仁和路141號,南投縣南投市平山里,洪永富,22805500,股份有限公司,0800527,0800527,生產中,24基本金屬製造業、31其他運輸工具及其零件製造業、33其他製造業  ,242鋁、313自行車及其零件、331育樂用品  
11508.csv,萬大禾鋼鐵股份有限公司和發廠,64009600,,高雄市大寮區上寮里上發一路36號,高雄市大寮區上寮里,陳麗如,86607738,股份有限公司,,1120519,生產中,25金屬製品製造業  ,254金屬加工處理  
11508.csv,萬家機械股份有限公司,99632415,07910005099334,苗栗縣頭屋鄉象山村一四鄰濫坑四一號,苗栗縣頭屋鄉象山村,毛炳煌,23869262,股份有限公司,0791001,0791101,生產中,29機械設備製造業  ,293通用機械設備  
11508.csv,萬越鋼鐵有限公司桃園二廠,68006855,,桃園市桃園區汴洲里春日路1434巷117號,桃園市桃園區汴洲里,吳順村,97043286,有限公司,,1140630,生產中,25金屬製品製造業、29機械設備製造業  ,252金屬結構及建築組件、254金屬加工處理、293通用機械設備  
11508.csv,萬越鋼鐵有限公司桃園廠,68001755,,桃園市桃園區汴洲里春日路1434巷115號,桃園市桃園區汴洲里,吳順村,97043286,有限公司,,1070123,生產中,25金屬製品製造業、29機械設備製造業  ,252金屬結構及建築組件、254金屬加工處理、293通用機械設備  
11508.csv,萬道工業股份有限公司新屋廠,99629917,08310003140669,桃園市新屋區社子里1之17、1之16號,桃園市新屋區社子里,吳修哲,84790041,股份有限公司,0830811,0831024,生產中,24基本金屬製造業、30汽車及其零件製造業  ,242鋁、303汽車零件  
11508.csv,蓁興紙器有限公司,65005398,,新北市三峽區介壽里介壽路1段320號6樓,新北市三峽區介壽里,林苡蓁,53224198,有限公司,,1051027,生產中,15紙漿、紙及紙製品製造業  ,151紙漿、紙、紙板、152瓦楞紙板及紙容器  
11508.csv,融衡工業股份有限公司桃園廠,99627030,,桃園市桃園區中德里國際路一段四一四巷一五二弄一０號,桃園市桃園區中德里,古兆廣,89737600,股份有限公司,,0910920,生產中,24基本金屬製造業、29機械設備製造業、30汽車及其零件製造業、31其他運輸工具及其零件製造業  ,242鋁、249其他基本金屬、293通用機械設備、291金屬加工用機械設備、303汽車零件、312機車及其零件、313自行車及其零件、292其他專用機械設備  
11508.csv,福南鋼鐵股份有限公司屏東廠,99699807,,屏東縣內埔鄉豐田村建國路32號,屏東縣內埔鄉豐田村,梁新,83395583,股份有限公司,,0980112,生產中,25金屬製品製造業  ,254金屬加工處理  
11508.csv,福南鋼鐵股份有限公司臨海二廠,64005401,08664011131097,高雄市小港區東林路１２號,高雄市小港區山明里,梁新,83395583,股份有限公司,0861126,0870318,生產中,25金屬製品製造業  ,259其他金屬製品  
11508.csv,訊泰企業有限公司,99685647,,高雄市鳳山區鎮北里鳳仁路９８之２６號,高雄市鳳山區鎮北里,吳振泰,27263737,有限公司,,0931020,生產中,24基本金屬製造業  ,241鋼鐵  
11508.csv,訊騰精密股份有限公司大竹一廠,99622347,08910003324316,桃園市蘆竹區新興里中興一街15號,桃園市蘆竹區新興里,康龍元,70493631,股份有限公司,0890612,0890905,生產中,26電子零組件製造業  ,263印刷電路板  
11508.csv,詠栓工業有限公司,99672421,07610019001511,臺中市西區公正里大進街218號1樓,臺中市西區公正里,江阿屘,22504841,有限公司,0760612,0760616,生產中,25金屬製品製造業、29機械設備製造業  ,259其他金屬製品、293通用機械設備  
11508.csv,詮新工程股份有限公司桃園廠,99706715,,桃園市觀音區草漯里大同一路8號,桃園市觀音區草漯里,吳光明,96874184,股份有限公司,,0951123,生產中,24基本金屬製造業、25金屬製品製造業、29機械設備製造業  ,241鋼鐵、252金屬結構及建築組件、293通用機械設備  
11508.csv,誠正鋼鐵有限公司,99628828,08810003328473,桃園市蘆竹區山鼻里油管路一段766號,桃園市蘆竹區山鼻里,陳明麗,86249281,有限公司,0880806,0880831,生產中,25金屬製品製造業、24基本金屬製造業  ,252金屬結構及建築組件、241鋼鐵  
11508.csv,貫昌企業股份有限公司,99644429,07710006111242,臺中市大甲區武陵里興安路217巷9號,臺中市大甲區武陵里,李麗華,23201916,股份有限公司,0770706,0770815,生產中,24基本金屬製造業、29機械設備製造業  ,241鋼鐵、293通用機械設備  
11508.csv,貫昌企業股份有限公司一廠,66012436,11566000600778,臺中市大甲區義和里興安路209號、209之1號,臺中市大甲區義和里,李麗華,23201916,股份有限公司,1150429,1150604,生產中,25金屬製品製造業  ,254金屬加工處理  
11508.csv,躍光工業股份有限公司,99693273,,新北市八里區埤頭里忠孝路492號,新北市八里區埤頭里,姚世彬,84526599,股份有限公司,,0931104,生產中,29機械設備製造業、25金屬製品製造業、24基本金屬製造業  ,293通用機械設備、251金屬刀具、手工具及模具、259其他金屬製品、241鋼鐵  
11508.csv,農苑生物科技股份有限公司,66007527,,臺中市西屯區大河里長安路一段61-17號,臺中市西屯區大河里,施彥安,24345709,股份有限公司,,1080627,生產中,18化學材料及肥料製造業  ,183肥料及氮化合物  
11508.csv,通益鋼纜股份有限公司,99632679,07510005213674,苗栗縣通霄鎮新埔里七鄰秋茂路三三號,苗栗縣通霄鎮新埔里,黃文生,22380715,有限公司,0750820,0750820,生產中,24基本金屬製造業、25金屬製品製造業、31其他運輸工具及其零件製造業  ,241鋼鐵、259其他金屬製品、313自行車及其零件  
11508.csv,通禹精密股份有限公司,99623841,08710003266819,桃園市平鎮區建安里平東路六五九巷三六號,桃園市平鎮區建安里,羅新福　　　,23408888,股份有限公司,0870710,0880609,生產中,29機械設備製造業、25金屬製品製造業、24基本金屬製造業、28電力設備及配備製造業  ,241鋼鐵、259其他金屬製品、293通用機械設備、281發電、輸電及配電機械  
11508.csv,通緯鋼鐵股份有限公司,63020121,08263000020362,臺北市南港區三重里重陽路四六五號,臺北市南港區三重里,林朝欽,23295224,股份有限公司,0820514,0820619,生產中,24基本金屬製造業  ,243銅  
11508.csv,達清環保企業股份有限公司觀音廠,68006363,,桃園市觀音區樹林里工業五路37號,桃園市觀音區樹林里,戴文斌,16424285,股份有限公司,,1131118,生產中,33其他製造業  ,339未分類其他製品  
11508.csv,達源盛工業有限公司二廠,S0700446,,彰化縣鹿港鎮頭崙里頂草路二段421巷165號,彰化縣鹿港鎮頭崙里,許銘沅,12624229,有限公司,,1090601,生產中,22塑膠製品製造業、25金屬製品製造業、29機械設備製造業  ,220塑膠製品、251金屬刀具、手工具及模具、259其他金屬製品、293通用機械設備  
11508.csv,遠丞鋁業有限公司,99658255,08010011080291,臺南市佳里區六安里六安117之31號,臺南市佳里區六安里,林素月　　　,22106098,有限公司,0800705,0811205,生產中,25金屬製品製造業、24基本金屬製造業  ,252金屬結構及建築組件、242鋁  
11508.csv,邦翰企業有限公司,68003371,,桃園市大溪區月眉里信義路455巷21號,桃園市大溪區月眉里,曾坤男,80042431,有限公司,,1090430,生產中,29機械設備製造業  ,293通用機械設備  
11508.csv,金信崴企業股份有限公司,99646724,08210007058402,彰化縣伸港鄉全興村全興路５６之１號,彰化縣伸港鄉全興村,黃裕仁　,89243515,股份有限公司,0820805,0820819,生產中,25金屬製品製造業  ,259其他金屬製品  
11508.csv,金信崴企業股份有限公司二廠,S0701868,,彰化縣伸港鄉全興村全興路臨56-8號,彰化縣伸港鄉全興村,黃裕仁,89243515,股份有限公司,,1120117,生產中,25金屬製品製造業、30汽車及其零件製造業、31其他運輸工具及其零件製造業  ,259其他金屬製品、303汽車零件、312機車及其零件  
11508.csv,金吉興鋼鐵有限公司,S6600125,,臺中市霧峰區舊正里北岸路37號,臺中市霧峰區舊正里,張正宜,12801940,有限公司,,1090525,生產中,25金屬製品製造業  ,252金屬結構及建築組件  
11508.csv,金富泉貿易有限公司台中廠,99703859,,臺中市梧棲區永安里臨港路二段166巷116號,臺中市梧棲區永安里,林詩凱,16457975,有限公司,,0950921,生產中,24基本金屬製造業  ,241鋼鐵  
11508.csv,金永全工業有限公司,99642279,08510006107838,臺中市大里區大元里中興路二段六五巷三０號,臺中市大里區大元里,蕭志成,96864242,有限公司,0850515,0850527,生產中,25金屬製品製造業、29機械設備製造業  ,293通用機械設備、251金屬刀具、手工具及模具  
11508.csv,金瑞發企業行永康廠,99659101,,臺南市永康區塩洲里中正南路453巷12號,臺南市永康區塩洲里,吳孟龍,47824309,合夥,,0910528,生產中,24基本金屬製造業、25金屬製品製造業  ,254金屬加工處理、249其他基本金屬  
11508.csv,金貫工業股份有限公司,99671286,05810000015356,臺中市東區東信里振興路437巷90號,臺中市東區東信里,林明達,22415910,股份有限公司,0580101,0660416,生產中,29機械設備製造業  ,293通用機械設備、291金屬加工用機械設備  
11508.csv,金震豐有限公司二廠,07001859,,彰化縣溪湖鎮西溪里忠溪路178巷50弄1號1樓,彰化縣溪湖鎮西溪里,陳麗雲,24279927,有限公司,,1050729,生產中,12成衣及服飾品製造業  ,121成衣  
11508.csv,金震興農機廠有限公司烏日廠,S6601882,,臺中市烏日區溪埧里環中路八段350號,臺中市烏日區溪埧里,謝燈裕,52437948,有限公司,,1120601,生產中,29機械設備製造業  ,292其他專用機械設備  
11508.csv,金震豐有限公司,99680303,,彰化縣二林鎮華崙里二溪路7段627巷110、112號,彰化縣二林鎮華崙里,陳麗雲,24279927,有限公司,,0960209,生產中,33其他製造業  ,332醫療器材及用品  
11508.csv,金震豐有限公司工廠,S0703379,,彰化縣溪湖鎮頂庄里崙子脚路5-12號,彰化縣溪湖鎮頂庄里,陳麗雲,24279927,有限公司,,1140923,生產中,12成衣及服飾品製造業  ,121成衣  
11508.csv,金霖企業社,99612821,07810001162433,新北市三重區中興里光復路一段六八巷八號一、二樓,新北市三重區中興里,張美豐,02088591,獨資,0780620,0780705,生產中,11紡織業  ,115紡織品  
11508.csv,金霸鋼鐵有限公司,68002978,,桃園市觀音區富源里新富路1328號,桃園市觀音區富源里,余忠德,69677153,有限公司,,1081008,生產中,25金屬製品製造業  ,252金屬結構及建築組件  
11508.csv,鈞亘鋼鐵股份有限公司,99706845,,桃園市龍潭區烏林里工二路203號,桃園市龍潭區烏林里,鄭琮益,89871129,股份有限公司,,0960215,生產中,24基本金屬製造業、25金屬製品製造業  ,241鋼鐵、254金屬加工處理  
11508.csv,鈞亘鋼鐵股份有限公司二廠,68003702,,桃園市龍潭區烏林里工二路199號,桃園市龍潭區烏林里,鄭琮益,89871129,股份有限公司,,1091015,生產中,25金屬製品製造業  ,254金屬加工處理  
11508.csv,鈞任鋼鐵企業有限公司,S6602750,,臺中市烏日區東園里溪南路一段988巷261弄160號,臺中市烏日區東園里,侯建任,70422968,有限公司,,1140918,生產中,25金屬製品製造業  ,254金屬加工處理  
11508.csv,鈞傑工程有限公司,S6400149,,高雄市林園區潭頭里工業二路500號,高雄市林園區潭頭里,林瑞祥,76362241,有限公司,,1090703,生產中,25金屬製品製造業  ,253金屬容器  
11508.csv,鈞億五金行,66005870,,臺中市太平區長億里長億二街35號,臺中市太平區長億里,張美霞,72344243,獨資,,1060920,生產中,25金屬製品製造業  ,259其他金屬製品  
11508.csv,香澤實業股份有限公司湖口廠,99630159,08210000073511,新竹縣湖口鄉鳳山村仁政路１０號,新竹縣湖口鄉鳳山村,葉沛澤　　　,22418563,股份有限公司,0820507,0821230,生產中,25金屬製品製造業  ,254金屬加工處理  
11508.csv,駿強廣告有限公司桃園廠,03002425,,桃園市桃園區龍山里龍壽街300-3號,桃園市桃園區龍山里,邱耀豪,54513549,有限公司,,1030909,生產中,11紡織業、16印刷及資料儲存媒體複製業  ,115紡織品、160印刷及資料儲存媒體複製  
11508.csv,駿德有限公司,S0400091,,新竹縣新豐鄉新豐村5鄰紅毛136號,新竹縣新豐鄉新豐村,陳榮豪,80588609,有限公司,,1100615,生產中,24基本金屬製造業  ,241鋼鐵  
11508.csv,駿恒股份有限公司,99683900,07510011097321,臺南市仁德區土庫里太乙八街12號,臺南市仁德區土庫里,黃耀德　　　,22494739,股份有限公司,0750812,0760608,生產中,24基本金屬製造業  ,242鋁、249其他基本金屬  
11508.csv,高典家具有限公司,99704352,,臺中市神岡區豐洲里神洲路350號,臺中市神岡區豐洲里,吳育仁,24353691,有限公司,,0960710,生產中,29機械設備製造業、32家具製造業  ,293通用機械設備、320家具  
11508.csv,高正板金鐵材加工廠,99666432,06810014128571,臺東縣臺東市豐田里中興路四段二巷一二五號,臺東縣臺東市豐田里,鐘陳麗卿,93715086,獨資,0680614,0680614,生產中,24基本金屬製造業  ,241鋼鐵  
11508.csv,高氏饗宴國際股份有限公司永豐廠,65010982,,新北市土城區廷寮里永豐路195巷7弄21號,新北市土城區廷寮里,高烽棋,24743241,股份有限公司,,1120308,生產中,08食品製造業  ,081肉類加工、089其他食品  
11508.csv,高轟企業股份有限公司土城廠,99618873,08310001196860,新北市土城區頂埔里大暖路118號(1樓),新北市土城區頂埔里,顏信忠,34715928,股份有限公司,0830614,0831007,生產中,29機械設備製造業、25金屬製品製造業、24基本金屬製造業  ,291金屬加工用機械設備、293通用機械設備、251金屬刀具、手工具及模具、241鋼鐵、242鋁  
11508.csv,高辰企業有限公司,99662106,07410012093682,高雄市大寮區潮寮里富民街４號,高雄市大寮區潮寮里,吳義雄,79806796,有限公司,0791231,0791231,生產中,24基本金屬製造業  ,241鋼鐵  
11508.csv,鳳翔發工業社,S0702457,,彰化縣線西鄉寓埔村寓埔路167-11號,彰化縣線西鄉寓埔村,黃凱煜,82417482,獨資,,1130710,生產中,25金屬製品製造業  ,251金屬刀具、手工具及模具  
11508.csv,鴻富環保科技有限公司蘆竹廠,68007659,,桃園市蘆竹區新興里中興一街26號,桃園市蘆竹區新興里,林宏駿,24355620,有限公司,,1150610,生產中,29機械設備製造業  ,293通用機械設備  
11508.csv,鴻漢企業社,09001180,,雲林縣麥寮鄉海豐村忠和17號1樓,雲林縣麥寮鄉海豐村,張雲裕,72419525,獨資,,1110208,生產中,25金屬製品製造業  ,259其他金屬製品  
11508.csv,鹿港台麗實業股份有限公司三廠,S0700409,,彰化縣埔鹽鄉天盛村天盛路535號,彰化縣埔鹽鄉天盛村,陳美雪,60243369,股份有限公司,,1090528,生產中,32家具製造業  ,320家具  
11508.csv,鹿港台麗實業股份有限公司二廠,S0700408,,彰化縣埔鹽鄉天盛村天德南路168號,彰化縣埔鹽鄉天盛村,陳美雪,60243369,股份有限公司,,1090528,生產中,32家具製造業  ,320家具  
11508.csv,鉅威自動化股份有限公司,03001740,,桃園市中壢區文化里長春六路19號1、2、3樓,桃園市中壢區文化里,曾副語,24352172,股份有限公司,,1020624,生產中,29機械設備製造業  ,291金屬加工用機械設備、292其他專用機械設備、293通用機械設備  
11508.csv,鉅寶精密工業有限公司,S6602533,,臺中市大雅區西寶里昌平路四段282南19巷42號,臺中市大雅區西寶里,游宗憲,24395643,有限公司,,1140630,生產中,25金屬製品製造業  ,251金屬刀具、手工具及模具  
11508.csv,鉅展製刀有限公司,66009983,,臺中市神岡區社南里中山路667巷32弄9號1樓,臺中市神岡區社南里,高同田,24357319,有限公司,,1110504,生產中,25金屬製品製造業、29機械設備製造業  ,251金屬刀具、手工具及模具、259其他金屬製品、291金屬加工用機械設備  
11508.csv,鉅岱精機股份有限公司,99671640,08810019000576,臺中市東區東門里天乙街5號,臺中市東區東門里,林美玲,23388243,股份有限公司,0880531,0880715,生產中,29機械設備製造業  ,292其他專用機械設備  
11508.csv,銀泰機械股份有限公司,99620481,08110002023868,宜蘭縣宜蘭市梅洲里大坡路二段二七一號,宜蘭縣宜蘭市梅洲里,黃金興　　　,86269032,股份有限公司,0810402,0810723,生產中,24基本金屬製造業  ,242鋁、243銅  
11508.csv,銓銘金屬工業股份有限公司龜山廠,99625195,06110000131845,桃園市龜山區山頂里山鶯路358號,桃園市龜山區山頂里,張晃銘　　,31344727,股份有限公司,0580101,0650619,生產中,24基本金屬製造業  ,241鋼鐵  
11508.csv,錏鑄工業股份有限公司,67002075,,臺南市永康區三民里民東路9號,臺南市永康區三民里,楊國鼎,12781304,股份有限公司,,1070604,生產中,24基本金屬製造業  ,242鋁、249其他基本金屬  
11508.csv,錏霖企業有限公司三廠,S0702405,,彰化縣溪湖鎮河東里二溪路二段243號,彰化縣溪湖鎮河東里,楊坤淵,29092957,有限公司,,1130524,生產中,25金屬製品製造業  ,259其他金屬製品  
11508.csv,錐光金屬股份有限公司,99625330,08710003266850,桃園市大園區五權里合圳北路三段296號,桃園市大園區五權里,郭智雄　　　,23396567,股份有限公司,0870716,0880811,生產中,24基本金屬製造業、25金屬製品製造業、29機械設備製造業  ,241鋼鐵、252金屬結構及建築組件、293通用機械設備  
11508.csv,錕億鋼鐵股份有限公司,99623405,06210000074201,桃園市中壢區內定里合圳北路二段570號,桃園市中壢區內定里,李輝明　　　,23192748,股份有限公司,0620615,0641027,生產中,25金屬製品製造業  ,252金屬結構及建築組件、254金屬加工處理  
11508.csv,錦耀有限公司,99602436,07710001200140,新北市新莊區全安里武前街一八號一樓,新北市新莊區全安里,林聰德,36109601,有限公司,0770707,0770721,生產中,11紡織業  ,115紡織品  
11508.csv,鍇達企業有限公司,99707023,,桃園市龜山區嶺頂里宏昇街２號,桃園市龜山區嶺頂里,曹智強,12671242,有限公司,,0960531,生產中,29機械設備製造業、30汽車及其零件製造業、31其他運輸工具及其零件製造業、25金屬製品製造業  ,293通用機械設備、303汽車零件、312機車及其零件、254金屬加工處理、259其他金屬製品  
11508.csv,鏹豐企業股份有限公司,99627081,07710000260038,桃園市蘆竹區山腳里海山路165號,桃園市蘆竹區山腳里,簡武在　　　,22765021,股份有限公司,0770526,0770808,生產中,24基本金屬製造業、30汽車及其零件製造業  ,241鋼鐵、303汽車零件  
11508.csv,鐘元亨鋼鐵股份有限公司,99665737,07710099265283,屏東縣枋寮鄉東海村臨海路2段116號,屏東縣枋寮鄉東海村,鐘國聖,22530616,股份有限公司,0770801,0840317,生產中,24基本金屬製造業、25金屬製品製造業  ,241鋼鐵、254金屬加工處理  
11508.csv,鐘昱實業股份有限公司,99645217,08110000074340,彰化縣伸港鄉溪底村興工路５７號,彰化縣伸港鄉溪底村,鐘大權,59356202,股份有限公司,0810814,0821005,生產中,25金屬製品製造業、31其他運輸工具及其零件製造業、24基本金屬製造業  ,242鋁、259其他金屬製品、313自行車及其零件  
11508.csv,鑫全立鋼鐵有限公司二廠,S0700423,,彰化縣秀水鄉下崙村民生街288號,彰化縣秀水鄉下崙村,沈玉錢,27380088,有限公司,,1090604,生產中,25金屬製品製造業  ,254金屬加工處理  
11508.csv,鑫全立鋼鐵有限公司工廠,07000663,,彰化縣秀水鄉下崙村育英巷13號,彰化縣秀水鄉下崙村,沈玉錢,27380088,有限公司,,1011113,生產中,25金屬製品製造業  ,254金屬加工處理、259其他金屬製品  
11508.csv,鑫六和鋼鐵股份有限公司,65010320,,新北市三重區谷王里光復路2段17巷18號(1樓),新北市三重區谷王里,陳國書 ,90262270,股份有限公司,,1110420,生產中,25金屬製品製造業  ,254金屬加工處理  
11508.csv,鑫冠茶葉有限公司,67003130,,臺南市永康區王行里永科南路129號,臺南市永康區王行里,林冠材,24212911,有限公司,,1100908,生產中,08食品製造業  ,089其他食品  
11508.csv,鑫昇鼎實業股份有限公司,99680980,,彰化縣福興鄉外中村外中街１７２之２號１樓,彰化縣福興鄉外中村,吳美香,24287969,股份有限公司,,0980710,生產中,31其他運輸工具及其零件製造業  ,313自行車及其零件  
11508.csv,鑫昌鋼鐵企業有限公司,99631286,,新竹縣竹北市泰和里１９鄰中華路６７６巷２１弄５號,新竹縣竹北市泰和里,曾瑞瑩,23368582,有限公司,,0811218,生產中,25金屬製品製造業  ,259其他金屬製品  
11508.csv,鑫興鋁業股份有限公司中崙廠,99658971,08010011146694,臺南市安定區中沙里中崙175號,臺南市安定區中沙里,謝添寶　　　,22594809,股份有限公司,0801113,0810806,生產中,24基本金屬製造業  ,242鋁  
11508.csv,鑫興鋁業股份有限公司後營廠,67000393,,臺南市西港區後營里350號,臺南市西港區後營里,謝添寶,22594809,股份有限公司,,1010615,生產中,24基本金屬製造業  ,242鋁  
11508.csv,長億貨櫃有限公司梧棲廠,66012420,,臺中市梧棲區草湳里自立路55號,臺中市梧棲區草湳里,陳欽立,00106627,有限公司,,1150512,生產中,30汽車及其零件製造業  ,302車體、303汽車零件  
11508.csv,陽寶股份有限公司,S0400096,,新竹縣新豐鄉後湖村後湖子25號,新竹縣新豐鄉後湖村,田桂香,23037704,股份有限公司,,1100511,生產中,24基本金屬製造業  ,241鋼鐵  
11508.csv,雄生鋼鐵有限公司,S6401010,,高雄市仁武區考潭里鳳仁路18-38號,高雄市仁武區考潭里,葉長榮,84726061,有限公司,,1120428,生產中,25金屬製品製造業、25金屬製品製造業  ,254金屬加工處理  
11508.csv,雨田鋼鐵股份有限公司,99642797,08110006213398,臺中市大里區仁化里仁禮街三十號,臺中市大里區仁化里,施振豊,86794465,股份有限公司,0811007,0811019,生產中,25金屬製品製造業  ,254金屬加工處理  
11508.csv,雨田鋼鐵股份有限公司工廠,66000086,,臺中市烏日區前竹里光明路355號,臺中市烏日區前竹里,施振豊,86794465,股份有限公司,,1000307,生產中,24基本金屬製造業、25金屬製品製造業  ,241鋼鐵、259其他金屬製品  
11508.csv,震生機器有限公司,99642716,07110000077319,臺中市大里區樹王里文心南路一一九一巷八號,臺中市大里區樹王里,張震生,52434702,有限公司,0580101,0710514,生產中,29機械設備製造業  ,293通用機械設備  
11508.csv,靖舜科技股份有限公司,99691441,,新北市中和區碧河里建康路一三０號六樓、及六樓之一、之九、之一０、之一一、之一二,新北市中和區碧河里,田桂鳯,16757564,股份有限公司,,0920919,生產中,24基本金屬製造業、25金屬製品製造業、26電子零組件製造業、27電腦、電子產品及光學製品製造業  ,242鋁、243銅、249其他基本金屬、254金屬加工處理、259其他金屬製品、264光電材料及元件、269其他電子零組件、272通訊傳播設備、275量測、導航、控制設備及鐘錶  
11508.csv,順發製管廠,99651829,07010000084603,彰化縣溪湖鎮河東里二溪路２段橋北巷４５、５０號,彰化縣溪湖鎮河東里,黃俊紳,60290236,獨資,0700520,0720521,生產中,24基本金屬製造業、25金屬製品製造業、29機械設備製造業、28電力設備及配備製造業、31其他運輸工具及其零件製造業  ,241鋼鐵、254金屬加工處理、242鋁、291金屬加工用機械設備、285家用電器、313自行車及其零件  
11508.csv,順皇木業有限公司三廠,S0700499,,彰化縣和美鎮中寮里東萊路210巷243號,彰化縣和美鎮中寮里,黃建鈞,12727858,有限公司,,1090602,生產中,32家具製造業  ,320家具  
11508.csv,順陽鋼鐵有限公司,99621044,09010003351837,桃園市觀音區草漯里建國路二號,桃園市觀音區草漯里,鄭雅琳,84833554,有限公司,0900301,0900507,生產中,25金屬製品製造業  ,259其他金屬製品  
11508.csv,順隆機械廠,S1000257,,嘉義縣水上鄉柳鄉村12鄰柳子林199-8號,嘉義縣水上鄉柳鄉村,黃義福,14762417,獨資,,1141222,生產中,29機械設備製造業  ,291金屬加工用機械設備  
11508.csv,飛力揚國際管理顧問有限公司,64006687,,高雄市前鎮區鎮北里新生路5巷30號,高雄市前鎮區鎮北里,吳展育,80382418,有限公司,,1011217,生產中,19其他化學製品製造業  ,193清潔用品及化粧品  
11508.csv,香華股份有限公司工廠,99649841,08510007128025,彰化縣秀水鄉埔崙村彰水路二段一０二巷五八弄二六號,彰化縣秀水鄉埔崙村,洪克奇　,22414026,股份有限公司,0850724,0860603,生產中,29機械設備製造業、30汽車及其零件製造業  ,293通用機械設備、303汽車零件  
11508.csv,騰峰精密機械有限公司,10000154,,嘉義縣太保市舊埤里20鄰新埤7-36號,嘉義縣太保市舊埤里,張秋林,24363071,有限公司,,1031111,生產中,29機械設備製造業  ,292其他專用機械設備  
11508.csv,高力特興業股份有限公司,07000242,,彰化縣埔心鄉瓦中村明聖路四段80號,彰化縣埔心鄉瓦中村,陳建宏,24232424,股份有限公司,,1000721,生產中,25金屬製品製造業、28電力設備及配備製造業  ,254金屬加工處理、284照明設備及配備  
11508.csv,高力特興業股份有限公司二廠,S0702943,,彰化縣埔心鄉東門村武聖路239號,彰化縣埔心鄉東門村,陳建宏,24232424,股份有限公司,,1140409,生產中,28電力設備及配備製造業  ,284照明設備及配備  
11508.csv,鴻峻鋼鐵有限公司汐止二廠,65008612,,新北市汐止區保新里保新街158號,新北市汐止區保新里,林春華,28078062,有限公司,,1090522,生產中,25金屬製品製造業、25金屬製品製造業、29機械設備製造業  ,252金屬結構及建築組件、293通用機械設備  
11508.csv,鴻峻鋼鐵有限公司汐止廠,99718408,,新北市汐止區茄苳里茄安路二三九號一樓,新北市汐止區茄苳里,林春華,28078062,有限公司,,0970609,生產中,25金屬製品製造業、29機械設備製造業  ,252金屬結構及建築組件、293通用機械設備  
11508.csv,鴻爐實業有限公司,S0701631,,彰化縣和美鎮雅溝里南軒路242號,彰化縣和美鎮雅溝里,許君豪,86770908,有限公司,,1110317,生產中,11紡織業、12成衣及服飾品製造業、33其他製造業  ,115紡織品、121成衣、332醫療器材及用品  
11508.csv,鴻達隆鋼鐵股份有限公司,S1800012,,新竹市香山區頂褔里中山路640巷138號,新竹市香山區頂福里,沈秀香,29081207,股份有限公司,,1090608,生產中,25金屬製品製造業  ,254金屬加工處理  
11508.csv,鴻達齒輪有限公司,65013778,,新北市五股區興珍里四維路118巷10弄12號(1樓),新北市五股區興珍里,楊秉峰,24378813,有限公司,,1150825,生產中,29機械設備製造業  ,293通用機械設備  
11508.csv,鉅峰工業股份有限公司,99618776,06210000042965,新北市汐止區拱北里汐萬路二段一六五號,新北市汐止區拱北里,徐景松,33851608,股份有限公司,0580101,0620515,生產中,30汽車及其零件製造業、24基本金屬製造業、25金屬製品製造業、29機械設備製造業  ,303汽車零件、241鋼鐵、254金屬加工處理、293通用機械設備、251金屬刀具、手工具及模具  
11508.csv,鉅崙實業股份有限公司,99652435,08710000921608,南投縣南投市永豐里仁和路154號,南投縣南投市永豐里,周欽祥,12994812,股份有限公司,0871006,0871012,生產中,21橡膠製品製造業  ,210橡膠製品  
11508.csv,銀泰科技股份有限公司三廠,99642683,08910006001184,臺中市神岡區岸裡里中山路241巷2號,臺中市神岡區岸裡里,白永耀,23700883,股份有限公司,0890512,0890726,生產中,29機械設備製造業  ,293通用機械設備  
11508.csv,銀泰科技股份有限公司中山廠,S6602461,,臺中市神岡區岸裡里中山路241巷6-26號,臺中市神岡區岸裡里,白永耀,23700883,股份有限公司,,1140626,生產中,29機械設備製造業  ,293通用機械設備  
11508.csv,銓鋼鋼鐵有限公司,S0703787,,彰化縣芬園鄉嘉興村護岸街一段85號,彰化縣芬園鄉嘉興村,陳美蓮,84373377,有限公司,,1150625,生產中,28電力設備及配備製造業  ,285家用電器  
11508.csv,鋐達鑄造廠股份有限公司,99620362,07510000274079,宜蘭縣蘇澳鎮龍德里德興六路28號,宜蘭縣蘇澳鎮龍德里,沈彧光,22293058,股份有限公司,0751006,0760429,生產中,24基本金屬製造業  ,241鋼鐵  
11508.csv,鋐錠五金工業股份有限公司二廠,S0702672,,彰化縣伸港鄉全興村全興路149、150號,彰化縣伸港鄉全興村,黃漢民,59249864,股份有限公司,,1131120,生產中,24基本金屬製造業、25金屬製品製造業  ,241鋼鐵、259其他金屬製品  
11508.csv,鐘準實業股份有限公司,07003949,,彰化縣線西鄉線西村線安路30號,彰化縣線西鄉線西村,鄧昌盛,23207377,股份有限公司,,1091120,生產中,24基本金屬製造業  ,242鋁  
11508.csv,鐘王科技有限公司,99670406,08710019000241,臺中市南區福平里建國北路二段50號,臺中市南區福平里,陳柾鑑,27838213,有限公司,0870323,0870416,生產中,27電腦、電子產品及光學製品製造業  ,273視聽電子產品  
11508.csv,鑫創電子股份有限公司中和廠,65012332,,新北市中和區中原里中原街95號3樓,新北市中和區中原里,許育瑞,24332747,股份有限公司,,1131202,生產中,27電腦、電子產品及光學製品製造業  ,271電腦及其週邊設備  
11508.csv,鑫力工業股份有限公司,99621988,08810003324327,桃園市龜山區大崗里頂湖二街一二號,桃園市龜山區大崗里,曾應恭　　　,86658010,股份有限公司,0880114,0880125,生產中,29機械設備製造業  ,292其他專用機械設備  
11508.csv,鑫易昇鋼鐵有限公司,S1300342,,屏東縣里港鄉潮厝村潮厝路1-2號,屏東縣里港鄉潮厝村,王昰揮,56681598,有限公司,,1120702,生產中,25金屬製品製造業  ,252金屬結構及建築組件  
11508.csv,鑫萬成鋼鐵股份有限公司,S1300173,,屏東縣屏東市三山里海豐街2-3號,屏東縣屏東市三山里,孫麗惠,27647951,股份有限公司,,1090612,生產中,25金屬製品製造業  ,252金屬結構及建築組件  
11508.csv,長榮鋼鐵股份有限公司新竹廠,99630107,07710000173638,新竹縣湖口鄉鳳凰村光復北路99號,新竹縣湖口鄉鳳凰村,王朝君,81188829,股份有限公司,0770227,0780515,生產中,25金屬製品製造業  ,252金屬結構及建築組件  
11508.csv,長榮鋼鐵股份有限公司新營廠,99656389,07710000170952,臺南市新營區嘉芳里新工路30號、八德路36號，鹽水區八德路66號A棟,臺南市新營區嘉芳里,周聯東,81188829,股份有限公司,0770119,0781003,生產中,29機械設備製造業、25金屬製品製造業、30汽車及其零件製造業  ,292其他專用機械設備、252金屬結構及建築組件、303汽車零件  
11508.csv,長樺電子股份有限公司龜山廠,99622243,08810003324302,桃園市龜山區南上里民生北路１段１３３號,桃園市龜山區南上里,李美霞,22114962,股份有限公司,0880112,0890818,生產中,26電子零組件製造業、30汽車及其零件製造業  ,269其他電子零組件、303汽車零件  
11508.csv,隆盛金屬壓鑄有限公司,99691073,,新北市蘆洲區中路里中山二路二六二號,新北市蘆洲區中路里,楊潘秀卿,79973647,有限公司,,0920710,生產中,24基本金屬製造業、25金屬製品製造業、29機械設備製造業  ,241鋼鐵、254金屬加工處理、259其他金屬製品、293通用機械設備  
11508.csv,雄立金屬有限公司,07001104,,彰化縣和美鎮山犁里鹿和路六段242號1樓,彰化縣和美鎮山犁里,王竣億,59031922,有限公司,,1030127,生產中,25金屬製品製造業  ,259其他金屬製品  
11508.csv,雄賀工業社,07003429,,彰化縣北斗鎮中和里斗中路215號1樓,彰化縣北斗鎮中和里,徐國雄,82416842,獨資,,1081106,生產中,25金屬製品製造業  ,252金屬結構及建築組件  
11508.csv,雪坊志業股份有限公司員山廠,65008710,,新北市中和區員山里員山路502之1號(1樓),新北市中和區員山里,黎懿慧,24329659,股份有限公司,,1090706,生產中,08食品製造業  ,085乳品  
11508.csv,雪坊志業股份有限公司,65003801,,新北市中和區員山里員山路502號7樓之3,新北市中和區員山里,黎懿慧,24329659,股份有限公司,,1040204,生產中,08食品製造業  ,085乳品  
11508.csv,雪坊志業股份有限公司員新廠,65013744,,新北市中和區員山里員山路502之6號(1樓),新北市中和區員山里,黎懿慧,24329659,股份有限公司,,1150806,生產中,08食品製造業  ,085乳品  
11508.csv,雪坊志業股份有限公司板南廠,65012499,,新北市中和區中原里立德街199號2樓,新北市中和區中原里,黎懿慧,24329659,股份有限公司,,1140218,生產中,08食品製造業  ,085乳品  
11508.csv,震達國際有限公司安南廠,67000918,,臺南市安南區新順里開安一街26號,臺南市安南區新順里,吳幸芳,24258710,有限公司,,1030623,生產中,30汽車及其零件製造業、31其他運輸工具及其零件製造業  ,303汽車零件、312機車及其零件  
11508.csv,靚程企業有限公司仁德廠,67002284,,臺南市仁德區太子里大吉路148號,臺南市仁德區太子里,林孟彥,24246378,有限公司,,1080131,生產中,22塑膠製品製造業、30汽車及其零件製造業  ,220塑膠製品、303汽車零件  
11508.csv,靚程企業有限公司新市廠,67001292,,臺南市新市區永就里光華街5之118號,臺南市新市區永就里,林孟彥,24246378,有限公司,,1040826,生產中,22塑膠製品製造業、30汽車及其零件製造業  ,220塑膠製品、303汽車零件  
11508.csv,靜威工業有限公司,99600061,,新北市八里區大崁里觀海大道二一三號,新北市八里區大崁里,黃金印,12604172,有限公司,,0900424,生產中,32家具製造業、24基本金屬製造業、25金屬製品製造業  ,320家具、242鋁、251金屬刀具、手工具及模具、252金屬結構及建築組件、259其他金屬製品  
11508.csv,頂盛環保企業股份有限公司三峽廠,99718974,,新北市三峽區介壽里介壽路三段一一八之二號,新北市三峽區介壽里,湯振興,24259400,股份有限公司,,0971230,生產中,22塑膠製品製造業、24基本金屬製造業  ,220塑膠製品、241鋼鐵、242鋁、243銅、249其他基本金屬  
11508.csv,頂福鋼鐵有限公司,99663940,07810012148887,高雄市大寮區江山里鳳屏二路６號,高雄市大寮區江山里,徐振欽,22542459,有限公司,0791231,0791231,生產中,24基本金屬製造業  ,241鋼鐵  
11508.csv,頂程工業股份有限公司,99676084,,嘉義縣東石鄉蔦松村湖底２０－５１號,嘉義縣東石鄉蔦松村,林柏威,24390041,股份有限公司,,0980910,生產中,22塑膠製品製造業  ,220塑膠製品  
11508.csv,頂立工業股份有限公司,99622595,06810000111656,桃園市龜山區兔坑里海萍路16巷6號,桃園市龜山區兔坑里,楊黃美珠　　,18885517,股份有限公司,0580101,0700321,生產中,24基本金屬製造業、25金屬製品製造業、31其他運輸工具及其零件製造業  ,242鋁、259其他金屬製品、312機車及其零件  
11508.csv,順隆鑄造廠,99658130,07510000124491,臺南市安定區中沙里中崙167號,臺南市安定區中沙里,戴維翔,06633832,合夥,0750428,0750926,生產中,24基本金屬製造業  ,241鋼鐵  
11508.csv,順順工程有限公司,07005349,,彰化縣鹿港鎮鹿和里育才街43號1樓,彰化縣鹿港鎮鹿和里,施淑芬,54124345,有限公司,,1121108,生產中,25金屬製品製造業  ,252金屬結構及建築組件、259其他金屬製品  
11508.csv,飛技股份有限公司,99627727,08910003324184,桃園市八德區茄苳里開隆街六八號,桃園市八德區茄苳里,謝穎昌,22491228,股份有限公司,0890530,0890608,生產中,29機械設備製造業  ,293通用機械設備  
11508.csv,馥廉有限公司新莊廠,65007283,,新北市新莊區中正路514巷105弄80號,新北市新莊區,張玉,24374788,有限公司,,1071023,生產中,22塑膠製品製造業  ,220塑膠製品  
11508.csv,駿林工業股份有限公司,99631223,08810004308179,新竹縣新豐鄉員山村忠信街428巷1號,新竹縣新豐鄉員山村,廖峯良,97482881,股份有限公司,0880514,0880831,生產中,24基本金屬製造業、25金屬製品製造業  ,242鋁、251金屬刀具、手工具及模具  
11508.csv,騰曜精密科技有限公司,66009881,,臺中市北屯區軍功里軍功路二段399號,臺中市北屯區軍功里,詹兆偉,16243361,有限公司,,1110329,生產中,25金屬製品製造業、29機械設備製造業  ,251金屬刀具、手工具及模具、259其他金屬製品、292其他專用機械設備、293通用機械設備  
11508.csv,高印昌股份有限公司,99614371,07210000107862,新北市樹林區三多里三俊街九０巷六、八號,新北市樹林區三多里,高陳阿愛,24259062,股份有限公司,0720729,0731103,生產中,08食品製造業  ,089其他食品  
11508.csv,高台工業股份有限公司,99664831,07010012011066,高雄市仁武區後安里後庄巷５４號,高雄市仁武區後安里,甘智全,85903583,股份有限公司,0791231,0791231,生產中,24基本金屬製造業、29機械設備製造業  ,241鋼鐵、293通用機械設備  
11508.csv,高合工業有限公司,99635969,08210006003995,臺中市太平區太平里永豐路131巷7號,臺中市太平區太平里,何月惠,79950932,有限公司,0820227,0820318,生產中,24基本金屬製造業  ,241鋼鐵、249其他基本金屬  
11508.csv,高吉貿易股份有限公司大寮廠,99685386,,高雄市大寮區過溪里華一街４５１號,高雄市大寮區過溪里,黃昭淵,86454661,股份有限公司,,0921013,生產中,24基本金屬製造業  ,241鋼鐵  
11508.csv,高熵材料科技股份有限公司竹南廠,05000799,,苗栗縣竹南鎮大厝里國泰路42號1、2樓,苗栗縣竹南鎮大厝里,葉均蔚,90869945,股份有限公司,,1121205,生產中,24基本金屬製造業、25金屬製品製造業  ,243銅、249其他基本金屬、254金屬加工處理  
11508.csv,高金企業社,08000327,,南投縣草屯鎮上林里太平路一段443巷51弄11號,南投縣草屯鎮上林里,洪巧容,82403375,獨資,,1080517,生產中,25金屬製品製造業、24基本金屬製造業  ,241鋼鐵、252金屬結構及建築組件  
11508.csv,鴨老大企業社,13000867,,屏東縣萬丹鄉四維村萬丹路二段131巷66號,屏東縣萬丹鄉四維村,洪天旗,92421957,獨資,,1130117,生產中,08食品製造業  ,081肉類加工  
11508.csv,鴻鈺科技有限公司,07002721,,彰化縣永靖鄉瑚璉村新興路192號1樓,彰化縣永靖鄉瑚璉村,莊炳文,24299634,有限公司,,1070809,生產中,25金屬製品製造業  ,254金屬加工處理  
11508.csv,鴻鉅鋼鐵工程有限公司,S0701733,,彰化縣員林市崙雅里7鄰崙雅巷15-23號,彰化縣員林市崙雅里,陳宥辰,13066089,有限公司,,1110727,生產中,25金屬製品製造業  ,252金屬結構及建築組件  
11508.csv,黃永發實業股份有限公司,S6600579,,臺中市神岡區岸裡里大圳路22-1、22-2、22-3號,臺中市神岡區岸裡里,黃子南,28792432,股份有限公司,,1090722,生產中,29機械設備製造業  ,291金屬加工用機械設備、292其他專用機械設備、293通用機械設備  
11508.csv,黃永發實業股份有限公司后里廠,66009857,,臺中市后里區后里里泉州路23之12號,臺中市后里區后里里,黃子南,28792432,股份有限公司,,1110318,生產中,29機械設備製造業  ,291金屬加工用機械設備、292其他專用機械設備、293通用機械設備  
11508.csv,黃百和企業有限公司,99648218,07310007045731,彰化縣鹿港鎮東崎里東勢巷６之２號,彰化縣鹿港鎮東崎里,湯燕喃　　　,59243643,有限公司,0730621,0730725,生產中,33其他製造業  ,339未分類其他製品  
11508.csv,鉅成工業股份有限公司觀音廠,99624206,08010003148253,桃園市觀音區廣興里2鄰廣興一路100號,桃園市觀音區廣興里,蕭靜怡,22753518,股份有限公司,0800826,0820320,生產中,22塑膠製品製造業  ,220塑膠製品  
11508.csv,銓鎰成有限公司二廠,07003241,,彰化縣和美鎮鐵山里彰美路二段446巷17號、17之1號,彰化縣和美鎮鐵山里,陳泳銜,16276432,有限公司,,1080718,生產中,25金屬製品製造業、29機械設備製造業、31其他運輸工具及其零件製造業  ,251金屬刀具、手工具及模具、259其他金屬製品、293通用機械設備、313自行車及其零件  
11508.csv,銓陞鋼鐵有限公司,99666325,07710014269354,臺東縣臺東市豐樂里大孝路八十八號,臺東縣臺東市豐樂里,卓文賢,23250633,有限公司,0770921,0790320,生產中,24基本金屬製造業、25金屬製品製造業  ,241鋼鐵、252金屬結構及建築組件  
11508.csv,銘福企業社,99670091,07510019001323,臺中市南區樹義里樹義五巷１７號,臺中市南區樹義里,林來福,52420067,獨資,0750603,0750617,生產中,29機械設備製造業  ,292其他專用機械設備  
11508.csv,鋐鍀昌鐵材行,S0701867,,彰化縣北斗鎮中寮里舊溪路二段146號,彰化縣北斗鎮中寮里,張永利,45815607,獨資,,1120116,生產中,24基本金屬製造業、25金屬製品製造業  ,241鋼鐵、254金屬加工處理  
11508.csv,鋐錩金屬有限公司一廠,09001241,11110009600233,雲林縣北港鎮新街里民樂路268-76號,雲林縣北港鎮新街里,王健壕,90585784,有限公司,1110829,1110905,生產中,25金屬製品製造業、25金屬製品製造業  ,259其他金屬製品  
11508.csv,鍟懋企業有限公司,S6401484,,高雄市阿蓮區港後里崙頂147-1號,高雄市阿蓮區港後里,張懋雄,86452241,有限公司,,1150618,生產中,25金屬製品製造業  ,259其他金屬製品  
11508.csv,鍠德企業有限公司,99623882,08610000812181,桃園市龍潭區烏林里工二路七０巷二四弄一０號一樓,桃園市龍潭區烏林里,彭家富　　　,16242670,有限公司,0861217,0870108,生產中,29機械設備製造業  ,293通用機械設備  
11508.csv,鑫勝鋼鐵有限公司,07002300,10610007800395,彰化縣芳苑鄉民生村建成路100號1樓,彰化縣芳苑鄉民生村,林勝郎,27900546,有限公司,1060830,1060908,生產中,25金屬製品製造業  ,252金屬結構及建築組件  
11508.csv,鑫勝鋼鐵有限公司,S0702560,,彰化縣芳苑鄉王功村漁港路臨100號,彰化縣芳苑鄉王功村,林勝郎,27900546,有限公司,,1130904,生產中,25金屬製品製造業  ,252金屬結構及建築組件  
11508.csv,長賡股份有限公司大發廠,99663628,,高雄市大寮區過溪里莒光一街１８號,高雄市大寮區過溪里,林添,85961680,股份有限公司,,0910401,生產中,25金屬製品製造業、24基本金屬製造業  ,259其他金屬製品、249其他基本金屬、241鋼鐵  
11508.csv,長賡股份有限公司興業廠,64006812,,高雄市大寮區大寮里興業路15號,高雄市大寮區大寮里,林添,85961680,股份有限公司,,1020626,生產中,24基本金屬製造業、25金屬製品製造業、29機械設備製造業  ,241鋼鐵、249其他基本金屬、259其他金屬製品、293通用機械設備  
11508.csv,閎洋科技股份有限公司,99687055,,桃園市龜山區山頂里山鶯路156之1號,桃園市龜山區山頂里,傅英,80424178,股份有限公司,,0920721,生產中,26電子零組件製造業、19其他化學製品製造業、23非金屬礦物製品製造業  ,269其他電子零組件、199未分類其他化學製品、239其他非金屬礦物製品  
11508.csv,閎祥鋼鐵有限公司,07006076,,彰化縣福興鄉麥厝村麥厝街73號之2一樓,彰化縣福興鄉麥厝村,施閎祥,60778161,有限公司,,1140620,生產中,25金屬製品製造業  ,252金屬結構及建築組件、259其他金屬製品  
11508.csv,陽程科技股份有限公司,99623160,08410003224281,桃園市大園區溪海里8鄰聖德北路68號,桃園市大園區溪海里,黃秋逢　　　,36049822,股份有限公司,0841024,0860220,生產中,29機械設備製造業、27電腦、電子產品及光學製品製造業、28電力設備及配備製造業  ,291金屬加工用機械設備、293通用機械設備、292其他專用機械設備、271電腦及其週邊設備、281發電、輸電及配電機械  
11508.csv,隆穩塑膠企業股份有限公司,99667773,08710018130243,新竹巿東園里公園路八二巷三號,新竹市東區東園里,謝正龍　　,47313812,股份有限公司,0870420,0870611,生產中,22塑膠製品製造業  ,220塑膠製品  
11508.csv,雄順金屬股份有限公司一廠,64006635,,高雄市路竹區後鄉里順安路393、395號,高雄市路竹區後鄉里,陳恆毅,24512261,股份有限公司,,1011004,生產中,24基本金屬製造業  ,241鋼鐵  
11508.csv,雄順金屬股份有限公司七廠,S6400997,,高雄市路竹區後鄉里順安路275巷238號,高雄市路竹區後鄉里,陳恆毅,24512261,股份有限公司,,1120117,生產中,24基本金屬製造業、24基本金屬製造業  ,241鋼鐵  
11508.csv,雄順金屬股份有限公司三廠,64007276,,高雄市永安區保寧里保興二路10號,高雄市永安區保寧里,陳恆毅,24512261,股份有限公司,,1040416,生產中,24基本金屬製造業  ,241鋼鐵  
11508.csv,雲太實業股份有限公司,99666655,,花蓮縣花蓮市民心里美工路２７號,花蓮縣花蓮市民心里,廖仁群,94772417,股份有限公司,,0690708,生產中,23非金屬礦物製品製造業  ,234石材製品  
11508.csv,雲巖科技股份有限公司五股廠,65005243,,新北市五股區興珍里五權七路13號5樓,新北市五股區興珍里,蔡欣珀,12648361,股份有限公司,,1050830,生產中,25金屬製品製造業  ,251金屬刀具、手工具及模具  
11508.csv,震騰鋼鐵有限公司,68007467,,桃園市桃園區玉山里玉山街233巷27號(2樓),桃園市桃園區玉山里,沈育紅,12974007,有限公司,,1150409,生產中,25金屬製品製造業  ,254金屬加工處理  
11508.csv,震鳴有限公司,08000460,,南投縣南投市軍功里中興路401之2號,南投縣南投市軍功里,謝仁國,82924327,有限公司,,1111024,生產中,32家具製造業  ,320家具  
11508.csv,頂翔實業股份有限公司,99657243,07710011014533,臺南市仁德區仁義里中山路95巷6號,臺南市仁德區仁義里,郭天珍　　　,22769265,股份有限公司,0770213,0770627,生產中,11紡織業  ,111紡紗  
11508.csv,順彬工業有限公司,07006091,,彰化縣鹿港鎮山崙里崙工北一路18號,彰化縣鹿港鎮山崙里,林進財,22240074,有限公司,,1140630,生產中,24基本金屬製造業  ,241鋼鐵  
11508.csv,順得麗股份有限公司,99646862,08210007057565,彰化縣鹿港鎮街尾里新興街７１之１號,彰化縣鹿港鎮街尾里,施聰銘　,84243234,股份有限公司,0820616,0820714,生產中,23非金屬礦物製品製造業  ,231玻璃及其製品  
11508.csv,飛燿工程有限公司,07005546,,彰化縣埔心鄉太平村明聖路一段315巷6號1樓,彰化縣埔心鄉太平村,王竣民,96792439,有限公司,,1130508,生產中,23非金屬礦物製品製造業  ,234石材製品  
11508.csv,高嘉塑膠股份有限公司,99662027,07910012075160,高雄市湖內區忠興里中正路二段５３４號,高雄市湖內區忠興里,王志傑,23800243,股份有限公司,0791231,0791231,生產中,22塑膠製品製造業  ,220塑膠製品  
11508.csv,高嘉塑膠股份有限公司三廠,S6400448,,高雄市湖內區忠興里中正路二段534-2號,高雄市湖內區忠興里,王志傑,23800243,股份有限公司,,1090902,生產中,22塑膠製品製造業  ,220塑膠製品  
11508.csv,高嘉塑膠股份有限公司二廠,S6400441,,高雄市湖內區忠興里中正路二段534-1號,高雄市湖內區忠興里,王志傑,23800243,股份有限公司,,1090826,生產中,22塑膠製品製造業  ,220塑膠製品  
11508.csv,高鋼鐵工廠,99685305,,高雄市鳳山區鎮北里鎮北北巷22-6號,高雄市鳳山區鎮北里,施秉宏,85845108,合夥,,0920704,生產中,24基本金屬製造業  ,241鋼鐵  
11508.csv,鴻德紡織股份有限公司,99647765,06210000123104,彰化縣和美鎮塗厝里和厝路２段４９６號,彰化縣和美鎮塗厝里,姚瑞源　,59020241,股份有限公司,0620919,0621217,生產中,11紡織業  ,112織布  
11508.csv,鴻皇企業有限公司,99624856,,桃園市平鎮區鎮興里興隆路238號,桃園市平鎮區鎮興里,伍友城,24286589,有限公司,,0910627,生產中,29機械設備製造業  ,293通用機械設備  
11508.csv,鉅揚工業股份有限公司二廠,07003190,10610007800243,彰化縣芳苑鄉後寮村工區七路1號,彰化縣芳苑鄉後寮村,蔡芬苓,86372943,股份有限公司,1060605,1080621,生產中,25金屬製品製造業、25金屬製品製造業  ,254金屬加工處理  
11508.csv,銅安企業有限公司一廠,S6601682,,臺中市后里區厚里里九甲二路265號,臺中市后里區厚里里,黃張金環,22394366,有限公司,,1100205,生產中,24基本金屬製造業  ,241鋼鐵  
11508.csv,銅座鑄造科技有限公司,02000055,,宜蘭縣蘇澳鎮龍德里德興一路41號,宜蘭縣蘇澳鎮龍德里,汪朝藤,27868969,有限公司,,1010323,生產中,24基本金屬製造業  ,241鋼鐵  
11508.csv,銅晟伸銅股份有限公司,07001717,,彰化縣鹿港鎮東石里鹿工路31號,彰化縣鹿港鎮東石里,楊鎮彰,54227308,股份有限公司,,1050204,生產中,24基本金屬製造業  ,243銅  
11508.csv,銅祥工業股份有限公司,99678886,,彰化縣鹿港鎮東石里工業西一路二八號,彰化縣鹿港鎮東石里,葉銘興,23938161,股份有限公司,,0920402,生產中,24基本金屬製造業  ,243銅  
11508.csv,銅鼎企業有限公司,99706710,,桃園市新屋區永安里永福路736號,桃園市新屋區永安里,林文瑞,27304738,有限公司,,0951121,生產中,24基本金屬製造業、18化學材料及肥料製造業  ,243銅、181化學原材料  
11508.csv,銓騏工程有限公司,68005681,,桃園市八德區白鷺里廣福路860號(1樓),桃園市八德區白鷺里,許進福,25186242,有限公司,,1120913,生產中,25金屬製品製造業  ,252金屬結構及建築組件  
11508.csv,銓鴻實業有限公司,99650055,07010000079474,彰化縣秀水鄉安東村彰水路二段６９２號,彰化縣秀水鄉安東村,紀聿鴻　　,59241407,有限公司,0580101,0701205,生產中,30汽車及其零件製造業、31其他運輸工具及其零件製造業  ,303汽車零件、312機車及其零件、313自行車及其零件  
11508.csv,銘紡針織廠有限公司,S6800241,,桃園市中壢區內定里內定三街167號,桃園市中壢區內定里,何蘇玉鳳,53999185,有限公司,,1090527,生產中,11紡織業  ,112織布  
11508.csv,銘翔興業股份有限公司,99687948,,桃園市龜山區樂善里文明二街二之一號,桃園市龜山區樂善里,許峰旗,23849652,股份有限公司,,0930923,生產中,25金屬製品製造業、24基本金屬製造業  ,259其他金屬製品、241鋼鐵  
11508.csv,錡亞國際有限公司桃園廠,68002416,,桃園市八德區茄苳里永豐路296號,桃園市八德區茄苳里,沈昱志,54258462,有限公司,,1071211,生產中,30汽車及其零件製造業  ,303汽車零件  
11508.csv,錦達工業股份有限公司屏東廠,99665992,06310099014999,屏東縣屏東市清溪里建國路332巷16號,屏東縣屏東市清溪里,謝發鈞,83389870,股份有限公司,0580101,0630429,生產中,24基本金屬製造業、25金屬製品製造業、29機械設備製造業  ,241鋼鐵、254金屬加工處理、259其他金屬製品、293通用機械設備  
11508.csv,鑫合企業有限公司,99704641,,花蓮縣吉安鄉南濱路一段５４８號,花蓮縣吉安鄉光華村,張金合,86665912,有限公司,,0980630,生產中,25金屬製品製造業  ,2432010、2431090、252金屬結構及建築組件  
11508.csv,鑫榮機械工業股份有限公司,99655695,06210000081074,嘉義縣民雄鄉興南村工業三路３、５、５－１號,嘉義縣民雄鄉興南村,王顯榮,04474599,股份有限公司,0620623,0670721,生產中,21橡膠製品製造業、30汽車及其零件製造業、31其他運輸工具及其零件製造業、24基本金屬製造業  ,210橡膠製品、303汽車零件、312機車及其零件、241鋼鐵、242鋁  
11508.csv,鑫豐盛螺絲企業社,99643004,08810006024173,臺中市太平區太平里新仁路一段40巷11號,臺中市太平區太平里,顧景秀,87100202,股份有限公司,0880128,0880205,生產中,25金屬製品製造業、29機械設備製造業  ,251金屬刀具、手工具及模具、259其他金屬製品、293通用機械設備  
11508.csv,鑫豐鋼鐵股份有限公司,S0703721,,彰化縣伸港鄉大同村彰新路七段601巷臨28號,彰化縣伸港鄉大同村,林浩正,54502228,股份有限公司,,1150416,生產中,25金屬製品製造業  ,254金屬加工處理  
11508.csv,長逸金屬有限公司,99684147,,臺南市仁德區保安里永德路32號,臺南市仁德區保安里,蔣俊逸,80069775,有限公司,,0920522,生產中,24基本金屬製造業  ,242鋁  
11508.csv,陞晑企業股份有限公司桃園廠,99622977,,桃園市桃園區建國里林森路六八巷二０弄一九號,桃園市桃園區建國里,高逸遠,70711762,股份有限公司,,0910114,生產中,24基本金屬製造業  ,241鋼鐵  
11508.csv,陞樺鋼鐵股份有限公司,99684250,,臺南市永康區塩行里塩信街605號,臺南市永康區塩行里,蔡輝國,84232898,股份有限公司,,0921003,生產中,25金屬製品製造業  ,254金屬加工處理  
11508.csv,隆羽實業股份有限公司,65002438,,新北市五股區興珍里五權七路60號(1、2樓),新北市五股區興珍里,林鈺珍,31337275,股份有限公司,,1020820,生產中,25金屬製品製造業、24基本金屬製造業、27電腦、電子產品及光學製品製造業、28電力設備及配備製造業、29機械設備製造業、30汽車及其零件製造業、33其他製造業  ,242鋁、249其他基本金屬、251金屬刀具、手工具及模具、259其他金屬製品、275量測、導航、控制設備及鐘錶、277光學儀器及設備、285家用電器、292其他專用機械設備、303汽車零件、332醫療器材及用品  
11508.csv,集源工程有限公司,64010439,,高雄市大樹區九曲里瓦厝街6-151號,高雄市大樹區九曲里,劉孟,62243615,有限公司,,1150608,生產中,25金屬製品製造業  ,252金屬結構及建築組件  
11508.csv,順德五金實業有限公司中正廠,67001342,,臺南市永康區尚頂里中正二街169巷20號,臺南市永康區尚頂里,張明順,24230278,有限公司,,1041116,生產中,25金屬製品製造業  ,259其他金屬製品  
11508.csv,順得麗股份有限公司工廠,99680130,,彰化縣芳苑鄉漢寶村漢興路２１１號,彰化縣芳苑鄉漢寶村,施聰銘　,84243234,股份有限公司,,0950713,生產中,27電腦、電子產品及光學製品製造業  ,275量測、導航、控制設備及鐘錶  
11508.csv,順祥機械工業股份有限公司,99613435,05810000009283,新北市三重區中興里光復路二段四二巷二Ｏ號一樓,新北市三重區中興里,林信良,15350089,股份有限公司,0580101,0601202,生產中,24基本金屬製造業、25金屬製品製造業、29機械設備製造業、31其他運輸工具及其零件製造業  ,241鋼鐵、259其他金屬製品、293通用機械設備、251金屬刀具、手工具及模具、312機車及其零件  
11508.csv,順福工業股份有限公司,99660929,06710000306892,臺南市永康區王行里中山北路883號,臺南市永康區王行里,胡益銘　　　,73692304,股份有限公司,0671219,0711130,生產中,25金屬製品製造業、24基本金屬製造業、22塑膠製品製造業  ,242鋁、220塑膠製品、259其他金屬製品  
11508.csv,順福木業有限公司,S6600952,,臺中市烏日區東園里溪南路1段506巷356號,臺中市烏日區東園里,張獻宗,24236815,有限公司,,1091015,生產中,33其他製造業  ,331育樂用品  
11508.csv,順鼎環保股份有限公司二廠,03002688,,桃園市觀音區樹林里經建四路2之25號2樓及2樓夾層,桃園市觀音區樹林里,鄭伃君,27779501,股份有限公司,,1040131,生產中,18化學材料及肥料製造業、24基本金屬製造業  ,181化學原材料、243銅  
11508.csv,頌順實業有限公司龜山廠,99624377,,桃園市龜山區楓樹里長壽路77號,桃園市龜山區楓樹里,張源宗,84098745,有限公司,,0910426,生產中,25金屬製品製造業  ,259其他金屬製品  
11508.csv,騰翔五金企業有限公司,99711758,,臺南市佳里區下營里頂1號之5,臺南市佳里區下營里,陳宥勳,24386074,有限公司,,0980630,生產中,25金屬製品製造業、25金屬製品製造業  ,259其他金屬製品  
11508.csv,高田特殊鋼鐵有限公司,S6800468,,桃園市桃園區中埔里富國路229巷51號,桃園市桃園區中埔里,江茂寅,16970811,有限公司,,1140417,生產中,25金屬製品製造業  ,254金屬加工處理  
11508.csv,鴻慶鋼鐵有限公司二廠,68007507,,桃園市龜山區大坑里南上路520巷33弄10號四樓,桃園市龜山區大坑里,楊志偉,79979282,有限公司,,1150420,生產中,25金屬製品製造業  ,252金屬結構及建築組件、259其他金屬製品  
11508.csv,鴻成工業股份有限公司新竹精密鑄造工廠,99630220,06310000006633,新竹縣新豐鄉鳳坑村14鄰坑子口669號,新竹縣新豐鄉鳳坑村,簡文毅,04362243,股份有限公司,0580101,0630909,生產中,24基本金屬製造業、25金屬製品製造業  ,241鋼鐵、259其他金屬製品  
11508.csv,鴻錡興業股份有限公司,10000009,,嘉義縣太保市南新里北港路二段105巷87號,嘉義縣太保市南新里,顏英元,24437778,股份有限公司,,0991231,生產中,24基本金屬製造業、25金屬製品製造業  ,241鋼鐵、259其他金屬製品  
11508.csv,鴻錦股份有限公司,99605863,08210001429310,新北市新莊區福營里福營路九七巷一二號一樓,新北市新莊區福營里,陳俊霖,23524818,股份有限公司,0821206,0821228,生產中,24基本金屬製造業、25金屬製品製造業  ,241鋼鐵、254金屬加工處理  
11508.csv,黑米數位股份有限公司,63022422,,臺北市南港區西新里南港路三段五十巷十一號,臺北市南港區西新里,林建宏,28208620,股份有限公司,,1060707,生產中,16印刷及資料儲存媒體複製業  ,160印刷及資料儲存媒體複製  
11508.csv,鈺生股份有限公司,99663693,07210012101203,高雄市岡山區本洲里本洲路５５之８號,高雄市岡山區本洲里,丁清■,88741444,股份有限公司,0791231,0791231,生產中,24基本金屬製造業  ,243銅  
11508.csv,鉅明股份有限公司大發廠,99662313,07810012098774,高雄市大寮區大寮里興業路41號,高雄市大寮區大寮里,林進能,85634075,股份有限公司,0791231,0791231,生產中,24基本金屬製造業、23非金屬礦物製品製造業  ,241鋼鐵、233水泥及其製品  
11508.csv,鉅昕鋼鐵股份有限公司和發廠,64009897,,高雄市大寮區琉球里和業六路33號,高雄市大寮區琉球里,簡梅花,13073595,股份有限公司,,1130815,生產中,25金屬製品製造業  ,252金屬結構及建築組件  
11508.csv,鉅龍工業社,66000374,,臺中市神岡區神洲里大洲路68號,臺中市神岡區神洲里,林清滿,21482411,獨資,,1000708,生產中,25金屬製品製造業、29機械設備製造業  ,259其他金屬製品、293通用機械設備  
11508.csv,銓來企業股份有限公司,99624335,07210003046818,桃園市龜山區福源里海萍路八號,桃園市龜山區福源里,陳秋桂,22061310,股份有限公司,0720511,0720616,生產中,22塑膠製品製造業、28電力設備及配備製造業、27電腦、電子產品及光學製品製造業、29機械設備製造業  ,220塑膠製品、273視聽電子產品、293通用機械設備、285家用電器  
11508.csv,銘聯鋼鐵股份有限公司,99709820,,高雄市岡山區本洲里本工六路２６號,高雄市岡山區本洲里,黃美翡,70704501,股份有限公司,,0951207,生產中,24基本金屬製造業、25金屬製品製造業  ,241鋼鐵、254金屬加工處理  
11508.csv,銳鐙實業股份有限公司二廠,67001823,,臺南市永康區龍潭里龍中街30巷34號,臺南市永康區龍潭里,康信發,70622425,股份有限公司,,1060706,生產中,25金屬製品製造業  ,251金屬刀具、手工具及模具  
11508.csv,鋒富貿易有限公司,64008708,,高雄市大寮區潮寮里田單七街20號,高雄市大寮區潮寮里,蔡宗憲,24501243,有限公司,,1090520,生產中,30汽車及其零件製造業、30汽車及其零件製造業  ,303汽車零件  
11508.csv,鋒恆企業有限公司,99615681,06810000143420,新北市中和區建和里建三路二九號,新北市中和區建和里,李信輝,34334744,有限公司,0580101,0691021,生產中,29機械設備製造業、25金屬製品製造業、24基本金屬製造業  ,293通用機械設備、251金屬刀具、手工具及模具、242鋁  
11508.csv,錦鋐企業股份有限公司大園廠二廠,68001970,,桃園市大園區五權里高鐵站前西路三段66號,桃園市大園區五權里,李莉榛,22390256,股份有限公司,,1070529,生產中,25金屬製品製造業、24基本金屬製造業、23非金屬礦物製品製造業  ,252金屬結構及建築組件、242鋁、231玻璃及其製品  
11508.csv,錦鋒企業股份有限公司龜山廠,99686842,08910003325541,桃園市龜山區大坑里南上路520巷6弄14號（1樓）,桃園市龜山區大坑里,湯婕羚,22243500,股份有限公司,0890828,0890907,生產中,29機械設備製造業、25金屬製品製造業  ,293通用機械設備、259其他金屬製品  
11508.csv,鑫喬企業股份有限公司,99661939,07610012124681,高雄市大寮區後庄里民貴街６０巷９號,高雄市大寮區後庄里,鄭啟文,76332839,股份有限公司,0791231,0791231,生產中,24基本金屬製造業、25金屬製品製造業、29機械設備製造業  ,241鋼鐵、252金屬結構及建築組件、293通用機械設備  
11508.csv,鑫毅鋼鐵股份有限公司,99652846,08210008000094,南投縣名間鄉東湖村虎坑巷35之5號,南投縣名間鄉東湖村,王惠珠,23772582,股份有限公司,0830128,0830131,生產中,25金屬製品製造業  ,259其他金屬製品  
11508.csv,鑫辰鋼鐵股份有限公司,90P00005,,屏東縣屏東市前進里經建路26號,屏東縣屏東市前進里,郭詩珍,28039673,股份有限公司,,0960730,生產中,25金屬製品製造業  ,254金屬加工處理  
11508.csv,長安鋼鐵有限公司新莊廠,65012076,,新北市新莊區西盛里民安路401號(1樓),新北市新莊區西盛里,張立人,22117932,有限公司,,1130815,生產中,25金屬製品製造業  ,254金屬加工處理  
11508.csv,長泰興業股份有限公司,99690598,06410000180756,新北市新莊區西盛里民安路四二０巷五號,新北市新莊區西盛里,李繁松,29654915,股份有限公司,0580101,0760824,生產中,24基本金屬製造業、25金屬製品製造業、29機械設備製造業、28電力設備及配備製造業  ,241鋼鐵、254金屬加工處理、242鋁、243銅、252金屬結構及建築組件、283電線及配線器材、289其他電力設備及配備、293通用機械設備  
11508.csv,長邑自動化電機有限公司,68003944,,桃園市楊梅區中山里中山北路一段293巷17號(1樓),桃園市楊梅區中山里,劉副節,24270587,有限公司,,1100223,生產中,29機械設備製造業  ,292其他專用機械設備  
11508.csv,長金貿易有限公司工廠,66006995,,臺中市東區東信里振興路358巷33號1樓,臺中市東區東信里,曾綉玲,28524181,有限公司,,1071127,生產中,25金屬製品製造業、29機械設備製造業  ,259其他金屬製品、293通用機械設備  
11508.csv,長金貿易有限公司烏日廠,S6602835,,臺中市烏日區光明里五光路復光三巷35-8號,臺中市烏日區光明里,曾綉玲,28524181,有限公司,,1141030,生產中,25金屬製品製造業、25金屬製品製造業  ,254金屬加工處理  
11508.csv,隆興蚵壳工業社,S0701178,,彰化縣芳苑鄉王功村功湖路王功段379巷15號,彰化縣芳苑鄉王功村,林志峰,24166043,獨資,,1090908,生產中,08食品製造業  ,087動物飼品  
11508.csv,雅信鑄造股份有限公司二廠,99700664,,新竹縣湖口鄉勝利村光復南路4號,新竹縣湖口鄉勝利村,朱明豐,23202099,股份有限公司,,0990803,生產中,24基本金屬製造業  ,241鋼鐵  
11508.csv,雅儷化粧品股份有限公司工廠,99657095,08010000082334,臺南市永康區甲頂里中正南路242巷4弄99號,臺南市永康區甲頂里,許俊仁　　　,23106477,股份有限公司,0800621,0800716,生產中,19其他化學製品製造業  ,193清潔用品及化粧品  
11508.csv,集祥鋁業股份有限公司,S6601304,,臺中市北屯區平安里青島路四段53、55、57號1樓,臺中市北屯區平安里,賴錦慧,84858013,股份有限公司,,1091013,生產中,24基本金屬製造業、25金屬製品製造業  ,242鋁、254金屬加工處理、259其他金屬製品  
11508.csv,霖暘科技有限公司,67002443,,臺南市永康區塩行里塩信街315號,臺南市永康區塩行里,洪黃玉西,24238736,有限公司,,1080719,生產中,25金屬製品製造業  ,254金屬加工處理  
11508.csv,霖業精密機械有限公司,99613461,08210001243436,新北市五股區興珍里中興路1段95巷4弄2號,新北市五股區興珍里,彭昇杰,22490847,有限公司,0820713,0820729,生產中,29機械設備製造業、25金屬製品製造業  ,293通用機械設備、251金屬刀具、手工具及模具  
11508.csv,韋合工廠股份有限公司,S6400242,,高雄市岡山區潭底里潭底路326號,高雄市岡山區潭底里,張麗芬,88730657,股份有限公司,,1090731,生產中,25金屬製品製造業、30汽車及其零件製造業  ,259其他金屬製品、303汽車零件  
11508.csv,頂鉅鋼鐵有限公司,S6600439,,臺中市神岡區新庄里和睦路一段358巷10號,臺中市神岡區,王建勳,53135196,有限公司,,1090716,生產中,25金屬製品製造業  ,254金屬加工處理  
11508.csv,頂鑫模具有限公司,99719512,,新北市新莊區福營里建國一路三一巷八號,新北市新莊區福營里,劉志雄,28124220,有限公司,,0980828,生產中,22塑膠製品製造業、25金屬製品製造業  ,220塑膠製品、251金屬刀具、手工具及模具  
11508.csv,頎晟機械五金有限公司,99695072,,新北市新莊區西盛里瓊林南路一一八號之二０,新北市新莊區西盛里,李敏雄,86551707,有限公司,,0950118,生產中,24基本金屬製造業、25金屬製品製造業、29機械設備製造業  ,241鋼鐵、254金屬加工處理、252金屬結構及建築組件、293通用機械設備  
11508.csv,頎茂光電股份有限公司霧峰廠,66003567,,臺中市霧峰區北柳里霧工一路56、56之1及56之2號,臺中市霧峰區北柳里,李峻泓,24258079,股份有限公司,,1040415,生產中,22塑膠製品製造業、26電子零組件製造業  ,220塑膠製品、269其他電子零組件  
11508.csv,飛馬廣告企劃行銷有限公司,66011873,,臺中市南區樹德里樹德一巷16號,臺中市南區樹德里,李慶和,24353518,有限公司,,1140620,生產中,16印刷及資料儲存媒體複製業、25金屬製品製造業  ,160印刷及資料儲存媒體複製、259其他金屬製品  
11508.csv,馨泉電機股份有限公司,99601557,07610001345565,新北市深坑區萬順里北深路三段八九號,新北市深坑區萬順里,高廣澍,23243471,股份有限公司,0761119,0780710,生產中,29機械設備製造業、25金屬製品製造業、28電力設備及配備製造業  ,293通用機械設備、251金屬刀具、手工具及模具、289其他電力設備及配備  
11508.csv,駿琦實業股份有限公司,99678452,08010007073012,彰化縣花壇鄉橋頭村花橋街２３９號,彰化縣花壇鄉橋頭村,李馬釵　,23982969,股份有限公司,0800705,0801016,生產中,24基本金屬製造業  ,241鋼鐵  
11508.csv,駿盛科技工程有限公司,99707970,,桃園市平鎮區廣仁里大昌路５７巷３９號１樓,桃園市平鎮區廣仁里,李睿田,24217492,有限公司,,0971224,生產中,25金屬製品製造業  ,252金屬結構及建築組件、254金屬加工處理、259其他金屬製品  
11508.csv,騰興鋼鐵股份有限公司,99683589,08310011012415,臺南市永康區尚頂里中正南路235巷3弄1之4號,臺南市永康區尚頂里,鄭義騰　　　,84619111,股份有限公司,0830125,0850202,生產中,25金屬製品製造業  ,254金屬加工處理  
11508.csv,高奕順鋼鐵企業股份有限公司新營廠,99657373,07710000179123,臺南市新營區嘉芳里新工路16號,臺南市新營區嘉芳里,蘇晉德　,22939466,股份有限公司,0770513,0781125,生產中,24基本金屬製造業、25金屬製品製造業  ,242鋁、252金屬結構及建築組件  
11508.csv,高宇木造樓梯扶手有限公司龜山廠,99622420,08410003224831,桃園市龜山區楓樹里楓樹七街３８號,桃園市龜山區楓樹里,劉源章　　　,89208101,有限公司,0841121,0851024,生產中,14木竹製品製造業、25金屬製品製造業  ,140木竹製品、259其他金屬製品  
11508.csv,高發雷射模具股份有限公司第一廠,99675175,08510021000582,臺南市北區大豐里中華北路1段78巷25號,臺南市北區大豐里,涂源煌,97243405,股份有限公司,0860123,0860214,生產中,33其他製造業  ,339未分類其他製品  
11508.csv,鴻侑金屬有限公司,99651083,07110000215094,彰化縣社頭鄉朝興村山腳路２段７２６巷１１２號,彰化縣社頭鄉朝興村,蕭離　　　,60300369,有限公司,0711201,0720705,生產中,24基本金屬製造業  ,243銅  
11508.csv,鴻僑傢俱有限公司中壢廠,03000024,,桃園市中壢區文化里安東路１號,桃園市中壢區文化里,王秀卿,24343202,有限公司,,0991013,生產中,32家具製造業  ,320家具  
11508.csv,鴻敏精密工業社,99642243,08910006195161,臺中市神岡區岸裡里大豐路五段295巷65號,臺中市神岡區岸裡里,黃孟銓,17797163,獨資,0891025,0891109,生產中,25金屬製品製造業、29機械設備製造業  ,251金屬刀具、手工具及模具、291金屬加工用機械設備、293通用機械設備  
11508.csv,鴻新機械有限公司,S6700688,,臺南市新市區大營里326之26號,臺南市新市區大營里,曾順裕,24225964,有限公司,,1091203,生產中,29機械設備製造業  ,293通用機械設備  
11508.csv,鈺竑金屬企業有限公司,99662701,07910000338529,高雄市大寮區潮寮里華東路１之５號,高雄市大寮區潮寮里,陳志山,86607667,有限公司,0791122,0800121,生產中,24基本金屬製造業、25金屬製品製造業  ,243銅、254金屬加工處理  
11508.csv,鉅林企業社,07002243,,彰化縣埤頭鄉合興村彰水路二段809號1樓,彰化縣埤頭鄉合興村,黃秀貞,09217830,獨資,,1060727,生產中,25金屬製品製造業  ,259其他金屬製品  
11508.csv,鉅桐實業廠,S6601707,,臺中市神岡區三角里中興路121號,臺中市神岡區三角里,呂銀桐,95329341,獨資,,1100527,生產中,24基本金屬製造業  ,241鋼鐵  
11508.csv,鉅業工程行,S6603242,,臺中市外埔區鐵山里長生路427號,臺中市外埔區鐵山里,張耿圖,45403252,獨資,,1150504,生產中,25金屬製品製造業  ,259其他金屬製品  
11508.csv,鉎益工業有限公司,S6400627,,高雄市岡山區華崗里嘉新東路二段113號,高雄市岡山區華崗里,洪雪容,24281873,有限公司,,1090915,生產中,25金屬製品製造業  ,259其他金屬製品  
11508.csv,銓億彩色印刷有限公司,99624300,,桃園市桃園區中德里國際路一段一二０巷三六號,桃園市桃園區中德里,胡偉忠,13049934,有限公司,,0910422,生產中,16印刷及資料儲存媒體複製業  ,160印刷及資料儲存媒體複製  
11508.csv,銘億科技有限公司,99658691,08010011000830,臺南市新市區永就里中山路187號,臺南市新市區永就里,林達銘,24259865,有限公司,0800115,0850301,生產中,29機械設備製造業  ,293通用機械設備  
11508.csv,銘光工業股份有限公司烏日廠,S6601683,,臺中市烏日區光明里五光路復光一巷41號,臺中市烏日區光明里,林炳榮,23259233,股份有限公司,,1100202,生產中,24基本金屬製造業  ,241鋼鐵  
11508.csv,錦錩鋼鐵有限公司,S6500068,,新北市新店區下城里安康路一段355之8號,新北市新店區下城里,林錫宏,16509972,有限公司,,1090430,生產中,25金屬製品製造業  ,252金屬結構及建築組件、254金屬加工處理  
11508.csv,鍵民鋼鐵有限公司,65011615,,新北市新莊區營盤里中正路542之10號,新北市新莊區營盤里,李瑞華,36275805,有限公司,,1130105,生產中,25金屬製品製造業  ,252金屬結構及建築組件、254金屬加工處理  
11508.csv,鍵發工業股份有限公司,99632390,08110005040521,苗栗縣竹南鎮崎頂里仁愛路二一三三巷五０號,苗栗縣竹南鎮崎頂里,林建次,50523123,股份有限公司,0700514,0720328,生產中,24基本金屬製造業、25金屬製品製造業、29機械設備製造業、30汽車及其零件製造業  ,241鋼鐵、254金屬加工處理、293通用機械設備、303汽車零件  
11508.csv,鎮臺鋼鐵企業股份有限公司,64005038,8264122431,高雄市小港區山明里金鋁街１４號,高雄市小港區山明里,朱志長,16455104,股份有限公司,0820721,0840524,生產中,25金屬製品製造業  ,254金屬加工處理  
11508.csv,鑫國際水塔有限公司,99215376,08810001427991,新北市土城區員福里中華路1段228號,新北市土城區員福里,謝坤成,16924280,有限公司,0881203,0881217,生產中,25金屬製品製造業  ,253金屬容器  
11508.csv,鑫永昌鐵材行,S0703259,,彰化縣大村鄉擺塘村擺塘巷13-98號,彰化縣大村鄉擺塘村,張永選,45815846,獨資,,1140807,生產中,24基本金屬製造業、25金屬製品製造業  ,241鋼鐵、254金屬加工處理  
11508.csv,鑫永盛股份有限公司,66010636,,臺中市大肚區福山里沙田路一段388巷50號,臺中市大肚區福山里,賴洽祺,85049243,股份有限公司,,1120609,生產中,25金屬製品製造業、29機械設備製造業  ,259其他金屬製品、293通用機械設備  
11508.csv,長安馬達有限公司,63022601,,臺北市內湖區湖元里行愛路七十八巷二十八號六樓及六樓之一,臺北市內湖區湖元里,張幸進,89950242,有限公司,,1120808,生產中,28電力設備及配備製造業  ,281發電、輸電及配電機械  
11508.csv,長宏工廠股份有限公司,99662211,07310012107609,高雄市路竹區竹東里中山路３０３之１號,高雄市路竹區竹東里,葉朝鵬,22272194,股份有限公司,0791231,0791231,生產中,25金屬製品製造業、24基本金屬製造業  ,259其他金屬製品、241鋼鐵  
11508.csv,長溢實業有限公司,07002028,,彰化縣溪州鄉西畔村廣一巷6-8號1樓,彰化縣溪州鄉西畔村,黄莉茹,24202977,有限公司,,1060119,生產中,11紡織業、33其他製造業  ,115紡織品、332醫療器材及用品  
11508.csv,長鋮不鏽鋼有限公司,66004150,,臺中市潭子區栗林里中山路三段305巷60號1樓,臺中市潭子區栗林里,吳聰長,24201392,有限公司,,1041117,生產中,25金屬製品製造業  ,259其他金屬製品  
11508.csv,閤順有限公司永安廠,S6400970,,高雄市永安區維新路光明三巷116-26號,高雄市永安區,林月圓,97145447,有限公司,,1110216,生產中,24基本金屬製造業  ,241鋼鐵  
11508.csv,關北企業有限公司,64006945,,高雄市燕巢區安招里安林四街70號,高雄市燕巢區安招里,林秋芳,24375652,有限公司,,1021225,生產中,08食品製造業  ,089其他食品  
11508.csv,關北企業有限公司二廠,64010384,,高雄市燕巢區角宿里寶頂巷38號,高雄市燕巢區角宿里,林秋芳,24375652,有限公司,,1150331,生產中,08食品製造業  ,086碾榖、磨粉及澱粉製品  
11508.csv,隆興鋼鐵工業股份有限公司,64006840,,高雄市路竹區文南里中華路530-1號,高雄市路竹區文南里,王隆興,75584836,股份有限公司,,1020730,生產中,22塑膠製品製造業、25金屬製品製造業  ,220塑膠製品、253金屬容器  
11508.csv,雅各科技股份有限公司,94A00138,,南科高雄園區高雄市路竹區竹南里路科一路10號,高雄市路竹區竹南里,楊麗仙,80424206,股份有限公司,,0961224,生產中,33其他製造業、22塑膠製品製造業  ,339未分類其他製品、220塑膠製品  
11508.csv,集財實業有限公司,S0700698,,彰化縣鹿港鎮詔安里詔安巷97號,彰化縣鹿港鎮詔安里,張平西,21242588,有限公司,,1090618,生產中,25金屬製品製造業、32家具製造業  ,259其他金屬製品、320家具  
11508.csv,集鑫資源有限公司,99713218,,臺中市梧棲區永安里向上路九段381巷46號,臺中市梧棲區永安里,陳麗如,28878058,有限公司,,0980410,生產中,24基本金屬製造業  ,243銅  
11508.csv,雲青股份有限公司,99603319,07410001058653,新北市三重區永發里中正北路一九三巷三五弄一０號,新北市三重區永發里,須上青,22349855,有限公司,0740312,0751029,生產中,24基本金屬製造業、25金屬製品製造業、29機械設備製造業、30汽車及其零件製造業、31其他運輸工具及其零件製造業、27電腦、電子產品及光學製品製造業、33其他製造業  ,241鋼鐵、254金屬加工處理、249其他基本金屬、292其他專用機械設備、293通用機械設備、251金屬刀具、手工具及模具、303汽車零件、319未分類其他運輸工具及其零件、273視聽電子產品、277光學儀器及設備、339未分類其他製品  
11508.csv,霖陽設計工程有限公司,S6602411,,臺中市大雅區員林里大林路141巷16號,臺中市大雅區員林里,李閎滕,86263305,有限公司,,1140418,生產中,14木竹製品製造業、25金屬製品製造業、32家具製造業  ,140木竹製品、252金屬結構及建築組件、320家具  
11508.csv,順成鋼品企業有限公司,S1300020,,屏東縣內埔鄉黎明村黎東路40巷527號,屏東縣內埔鄉黎明村,楊義昌,25098590,有限公司,,1090617,生產中,25金屬製品製造業  ,252金屬結構及建築組件  
11508.csv,順成鋼品企業有限公司龍泉二廠,S1300303,,屏東縣內埔鄉黎明村西圳巷1號,屏東縣內埔鄉黎明村,楊義昌,25098590,有限公司,,1110928,生產中,25金屬製品製造業  ,252金屬結構及建築組件  
11508.csv,順成鋼鐵科技有限公司,S1300018,,屏東縣內埔鄉龍潭村昭勝路546號,屏東縣內埔鄉龍潭村,楊義昌,28566007,有限公司,,1090622,生產中,25金屬製品製造業  ,252金屬結構及建築組件  
11508.csv,順成鋼鐵科技有限公司二廠,S1300261,,屏東縣內埔鄉龍潭村昭勝路546-42號,屏東縣內埔鄉龍潭村,楊義昌,28566007,有限公司,,1090713,生產中,25金屬製品製造業  ,252金屬結構及建築組件  
11508.csv,順義工程行,07002413,,彰化縣鹿港鎮草中里頂草路4段113號1樓,彰化縣鹿港鎮草中里,周義發,26936927,獨資,,1061220,生產中,25金屬製品製造業  ,252金屬結構及建築組件  
11508.csv,馨蓮企業有限公司,99669420,08110000075604,臺中市西屯區協和里工業區二十八路463號,臺中市西屯區協和里,林國章,23974243,有限公司,0811002,0850129,生產中,24基本金屬製造業、25金屬製品製造業、29機械設備製造業、30汽車及其零件製造業、31其他運輸工具及其零件製造業  ,243銅、259其他金屬製品、293通用機械設備、303汽車零件、312機車及其零件  
11508.csv,馨蓮企業有限公司二廠,66008790,,臺中市西屯區協和里工業區四十一路5之1號,臺中市西屯區協和里,林國章,23974243,有限公司,,1091225,生產中,25金屬製品製造業、29機械設備製造業、31其他運輸工具及其零件製造業  ,259其他金屬製品、291金屬加工用機械設備、293通用機械設備、311船舶及浮動設施  
11508.csv,高盛國際通商有限公司,64007885,,高雄市大寮區潮寮里建民街39號,高雄市大寮區潮寮里,涂曜宇,28619200,有限公司,,1060728,生產中,21橡膠製品製造業、22塑膠製品製造業、24基本金屬製造業、25金屬製品製造業  ,210橡膠製品、220塑膠製品、241鋼鐵、242鋁、243銅、249其他基本金屬、252金屬結構及建築組件、254金屬加工處理  
11508.csv,鴻新機械有限公司遠東廠,67001843,,臺南市新市區永就里光華街5之45號,臺南市新市區永就里,曾順裕,24225964,有限公司,,1060807,生產中,25金屬製品製造業  ,254金屬加工處理  
11508.csv,鴻祥精機企業有限公司,99614971,07110000211085,新北市蘆洲區中路里中山二路二二二巷一三號,新北市蘆洲區中路里,蔡進發,31118525,有限公司,0580101,0711125,生產中,24基本金屬製造業、29機械設備製造業、27電腦、電子產品及光學製品製造業  ,243銅、293通用機械設備、275量測、導航、控制設備及鐘錶  
11508.csv,鴻禾精密工業有限公司,07002431,,彰化縣和美鎮頭前里義安路158巷45號1樓,彰化縣和美鎮頭前里,黃鴻賓,56610840,有限公司,,1070118,生產中,25金屬製品製造業  ,259其他金屬製品  
11508.csv,鴻隆廣告工程有限公司桃園廠,03002424,,桃園市桃園區龍山里龍壽街300-3號,桃園市桃園區龍山里,邱耀豪,53299660,有限公司,,1030909,生產中,11紡織業、16印刷及資料儲存媒體複製業  ,115紡織品、160印刷及資料儲存媒體複製  
11508.csv,麗德精密工業股份有限公司自強二廠,99602242,,新北市土城區沛陂里自強街二五號四樓、二五之一號四樓,新北市土城區沛陂里,陳建中,04781392,股份有限公司,,0851201,生產中,25金屬製品製造業  ,254金屬加工處理  
11508.csv,麗心印刷事業有限公司,99608242,,新北市中和區碧河里板南路四九二號二樓之六,新北市中和區碧河里,謝麗綺,12699781,有限公司,,0910823,生產中,16印刷及資料儲存媒體複製業  ,160印刷及資料儲存媒體複製  
11508.csv,鈦仕企業有限公司,07002446,,彰化縣線西鄉溝內村沿海路一段541號1樓,彰化縣線西鄉溝內村,林守仕,24432437,有限公司,,1070125,生產中,25金屬製品製造業  ,259其他金屬製品  
11508.csv,鈦仕企業有限公司,S0701737,,彰化縣和美鎮還社里北堂路40巷臨60號,彰化縣和美鎮還社里,林守仕,24432437,有限公司,,1110805,生產中,25金屬製品製造業  ,251金屬刀具、手工具及模具、259其他金屬製品  
11508.csv,鉅業興實業股份有限公司,99717582,,桃園市桃園區汴洲里水汴一路１１８巷２號,桃園市桃園區汴洲里,黃秀燕,24296284,股份有限公司,,0980304,生產中,26電子零組件製造業、29機械設備製造業、30汽車及其零件製造業  ,269其他電子零組件、293通用機械設備、303汽車零件  
11508.csv,鉅欣鋼鐵有限公司,07002736,,彰化縣伸港鄉什股村什股二街132號一樓,彰化縣伸港鄉什股村,柯風名,53818558,有限公司,,1070817,生產中,25金屬製品製造業  ,252金屬結構及建築組件  
11508.csv,鉑飛特股份有限公司,07004318,,彰化縣福興鄉廈粘村管厝街6-2號,彰化縣福興鄉廈粘村,林竺音,83242519,股份有限公司,,1100622,生產中,25金屬製品製造業  ,254金屬加工處理  
11508.csv,鉝基鋼鐵有限公司,65004702,,新北市新莊區國泰里新樹路67巷14號1樓,新北市新莊區國泰里,蔡明莉,54045010,有限公司,,1050130,生產中,25金屬製品製造業、25金屬製品製造業  ,251金屬刀具、手工具及模具、252金屬結構及建築組件、259其他金屬製品  
11508.csv,銓均鋼鐵有限公司二廠,S0701883,,彰化縣福興鄉麥厝村麥厝街臨72-28號,彰化縣福興鄉麥厝村,洪小惠,24885178,有限公司,,1120208,生產中,25金屬製品製造業  ,252金屬結構及建築組件  
11508.csv,銓和企業有限公司,99663337,07710012094799,高雄市大寮區潮寮里田單六街１９號,高雄市大寮區潮寮里,蘇明山,22246703,有限公司,0791231,0791231,生產中,24基本金屬製造業  ,241鋼鐵  
11508.csv,銓均鋼鐵有限公司,S0700630,,彰化縣福興鄉麥厝村麥厝街65之6號,彰化縣福興鄉麥厝村,洪小惠,24885178,有限公司,,1090612,生產中,25金屬製品製造業、32家具製造業  ,252金屬結構及建築組件、320家具  
11508.csv,銘冠農業機械有限公司潭子廠,S6602436,,臺中市潭子區栗林里福貴路1031巷6號,臺中市潭子區栗林里,陳慧蓉,54000549,有限公司,,1140515,生產中,29機械設備製造業  ,292其他專用機械設備  
11508.csv,鋁全實業股份有限公司,99653497,07210009028919,雲林縣斗六市榴中里民有街二一號,雲林縣斗六市榴中里,李育志,22655853,股份有限公司,0720407,0730614,生產中,24基本金屬製造業  ,242鋁、249其他基本金屬  
11508.csv,鋁勝壓鑄工業有限公司,65007345,,新北市林口區東林里工九路25之2號,新北市林口區東林里,鄭安絜,23692856,有限公司,,1071116,生產中,24基本金屬製造業、25金屬製品製造業、29機械設備製造業  ,242鋁、251金屬刀具、手工具及模具、293通用機械設備  
11508.csv,鋒沐股份有限公司,99627653,08410003224161,桃園市龍潭區九龍里中興路九龍段129巷175弄7號,桃園市龍潭區九龍里,曾繁堯　　　,84300353,股份有限公司,0841026,0841128,生產中,25金屬製品製造業  ,259其他金屬製品  
11508.csv,錦億網版有限公司,99644782,,臺中市大里區仁化里至善路二三二號,臺中市大里區仁化里,施漢倫,22415735,有限公司,,0920626,生產中,16印刷及資料儲存媒體複製業  ,160印刷及資料儲存媒體複製  
11508.csv,鍵裕工業股份有限公司,66003659,,臺中市神岡區神洲里堤南路37號,臺中市神岡區神洲里,羅祥豪,52822457,股份有限公司,,1040514,生產中,24基本金屬製造業  ,242鋁  
11508.csv,鑫鈦有限公司,67002415,,臺南市新營區嘉芳里新中路15號,臺南市新營區嘉芳里,李俊毅,64929588,有限公司,,1080702,生產中,25金屬製品製造業  ,254金屬加工處理  
11508.csv,鑫鉝鋁業股份有限公司,99675267,08810021000471,臺南市安南區布袋里工明三路66號,臺南市安南區布袋里,蔡增溢,86433420,股份有限公司,0880901,0900307,生產中,24基本金屬製造業、25金屬製品製造業、32家具製造業  ,320家具、242鋁、259其他金屬製品  
11508.csv,鑫銘金屬有限公司,68006000,,桃園市蘆竹區坑口里大有街29巷49號,桃園市蘆竹區坑口里,沈建銘,42710138,有限公司,,1130401,生產中,24基本金屬製造業、25金屬製品製造業、29機械設備製造業  ,243銅、259其他金屬製品、293通用機械設備、254金屬加工處理  
11508.csv,鑫銳旺有限公司,07004256,,彰化縣彰化市平和里平安街49號,彰化縣彰化市平和里,陳品錡,83242068,有限公司,,1100519,生產中,25金屬製品製造業、30汽車及其零件製造業  ,259其他金屬製品、303汽車零件  
11508.csv,長嶔股份有限公司,99651331,08210007061244,彰化縣和美鎮源埤里南安路一二八巷二號,彰化縣和美鎮源埤里,謝耀霆,84624206,股份有限公司,0830106,0830127,生產中,22塑膠製品製造業  ,220塑膠製品  
11508.csv,長嶸企業社新莊廠,65007090,,新北市新莊區民安路428號之1(1樓),新北市新莊區,盤耀升,09947837,獨資,,1070809,生產中,24基本金屬製造業、25金屬製品製造業  ,241鋼鐵、249其他基本金屬、254金屬加工處理、259其他金屬製品  
11508.csv,長熠林鋼鐵有限公司,S6700563,,臺南市新化區全興里竹子腳255號,臺南市新化區全興里,謝勝華,89916596,有限公司,,1091117,生產中,25金屬製品製造業、29機械設備製造業  ,253金屬容器、293通用機械設備  
11508.csv,長珍食品有限公司,68004909,,桃園市大園區內海里民生路123之11號(1、2樓),桃園市大園區內海里,何偉任,54724312,有限公司,,1110606,生產中,08食品製造業  ,089其他食品  
11508.csv,隆凱企業股份有限公司,99635621,07810006132421,臺中市沙鹿區鹿峰里星河路552號,臺中市沙鹿區鹿峰里,洪桂蘭,23211533,股份有限公司,0780818,0780922,生產中,29機械設備製造業  ,293通用機械設備  
11508.csv,隆藝清潔用品股份有限公司,99651953,08110007077302,彰化縣永靖鄉五汴村九分路４４１號,彰化縣永靖鄉五汴村,林永在　,86808242,有限公司,0811107,0820315,生產中,11紡織業  ,115紡織品  
11508.csv,隆藝清潔用品股份有限公司,S0702239,,彰化縣埔心鄉芎蕉村員鹿路五段67巷150號,彰化縣埔心鄉芎蕉村,林永在,86808242,股份有限公司,,1130104,生產中,33其他製造業  ,339未分類其他製品  
11508.csv,隆蘭企業有限公司,99614534,07310001305705,新北市蘆洲區中路里和平路九七巷一一號,新北市蘆洲區中路里,李長仁,36130604,有限公司,0731122,0741206,生產中,29機械設備製造業、25金屬製品製造業、24基本金屬製造業、28電力設備及配備製造業  ,291金屬加工用機械設備、293通用機械設備、241鋼鐵、254金屬加工處理、259其他金屬製品、283電線及配線器材、289其他電力設備及配備  
11508.csv,霽佳企業有限公司,99662350,07410012092538,高雄市大寮區潮寮里田單四街１４號,高雄市大寮區潮寮里,余明彥,89524297,股份有限公司,0791231,0791231,生產中,24基本金屬製造業  ,241鋼鐵  
11508.csv,霽佳企業有限公司大發二廠,99662149,07410012092653,高雄市大寮區潮寮里田單四街１６號,高雄市大寮區潮寮里,佘明彥,89524297,有限公司,0791231,0791231,生產中,24基本金屬製造業  ,241鋼鐵  
11508.csv,順翔工業股份有限公司,99673340,07810000179100,臺南市南區彰南里新和二路4、6號,臺南市南區彰南里,高裕盛,22510219,股份有限公司,0780605,0780919,生產中,25金屬製品製造業、24基本金屬製造業  ,242鋁、249其他基本金屬、254金屬加工處理  
11508.csv,馬克老爹有限公司,65001693,,新北市汐止區樟樹里大同路1段302巷22號1樓,新北市汐止區樟樹里,張秝睿,24378068,有限公司,,1010910,生產中,08食品製造業  ,089其他食品  
11508.csv,高展股份有限公司,99638955,08610006242419,臺中市太平區德隆里德明路一八號,臺中市太平區德隆里,陳建文,22675387,股份有限公司,0860915,0861003,生產中,30汽車及其零件製造業、31其他運輸工具及其零件製造業、29機械設備製造業  ,303汽車零件、312機車及其零件、293通用機械設備  
11508.csv,高嶄工業股份有限公司,S6600025,,臺中市清水區橋頭里高美路311-2號,臺中市清水區橋頭里,張文祥,84243121,股份有限公司,,1090522,生產中,29機械設備製造業  ,291金屬加工用機械設備  
11508.csv,高碳特殊鋼鐵股份有限公司,99647518,08910007300461,彰化縣埔心鄉經口村鎮國路２２、２４號,彰化縣埔心鄉經口村,邱鈴現,96983465,股份有限公司,0890417,0890506,生產中,25金屬製品製造業、29機械設備製造業  ,254金屬加工處理、251金屬刀具、手工具及模具、293通用機械設備  
11508.csv,高碳特殊鋼鐵股份有限公司長和廠,S6700540,,臺南市安南區東和里長和路1段217巷179弄9之2號,臺南市安南區東和里,吳紹鈞,96983465,股份有限公司,,1091007,生產中,25金屬製品製造業  ,251金屬刀具、手工具及模具  
11508.csv,鴻元機械有限公司,99636902,07110000070598,臺中市后里區廣福里寺山路15巷19號,臺中市后里區廣福里,施謀利,55972387,有限公司,0580101,0711228,生產中,24基本金屬製造業、29機械設備製造業  ,241鋼鐵、292其他專用機械設備、293通用機械設備  
11508.csv,鴻昌工業股份有限公司,99669248,07210000052420,臺中市南屯區寶山里工業區二十一路26號,臺中市南屯區寶山里,陳炳春,51934460,股份有限公司,0580101,0730820,生產中,22塑膠製品製造業  ,220塑膠製品  
11508.csv,鴻昌精密工業股份有限公司鶯歌廠,65000246,,新北市鶯歌區二甲里甲二街31、33、35號,新北市鶯歌區二甲里,陳宏信,24200730,股份有限公司,,1000406,生產中,25金屬製品製造業  ,259其他金屬製品  
11508.csv,鴻雅泛醫股份有限公司蘆竹二廠,99686640,07610003102275,桃園市蘆竹區內厝里興隆街四十巷廿八號,桃園市蘆竹區內厝里,羅起皋,22362414,股份有限公司,0760910,0780323,生產中,22塑膠製品製造業  ,220塑膠製品  
11508.csv,鴻霖油壓有限公司,99690880,,新北市樹林區三興里工興街一六之一號,新北市樹林區三興里,江美鳳,23243850,有限公司,,0920606,生產中,29機械設備製造業、25金屬製品製造業  ,291金屬加工用機械設備、293通用機械設備、292其他專用機械設備  
11508.csv,鈺誠鋁業股份有限公司,67000152,,臺南市仁德區二行里二仁路一段353號,臺南市仁德區二行里,蘇明弘,25160215,股份有限公司,,1000729,生產中,24基本金屬製造業  ,242鋁  
11508.csv,鉅民有限公司,99624158,,桃園市蘆竹區內厝里長安路１段１５９巷２號,桃園市蘆竹區內厝里,葉芬蘭,13032949,有限公司,,0910409,生產中,22塑膠製品製造業  ,220塑膠製品  
11508.csv,銓宏鋼鐵股份有限公司,99673374,06810000109755,臺南市南區彰南里新樂路36之1號,臺南市南區彰南里,郭俊麟,69750098,股份有限公司,0680310,0711016,生產中,25金屬製品製造業  ,254金屬加工處理  
11508.csv,銘利鋁門窗工程行,07002956,,彰化縣芳苑鄉漢寶村芳漢路漢一段345號1樓,彰化縣芳苑鄉漢寶村,洪羽柔,82410896,獨資,,1080115,生產中,25金屬製品製造業  ,252金屬結構及建築組件、254金屬加工處理  
11508.csv,銘剛科技股份有限公司,07004241,11010007800796,彰化縣溪湖鎮西溪里興業路95號,彰化縣溪湖鎮西溪里,洪誌健,83069243,股份有限公司,1100426,1100511,生產中,25金屬製品製造業、31其他運輸工具及其零件製造業  ,259其他金屬製品、313自行車及其零件  
11508.csv,銘唯實業股份有限公司新莊廠,99689515,,新北市新莊區福興里五權二路二０號五樓之五,新北市新莊區福興里,陳義木,34424169,股份有限公司,,0880101,生產中,25金屬製品製造業、29機械設備製造業  ,259其他金屬製品、293通用機械設備  
11508.csv,銘賢五金工程有限公司楊梅廠,99686079,08310003141192,桃園市楊梅區三湖里楊湖路一段六七六巷五一弄三五號,桃園市楊梅區三湖里,吳銘賢　　　,01976268,有限公司,0830913,0831005,生產中,29機械設備製造業、24基本金屬製造業  ,293通用機械設備、241鋼鐵  
11508.csv,銘輝工業有限公司二廠,S0700372,,彰化縣溪湖鎮田中里田中央路二段61巷9號,彰化縣溪湖鎮田中里,楊儒銘,86947862,有限公司,,1090522,生產中,24基本金屬製造業  ,241鋼鐵  
11508.csv,銘通工業社,S6600234,,臺中市太平區平安里鵬儀路214巷6弄8-20號,臺中市太平區平安里,陸銘通,95268512,獨資,,1090609,生產中,24基本金屬製造業、29機械設備製造業  ,241鋼鐵、242鋁、243銅、291金屬加工用機械設備  
11508.csv,鋁源實業股份有限公司,99664920,07810012143260,高雄市湖內區田尾里中山路一段８４８巷１８弄７號,高雄市湖內區田尾里,陳金州,23713640,股份有限公司,0791231,0791231,生產中,24基本金屬製造業  ,242鋁  
11508.csv,鋁盛壓鑄企業有限公司,65007347,,新北市林口區工九路25之1號,新北市林口區,鄭安絜,27890012,有限公司,,1071119,生產中,24基本金屬製造業、25金屬製品製造業、29機械設備製造業  ,242鋁、251金屬刀具、手工具及模具、293通用機械設備  
11508.csv,鋁祥發實業有限公司林口廠,99690998,,新北市林口區工九路25號,新北市林口區,王國慶,97236050,有限公司,,0920626,生產中,25金屬製品製造業、29機械設備製造業、24基本金屬製造業  ,259其他金屬製品、293通用機械設備、251金屬刀具、手工具及模具、242鋁  
11508.csv,錦城鐵工廠,99638243,07610006152391,臺中市太平區中興里東平路七四一巷十一號,臺中市太平區中興里,李俊岳,69461219,獨資,0760922,0770921,生產中,25金屬製品製造業  ,254金屬加工處理  
11508.csv,錩憶企業有限公司,99643701,07610006190584,臺中市太平區宜欣里宜昌東路130巷1號,臺中市太平區宜欣里,石泊浩,52724370,有限公司,0761123,0761211,生產中,25金屬製品製造業、29機械設備製造業、27電腦、電子產品及光學製品製造業  ,259其他金屬製品、293通用機械設備、272通訊傳播設備  
11508.csv,鍵豐機械有限公司,S6500171,,新北市蘆洲區保新里仁愛街190-4號,新北市蘆洲區保新里,洪鄭阿緞 ,22976243,有限公司,,1090515,生產中,29機械設備製造業  ,293通用機械設備  
11508.csv,鎰全工業股份有限公司,S6500453,,新北市板橋區成和里大觀路3段59巷46號,新北市板橋區成和里,吳春滿,23243182,股份有限公司,,1090724,生產中,25金屬製品製造業  ,259其他金屬製品  
11508.csv,鎰基實業有限公司,67000107,,臺南市永康區安康里中華西街104巷23號,臺南市永康區安康里,鄭榮斌,24398846,有限公司,,1000617,生產中,29機械設備製造業  ,293通用機械設備  
11508.csv,鐵錠金屬有限公司,99621873,08110000072689,桃園市觀音區樹林里國建三路3-1號,桃園市觀音區樹林里,王錦清　　　,22203726,有限公司,0810526,0860808,生產中,24基本金屬製造業、25金屬製品製造業  ,241鋼鐵、259其他金屬製品  
11508.csv,鐵騎工具工業有限公司,66010562,,臺中市大里區仁化里工業11路130號,臺中市大里區仁化里,林品妤,90892431,有限公司,,1120419,生產中,25金屬製品製造業  ,251金屬刀具、手工具及模具  
11508.csv,鑫錩麟企業有限公司,S6600675,,臺中市大里區樹王里文心南路1243號,臺中市大里區樹王里,江泉達,80708739,有限公司,,1090721,生產中,08食品製造業  ,089其他食品  
11508.csv,長庚醫學科技股份有限公司林口廠,99719581,,新北市泰山區大科里南林路118號2樓,新北市泰山區大科里,楊麗珠,24338670,股份有限公司,,0980925,生產中,33其他製造業  ,332醫療器材及用品  
11508.csv,長庚醫學科技股份有限公司醫療器材廠,10000730,,嘉義縣朴子市佳禾里馬稠後園區十六路50號,嘉義縣朴子市佳禾里,楊麗珠,24338670,股份有限公司,,1150723,生產中,33其他製造業、33其他製造業  ,332醫療器材及用品  
11508.csv,長甡工業有限公司,99605036,07410001192242,新北市樹林區金寮里光武街三六巷三０號,新北市樹林區金寮里,翁添欽,34527171,有限公司,0740708,0740813,生產中,29機械設備製造業、25金屬製品製造業  ,259其他金屬製品、293通用機械設備  
11508.csv,長甫精密股份有限公司,99624274,08510003300502,桃園市八德區茄苳里寶豐街15巷2弄11衖12號一樓,桃園市八德區茄苳里,葉長甫,97247205,股份有限公司,0851118,0851126,生產中,25金屬製品製造業  ,251金屬刀具、手工具及模具  
11508.csv,陳剛鋼鐵材有限公司,S6600329,,臺中市龍井區忠和里海尾路46巷117號,臺中市龍井區忠和里,楊秋玉,27503455,有限公司,,1090624,生產中,25金屬製品製造業  ,254金屬加工處理  
11508.csv,陳德芳香舖工廠,S6700722,,臺南市鹽水區岸內里蔦松腳11之5號,臺南市鹽水區岸內里,陳俊良,17241587,獨資,,1100416,生產中,33其他製造業  ,339未分類其他製品  
11508.csv,雅斯城興業有限公司,65006036,,新北市樹林區三龍里三龍街68號2樓、3樓,新北市樹林區三龍里,林美伶,12722241,有限公司,,1060621,生產中,15紙漿、紙及紙製品製造業  ,159其他紙製品  
11508.csv,青山實業社,67002410,,臺南市歸仁區大廟里大廟六街35巷25號1樓,臺南市歸仁區大廟里,林明樂,08474830,合夥,,1080618,生產中,22塑膠製品製造業  ,220塑膠製品  
11508.csv,韋虹有限公司,01000243,,新北市樹林區三多里三俊街48巷20號(1樓),新北市樹林區三多里,李素蘭,29157156,有限公司,,0991216,生產中,25金屬製品製造業、29機械設備製造業  ,259其他金屬製品、293通用機械設備  
11508.csv,順興企業社,S1300102,,屏東縣內埔鄉東勢村科大路三段15巷27號,屏東縣內埔鄉東勢村,鍾永雄,90961491,獨資,,1090610,生產中,24基本金屬製造業  ,241鋼鐵  
11508.csv,順興工藝社,99651729,07410007052435,彰化縣鹿港鎮頂厝里鹿和路一段三一七巷二七號,彰化縣鹿港鎮頂厝里,許　見　德,59164062,獨資,0740426,0740506,生產中,33其他製造業  ,331育樂用品  
11508.csv,頡慶鋼鐵企業有限公司,S6400535,,高雄市燕巢區鳳雄里鳳東路181號,高雄市燕巢區鳳雄里,陳永發,89261512,有限公司,,1090910,生產中,25金屬製品製造業  ,254金屬加工處理  
11508.csv,馬思技企業有限公司,07001534,,彰化縣彰化市南瑤里中正路二段612巷76號1樓,彰化縣彰化市南瑤里,黃富杰,24212898,有限公司,,1040625,生產中,25金屬製品製造業、31其他運輸工具及其零件製造業  ,259其他金屬製品、312機車及其零件  
11508.csv,馬思技企業有限公司二廠,S0702561,,彰化縣花壇鄉花壇村番花路119巷99號,彰化縣花壇鄉花壇村,黄富杰,24212898,有限公司,,1130904,生產中,25金屬製品製造業、31其他運輸工具及其零件製造業  ,259其他金屬製品、312機車及其零件、313自行車及其零件  
11508.csv,馬振源工業股份有限公司,99631873,08510005025814,苗栗縣頭份市田寮里十五鄰北田街二七號,苗栗縣頭份市田寮里,連陳寬,89816421,股份有限公司,0850306,0860625,生產中,24基本金屬製造業、25金屬製品製造業  ,241鋼鐵、254金屬加工處理  
11508.csv,駿興億有限公司,67000893,,臺南市永康區塩洲里國聖街167巷23號,臺南市永康區塩洲里,侯榮俊,24202152,有限公司,,1030528,生產中,25金屬製品製造業  ,251金屬刀具、手工具及模具  
11508.csv,駿豪工程行,07005397,,彰化縣員林市大埔里員大路二段46巷301號1樓,彰化縣員林市大埔里,柳渼芩,82415077,獨資,,1121219,生產中,25金屬製品製造業  ,252金屬結構及建築組件、254金屬加工處理、259其他金屬製品  
11508.csv,騵大科技股份有限公司,67002429,,臺南市新營區興業里中興路31巷56號,臺南市新營區興業里,王資貴,42797676,股份有限公司,,1080715,生產中,18化學材料及肥料製造業、23非金屬礦物製品製造業  ,183肥料及氮化合物、232耐火、黏土建材及其他陶瓷製品  
11508.csv,高彥科技股份有限公司,99661201,08910012800465,高雄市燕巢區角宿里安新路３６８號,高雄市燕巢區角宿里,黃志文,16844929,股份有限公司,0890504,0900424,生產中,27電腦、電子產品及光學製品製造業、26電子零組件製造業、24基本金屬製造業、25金屬製品製造業、29機械設備製造業、30汽車及其零件製造業、31其他運輸工具及其零件製造業  ,242鋁、249其他基本金屬、251金屬刀具、手工具及模具、259其他金屬製品、293通用機械設備、273視聽電子產品、303汽車零件、312機車及其零件、313自行車及其零件  
11508.csv,高領精密機器股份有限公司,99713034,,臺中市大雅區四德里中清路三段767號,臺中市大雅區四德里,謝汝洲,24200984,股份有限公司,,0971106,生產中,29機械設備製造業  ,292其他專用機械設備、293通用機械設備  
11508.csv,高領精密機器股份有限公司龍井廠,S6603370,,臺中市龍井區田中里臨港東路一段201巷99號,臺中市龍井區田中里,謝汝洲,24200984,股份有限公司,,1150630,生產中,29機械設備製造業  ,292其他專用機械設備  
11508.csv,高鵬欣股份有限公司,99663598,08510012052050,高雄市燕巢區安招里安林四街78號,高雄市燕巢區安招里,陳慶堂,97259829,股份有限公司,0850328,0850812,生產中,30汽車及其零件製造業、31其他運輸工具及其零件製造業、25金屬製品製造業、24基本金屬製造業  ,241鋼鐵、259其他金屬製品、303汽車零件、312機車及其零件  
11508.csv,麗正國際科技股份有限公司,99602890,06410000181368,新北市土城區沛陂里中山路七一號,新北市土城區沛陂里,林文騰,04982433,股份有限公司,0580101,0660412,生產中,26電子零組件製造業  ,261半導體  
11508.csv,鈦昶鋼鐵股份有限公司,99633334,08110006042313,臺中市梧棲區草湳里永興路二段三七二號,臺中市梧棲區草湳里,陳萬居,22412527,股份有限公司,0810407,0820309,生產中,25金屬製品製造業  ,259其他金屬製品  
11508.csv,鈦昶鋼鐵股份有限公司第二廠,99633524,,臺中市梧棲區永安里向上路九段382巷93號,臺中市梧棲區永安里,陳萬居,22412527,股份有限公司,,0900816,生產中,25金屬製品製造業  ,259其他金屬製品  
11508.csv,鈺辰企業股份有限公司大發廠,99685308,,高雄市大寮區潮寮里華東路１之１號,高雄市大寮區潮寮里,陳有發,76350977,有限公司,,0920715,生產中,22塑膠製品製造業、23非金屬礦物製品製造業、24基本金屬製造業  ,220塑膠製品、231玻璃及其製品、241鋼鐵  
11508.csv,鈺邦機械工業有限公司,99719198,,新北市新莊區福營里中正路六五一之一號三樓,新北市新莊區福營里,王淑媛,24376857,有限公司,,0980409,生產中,29機械設備製造業  ,291金屬加工用機械設備、292其他專用機械設備、293通用機械設備  
11508.csv,鈺邦機械工業有限公司三廠,65005730,,新北市新莊區福營里福營路227巷6號1樓,新北市新莊區福營里,王淑媛,24376857,有限公司,,1060314,生產中,29機械設備製造業  ,293通用機械設備  
11508.csv,鈺邦機械工業有限公司二廠,65005731,,新北市新莊區福營里後港一路163號1樓,新北市新莊區福營里,王淑媛,24376857,有限公司,,1060314,生產中,29機械設備製造業  ,293通用機械設備  
11508.csv,鈺邦機械工業有限公司福營廠,65012144,,新北市新莊區福營里福營路227巷4號,新北市新莊區福營里,王淑媛,24376857,有限公司,,1130910,生產中,29機械設備製造業  ,293通用機械設備  
11508.csv,鉦元精密科技股份有限公司,66002422,,臺中市太平區建國里鵬儀路459號1樓,臺中市太平區建國里,蔡艷蘭,54604267,股份有限公司,,1030103,生產中,25金屬製品製造業、28電力設備及配備製造業、29機械設備製造業  ,259其他金屬製品、281發電、輸電及配電機械、293通用機械設備  
11508.csv,鉦力企業股份有限公司大園廠,99626826,08310003141377,桃園市大園區內海里濱海路三段360號,桃園市大園區內海里,張倖嘉　,84569793,股份有限公司,0830916,0831221,生產中,24基本金屬製造業、28電力設備及配備製造業  ,243銅、283電線及配線器材  
11508.csv,鉦力企業股份有限公司觀音廠,99717860,,桃園市觀音區觀音里１３鄰光明路４３號,桃園市觀音區觀音里,張倖嘉,84569793,股份有限公司,,0981007,生產中,24基本金屬製造業、28電力設備及配備製造業  ,243銅、283電線及配線器材  
11508.csv,銓承鋼鐵有限公司,S0701572,,彰化縣福興鄉外埔村外埔巷1-3號,彰化縣福興鄉外埔村,梁長陞,53474060,有限公司,,1101215,生產中,25金屬製品製造業  ,259其他金屬製品  
11508.csv,銘城科技有限公司,65009241,,新北市樹林區金寮里光武街36巷29號(1樓),新北市樹林區金寮里,施奕光,24342668,有限公司,,1100302,生產中,25金屬製品製造業、27電腦、電子產品及光學製品製造業、28電力設備及配備製造業、29機械設備製造業、30汽車及其零件製造業  ,251金屬刀具、手工具及模具、254金屬加工處理、259其他金屬製品、271電腦及其週邊設備、284照明設備及配備、293通用機械設備、303汽車零件  
11508.csv,銘鈦精密有限公司,65009391,,新北市新莊區西盛里瓊林南路122號,新北市新莊區西盛里,楊銘傑,54722412,有限公司,,1100426,生產中,26電子零組件製造業  ,269其他電子零組件  
11508.csv,銘鋼鋼鐵有限公司,65005290,,新北市泰山區貴和里新北大道七段105巷8、10號1樓,新北市泰山區貴和里,李坤山,80437700,有限公司,,1050909,生產中,25金屬製品製造業、25金屬製品製造業  ,254金屬加工處理、259其他金屬製品  
11508.csv,鋅峰鋁業股份有限公司大里廠,66008908,,臺中市大里區仁化里仁美路159巷11號,臺中市大里區仁化里,林芳達,82830476,股份有限公司,,1100305,生產中,24基本金屬製造業  ,242鋁  
11508.csv,鋒碩鋼鐵有限公司,S0200067,,宜蘭縣礁溪鄉龍潭村龍潭路324巷1號、1-1號,宜蘭縣礁溪鄉龍潭村,李勝宇,91000084,有限公司,,1130503,生產中,25金屬製品製造業  ,252金屬結構及建築組件、254金屬加工處理  
11508.csv,錦展實業股份有限公司,99624166,08410000655645,桃園市觀音區樹林里國光路六號,桃園市觀音區樹林里,溫錦輝　　　,16395824,股份有限公司,0841206,0851024,生產中,11紡織業  ,114染整  
11508.csv,錩模實業股份有限公司,99660720,08010011055828,臺南市永康區東橋里中正路217巷3弄27號,臺南市永康區東橋里,楊金昌　　　,22412998,股份有限公司,0800503,0800708,生產中,29機械設備製造業  ,291金屬加工用機械設備、293通用機械設備  
11508.csv,錩泰工業股份有限公司后二廠,99703291,,臺中市后里區后里里三豐路四段352巷31號,臺中市后里區后里里,張經金,23248433,股份有限公司,,0941130,生產中,25金屬製品製造業、28電力設備及配備製造業、29機械設備製造業、24基本金屬製造業  ,251金屬刀具、手工具及模具、259其他金屬製品、281發電、輸電及配電機械、289其他電力設備及配備、291金屬加工用機械設備、293通用機械設備、242鋁  
11508.csv,鍾冶金屬工業股份有限公司,99633337,08410006243051,臺中市太平區德隆里工業十五路八號,臺中市太平區德隆里,李金遠,86355037,股份有限公司,0841011,0851118,生產中,25金屬製品製造業  ,259其他金屬製品  
11508.csv,鎰昌企業社,07003422,,彰化縣北斗鎮西安里復興路862巷130號1樓,彰化縣北斗鎮西安里,林欣頤,82423816,獨資,,1081031,生產中,14木竹製品製造業  ,140木竹製品  
11508.csv,鐽成企業股份有限公司大衛廠,99640322,08710006049246,臺中市大里區大元里大衛路24號,臺中市大里區大元里,何志達,22498524,股份有限公司,0870307,0870321,生產中,29機械設備製造業、25金屬製品製造業、24基本金屬製造業  ,293通用機械設備、251金屬刀具、手工具及模具、241鋼鐵  
11508.csv,鐽鍀實業有限公司,66008021,,臺中市潭子區潭陽里潭子街一段31巷39號1樓,臺中市潭子區潭陽里,林張晏婕,24220898,有限公司,,1090108,生產中,25金屬製品製造業  ,259其他金屬製品  
11508.csv,鑫富塑膠股份有限公司,99646017,07510000210243,彰化縣彰化市牛埔里一德南路３３之４號,彰化縣彰化市牛埔里,何永洲　,54959350,股份有限公司,0750724,0761009,生產中,22塑膠製品製造業  ,220塑膠製品  
11508.csv,鑫富工業社,S6602191,,臺中市龍井區福田里茄投路海埔仔巷2-1號,臺中市龍井區福田里,劉陳美玲,77682242,合夥,,1131001,生產中,22塑膠製品製造業、33其他製造業  ,220塑膠製品、331育樂用品  
11508.csv,鑫琪企業股份有限公司,99672881,07710020089400,嘉義市西區重興里自由路１１號,嘉義市西區重興里,王振福　　　,23096061,股份有限公司,0771206,0771209,生產中,24基本金屬製造業  ,241鋼鐵  
11508.csv,鑫鎰鋼鐵有限公司二廠,S6800639,,桃園市大園區五權里合圳北路三段619巷88號,桃園市大園區五權里,陳振輝,23204879,有限公司,,1150519,生產中,25金屬製品製造業  ,254金屬加工處理  
11508.csv,鑫鎰鋼鐵有限公司,99622280,08510003011364,桃園市蘆竹區新興里中興二街25號,桃園市蘆竹區新興里,陳振輝　　　,23204879,有限公司,0850501,0860505,生產中,25金屬製品製造業  ,254金屬加工處理、259其他金屬製品  
11508.csv,鑫鑫鋐有限公司,68005183,,桃園市新屋區東明里埔工路545號,桃園市新屋區東明里,林古鑫榆,69689003,有限公司,,1111101,生產中,24基本金屬製造業  ,241鋼鐵  
11508.csv,長志鋼鐵工廠有限公司,68004374,,桃園市龜山區福源里福源街75號,桃園市龜山區福源里,甘聰淋,84504764,有限公司,,1100809,生產中,25金屬製品製造業  ,254金屬加工處理  
11508.csv,阡勝鋼鐵股份有限公司,S6603212,,臺中市后里區厚里里甲后路一段908號,臺中市后里區厚里里,林俊宏,86946863,股份有限公司,,1150417,生產中,25金屬製品製造業  ,254金屬加工處理、259其他金屬製品  
11508.csv,陳稼莊自然農業有限公司,99721558,,高雄市鳳山區北門里鳳仁路242巷30號,高雄市鳳山區北門里,陳韻竹,27686258,有限公司,,0981123,生產中,08食品製造業、09飲料製造業  ,089其他食品、092非酒精飲料  
11508.csv,隆宇工業有限公司,99664241,00010012036459,高雄市岡山區嘉峰里宮中街９０巷１０號　　　,高雄市岡山區嘉峰里,邱明郁,23812037,有限公司,0791231,0791231,生產中,25金屬製品製造業  ,259其他金屬製品  
11508.csv,青德鋼鐵股份有限公司,99641089,06410000118641,臺中市霧峰區吉峰里吉峰路61號,臺中市霧峰區吉峰里,周直雄,52365472,股份有限公司,0580101,0660318,生產中,24基本金屬製造業、25金屬製品製造業  ,241鋼鐵、259其他金屬製品  
11508.csv,青志企業有限公司二廠,65008110,,新北市板橋區廣福里信義路243號4樓,新北市板橋區廣福里,吳含笑,22906943,有限公司,,1081015,生產中,12成衣及服飾品製造業  ,121成衣、123服飾品  
11508.csv,順億興股份有限公司,99603523,08210000072434,新北市五股區興珍里五工六路18號,新北市五股區興珍里,陳逸杰,22559084,股份有限公司,0820413,0830518,生產中,33其他製造業  ,339未分類其他製品  
11508.csv,順昌發鋼鐵企業股份有限公司,S6400196,,高雄市大寮區過溪里光華路247之1號,高雄市大寮區過溪里,張昭熙,27223898,股份有限公司,,1090710,生產中,25金屬製品製造業  ,259其他金屬製品  
11508.csv,順昌發鋼鐵企業股份有限公司一廠,S6401336,,高雄市大寮區大寮里光華路298巷21-1號,高雄市大寮區大寮里,張昭熙,27223898,股份有限公司,,1141105,生產中,25金屬製品製造業  ,252金屬結構及建築組件  
11508.csv,順昱鋼鐵有限公司,65013179,,新北市樹林區金寮里樹潭街9之1號,新北市樹林區金寮里,林金英,22595167,有限公司,,1141128,生產中,25金屬製品製造業  ,251金屬刀具、手工具及模具、252金屬結構及建築組件、254金屬加工處理  
11508.csv,駿輝有限公司塩行廠,99660278,08610011307742,臺南市永康區塩行里中正南路360巷13之3號,臺南市永康區塩行里,洪鳳珠　　　,84997887,有限公司,0860923,0870429,生產中,24基本金屬製造業  ,241鋼鐵  
11508.csv,驊逸企業有限公司,67004370,,臺南市西港區南海里慶安路241號,臺南市西港區南海里,黃國書,89743700,有限公司,,1150703,生產中,15紙漿、紙及紙製品製造業  ,152瓦楞紙板及紙容器  
11508.csv,高徵實業股份有限公司,99665483,,高雄市大寮區潮寮里田單四街5號,高雄市大寮區潮寮里,涂嘉宇,70406469,股份有限公司,,0910923,生產中,21橡膠製品製造業、22塑膠製品製造業、24基本金屬製造業、25金屬製品製造業  ,210橡膠製品、220塑膠製品、241鋼鐵、242鋁、243銅、249其他基本金屬、252金屬結構及建築組件、254金屬加工處理、259其他金屬製品  
11508.csv,高徵實業股份有限公司大發廠,64006734,,高雄市大寮區潮寮里田單三街17號,高雄市大寮區潮寮里,涂嘉宇,70406469,股份有限公司,,1020311,生產中,21橡膠製品製造業、22塑膠製品製造業、24基本金屬製造業、25金屬製品製造業  ,210橡膠製品、220塑膠製品、241鋼鐵、242鋁、243銅、249其他基本金屬、252金屬結構及建築組件、259其他金屬製品  
11508.csv,高慶企業社八里廠,65005476,,新北市八里區大崁里觀海大道215號,新北市八里區大崁里,吳佳郁,42437201,獨資,,1051125,生產中,29機械設備製造業  ,293通用機械設備  
11508.csv,高慷企業有限公司,S0700545,,彰化縣秀水鄉義興村三義巷87號,彰化縣秀水鄉義興村,林慶南,97242497,有限公司,,1090611,生產中,25金屬製品製造業  ,259其他金屬製品  
11508.csv,鴻騰鋼鐵有限公司,99666353,08010014339438,臺東縣臺東市豐樂里大德路十四號,臺東縣臺東市豐樂里,李淑祉,28650953,有限公司,0800107,0820914,生產中,25金屬製品製造業  ,252金屬結構及建築組件  
11508.csv,麗美砂石企業有限公司,66008316,,臺中市后里區墩南里堤防路260號,臺中市后里區墩南里,鄭芳潔,24261378,有限公司,,1090616,生產中,23非金屬礦物製品製造業  ,239其他非金屬礦物製品  
11508.csv,鈦甫科技股份有限公司,65001106,,新北市土城區大安里中央路3段76巷49弄8號,新北市土城區大安里,劉雪敏,27780922,股份有限公司,,1010210,生產中,24基本金屬製造業、26電子零組件製造業、27電腦、電子產品及光學製品製造業、29機械設備製造業、25金屬製品製造業  ,242鋁、262被動電子元件、264光電材料及元件、275量測、導航、控制設備及鐘錶、293通用機械設備、259其他金屬製品  
11508.csv,鈺銘鋼鐵有限公司,S6800252,,桃園市八德區廣興里新興路342巷97號,桃園市八德區廣興里,林文堂,86761020,有限公司,,1090601,生產中,25金屬製品製造業  ,254金屬加工處理  
11508.csv,鈺鑫鋼鐵工程有限公司,S0900383,,雲林縣二崙鄉永定村永定村田頭56號,雲林縣二崙鄉永定村,謝慶鐘,80571868,有限公司,,1140411,生產中,25金屬製品製造業  ,252金屬結構及建築組件  
11508.csv,鉦原工業有限公司,99610499,07310001275091,新北市新莊區化成里化成路一一巷一００號,新北市新莊區化成里,陳義鏞,02075630,有限公司,0731023,0740806,生產中,24基本金屬製造業、25金屬製品製造業、29機械設備製造業、30汽車及其零件製造業、31其他運輸工具及其零件製造業  ,243銅、259其他金屬製品、293通用機械設備、303汽車零件、312機車及其零件  
11508.csv,鉦原工業有限公司新莊一廠,99719002,,新北市新莊區化成里化成路一一巷一０四、一０六號（一樓）,新北市新莊區化成里,陳義鏞,02075630,有限公司,,0980116,生產中,24基本金屬製造業、25金屬製品製造業、29機械設備製造業、30汽車及其零件製造業、31其他運輸工具及其零件製造業  ,243銅、259其他金屬製品、293通用機械設備、303汽車零件、312機車及其零件  
11508.csv,鉦和鋼鐵股份有限公司,66011865,,臺中市潭子區栗林里中山路三段493巷23弄77號1樓,臺中市潭子區栗林里,郭建志,54902028,股份有限公司,,1140613,生產中,25金屬製品製造業  ,252金屬結構及建築組件、254金屬加工處理、259其他金屬製品  
11508.csv,鉦國製網工業有限公司,18000131,,新竹市香山區牛埔里中華路四段633號,新竹市香山區牛埔里,李啓昌,54524308,有限公司,,1021022,生產中,25金屬製品製造業、25金屬製品製造業  ,259其他金屬製品  
11508.csv,銓斌企業社,S6601613,,臺中市烏日區北里里太明路成豐巷172號,臺中市烏日區北里里,陳信宏,77763440,合夥,,1091113,生產中,24基本金屬製造業、25金屬製品製造業、29機械設備製造業、30汽車及其零件製造業  ,241鋼鐵、252金屬結構及建築組件、291金屬加工用機械設備、293通用機械設備、303汽車零件  
11508.csv,銓昱金屬工業有限公司,99647238,06810000227419,彰化縣彰化市和調里中山路３段１４巷８號,彰化縣彰化市和調里,王正雄　,59242736,有限公司,0681123,0690628,生產中,25金屬製品製造業  ,259其他金屬製品  
11508.csv,銘威創新企業有限公司,99624320,07710003055523,桃園市大溪區員林里員林路二段三三六巷八號,桃園市大溪區員林里,韓木基,22241138,有限公司,0770611,0770820,生產中,33其他製造業  ,339未分類其他製品  
11508.csv,錦德鋼鐵股份有限公司,64009344,,高雄市大寮區新厝里鳳林二路293-43號,高雄市大寮區新厝里,何自柔,42703170,股份有限公司,,1110706,生產中,25金屬製品製造業  ,252金屬結構及建築組件  
11508.csv,錦慶工程有限公司,99712496,,高雄市大寮區大寮里光明路三段１５１０號,高雄市大寮區大寮里,丁基展,16464672,有限公司,,0980814,生產中,24基本金屬製造業、31其他運輸工具及其零件製造業  ,241鋼鐵、311船舶及浮動設施  
11508.csv,錩輝鋼鐵有限公司,66007470,,臺中市霧峰區甲寅里民生路172之59號,臺中市霧峰區甲寅里,方榮輝,25098178,有限公司,,1080528,生產中,25金屬製品製造業  ,254金屬加工處理  
11508.csv,錩輝鋼鐵有限公司霧峰分廠,06000025,,臺中市霧峰區吉峰里民生路198巷26弄9號,臺中市霧峰區吉峰里,方榮輝,25098178,有限公司,,0991014,生產中,25金屬製品製造業、29機械設備製造業  ,254金屬加工處理、292其他專用機械設備  
11508.csv,鎂亞精密股份有限公司,65010250,,新北市土城區大安里忠承路101號(1樓),新北市土城區大安里,李茂碷,80073285,股份有限公司,,1110321,生產中,24基本金屬製造業、25金屬製品製造業  ,241鋼鐵、251金屬刀具、手工具及模具、254金屬加工處理  
11508.csv,鐿晴精密齒輪廠股份有限公司新屋廠,99624228,,桃園市新屋區槺榔里七鄰上槺榔一之二號,桃園市新屋區?榔里,劉秋香,47303722,股份有限公司,,0910415,生產中,29機械設備製造業  ,293通用機械設備  
11508.csv,鑫陽鋼鐵股份有限公司機械廠,64006517,,高雄市橋頭區芋寮里芋寮路296號,高雄市橋頭區芋寮里,張振武,53235414,股份有限公司,,1010419,生產中,25金屬製品製造業  ,259其他金屬製品  
11508.csv,鑫陽鋼鐵股份有限公司裁剪廠,64006248,,高雄市橋頭區芋寮里芋寮路297之4號,高雄市橋頭區芋寮里,張振武,53235414,股份有限公司,,1000419,生產中,25金屬製品製造業  ,259其他金屬製品  
11508.csv,鑫陽鋼鐵股份有限公司鋼一廠,64006267,,高雄市橋頭區芋寮里芋寮路２９７號,高雄市橋頭區芋寮里,張振武,53235414,股份有限公司,,1000504,生產中,25金屬製品製造業  ,259其他金屬製品  
11508.csv,鑫陽鋼鐵股份有限公司鋼二廠,64006261,,高雄市橋頭區頂鹽里典昌路２號,高雄市橋頭區頂鹽里,張振武,53235414,股份有限公司,,1000425,生產中,25金屬製品製造業  ,259其他金屬製品  
11508.csv,長益精密工業股份有限公司精科廠,66005242,,臺中市南屯區春社里精科八路12號,臺中市南屯區春社里,林明輝,86352524,股份有限公司,,1060223,生產中,27電腦、電子產品及光學製品製造業、33其他製造業、28電力設備及配備製造業  ,272通訊傳播設備、332醫療器材及用品、276輻射及電子醫學設備、283電線及配線器材、284照明設備及配備、285家用電器  
11508.csv,長益鐵工廠,99671420,06910000242446,臺中市東區東門里旱溪西路一段１９０巷８號,臺中市東區東門里,陳玉滿,52613233,獨資,0580101,0700108,生產中,29機械設備製造業  ,293通用機械設備  
11508.csv,長頌針織股份有限公司,99651587,07110000217163,彰化縣埤頭鄉芙朝村頂庄路七九號,彰化縣埤頭鄉芙朝村,黃呈玉　,24154031,股份有限公司,0711204,0720219,生產中,11紡織業  ,112織布  
11508.csv,長頌針織股份有限公司二廠,S0700171,,彰化縣埤頭鄉芙朝村頂庄路79號,彰化縣埤頭鄉芙朝村,黃呈玉,24154031,股份有限公司,,1090513,生產中,11紡織業  ,112織布  
11508.csv,阡勝鋼鐵股份有限公司工廠,66000242,,臺中市后里區厚里里甲后路一段908號,臺中市后里區厚里里,林俊宏,86946863,股份有限公司,,1000516,生產中,25金屬製品製造業  ,254金屬加工處理、259其他金屬製品  
11508.csv,青松環保清除有限公司,07004542,,彰化縣大村鄉村上村中山路二段139-9號,彰化縣大村鄉村上村,謝青松,70624274,有限公司,,1101101,生產中,33其他製造業  ,339未分類其他製品  
11508.csv,頭份工業股份有限公司,99632404,05810005016801,苗栗縣竹南鎮頂埔里八鄰中華路二八二號,苗栗縣竹南鎮頂埔里,邱文昌,49711597,股份有限公司,0581105,0600517,生產中,24基本金屬製造業  ,241鋼鐵  
11508.csv,首復生技有限公司,99680900,,彰化縣彰化市莿桐里彰鹿路１２３巷２５弄３號,彰化縣彰化市莿桐里,劉怡成,24236202,有限公司,,0980226,生產中,19其他化學製品製造業  ,193清潔用品及化粧品  
11508.csv,馳峯食品工業有限公司,64007439,,高雄市鳳山區埤頂里建國路一段53巷2弄8號,高雄市鳳山區埤頂里,余峯瑞,54824142,有限公司,,1050104,生產中,08食品製造業  ,089其他食品  
11508.csv,驊騰精密有限公司,65004172,,新北市樹林區三多里三德街51號1樓,新北市樹林區三多里,柳菁華,54843871,有限公司,,1040708,生產中,24基本金屬製造業、25金屬製品製造業  ,241鋼鐵、254金屬加工處理  
11508.csv,高群公害處理工程股份有限公司板橋廠,99618852,07710001242807,新北市板橋區挹秀里漢生西路八九巷二弄一三號一樓,新北市板橋區挹秀里,張明輝,34448893,股份有限公司,0770819,0770831,生產中,29機械設備製造業  ,293通用機械設備  
11508.csv,高群食品有限公司,67001049,,臺南市山上區明和里明和76之72號,臺南市山上區明和里,王文楨,24237048,有限公司,,1031111,生產中,08食品製造業  ,089其他食品  
11508.csv,高義錫業有限公司,08000592,,南投縣南投市平山里工業路7號,南投縣南投市平山里,劉肯宏,60652579,有限公司,,1150115,生產中,24基本金屬製造業  ,243銅  
11508.csv,鴻勝鋁業股份有限公司,99656459,08210000071039,臺南市新營區嘉芳里新嘉街１１號、四維路11號,臺南市新營區嘉芳里,韓金英　　　,27593147,股份有限公司,0820301,0830705,生產中,24基本金屬製造業  ,242鋁  
11508.csv,鴻匠科技股份有限公司二廠,S6602422,,臺中市神岡區豐洲里前寮路60-13號,臺中市神岡區豐洲里,羅匡臣,80636855,股份有限公司,,1140507,生產中,29機械設備製造業  ,293通用機械設備  
11508.csv,鴻升環境科技股份有限公司,99677817,,苗栗縣銅鑼鄉銅鑼村民治路二五號,苗栗縣銅鑼鄉銅鑼村,鍾佳勳,25179988,股份有限公司,,0990715,生產中,22塑膠製品製造業、24基本金屬製造業  ,220塑膠製品、242鋁、243銅、249其他基本金屬  
11508.csv,鴻林塑膠有限公司,99634056,07910006072432,臺中市烏日區前竹里仁義街20號,臺中市烏日區前竹里,林煒盛,22507571,有限公司,0790606,0790628,生產中,22塑膠製品製造業  ,220塑膠製品  
11508.csv,鴻森鋼鐵有限公司工廠,07005633,,彰化縣福興鄉鎮平村阿力街12-30號1樓,彰化縣福興鄉鎮平村,鄭丞穎,90526266,有限公司,,1130722,生產中,25金屬製品製造業  ,252金屬結構及建築組件  
11508.csv,鴻臨設彩有限公司,65012080,,新北市中和區中原里中山路二段380巷25號1樓,新北市中和區中原里,林家宏,24271122,有限公司,,1130816,生產中,16印刷及資料儲存媒體複製業  ,160印刷及資料儲存媒體複製  
11508.csv,鴻興實業社,S0702435,,彰化縣社頭鄉山湖村社石路609號,彰化縣社頭鄉山湖村,張淑香,25369452,獨資,,1130618,生產中,25金屬製品製造業  ,252金屬結構及建築組件  
11508.csv,鴻齊工業有限公司,68006153,,桃園市龍潭區高原里高原路367巷160號,桃園市龍潭區高原里,陳鴻騰,91032781,有限公司,,1130612,生產中,24基本金屬製造業、25金屬製品製造業  ,241鋼鐵、254金屬加工處理、259其他金屬製品  
11508.csv,麗鋼工業股份有限公司衝壓廠,99625538,06710000300133,桃園市中壢區復興里吉林路18號,桃園市中壢區復興里,張李秋眉　　,14015026,股份有限公司,0671122,0720622,生產中,24基本金屬製造業、25金屬製品製造業、29機械設備製造業  ,241鋼鐵、259其他金屬製品、293通用機械設備  
11508.csv,鈦興鋁業有限公司全興廠,99681128,,彰化縣伸港鄉溪底村工五路１號,彰化縣伸港鄉溪底村,賴美蘭,16853031,有限公司,,0990324,生產中,24基本金屬製造業、25金屬製品製造業  ,242鋁、254金屬加工處理  
11508.csv,鉅盛國際工業股份有限公司,99712970,,臺中市太平區福隆里光興路１２７３號,臺中市太平區福隆里,陳守民,24226231,股份有限公司,,0970915,生產中,25金屬製品製造業、29機械設備製造業、30汽車及其零件製造業、31其他運輸工具及其零件製造業  ,251金屬刀具、手工具及模具、293通用機械設備、303汽車零件、312機車及其零件  
11508.csv,鉅盛國際工業股份有限公司霧峰廠,66009574,,臺中市霧峰區吉峰里吉峰路69之6號1樓,臺中市霧峰區吉峰里,陳守民,24226231,股份有限公司,,1101029,生產中,25金屬製品製造業  ,251金屬刀具、手工具及模具、259其他金屬製品  
11508.csv,銓泰動力科技股份有限公司,67000019,,臺南市仁德區上崙里中正路1段656巷50號,臺南市仁德區上崙里,薛進春,27446602,股份有限公司,,1000210,生產中,24基本金屬製造業  ,242鋁  
11508.csv,銘崙電機工業股份有限公司一廠,66010504,,臺中市豐原區南村里11鄰圓環東路810巷25號1、2、3樓,臺中市豐原區南村里,詹家銘,84522427,股份有限公司,,1120323,生產中,28電力設備及配備製造業、29機械設備製造業  ,281發電、輸電及配電機械、285家用電器、293通用機械設備  
11508.csv,銘鴻鋼鐵有限公司,64009715,,高雄市大社區保社里旗楠路33號,高雄市大社區保社里,曾錦娥,89268819,有限公司,,1121108,生產中,25金屬製品製造業  ,254金屬加工處理  
11508.csv,鋐城工業股份有限公司,99641277,07710006205916,臺中市大甲區文曲里東安路187號,臺中市大甲區文曲里,紀正賢,56682415,股份有限公司,0680524,,生產中,22塑膠製品製造業、25金屬製品製造業  ,220塑膠製品、259其他金屬製品  
11508.csv,鋐宇機械有限公司,67003090,,臺南市永康區塩洲里國聖街312號I棟,臺南市永康區塩洲里,張國宏,24299450,有限公司,,1100805,生產中,29機械設備製造業  ,292其他專用機械設備  
11508.csv,鋒鑫鋁業股份有限公司,99656765,06110000039330,臺南市仁德區土庫里太子路169號,臺南市仁德區土庫里,盧友義,73730671,股份有限公司,0610505,0611122,生產中,24基本金屬製造業  ,242鋁  
11508.csv,鋒鑽機械股份有限公司二廠,66001189,,臺中市豐原區南田里水源路78號,臺中市豐原區南田里,林明洋,53822434,股份有限公司,,1010704,生產中,29機械設備製造業  ,293通用機械設備  
11508.csv,鋒霈環境科技股份有限公司,07004096,,彰化縣線西鄉塭仔村彰濱東一路1-1號,彰化縣線西鄉塭仔村,盧宗隆,28324177,股份有限公司,,1100204,生產中,18化學材料及肥料製造業、19其他化學製品製造業  ,181化學原材料、199未分類其他化學製品  
11508.csv,錦成木箱行,S6600147,,臺中市梧棲區草湳里自強三街96巷25號,臺中市梧棲區草湳里,顏志雄,76624152,獨資,,1090521,生產中,14木竹製品製造業  ,140木竹製品  
11508.csv,錩鍀鋼鐵股份有限公司梧鳳廠,07002561,,彰化縣埔心鄉梧鳳村五賢路136號,彰化縣埔心鄉梧鳳村,張永錦,42770466,股份有限公司,,1070507,生產中,25金屬製品製造業  ,252金屬結構及建築組件  
11508.csv,鎂和鋼鐵股份有限公司,99670509,09110019000947,臺中市南屯區中和里南光路９１巷４１號,臺中市南屯區中和里,康通益,22910735,股份有限公司,0910423,0910423,生產中,25金屬製品製造業  ,259其他金屬製品  
11508.csv,鎂和鋼鐵股份有限公司三廠,S6602817,,臺中市烏日區北里里太明北路105巷138弄88號,臺中市烏日區北里里,康通益,22910735,股份有限公司,,1141020,生產中,25金屬製品製造業  ,252金屬結構及建築組件、254金屬加工處理  
11508.csv,鎂和鋼鐵股份有限公司二廠,S6600068,,臺中市烏日區北里里4鄰太明路226巷28號,臺中市烏日區北里里,康通益,22910735,股份有限公司,,1090424,生產中,25金屬製品製造業  ,254金屬加工處理  
11508.csv,鎰盛精密工業股份有限公司,99701007,,臺中市太平區宜欣里富平路１８號,臺中市太平區宜欣里,劉美玲,89724181,股份有限公司,,0920901,生產中,25金屬製品製造業、29機械設備製造業、30汽車及其零件製造業  ,259其他金屬製品、293通用機械設備、303汽車零件  
11508.csv,鎰禾企業社,S0702426,,彰化縣大村鄉加錫村錫安路115號,彰化縣大村鄉加錫村,林宣辰,45493459,合夥,,1130618,生產中,25金屬製品製造業  ,259其他金屬製品  
11508.csv,鎰群科技股份有限公司,99673651,08210021000836,臺南市安南區安東里安通路二段60號,臺南市安南區安東里,吳昌宏,69324270,股份有限公司,0821022,0840818,生產中,29機械設備製造業  ,292其他專用機械設備  
11508.csv,鎰聖五金工業廠股份有限公司,99607427,07610001268261,新北市林口區湖北里後湖一六之一號,新北市林口區湖北里,張清南,22518084,股份有限公司,0760904,0760922,生產中,24基本金屬製造業  ,243銅  
11508.csv,鑄冠有限公司,99685114,,高雄市湖內區太爺里中山路二段１５４之１、１５６號,高雄市湖內區太爺里,蘇天財,86791050,有限公司,,0920312,生產中,24基本金屬製造業  ,242鋁  
11508.csv,鑄將企業有限公司,99676539,,臺南市南區彰南里新和路20號,臺南市南區彰南里,楊福明,84648122,有限公司,,0910625,生產中,24基本金屬製造業  ,242鋁  
11508.csv,鑫展銅業股份有限公司,05000636,,苗栗縣銅鑼鄉銅鑼村民享路36號,苗栗縣銅鑼鄉銅鑼村,蔡慶德,90831097,股份有限公司,,1100519,生產中,24基本金屬製造業  ,243銅  
11508.csv,鑫崇揚鋼鐵有限公司,07002678,,彰化縣福興鄉元中村橫圳巷10號之43(1樓),彰化縣福興鄉元中村,張秉陞,56601645,有限公司,,1070724,生產中,25金屬製品製造業  ,252金屬結構及建築組件  
11508.csv,鑫盈不銹鋼材有限公司,65007018,,新北市汐止區茄安路199之2號,新北市汐止區,潘馥香,13021680,有限公司,,1070716,生產中,24基本金屬製造業、25金屬製品製造業、30汽車及其零件製造業、31其他運輸工具及其零件製造業  ,241鋼鐵、251金屬刀具、手工具及模具、252金屬結構及建築組件、259其他金屬製品、303汽車零件、312機車及其零件  
11508.csv,鑫益應材股份有限公司,67000651,,臺南市官田區二鎮里建業路41號C棟,臺南市官田區二鎮里,陳德三,16224316,股份有限公司,,1020628,生產中,30汽車及其零件製造業、31其他運輸工具及其零件製造業  ,303汽車零件、312機車及其零件  
11508.csv,鑫隆實業股份有限公司,99611941,07510001161781,新北市三重區中興里光復路一段一三○巷二號,新北市三重區中興里,鄧永森,22305961,股份有限公司,0750602,0760120,生產中,24基本金屬製造業、28電力設備及配備製造業  ,242鋁、243銅、249其他基本金屬、283電線及配線器材、289其他電力設備及配備  
11508.csv,長新企業社,07002265,,彰化縣和美鎮還社里孝義路366巷8號1樓,彰化縣和美鎮還社里,陳昱穎,45632425,合夥,,1060811,生產中,29機械設備製造業、11紡織業  ,293通用機械設備、112織布  
11508.csv,長新企業社二廠,S0702241,,彰化縣和美鎮嘉寶里彰新路四段541巷10號,彰化縣和美鎮嘉寶里,陳昱穎,45632425,合夥,,1130103,生產中,11紡織業  ,112織布  
11508.csv,阡虹科技股份有限公司,65009295,,新北市新莊區建安里建國二路81號,新北市新莊區建安里,黃健中,24337779,股份有限公司,,1100322,生產中,29機械設備製造業  ,293通用機械設備  
11508.csv,陸功工業股份有限公司,99655919,07810000178520,嘉義縣民雄鄉北斗村民雄工業區成功二街９號,嘉義縣民雄鄉北斗村,殷贊傑,23514240,股份有限公司,0780524,0800205,生產中,24基本金屬製造業  ,241鋼鐵  
11508.csv,雙山機器廠股份有限公司,99665705,06510099112410,屏東縣屏東市橋南里工業路6號,屏東縣屏東市橋南里,陳高增,90728729,股份有限公司,0580101,0671108,生產中,29機械設備製造業、25金屬製品製造業  ,291金屬加工用機械設備、292其他專用機械設備、293通用機械設備、251金屬刀具、手工具及模具、254金屬加工處理、259其他金屬製品  
11508.csv,雙巧密針織廠,99679268,,彰化縣鹿港鎮海埔里鹿工南三路三號,彰化縣鹿港鎮海埔里,董垂炘,78614243,獨資,,0930114,生產中,11紡織業  ,112織布  
11508.csv,順利金屬工業股份有限公司,99677313,,苗栗縣三義鄉西湖村伯公坑四０之二七號,苗栗縣三義鄉西湖村,何福家,80016834,股份有限公司,,0920603,生產中,24基本金屬製造業、25金屬製品製造業  ,241鋼鐵、259其他金屬製品  
11508.csv,順功行有限公司汐止廠,99602421,,新北市汐止區環河里福德一路三九三巷五號,新北市汐止區環河里,陳　善,05429592,有限公司,,0901213,生產中,22塑膠製品製造業  ,220塑膠製品  
11508.csv,順有橡膠股份有限公司工廠,99680234,,彰化縣彰化市大竹里彰南路２段２５４巷１９號,彰化縣彰化市大竹里,張聖鑫　,59243432,股份有限公司,,0951121,生產中,21橡膠製品製造業  ,210橡膠製品  
11508.csv,順裕鐵材股份有限公司,99666534,,臺東縣臺東市豐樂里大勇路42號,臺東縣臺東市豐樂里,田丁義,86950747,股份有限公司,,0940406,生產中,24基本金屬製造業、25金屬製品製造業  ,241鋼鐵、252金屬結構及建築組件  
11508.csv,順詠五金企業股份有限公司,99646516,05810000016126,彰化縣鹿港鎮廖厝里楊厝巷８６號,彰化縣鹿港鎮廖厝里,王俞翔,97034441,股份有限公司,0580101,0680303,生產中,24基本金屬製造業、25金屬製品製造業  ,243銅、259其他金屬製品  
11508.csv,順詠五金企業股份有限公司彰濱廠,07004852,,彰化縣鹿港鎮東石里鹿工路33號,彰化縣鹿港鎮東石里,王俞翔,97034441,股份有限公司,,1110803,生產中,24基本金屬製造業、25金屬製品製造業  ,243銅、254金屬加工處理  
11508.csv,顏新發福珍企業股份有限公司大里廠,99633644,07910006152610,臺中市大里區瑞城里中興路一段26巷27號,臺中市大里區瑞城里,顏榮慶,52426597,股份有限公司,0791024,0800114,生產中,08食品製造業  ,089其他食品  
11508.csv,顏昌實業有限公司,99624318,,桃園市桃園區大林里大原路１６巷２１號,桃園市桃園區大林里,楊宏寶,89501999,有限公司,,0910423,生產中,26電子零組件製造業  ,263印刷電路板  
11508.csv,首貿有限公司,99680056,,彰化縣花壇鄉橋頭村彰員路２段３６６號,彰化縣花壇鄉橋頭村,馮貴香,24365253,有限公司,,0950502,生產中,32家具製造業、25金屬製品製造業  ,320家具、259其他金屬製品  
11508.csv,駿享企業有限公司,99665894,08410013206861,屏東縣屏東市安鎮里和生路3段1005號,屏東縣屏東市安鎮里,吳淑君,22139339,有限公司,0841226,0860307,生產中,24基本金屬製造業、25金屬製品製造業  ,241鋼鐵  
11508.csv,駿鑫實業有限公司,99692431,,新北市五股區五福里成泰路二段一九七巷三一號,新北市五股區五福里,黃朝同,89296527,有限公司,,0930421,生產中,26電子零組件製造業  ,263印刷電路板  
11508.csv,駿隆國際股份有限公司,99680016,,彰化縣鹿港鎮東石里鹿工南三路１０號,彰化縣鹿港鎮東石里,馬偉傑,80614352,股份有限公司,,0950320,生產中,24基本金屬製造業  ,241鋼鐵  
11508.csv,驛豐食品有限公司,99684347,,臺南市永康區尚頂里中正南路242巷4弄24號,臺南市永康區尚頂里,郭慧珍,80225683,有限公司,,0930114,生產中,08食品製造業  ,089其他食品  
11508.csv,高新電鍍有限公司,07002433,,彰化縣鹿港鎮東石里環工二路6號,彰化縣鹿港鎮東石里,黃麗卿,24647985,有限公司,,1070118,生產中,25金屬製品製造業  ,254金屬加工處理  
11508.csv,高育生物科技有限公司民雄廠,99655801,07310000124147,嘉義縣民雄鄉福樂村成功五街３號,嘉義縣民雄鄉福樂村,許秋盆,16214014,有限公司,0730516,0750310,生產中,19其他化學製品製造業  ,193清潔用品及化粧品  
11508.csv,高興昌鋼鐵股份有限公司屏東分公司屏南廠,99665704,08310099155459,屏東縣枋寮鄉東海村永翔路2號,屏東縣枋寮鄉東海村,呂泰榮,84706656,股份有限公司,0850603,0860723,生產中,24基本金屬製造業、21橡膠製品製造業  ,241鋼鐵、210橡膠製品  
11508.csv,魚池鄉農會頭社碾米工廠,99652788,06610000152438,南投縣魚池鄉武登村協力巷二三之一號,南投縣魚池鄉武登村,劉啟行,62153103,農會組織,0660917,0661210,生產中,08食品製造業  ,086碾榖、磨粉及澱粉製品  
11508.csv,鴻升電機有限公司,68005014,,桃園市龜山區嶺頂里振興路48號,桃園市龜山區嶺頂里,陳永賜,16242433,有限公司,,1110921,生產中,29機械設備製造業  ,293通用機械設備  
11508.csv,鴻友銅業股份有限公司楊梅廠,68003809,,桃園市楊梅區員本里民隆路8號,桃園市楊梅區員本里,林高煌,53898686,股份有限公司,,1091211,生產中,24基本金屬製造業  ,243銅  
11508.csv,麗鋼工業股份有限公司裁剪廠,99625527,06610000039127,桃園市中壢區忠福里東園路63號,桃園市中壢區忠福里,張李秋眉　　,14015026,股份有限公司,0660307,0660809,生產中,24基本金屬製造業、25金屬製品製造業、29機械設備製造業  ,241鋼鐵、259其他金屬製品、251金屬刀具、手工具及模具、293通用機械設備  
11508.csv,麗鯨工業有限公司分廠,66000145,,臺中市豐原區社皮里豐原大道一段428巷17號,臺中市豐原區社皮里,粱郁惠,27876139,有限公司,,1000406,生產中,24基本金屬製造業、25金屬製品製造業、28電力設備及配備製造業、29機械設備製造業  ,241鋼鐵、242鋁、243銅、251金屬刀具、手工具及模具、281發電、輸電及配電機械、293通用機械設備  
11508.csv,鈦鑫聯合科技股份有限公司麥寮廠,09001068,10910009600384,雲林縣麥寮鄉施厝村仁德東路506巷19號1樓,雲林縣麥寮鄉施厝村,魏俊榮,24347122,股份有限公司,1091125,1091214,生產中,25金屬製品製造業  ,259其他金屬製品  
11508.csv,鉅祥企業股份有限公司觀音廠,03001827,,桃園市觀音區崙坪里忠愛路二段281號,桃園市觀音區崙坪里,林於晃,04403568,股份有限公司,,1020805,生產中,24基本金屬製造業、25金屬製品製造業  ,243銅、249其他基本金屬、254金屬加工處理、259其他金屬製品  
11508.csv,鉅禮實業有限公司,99607559,08010000074622,新北市新莊區福興里五權一路七號六樓之三,新北市新莊區福興里,姜禮煌,22410458,有限公司,0800717,0800806,生產中,22塑膠製品製造業、33其他製造業  ,220塑膠製品、339未分類其他製品  
11508.csv,銘彥科技有限公司,18000157,,新竹市香山區中埔里牛埔路243號,新竹市香山區中埔里,陳彥佑,54117870,有限公司,,1030108,生產中,25金屬製品製造業、25金屬製品製造業  ,259其他金屬製品  
11508.csv,鋐昇模具實業有限公司,99684516,,臺南市永康區尚頂里尚頂路96號,臺南市永康區尚頂里,黃文明,89243439,有限公司,,0930824,生產中,29機械設備製造業  ,293通用機械設備  
11508.csv,錫憲企業社,07003435,,彰化縣鹿港鎮山崙里山寮巷63號,彰化縣鹿港鎮山崙里,蕭雅雯,82582412,獨資,,1081107,生產中,25金屬製品製造業  ,259其他金屬製品  
11508.csv,鎂格納精密工業股份有限公司,99672473,,臺中市南區樹德里大慶街二段５８巷２號,臺中市南區樹德里,游婉宜,12715810,股份有限公司,,0920916,生產中,29機械設備製造業、26電子零組件製造業、30汽車及其零件製造業、31其他運輸工具及其零件製造業、24基本金屬製造業  ,293通用機械設備、269其他電子零組件、303汽車零件、313自行車及其零件、242鋁  
11508.csv,鎰芳機器股份有限公司,99624223,07810003196104,桃園市八德區茄苳里永豐路二一六巷二四號,桃園市八德區茄苳里,李詩聰　　　,86113539,股份有限公司,0790106,0791106,生產中,29機械設備製造業、25金屬製品製造業  ,293通用機械設備、259其他金屬製品  
11508.csv,鑫嶸工程有限公司工廠,66012434,,臺中市太平區中興里東平路715巷8弄4號,臺中市太平區中興里,王瑮嶸,56638354,有限公司,,1150519,生產中,25金屬製品製造業  ,252金屬結構及建築組件、259其他金屬製品  
11508.csv,鑫建億實業社,67001297,,臺南市永康區尚頂里正南一街107巷13弄8號A區,臺南市永康區尚頂里,王雪琳,15722413,獨資,,1040903,生產中,25金屬製品製造業  ,251金屬刀具、手工具及模具  
11508.csv,鑫弘昇企業社,S6601220,,臺中市龍井區忠和里海尾路215巷2弄2號,臺中市龍井區忠和里,何沛麒,25243969,獨資,,1090925,生產中,22塑膠製品製造業、33其他製造業  ,220塑膠製品、331育樂用品  
11508.csv,雙梅鋼鐵有限公司林口廠,99707519,,桃園市龜山區樂善里文明路７０之１號２樓,桃園市龜山區樂善里,宋勝忠,84655381,有限公司,,0970328,生產中,29機械設備製造業、30汽車及其零件製造業  ,293通用機械設備、303汽車零件  
11508.csv,雙楷興工業有限公司,67002413,,臺南市南區彰南里新樂路2號B區,臺南市南區彰南里,林楷博,80473141,有限公司,,1080618,生產中,29機械設備製造業  ,293通用機械設備  
11508.csv,震倫工業股份有限公司,99686309,06910000145224,桃園市龜山區南上里民生北路一段二巷三弄二號,桃園市龜山區南上里,楊文銓,22059659,股份有限公司,0690717,0790709,生產中,24基本金屬製造業、25金屬製品製造業  ,242鋁、259其他金屬製品  
11508.csv,青賢工業有限公司,99613542,07610001224533,新北市三重區谷王里光復路二段三九巷五號,新北市三重區谷王里,簡進添,23241706,有限公司,0760801,0780602,生產中,29機械設備製造業、25金屬製品製造業、30汽車及其零件製造業  ,293通用機械設備、251金屬刀具、手工具及模具、303汽車零件、259其他金屬製品  
11508.csv,頂典有限公司,03001952,,桃園市龍潭區烏林里工五路242號,桃園市龍潭區烏林里,劉復華,25176286,有限公司,,1021014,生產中,16印刷及資料儲存媒體複製業  ,160印刷及資料儲存媒體複製  
11508.csv,順勝工程行,S6601795,,臺中市大甲區江南里東西七路一段89號,臺中市大甲區江南里,陳聰勝,18324282,獨資,,1110624,生產中,25金屬製品製造業  ,254金屬加工處理  
11508.csv,順升食品廠,99683241,08110000070149,臺南市永康區崑山里大灣路1102巷17弄104號,臺南市永康區崑山里,陳憲忠,78431785,合夥,0810109,0811224,生產中,08食品製造業  ,083蔬果加工  
11508.csv,順豐企業股份有限公司,99645109,08410000650671,彰化縣線西鄉溝內村彰濱東四路１０號,彰化縣線西鄉溝內村,周能圳　,58111026,股份有限公司,0840905,0890703,生產中,24基本金屬製造業、25金屬製品製造業  ,241鋼鐵、254金屬加工處理  
11508.csv,馗鼎奈米科技股份有限公司,99657691,,臺南市永康區東橋里中正路279巷21弄59號,臺南市永康區東橋里,陳俊欽,12924133,股份有限公司,,0910129,生產中,25金屬製品製造業  ,251金屬刀具、手工具及模具  
11508.csv,馗鼎奈米科技股份有限公司南科分公司,94A00372,,臺南市新市區豐華里環東路1段31巷20號5樓,臺南市新市區豐華里,陳彥政,12924133,本國公司之分公司,,1030919,生產中,29機械設備製造業  ,292其他專用機械設備  
11508.csv,馗鼎奈米科技股份有限公司永康二廠,67003234,,臺南市永康區東橋里中正路279巷21弄89號1樓A區,臺南市永康區東橋里,陳俊欽,12924133,股份有限公司,,1110120,生產中,33其他製造業  ,332醫療器材及用品  
11508.csv,馗鼎奈米科技股份有限公司永科一廠,67001569,,臺南市永康區王行里永科環路255號,臺南市永康區王行里,陳俊欽,12924133,股份有限公司,,1050818,生產中,29機械設備製造業  ,292其他專用機械設備  
11508.csv,駿來實業有限公司工廠,99648036,07910007075126,彰化縣和美鎮新庄里彰新路二段147巷61、63、65、67號,彰化縣和美鎮新庄里,朱秉亮　　　,09463332,有限公司,0791130,0800401,生產中,24基本金屬製造業  ,243銅  
11508.csv,高昌生醫股份有限公司,95A01295,,新竹科學園區新竹市東區工業東四路14號2樓,新竹市東區,尤景良,52433719,股份有限公司,,1100122,生產中,33其他製造業  ,332醫療器材及用品  
11508.csv,高興昌鋼鐵股份有限公司永安廠,99661572,00010012088511,高雄市永安區維新里永工一路６、８號,高雄市永安區維新里,呂泰榮,75466009,股份有限公司,0791231,0791231,生產中,18化學材料及肥料製造業、24基本金屬製造業、25金屬製品製造業  ,181化學原材料、241鋼鐵、254金屬加工處理  
11508.csv,鮮到味有限公司,99719648,,新北市三重區中興里中興北街四二號一、二樓及四二巷九號,新北市三重區中興里,林淑慈,24386258,有限公司,,0981023,生產中,08食品製造業  ,081肉類加工、083蔬果加工、089其他食品  
11508.csv,鮮品冷凍食品股份有限公司,99620273,07410000366509,宜蘭縣蘇澳鎮龍德里自強路２１號,宜蘭縣蘇澳鎮龍德里,劉文斌　　,02425432,股份有限公司,0741213,0751204,生產中,08食品製造業  ,082水產加工  
11508.csv,鴻沂實業有限公司,S0702421,,彰化縣芬園鄉進芬村中華路209號,彰化縣芬園鄉進芬村,蔡秉欣,54812032,有限公司,,1130607,生產中,11紡織業  ,112織布  
11508.csv,鴻葦五金股份有限公司,99684706,,臺南市關廟區埤頭里關新路2段36之1號,臺南市關廟區埤頭里,李申財,84878735,股份有限公司,,0940504,生產中,24基本金屬製造業  ,242鋁  
11508.csv,鶯原企業有限公司,99614916,07810001365098,新北市鶯歌區西鶯里中山路一六六巷一六之一號,新北市鶯歌區西鶯里,謝承諺,23492415,有限公司,0781205,0790326,生產中,29機械設備製造業、25金屬製品製造業  ,293通用機械設備、251金屬刀具、手工具及模具  
11508.csv,麗鶴有限公司,07003142,,彰化縣彰化市南安里彰鹿路168巷75號,彰化縣彰化市南安里,吳東海,24354143,有限公司,,1080522,生產中,25金屬製品製造業  ,259其他金屬製品  
11508.csv,麗鶴有限公司二廠,S0702429,,彰化縣秀水鄉鶴鳴村彰鹿路72巷42號,彰化縣秀水鄉鶴鳴村,吳東海,24354143,有限公司,,1130613,生產中,19其他化學製品製造業  ,193清潔用品及化粧品  
11508.csv,麗黛實業有限公司,65005241,,新北市樹林區東山里中華路379巷86號2樓,新北市樹林區東山里,張閔郡,89863964,有限公司,,1050829,生產中,12成衣及服飾品製造業  ,121成衣  
11508.csv,麟燁有限公司,99711687,,臺南市仁德區太子里太子四街25巷15號,臺南市仁德區太子里,溫讚祥,24273655,有限公司,,0980224,生產中,08食品製造業  ,089其他食品  
11508.csv,鈶偉有限公司,67002870,,臺南市新化區護國里中山路109之1號,臺南市新化區護國里,楊淑娥,24354256,有限公司,,1091130,生產中,25金屬製品製造業  ,259其他金屬製品  
11508.csv,鉅億鋼鐵有限公司,07004827,,彰化縣和美鎮四張里平原路166號1樓,彰化縣和美鎮四張里,何一三,90141826,有限公司,,1110712,生產中,25金屬製品製造業  ,252金屬結構及建築組件  
11508.csv,銓盛邁有限公司,99624265,07610003082672,桃園市八德區永豐里永豐路416巷22號（1樓）,桃園市八德區永豐里,黃正茂　　　,89336458,有限公司,0760623,0771104,生產中,29機械設備製造業  ,293通用機械設備  
11508.csv,銘承實業有限公司,99681050,,彰化縣田中鎮頂潭里員集路三段５０５巷３６弄２號,彰化縣田中鎮頂潭里,張秭菡,24259133,有限公司,,0981113,生產中,12成衣及服飾品製造業  ,123服飾品  
11508.csv,銡豐鋁業股份有限公司,99661885,,高雄市路竹區社西里大仁路857號,高雄市路竹區社西里,郭重裕,84217685,股份有限公司,,0901206,生產中,24基本金屬製造業  ,242鋁  
11508.csv,銢信企業有限公司,99680993,,彰化縣社頭鄉張厝村張厝一巷９６弄６號,彰化縣社頭鄉張厝村,巫信隆,24373731,有限公司,,0980805,生產中,12成衣及服飾品製造業  ,123服飾品  
11508.csv,銤鉌工程有限公司,65006000,,新北市鶯歌區二橋里中正三路194巷38之1號,新北市鶯歌區二橋里,蔡芳麟,24373850,有限公司,,1060609,生產中,25金屬製品製造業、29機械設備製造業  ,259其他金屬製品、293通用機械設備  
11508.csv,鋐昌國際工業有限公司,09000883,,雲林縣斗南鎮新光里延平路一段264號,雲林縣斗南鎮新光里,張坤瑞,24355229,有限公司,,1080628,生產中,25金屬製品製造業、29機械設備製造業  ,254金屬加工處理、293通用機械設備  
11508.csv,鋰隆金屬有限公司,99688426,,桃園市八德區茄苳里茄苳路７６８號,桃園市八德區茄苳里,鍾文生,23853557,有限公司,,0940617,生產中,24基本金屬製造業  ,242鋁、241鋼鐵、243銅  
11508.csv,鋼信金屬工業股份有限公司,99656771,06210000110564,臺南市新化區唪口里大德路156號,臺南市新化區唪口里,施進旺,73620908,股份有限公司,0620821,0640423,生產中,24基本金屬製造業、25金屬製品製造業、29機械設備製造業、30汽車及其零件製造業  ,241鋼鐵、251金屬刀具、手工具及模具、254金屬加工處理、292其他專用機械設備、303汽車零件  
11508.csv,錦昶有限公司,99668041,08610018130509,新竹市樹下里樹下街一巷七號,新竹市香山區樹下里,蔡佳銘　　,89241381,有限公司,0861113,0871203,生產中,21橡膠製品製造業、25金屬製品製造業、29機械設備製造業、30汽車及其零件製造業、31其他運輸工具及其零件製造業  ,210橡膠製品、259其他金屬製品、293通用機械設備、301汽車、303汽車零件、319未分類其他運輸工具及其零件  
11508.csv,錳鋼企業股份有限公司,99641411,06610006088241,臺中市烏日區光明里五光路復光四巷69號,臺中市烏日區光明里,李育駿,55768218,股份有限公司,0660601,0660601,生產中,29機械設備製造業、25金屬製品製造業  ,293通用機械設備、251金屬刀具、手工具及模具  
11508.csv,鑫一企業社,07002856,,彰化縣和美鎮山犁里愛和路16號1樓,彰化縣和美鎮山犁里,張思渝,82411473,獨資,,1071121,生產中,11紡織業、12成衣及服飾品製造業  ,115紡織品、121成衣  
11508.csv,鑫祺鍛造股份有限公司大里廠,99642436,07510006179329,臺中市大里區大元里國中路270號,臺中市大里區大元里,王貞云,22272997,股份有限公司,0751107,0760127,生產中,25金屬製品製造業、29機械設備製造業、30汽車及其零件製造業、31其他運輸工具及其零件製造業  ,254金屬加工處理、293通用機械設備、303汽車零件、312機車及其零件  
11508.csv,長羿機械廠有限公司工廠,99650115,08810007354381,彰化縣溪湖鎮汴頭里田中路九號,彰化縣溪湖鎮汴頭里,楊俊杰,97243067,有限公司,0880930,0881019,生產中,29機械設備製造業  ,293通用機械設備  
11508.csv,隆鼎工業有限公司楊梅廠,99623016,08810003327338,桃園市楊梅區富岡里富聯路352號,桃園市楊梅區富岡里,顏永成　　　,20990515,有限公司,0880616,0900327,生產中,24基本金屬製造業  ,241鋼鐵  
11508.csv,階益企業股份有限公司,99656626,07710000261726,臺南市新營區嘉芳里新嘉街15號,臺南市新營區嘉芳里,謝永祥　　　,22413069,股份有限公司,0770615,0790817,生產中,25金屬製品製造業、29機械設備製造業  ,252金屬結構及建築組件、292其他專用機械設備、293通用機械設備  
11508.csv,雅薪工業股份有限公司一廠,99633665,08510006051795,臺中市沙鹿區西勢里和睦路三段351號,臺中市沙鹿區西勢里,廖坤成,23227789,股份有限公司,0850311,0850523,生產中,30汽車及其零件製造業、31其他運輸工具及其零件製造業、29機械設備製造業、24基本金屬製造業  ,292其他專用機械設備、311船舶及浮動設施、303汽車零件、312機車及其零件、241鋼鐵  
11508.csv,雙溪鋼鐵股份有限公司,99657591,07710011118883,臺南市永康區尚頂里中正南路210巷5號,臺南市永康區尚頂里,王英華　　　,23270194,股份有限公司,0771007,0780826,生產中,25金屬製品製造業、28電力設備及配備製造業  ,254金屬加工處理、285家用電器  
11508.csv,雙瑩鋼鐵股份有限公司,S6700966,,臺南市新化區全興里竹子腳98之22號,臺南市新化區全興里,蔡政霖,70702953,有限公司,,1131014,生產中,25金屬製品製造業  ,254金屬加工處理  
11508.csv,震南鐵線股份有限公司新園廠,64008109,,高雄市路竹區環球路56、58、60、62、66號,高雄市路竹區,黃錦榮,86540792,股份有限公司,,1070629,生產中,24基本金屬製造業、25金屬製品製造業  ,241鋼鐵、259其他金屬製品  
11508.csv,震南鐵線股份有限公司線材廠,99661245,08610000808368,高雄市路竹區後鄉里順安路２７５巷２４２號,高雄市路竹區後鄉里,黃錦榮,86540792,股份有限公司,0860913,0880226,生產中,24基本金屬製造業  ,241鋼鐵  
11508.csv,順連鑫有限公司,13000507,,屏東縣長治鄉繁昌村16鄰中山路158號,屏東縣長治鄉繁昌村,黃瑞盟,25175955,有限公司,,1070926,生產中,24基本金屬製造業  ,241鋼鐵  
11508.csv,香喜富企業有限公司,65002417,,新北市中和區中原里中板路15巷11號5樓,新北市中和區中原里,陳秋太,54278158,有限公司,,1020814,生產中,08食品製造業  ,089其他食品  
11508.csv,駿全興股份有限公司,99702191,,臺中市南區樹德里大慶街二段49之41號,臺中市南區樹德里,許秀暖,97424308,股份有限公司,,0940728,生產中,29機械設備製造業  ,293通用機械設備  
11508.csv,駿全興股份有限公司一廠,S6602229,,臺中市烏日區螺潭里慶光路80-13號,臺中市烏日區螺潭里,葉峻彣,97424308,股份有限公司,,1131112,生產中,29機械設備製造業  ,291金屬加工用機械設備  
11508.csv,駿力有限公司,99630985,08110004026866,新竹縣竹北市中興里嘉興路２０７巷１１號,新竹縣竹北市中興里,林保圭,24240156,有限公司,0810723,0810806,生產中,22塑膠製品製造業  ,220塑膠製品  
11508.csv,駿龍鋼鐵有限公司土城廠,99604371,08410001157077,新北市土城區大安里承天路八巷六號,新北市土城區大安里,葉新樓,22475748,有限公司,0840530,0850314,生產中,24基本金屬製造業、25金屬製品製造業  ,241鋼鐵、254金屬加工處理  
11508.csv,高暘工業有限公司,66002461,,臺中市龍井區龍津里三港路500巷83、85號,臺中市龍井區龍津里,王偉哲,24369841,有限公司,,1030120,生產中,25金屬製品製造業、29機械設備製造業  ,259其他金屬製品、293通用機械設備  
11508.csv,高菱印刷有限公司,99691831,,新北市林口區東林里工五路一０號一樓,新北市林口區東林里,郭勵慧,23479243,有限公司,,0921212,生產中,16印刷及資料儲存媒體複製業  ,160印刷及資料儲存媒體複製  
11508.csv,鮮點子企業股份有限公司,07005787,,彰化縣鹿港鎮海埔里工業西七路19號,彰化縣鹿港鎮海埔里,林聖竹,53825489,股份有限公司,,1131105,生產中,24基本金屬製造業  ,241鋼鐵  
11508.csv,鴻堡企業股份有限公司,99624151,08310003212230,桃園市楊梅區高山里梅高路二○四號,桃園市楊梅區高山里,劉宗淡　　　,23182523,股份有限公司,0831022,0841207,生產中,26電子零組件製造業、28電力設備及配備製造業、29機械設備製造業  ,269其他電子零組件、283電線及配線器材、289其他電力設備及配備、293通用機械設備  
11508.csv,鴻記工業股份有限公司,04001176,,新竹縣湖口鄉鳳山村文化路6號（1樓部分、3樓部分、4樓）,新竹縣湖口鄉鳳山村,林伯全,34241794,股份有限公司,,1130125,生產中,23非金屬礦物製品製造業、25金屬製品製造業、33其他製造業  ,239其他非金屬礦物製品、251金屬刀具、手工具及模具、332醫療器材及用品  
11508.csv,鴻誠織帶企業社,S0702413,,彰化縣鹿港鎮海埔里海埔巷1-7號,彰化縣鹿港鎮海埔里,張志誠,73974303,獨資,,1130529,生產中,11紡織業  ,115紡織品  
11508.csv,鉅全工業股份有限公司新田廠,99656638,07810011103948,臺南市仁德區新田里勝利一街8號,臺南市仁德區新田里,盧仲達,72069013,股份有限公司,0780819,0790531,生產中,24基本金屬製造業、30汽車及其零件製造業、31其他運輸工具及其零件製造業  ,242鋁、303汽車零件、312機車及其零件  
11508.csv,鉅冠印刷股份有限公司,99645010,08210007060682,彰化縣和美鎮鎮平里彰草路２段４４９巷７１號,彰化縣和美鎮鎮平里,林月菊,23182241,股份有限公司,0821213,0821227,生產中,16印刷及資料儲存媒體複製業  ,160印刷及資料儲存媒體複製  
11508.csv,鉅力保溫企業有限公司,66012419,,臺中市烏日區北里里太明路53巷7號1樓,臺中市烏日區北里里,許振勝,12620928,有限公司,,1150511,生產中,25金屬製品製造業  ,252金屬結構及建築組件、259其他金屬製品  
11508.csv,鉅舜企業有限公司,99628632,08410003224375,桃園市八德區大仁里和平路一四四一巷二二弄三衖六號,桃園市八德區大仁里,魏鉅洪　　　,86115038,有限公司,0841030,0841103,生產中,12成衣及服飾品製造業  ,121成衣  
11508.csv,鉦越實業有限公司,S6601680,,臺中市龍井區忠和里西濱路三段286號,臺中市龍井區忠和里,陳秀燕,84537250,有限公司,,1100205,生產中,24基本金屬製造業  ,241鋼鐵  
11508.csv,銘昱鑄造有限公司,S2000027,,嘉義市西區下埤里賢達路６１６號,嘉義市西區下埤里,陳昱彣,28535217,有限公司,,1090828,生產中,24基本金屬製造業、24基本金屬製造業  ,241鋼鐵  
11508.csv,銧億鋼業股份有限公司,99717675,,桃園市蘆竹區中福里福興一街280號,桃園市蘆竹區中福里,翁建隆,24298614,股份有限公司,,0980512,生產中,25金屬製品製造業、30汽車及其零件製造業  ,259其他金屬製品、303汽車零件  
11508.csv,銧億鋼業股份有限公司中壢廠,68003811,,桃園市中壢區永福里東園路75號,桃園市中壢區永福里,翁建隆,24298614,股份有限公司,,1091214,生產中,25金屬製品製造業  ,252金屬結構及建築組件、259其他金屬製品  
11508.csv,銧美精密股份有限公司,65010361,,新北市三峽區介壽里介壽路1段318巷16號(1樓),新北市三峽區介壽里,劉秉蒼,90232425,股份有限公司,,1110505,生產中,25金屬製品製造業  ,251金屬刀具、手工具及模具  
11508.csv,鋼士特生物科技有限公司汐止廠,65011037,,新北市汐止區保安里大同路3段192號9樓之1,新北市汐止區保安里,曹善文,24326371,有限公司,,1120325,生產中,22塑膠製品製造業  ,220塑膠製品  
11508.csv,鋼展機械股份有限公司鳳山廠,99664571,08910000900602,高雄市鳳山區武漢里輜汽北一路１３號,高雄市鳳山區武漢里,魏永在,89759863,股份有限公司,0890131,0890307,生產中,24基本金屬製造業  ,241鋼鐵  
11508.csv,鋼成實業股份有限公司,99653884,07410009125423,雲林縣斗南鎮明昌里興華路一０號,雲林縣斗南鎮明昌里,盧宗和,16012241,股份有限公司,0741203,0760514,生產中,25金屬製品製造業  ,252金屬結構及建築組件、259其他金屬製品  
11508.csv,鋼成實業股份有限公司（第二廠）,99653885,08710009078000,雲林縣斗南鎮小東里大同路四四四巷七號,雲林縣斗南鎮小東里,盧宗和,16012241,股份有限公司,0870924,0871003,生產中,25金屬製品製造業  ,252金屬結構及建築組件、259其他金屬製品  
11508.csv,錦正錩鋼鐵股份有限公司,66009774,,臺中市霧峰區坑口里中正路565巷10號,臺中市霧峰區坑口里,林建偉,85053392,股份有限公司,,1110128,生產中,25金屬製品製造業  ,252金屬結構及建築組件  
11508.csv,錸富國際科技有限公司,66011898,,臺中市后里區后里里泉州路1之3號1樓,臺中市后里區后里里,王柏宏,24389706,有限公司,,1140710,生產中,29機械設備製造業  ,293通用機械設備  
11508.csv,鎰麒營造有限公司,13000643,,屏東縣屏東市清溪里建國路241巷21號,屏東縣屏東市清溪里,盧楷澄,54974177,有限公司,,1090826,生產中,25金屬製品製造業  ,259其他金屬製品  
11508.csv,鑫立重工股份有限公司,99655999,07710000171897,嘉義縣朴子市竹村里朴子工業區一街５號,嘉義縣朴子市竹村里,呂榮宗,22673846,股份有限公司,0770201,0770421,生產中,24基本金屬製造業  ,241鋼鐵  
11508.csv,鑫立鑄造廠有限公司,10000028,,嘉義縣朴子市竹村里朴子工業區二街7號、9號,嘉義縣朴子市竹村里,陳榮雄,53305558,有限公司,,1000624,生產中,24基本金屬製造業、29機械設備製造業、30汽車及其零件製造業  ,241鋼鐵、293通用機械設備、303汽車零件  
11508.csv,鑽全實業股份有限公司二廠,99669822,08010000329219,臺中市西屯區協和里工業區三十六路17號,臺中市西屯區協和里,賴伯彥,20982120,股份有限公司,0801114,0820227,生產中,29機械設備製造業、24基本金屬製造業  ,293通用機械設備、242鋁、249其他基本金屬  
11508.csv,長春石油化學股份有限公司苗栗二廠,99631524,06510000176124,苗栗縣苗栗市文聖里21鄰文山245號,苗栗縣苗栗市文聖里,張鐸耀,11384806,股份有限公司,0651105,0670925,生產中,18化學材料及肥料製造業、19其他化學製品製造業、22塑膠製品製造業、24基本金屬製造業、25金屬製品製造業  ,181化學原材料、184塑膠及合成橡膠原料、199未分類其他化學製品、220塑膠製品、243銅、254金屬加工處理  
11508.csv,長昱融企業有限司,99624171,,桃園市龜山區龍壽里龍校街一二一巷六弄三一號,桃園市龜山區龍壽里,柯曉吟,12805495,有限公司,,0910409,生產中,29機械設備製造業、28電力設備及配備製造業  ,292其他專用機械設備、281發電、輸電及配電機械  
11508.csv,開南金屬工業股份有限公司新巿廠,99658873,07610000104319,臺南市新市區港墘里民族路43號,臺南市新市區港墘里,陳春利　　　,88673987,股份有限公司,0760126,0761208,生產中,24基本金屬製造業  ,242鋁  
11508.csv,開封府實業有限公司一廠,66011653,,臺中市東區東信里振興路296巷8-3號1樓,臺中市東區東信里,王麒祥,80112436,有限公司,,1140203,生產中,25金屬製品製造業  ,252金屬結構及建築組件  
11508.csv,開封府實業有限公司沙鹿廠,S6602097,,臺中市沙鹿區公明里中清路六段180巷77號,臺中市沙鹿區公明里,王麒祥,80112436,有限公司,,1130628,生產中,25金屬製品製造業  ,252金屬結構及建築組件  
11508.csv,陸穀實業股份有限公司第一廠,99624383,07610003103319,桃園市新屋區石磊里8鄰華興路500、536號,桃園市新屋區石磊里,蘇柏嘉　　,43939202,股份有限公司,0760921,0761019,生產中,08食品製造業  ,086碾榖、磨粉及澱粉製品  
11508.csv,隆晟鋁業股份有限公司,99709739,,臺南市仁德區太子里太子路737號,臺南市仁德區太子里,沈俊翰,86434125,股份有限公司,,0960305,生產中,24基本金屬製造業、25金屬製品製造業  ,242鋁、252金屬結構及建築組件  
11508.csv,隴鈦銅器股份有限公司二廠,07003453,,彰化縣伸港鄉溪底村興工路61號,彰化縣伸港鄉溪底村,黃柏睿,59339605,股份有限公司,,1081120,生產中,25金屬製品製造業、24基本金屬製造業  ,259其他金屬製品、243銅  
11508.csv,雙郁機械工程有限公司,99630731,08510004007399,新竹縣竹北巿泰和里２２鄰中和街２０１巷１２號,新竹縣竹北市泰和里,林滿足　　　,97024247,有限公司,0851008,0860506,生產中,29機械設備製造業、25金屬製品製造業  ,292其他專用機械設備、293通用機械設備、251金屬刀具、手工具及模具  
11508.csv,震弘企業社,65001243,,新北市新莊區中正路514巷53弄43號1樓,新北市新莊區,葉榮富,13691858,獨資,,1010402,生產中,25金屬製品製造業  ,251金屬刀具、手工具及模具  
11508.csv,震昇精密工業股份有限公司二廠,S6600892,,臺中市霧峰區四德里新埔路241號,臺中市霧峰區四德里,吳志遠,52895839,股份有限公司,,1090824,生產中,29機械設備製造業  ,292其他專用機械設備  
11508.csv,騏大企業股份有限公司,99628734,06810000128456,桃園市楊梅區上田里和平路四二一號,桃園市楊梅區上田里,林黃淑　　　,52429193,股份有限公司,0680612,0691226,生產中,25金屬製品製造業、24基本金屬製造業  ,242鋁、252金屬結構及建築組件  
11508.csv,騏崴精密科技有限公司,07002760,,彰化縣埔鹽鄉埔鹽村中正路98號1樓,彰化縣埔鹽鄉埔鹽村,詹靖瑤,24373492,有限公司,,1070910,生產中,25金屬製品製造業  ,259其他金屬製品  
11508.csv,騏村企業有限公司本廠,S6602434,,臺中市烏日區光明里五光路579號,臺中市烏日區光明里,蔡旭昇,86087315,有限公司,,1140513,生產中,29機械設備製造業  ,293通用機械設備  
11508.csv,高偉機械股份有限公司,66007711,,臺中市大里區仁化里工業十一路167號,臺中市大里區仁化里,鄭逸亮,82832431,股份有限公司,,1080903,生產中,29機械設備製造業  ,291金屬加工用機械設備、293通用機械設備  
11508.csv,高傑電線電纜粉碎股份有限公司裕民廠,64009025,,高雄市大寮區大寮里裕民街37號,高雄市大寮區大寮里,謝雲凱,22278079,股份有限公司,,1100510,生產中,24基本金屬製造業、25金屬製品製造業  ,241鋼鐵、242鋁、243銅、254金屬加工處理  
11508.csv,鳳儀工廠股份有限公司,99661558,00010012038151,高雄市岡山區潭底里潭底路６０號,高雄市岡山區潭底里,陳鳳儀,85724300,股份有限公司,0791231,0791231,生產中,25金屬製品製造業  ,259其他金屬製品  
11508.csv,鳳儀工廠股份有限公司岡山廠,S6401449,,高雄市岡山區潭底里潭底路225號,高雄市岡山區潭底里,陳鳳儀,85724300,股份有限公司,,1150528,生產中,25金屬製品製造業  ,259其他金屬製品  
11508.csv,鴻大鋼鐵有限公司,99610806,07610001116557,新北市新莊區頭前里化成路二六七巷三號,新北市新莊區頭前里,林佳平,89669568,有限公司,0760422,0760520,生產中,25金屬製品製造業、29機械設備製造業  ,259其他金屬製品、293通用機械設備  
11508.csv,鴻津食品有限公司楊梅廠,99624359,08710000903078,桃園市楊梅區富岡里富聯路356巷6號,桃園市楊梅區富岡里,陳明朝,23187576,有限公司,0870403,0880805,生產中,08食品製造業  ,089其他食品  
11508.csv,麥田數位影像有限公司,65005993,,新北市中和區中原里立德街127號7樓,新北市中和區中原里,陳季蓁,24391837,有限公司,,1060607,生產中,16印刷及資料儲存媒體複製業  ,160印刷及資料儲存媒體複製  
11508.csv,鉅勝木材有限公司,99620172,06110000034207,宜蘭縣羅東鎮東安里中山路二段181號,宜蘭縣羅東鎮東安里,陳麗嬌　　　　,02420892,有限公司,0580101,0621121,生產中,14木竹製品製造業  ,140木竹製品  
11508.csv,鉅同有限公司,99634757,08510006170122,臺中市太平區德隆里工業17路37號,臺中市太平區德隆里,陳力豪,84414243,有限公司,0850716,0850519,生產中,29機械設備製造業、30汽車及其零件製造業、31其他運輸工具及其零件製造業  ,293通用機械設備、303汽車零件、312機車及其零件  
11508.csv,鉅葉國際股份有限公司,66005036,,臺中市潭子區潭秀里潭富路一段74號,臺中市潭子區潭秀里,葉輔渝,16672411,股份有限公司,,1051124,生產中,31其他運輸工具及其零件製造業  ,313自行車及其零件  
11508.csv,鉦達鋼鐵有限公司,S6800243,,桃園市中壢區內定里23鄰內定二街636巷67號,桃園市中壢區內定里,吳志章,22936828,有限公司,,1090527,生產中,25金屬製品製造業  ,254金屬加工處理  
11508.csv,鉦釔企業股份有限公司,99649691,08310007017323,彰化縣埔鹽鄉崑崙村彰水路１段４７號,彰化縣埔鹽鄉崑崙村,顏世欣,84845242,股份有限公司,0830618,0830711,生產中,31其他運輸工具及其零件製造業  ,313自行車及其零件  
11508.csv,鉦釔企業股份有限公司一廠,S0703679,,彰化縣埔鹽鄉豐澤村埔打路82-1號,彰化縣埔鹽鄉豐澤村,顏世欣,84845242,股份有限公司,,1150305,生產中,31其他運輸工具及其零件製造業  ,313自行車及其零件  
11508.csv,銓群機械有限公司,99722493,,桃園市龜山區大華里忠義路２段２６０巷６１號１樓,桃園市龜山區大華里,曹美葉,89241501,有限公司,,0990607,生產中,30汽車及其零件製造業  ,302車體、303汽車零件  
11508.csv,銓育金屬股份有限公司,99633393,07710006006671,臺中市神岡區新庄里和睦路一段790號,臺中市神岡區新庄里,林錦燕,22373355,股份有限公司,0770107,0770206,生產中,24基本金屬製造業  ,242鋁  
11508.csv,銓興精密有限公司,66012431,,臺中市豐原區鎌村里鎌村路605巷38號,臺中市豐原區鎌村里,陳筳瑜,60621751,有限公司,,1150515,生產中,25金屬製品製造業、29機械設備製造業  ,259其他金屬製品、293通用機械設備  
11508.csv,銘曦實業股份有限公司,99713853,,臺中市龍井區麗水里臨港路一段788號,臺中市龍井區麗水里,謝銘珠,16862361,股份有限公司,,0990902,生產中,24基本金屬製造業  ,243銅  
11508.csv,銘泉五金管件有限公司,S6401426,,高雄市岡山區本洲里本洲路25-1號,高雄市岡山區本洲里,洪曾綉月,12792436,有限公司,,1150518,生產中,25金屬製品製造業  ,259其他金屬製品  
11508.csv,銨泰企業股份有限公司烏日廠,99640256,05810000003147,臺中市烏日區九德里中山路一段678號,臺中市烏日區九德里,林岳鋒,25095518,股份有限公司,0580101,,生產中,24基本金屬製造業  ,241鋼鐵  
11508.csv,鋐發鋼鐵股份有限公司,07005059,,彰化縣線西鄉塭仔村慶安南三路11號,彰化縣線西鄉塭仔村,陳振發,53784543,股份有限公司,,1120203,生產中,25金屬製品製造業  ,254金屬加工處理  
11508.csv,鋼燁機械工程有限公司,18000354,,新竹市香山區內湖里中華路六段205巷20弄2-1號,新竹市香山區內湖里,林敏男,22317930,有限公司,,1090122,生產中,24基本金屬製造業、24基本金屬製造業  ,242鋁  
11508.csv,鋼聖鋼鐵有限公司,65013513,,新北市新莊區福基里化成路389巷31之1號,新北市新莊區福基里,彭雅苓,24285385,有限公司,,1150427,生產中,25金屬製品製造業  ,252金屬結構及建築組件  
11508.csv,鋼達有限公司,99638780,08510006116932,臺中市神岡區北庄里中山路一二五五號,臺中市神岡區北庄里,李雅敏,86965354,有限公司,0850522,0850530,生產中,24基本金屬製造業  ,242鋁  
11508.csv,錦源鑄造工業股份有限公司,99623063,07910000338750,桃園市觀音區樹林里成功路二段921、923號,桃園市觀音區樹林里,王文賢,22421666,股份有限公司,0791205,0840124,生產中,24基本金屬製造業、23非金屬礦物製品製造業  ,241鋼鐵、233水泥及其製品  
11508.csv,錦源水泥製品股份有限公司,99624711,06310000178009,桃園市大溪區南興里仁和路二段571巷60號,桃園市大溪區南興里,王文賢,04439910,股份有限公司,0580101,0640430,生產中,23非金屬礦物製品製造業、24基本金屬製造業  ,233水泥及其製品、241鋼鐵  
11508.csv,錦源鑄造工業股份有限公司觀音廠,99623066,07610000128530,桃園市觀音區樹林里經建二路25號,桃園市觀音區樹林里,王文賢,22421666,股份有限公司,0760424,0761229,生產中,24基本金屬製造業  ,241鋼鐵  
11508.csv,鎧全鐵材製品股份有限公司彰化廠,07004678,,彰化縣大村鄉福興村學府路88號,彰化縣大村鄉福興村,莊永川,56642358,股份有限公司,,1110209,生產中,24基本金屬製造業、25金屬製品製造業  ,241鋼鐵、249其他基本金屬、259其他金屬製品  
11508.csv,鏗隆工業股份有限公司,99648206,06210000076855,彰化縣和美鎮犁盛里彰新路２段２４７號,彰化縣和美鎮犁盛里,廖建信　,59036139,股份有限公司,0620625,0630830,生產中,24基本金屬製造業、25金屬製品製造業、29機械設備製造業  ,241鋼鐵、243銅、251金屬刀具、手工具及模具、291金屬加工用機械設備、293通用機械設備、292其他專用機械設備  
11508.csv,鑫倍工業股份有限公司,99695328,,新北市八里區頂罟里中山路二段一００號,新北市八里區頂罟里,陳錦坤,80002727,股份有限公司,,0950403,生產中,29機械設備製造業、25金屬製品製造業、24基本金屬製造業  ,293通用機械設備、251金屬刀具、手工具及模具、241鋼鐵  
11508.csv,鑫億合股份有限公司,99644575,09010006002220,臺中市大甲區頂店里中山路一段一六０六號,臺中市大甲區頂店里,郭適豪,12636061,股份有限公司,0900207,0900220,生產中,31其他運輸工具及其零件製造業、24基本金屬製造業  ,313自行車及其零件、241鋼鐵  
11508.csv,鑫投企業股份有限公司,99680072,,彰化縣彰化市莿桐里彰水路１９０之３５號,彰化縣彰化市莿桐里,楊彩琴,28138738,股份有限公司,,0950523,生產中,25金屬製品製造業、24基本金屬製造業、32家具製造業  ,259其他金屬製品、241鋼鐵、320家具  
11508.csv,鑫振實業有限公司,99655197,08710010001328,嘉義縣朴子市佳禾里大館６號,嘉義縣朴子市佳禾里,涂郁嘉,97375101,有限公司,0870303,0870313,生產中,24基本金屬製造業、25金屬製品製造業  ,241鋼鐵、254金屬加工處理  
11508.csv,鑫綠泰鑄造廠股份有限公司,99635239,08610006117148,臺中市大肚區王田里沙田路一段320巷31之1號,臺中市大肚區王田里,賴洽祺,86400883,股份有限公司,0860515,0870624,生產中,24基本金屬製造業  ,241鋼鐵、242鋁、243銅、249其他基本金屬  
11508.csv,鑫綠泰鑄造廠股份有限公司福山廠,66010637,,臺中市大肚區福山里沙田路一段388巷52號,臺中市大肚區福山里,賴洽祺,86400883,股份有限公司,,1120609,生產中,24基本金屬製造業  ,243銅  
11508.csv,鑫綠泰鑄造廠股份有限公司第二廠,99712887,,臺中市大肚區王田里沙田路一段320巷31-2號,臺中市大肚區王田里,賴洽祺,86400883,股份有限公司,,0970804,生產中,24基本金屬製造業、29機械設備製造業、31其他運輸工具及其零件製造業  ,243銅、293通用機械設備、311船舶及浮動設施  
11508.csv,長晉企業社,65013420,,新北市五股區五股里成泰路2段169號之1,新北市五股區五股里,游國治,26522412,獨資,,1150326,生產中,25金屬製品製造業  ,251金屬刀具、手工具及模具  
11508.csv,長景工業股份有限公司,99665907,06310099028145,屏東縣屏東市清溪里建國路308巷1號,屏東縣屏東市清溪里,簡玉玫,90703369,股份有限公司,0580101,0650710,生產中,24基本金屬製造業  ,241鋼鐵  
11508.csv,長興模具有限公司,99661216,08510012231585,高雄市路竹區鴨寮里復興路５６號,高雄市路竹區鴨寮里,林昭宇,22416896,有限公司,0851218,0870601,生產中,25金屬製品製造業、29機械設備製造業、30汽車及其零件製造業、31其他運輸工具及其零件製造業  ,259其他金屬製品、293通用機械設備、291金屬加工用機械設備、292其他專用機械設備、303汽車零件、312機車及其零件、251金屬刀具、手工具及模具  
11508.csv,開拓系統有限公司,65008966,,新北市汐止區復興里新台五路1段93號27樓之1,新北市汐止區復興里,陳劍華,24330776,有限公司,,1091030,生產中,27電腦、電子產品及光學製品製造業  ,271電腦及其週邊設備  
11508.csv,開昶彩色印刷有限公司,99617469,08410001264823,新北市三重區仁華里仁華街六二巷一一號,新北市三重區仁華里,謝進開,89542422,有限公司,0840731,0840906,生產中,16印刷及資料儲存媒體複製業  ,160印刷及資料儲存媒體複製  
11508.csv,雄偉精密科技有限公司,66000807,,臺中市霧峰區本堂里林森路356號1樓,臺中市霧峰區本堂里,陳世雄,24366302,有限公司,,1010105,生產中,22塑膠製品製造業  ,220塑膠製品  
11508.csv,集來環保管理顧問有限公司,03000783,,桃園市中壢區文化里吉林路66-5號,桃園市中壢區文化里,林崇政,16225779,有限公司,,1001125,生產中,24基本金屬製造業、33其他製造業  ,243銅、339未分類其他製品  
11508.csv,集偉塑膠股份有限公司,99643049,08410006163411,臺中市大雅區文雅里中山北路242號,臺中市大雅區文雅里,張俊傑,89488969,股份有限公司,0840712,0840920,生產中,33其他製造業、31其他運輸工具及其零件製造業、26電子零組件製造業  ,331育樂用品、312機車及其零件、269其他電子零組件  
11508.csv,雙鏌工業股份有限公司一廠,64008764,,高雄市大社區保社里萬金路6-1號,高雄市大社區保社里,廖健郎,16243524,股份有限公司,,1090810,生產中,25金屬製品製造業、29機械設備製造業  ,251金屬刀具、手工具及模具、293通用機械設備  
11508.csv,靖旺科技股份有限公司中和廠,99607603,08910001158662,新北市中和區碧河里建康路130號8樓之9、之10、之11,新北市中和區碧河里,朱繼聖,70735981,股份有限公司,0890512,0890628,生產中,26電子零組件製造業、27電腦、電子產品及光學製品製造業、24基本金屬製造業、25金屬製品製造業  ,269其他電子零組件、271電腦及其週邊設備、272通訊傳播設備、242鋁、243銅、249其他基本金屬、254金屬加工處理、259其他金屬製品  
11508.csv,順天成生醫股份有限公司,99719361,,新北市深坑區萬順里北深路三段一五五巷三號七樓,新北市深坑區萬順里,李泰山,24361496,股份有限公司,,0980624,生產中,33其他製造業  ,332醫療器材及用品  
11508.csv,順達鋼鐵有限公司,68005180,,桃園市龍潭區烏林里工二路305巷45號,桃園市龍潭區烏林里,邱允宸,90428482,有限公司,,1111027,生產中,25金屬製品製造業  ,254金屬加工處理  
11508.csv,順邦國際有限公司,67001488,,臺南市南區彰南里新義南路3號,臺南市南區彰南里,葉建志,24276554,有限公司,,1050505,生產中,30汽車及其零件製造業、31其他運輸工具及其零件製造業  ,303汽車零件、312機車及其零件  
11508.csv,顯錩企業有限公司,99691241,,新北市三重區光復路1段30巷4號1樓,新北市三重區,李士元,89819222,有限公司,,0920812,生產中,29機械設備製造業、25金屬製品製造業  ,293通用機械設備、251金屬刀具、手工具及模具  
11508.csv,顯鏜門窗企業行,S6400185,,高雄市路竹區鴨寮里復興路873巷9號,高雄市路竹區鴨寮里,林顯堂,80952424,獨資,,1090709,生產中,25金屬製品製造業  ,252金屬結構及建築組件  
11508.csv,香港商瑞健科技股份有限公司台灣分公司南山廠,03001883,,桃園市蘆竹區內厝里南山路二段313-1號2樓,桃園市蘆竹區內厝里,費思樂,27243276,外國公司認許,,1020830,生產中,29機械設備製造業、33其他製造業  ,292其他專用機械設備、332醫療器材及用品  
11508.csv,駿峰機械有限公司,99718544,,新北市新莊區頭前里頭前路一五巷五二號一樓,新北市新莊區頭前里,陳威献,24201175,有限公司,,0970730,生產中,29機械設備製造業  ,291金屬加工用機械設備  
11508.csv,騏鵬工業股份有限公司,99625906,08710003264820,桃園市楊梅區瑞原里民富路一段305之1號一樓,桃園市楊梅區瑞原里,古新榮　　　,16402418,股份有限公司,0870327,0870331,生產中,22塑膠製品製造業  ,220塑膠製品  
11508.csv,高傑電線電纜粉碎股份有限公司分廠,99661749,07410012092434,高雄市大寮區潮寮里田單三街２號,高雄市大寮區潮寮里,謝雲凱,22278079,股份有限公司,0791231,0791231,生產中,21橡膠製品製造業、22塑膠製品製造業、24基本金屬製造業  ,210橡膠製品、220塑膠製品、241鋼鐵  
11508.csv,高傑電線電纜粉碎股份有限公司,99662144,07610012092914,高雄市大寮區潮寮里田單五街９號,高雄市大寮區潮寮里,謝雲凱,22278079,股份有限公司,0791231,0791231,生產中,21橡膠製品製造業、22塑膠製品製造業、24基本金屬製造業  ,210橡膠製品、220塑膠製品、241鋼鐵  
11508.csv,高儀國際有限公司,99671290,07610019001182,臺中市南區和平里永南街44號,臺中市南區和平里,趙麗秋,24388164,有限公司,0760508,0760722,生產中,22塑膠製品製造業  ,220塑膠製品  
11508.csv,高榮鋼鐵企業股份有限公司,64000227,6400022700,高雄市左營區菜公里民族一路946巷11號,高雄市左營區菜公里,侯兆銘,83126526,股份有限公司,0571020,0580913,生產中,25金屬製品製造業  ,259其他金屬製品  
11508.csv,鴻宇鋁業有限公司,67003079,,臺南市鹽水區橋南里自強街4號,臺南市鹽水區橋南里,方俊欽,25096262,有限公司,,1100726,生產中,24基本金屬製造業  ,242鋁  
11508.csv,鹿利企業有限公司,99663292,07710012094798,高雄市大寮區潮寮里田單七街３４號,高雄市大寮區潮寮里,蕭萬浩,75971816,有限公司,0791231,0791231,生產中,24基本金屬製造業  ,241鋼鐵  
11508.csv,鹿展企業股份有限公司,99663214,07410012093465,高雄市大寮區潮寮里田單七街３２號,高雄市大寮區潮寮里,汪良敏,81340063,股份有限公司,0791231,0791231,生產中,24基本金屬製造業  ,241鋼鐵  
11508.csv,鹿港台麗實業股份有限公司,99649475,07310007048429,彰化縣埔鹽鄉天盛村番金路一巷一橫巷１４號,彰化縣埔鹽鄉天盛村,陳美雪　,60243369,股份有限公司,0730907,0731116,生產中,14木竹製品製造業  ,140木竹製品  
11508.csv,鈺國科技股份有限公司,99706079,,臺南市南區彰南里新義南路20號,臺南市南區彰南里,陳雲祥,24254377,股份有限公司,,0990526,生產中,26電子零組件製造業  ,264光電材料及元件  
11508.csv,鈺堂實業有限公司,67000833,,臺南市永康區塩洲里國聖街167巷12號,臺南市永康區塩洲里,林貴興,24381079,有限公司,,1030227,生產中,22塑膠製品製造業  ,220塑膠製品  
11508.csv,鈺山鋼鐵工業股份有限公司,64008956,,高雄市大寮區過溪里華西路26號,高雄市大寮區過溪里,張金英,22538700,股份有限公司,,1100218,生產中,24基本金屬製造業  ,241鋼鐵  
11508.csv,鉅大機械股份有限公司林口廠,99602437,,新北市林口區東林里工二路九號,新北市林口區東林里,翁黃敏玉,34040852,股份有限公司,,0861201,生產中,29機械設備製造業  ,293通用機械設備  
11508.csv,鉅豐鐵箱有限公司蘆竹廠,99625889,08410003009365,桃園市蘆竹區坑口里大有街二九巷五號,桃園市蘆竹區坑口里,游易泰　　　,36142411,有限公司,0840224,0850208,生產中,25金屬製品製造業  ,253金屬容器  
11508.csv,鉅輝鋼鐵股份有限公司,03000282,,桃園市平鎮區新安里洪圳路326號,桃園市平鎮區新安里,李崇華,13079654,股份有限公司,,1000302,生產中,25金屬製品製造業  ,252金屬結構及建築組件  
11508.csv,銪信工程有限公司,99603931,07610001387075,新北市土城區頂埔里中央路4段37巷26號,新北市土城區頂埔里,朱埕寬,22078157,有限公司,0761222,0780701,生產中,24基本金屬製造業、25金屬製品製造業、29機械設備製造業、27電腦、電子產品及光學製品製造業  ,241鋼鐵、254金屬加工處理、259其他金屬製品、293通用機械設備、251金屬刀具、手工具及模具、275量測、導航、控制設備及鐘錶  
11508.csv,鍀泰鋼鐵股份有限公司,99631921,07410005093184,苗栗縣造橋鄉朝陽村四鄰朝陽路四一號,苗栗縣造橋鄉朝陽村,蕭國奉,50520815,股份有限公司,0741015,0741015,生產中,25金屬製品製造業  ,252金屬結構及建築組件  
11508.csv,鍀泰鋼鐵股份有限公司二廠,99631920,08810005054512,苗栗縣竹南鎮公舘里十一鄰大埔頂一三０號,苗栗縣竹南鎮公舘里,蕭國奉,50520815,股份有限公司,0880622,0890110,生產中,25金屬製品製造業  ,252金屬結構及建築組件  
11508.csv,鍀興金屬科技股份有限公司通灣廠,05000384,,苗栗縣通霄鎮通灣里七鄰中山路二八六號,苗栗縣通霄鎮通灣里,鄭雅方,22486484,股份有限公司,,1060925,生產中,24基本金屬製造業  ,243銅  
11508.csv,長俋精密股份有限公司,99626325,08210003208706,桃園市桃園區龍山里龍壽街二五五號,桃園市桃園區龍山里,趙庭加　　　,22117243,股份有限公司,0821119,0831024,生產中,29機械設備製造業、25金屬製品製造業  ,259其他金屬製品、293通用機械設備  
11508.csv,長儁有限公司,09001511,11410009600068,雲林縣麥寮鄉新吉村新吉26之168號,雲林縣麥寮鄉新吉村,周巧雯,83292432,有限公司,1141128,1150323,生產中,23非金屬礦物製品製造業、23非金屬礦物製品製造業  ,239其他非金屬礦物製品  
11508.csv,長曜有限公司,04000170,,新竹縣竹東鎮雞林里沿河街249號,新竹縣竹東鎮雞林里,李雪美,13002419,有限公司,,1010706,生產中,30汽車及其零件製造業  ,303汽車零件  
11508.csv,陽伸工業股份有限公司,99670676,07410019002431,臺中市東區東門里天乙街６８號,臺中市東區東門里,洪光輝,06031228,股份有限公司,0740731,0740808,生產中,29機械設備製造業、30汽車及其零件製造業、31其他運輸工具及其零件製造業  ,292其他專用機械設備、293通用機械設備、303汽車零件、312機車及其零件  
11508.csv,隆發五金有限公司,67000243,,臺南市永康區東橋里中山南路365巷10號,臺南市永康區東橋里,許雅雲,53502256,有限公司,,1001202,生產中,25金屬製品製造業  ,254金屬加工處理  
11508.csv,集光能源科技有限公司,99680922,,彰化縣埔心鄉經口村新民路４６號１樓,彰化縣埔心鄉經口村,王淑玲,24293483,有限公司,,0980402,生產中,28電力設備及配備製造業  ,285家用電器  
11508.csv,集全特殊金屬有限公司梧棲第二廠,99638891,,臺中市梧棲區永安里向上路九段322巷53號,臺中市梧棲區永安里,李麗,96892768,有限公司,,0911112,生產中,24基本金屬製造業、25金屬製品製造業、29機械設備製造業  ,241鋼鐵、251金屬刀具、手工具及模具、293通用機械設備  
11508.csv,雨大企業股份有限公司,99665310,07810012098981,高雄市岡山區白米里白米路１號,高雄市岡山區白米里,鄭麗庸,84508776,股份有限公司,0791231,0791231,生產中,24基本金屬製造業  ,242鋁  
11508.csv,震漢塑膠樂器廠有限公司,99617242,07310001137911,新北市新莊區福基里化成路三七五巷二六號,新北市新莊區福基里,鍾賜民,22906697,有限公司,0730609,0730810,生產中,22塑膠製品製造業、33其他製造業  ,220塑膠製品、331育樂用品  
11508.csv,風朝企業有限公司,99632420,07510005071285,苗栗縣竹南鎮大埔里六鄰仁愛路八九一號,苗栗縣竹南鎮大埔里,林福隆,16963070,有限公司,0750811,0750811,生產中,15紙漿、紙及紙製品製造業  ,159其他紙製品、152瓦楞紙板及紙容器  
11508.csv,盛豐興農業生技有限公司,99676079,,嘉義縣民雄鄉北斗村成功二街52號,嘉義縣民雄鄉北斗村,邱玲玲,24232769,有限公司,,0980618,生產中,08食品製造業  ,086碾榖、磨粉及澱粉製品  
11508.csv,真好加食品有限公司二廠,07003468,,彰化縣大村鄉擺塘村擺塘巷12-47號,彰化縣大村鄉擺塘村,林忠君,24288670,有限公司,,1081128,生產中,08食品製造業  ,089其他食品  
11508.csv,祥峰企業有限公司,07001097,,彰化縣埤頭鄉永豐村東西路597號,彰化縣埤頭鄉永豐村,許義陽,24379524,有限公司,,1030120,生產中,22塑膠製品製造業、25金屬製品製造業  ,220塑膠製品、251金屬刀具、手工具及模具  
11508.csv,祥裔鋼鐵有限公司,99676834,,臺南市安南區新順里開安路61號,臺南市安南區新順里,李佳融,97061328,有限公司,,0930601,生產中,25金屬製品製造業  ,254金屬加工處理、252金屬結構及建築組件  
11508.csv,彰鹿機械鑄造股份有限公司,99645959,07510007051964,彰化縣秀水鄉安溪村平安三街６５號,彰化縣秀水鄉安溪村,黃輝森　,22484681,股份有限公司,0750325,0761216,生產中,29機械設備製造業、24基本金屬製造業  ,293通用機械設備、241鋼鐵  
11508.csv,得騏興業有限公司樹林廠,99613953,08910001086764,新北市樹林區坡內里備內街一巷三七之一號二樓,新北市樹林區坡內里,林玉眞,23952297,有限公司,0890323,0890425,生產中,24基本金屬製造業、25金屬製品製造業、29機械設備製造業  ,241鋼鐵、254金屬加工處理、292其他專用機械設備  
11508.csv,德佳鋼鐵有限公司內湖廠,63022245,,臺北市內湖區蘆洲里安康路一四七號,臺北市內湖區蘆洲里,劉錫穀,21230794,有限公司,,1010515,生產中,25金屬製品製造業  ,254金屬加工處理  
11508.csv,德資股份有限公司樹林廠,99600254,06710000304980,新北市樹林區獇寮里保安街二段四五巷二九號,新北市樹林區獇寮里,陳賢哲,12439792,股份有限公司,0580101,0900528,生產中,19其他化學製品製造業、20藥品及醫用化學製品製造業  ,199未分類其他化學製品  
11508.csv,志成股份有限公司高雄廠,99662418,07110012033856,高雄市路竹區北嶺里中山南路350號,高雄市路竹區北嶺里,李玉鼎,04633983,股份有限公司,0791231,0791231,生產中,19其他化學製品製造業、20藥品及醫用化學製品製造業  ,193清潔用品及化粧品、200藥品及醫用化學製品  
11508.csv,志成鋼鐵股份有限公司,99645148,08210000070391,彰化縣伸港鄉溪底村工六路６號,彰化縣伸港鄉溪底村,張士毅,52259520,股份有限公司,0820128,0840626,生產中,24基本金屬製造業  ,241鋼鐵  
11508.csv,志揚興業有限公司二廠,64007902,,高雄市仁武區竹後里竹工二巷12號1樓,高雄市仁武區竹後里,陳志文,53243694,有限公司,,1060808,生產中,30汽車及其零件製造業  ,303汽車零件  
11508.csv,忠欣企業股份有限公司,99638801,07210006169100,臺中市大里區大元里國光路一段十六號,臺中市大里區大元里,鄭明治,52417725,股份有限公司,0721024,0741105,生產中,25金屬製品製造業、29機械設備製造業、27電腦、電子產品及光學製品製造業  ,251金屬刀具、手工具及模具、259其他金屬製品、293通用機械設備、277光學儀器及設備  
11508.csv,慶峰鋼鐵股份有限公司,99709640,,臺南市官田區二鎮里建業路17之2號、19號,臺南市官田區二鎮里,馮上峰,64938860,股份有限公司,,0951018,生產中,24基本金屬製造業、25金屬製品製造業  ,241鋼鐵、249其他基本金屬、254金屬加工處理  
11508.csv,慶峰鋼鐵股份有限公司二廠,S6701145,,臺南市下營區西連里西寮1之8號,臺南市下營區西連里,馮上峰,64938860,股份有限公司,,1140923,生產中,24基本金屬製造業  ,241鋼鐵  
11508.csv,慶遠有限公司大溪廠,99686814,08510003300242,桃園市大溪區美華里金山路39巷50號,桃園市大溪區美華里,黃萬全,80046231,有限公司,0851030,0851102,生產中,30汽車及其零件製造業  ,301汽車、303汽車零件  
11508.csv,慶鈺工業股份有限公司,99663708,07410012110092,高雄市岡山區灣裡里岡山北路１９５號,高雄市岡山區灣裡里,蘇蔡美華,22109980,股份有限公司,0791231,0791231,生產中,24基本金屬製造業  ,243銅  
11508.csv,懿聖鋼模實業股份有限公司,99603821,07510001203113,新北市新莊區福營里福營路一九五巷三號,新北市新莊區福營里,隋台生,22241910,股份有限公司,0750724,0750912,生產中,29機械設備製造業、25金屬製品製造業  ,293通用機械設備、251金屬刀具、手工具及模具  
11508.csv,成祥鋼鐵有限公司,S6701092,,臺南市新化區全興里智慧科學大道三段457號,臺南市新化區全興里,楊鎮華,85051583,有限公司,,1140715,生產中,25金屬製品製造業  ,252金屬結構及建築組件、254金屬加工處理  
11508.csv,成穎工程有限公司,S0900328,,雲林縣麥寮鄉興華村興華33-150號,雲林縣麥寮鄉興華村,林文生,24383180,有限公司,,1130829,生產中,25金屬製品製造業  ,253金屬容器、259其他金屬製品  
11508.csv,成穎工程有限公司一廠,09000247,,雲林縣臺西鄉溪頂村溪頂182號,雲林縣臺西鄉溪頂村,林文生,24383180,有限公司,,1011029,生產中,25金屬製品製造業  ,259其他金屬製品  
11508.csv,承宇食品有限公司,99713514,,臺中市沙鹿區興安里斗潭路392-1號,臺中市沙鹿區興安里,梁沛綸,24229899,有限公司,,0990104,生產中,08食品製造業  ,084動植物油脂  
11508.csv,承宏工業社,07003091,,彰化縣和美鎮嘉犁里彰和路三段6巷1號1樓,彰化縣和美鎮嘉犁里,蔡柏智,82417624,獨資,,1080419,生產中,25金屬製品製造業  ,259其他金屬製品  
11508.csv,承展企業社工廠,07004015,,彰化縣秀水鄉義興村義雅巷93號1樓,彰化縣秀水鄉義興村,陳雅惠,82421916,獨資,,1091223,生產中,25金屬製品製造業、29機械設備製造業  ,259其他金屬製品、293通用機械設備  
11508.csv,承裕鋼鐵有限公司烏日廠,S6601969,,臺中市烏日區光明里五光路513之1號,臺中市烏日區光明里,李秉樺,80138490,有限公司,,1121124,生產中,29機械設備製造業  ,291金屬加工用機械設備  
11508.csv,振來鋼鐵有限公司,99697271,,新北市五股區五福里成泰路二段一九五巷五號一樓,新北市五股區五福里,陳正來,70679209,有限公司,,0961214,生產中,24基本金屬製造業、25金屬製品製造業  ,241鋼鐵、259其他金屬製品  
11508.csv,振倫有限公司,99627373,,桃園市中壢區內定里內定七街316號,桃園市中壢區內定里,鄒振文,84952410,有限公司,,0831022,生產中,29機械設備製造業、26電子零組件製造業  ,293通用機械設備、269其他電子零組件  
11508.csv,振益鑄造有限公司,99643112,07510000139051,臺中市清水區武鹿里海濱路225之3號,臺中市清水區武鹿里,楊棨東,22313701,有限公司,0750627,0750627,生產中,24基本金屬製造業  ,242鋁、243銅  
11508.csv,捷仕美精工股份有限公司,99662412,07710012140762,高雄市岡山區為隨里為隨西路８５號,高雄市岡山區為隨里,陳俊崗,22691561,股份有限公司,0791231,0791231,生產中,25金屬製品製造業、27電腦、電子產品及光學製品製造業  ,259其他金屬製品、271電腦及其週邊設備、273視聽電子產品  
11508.csv,擎富興業有限公司二廠,S6601736,,臺中市豐原區翁社里豐年路263巷57號,臺中市豐原區翁社里,李良霞,24359392,有限公司,,1101103,生產中,24基本金屬製造業、25金屬製品製造業、29機械設備製造業  ,242鋁、259其他金屬製品、293通用機械設備  
11508.csv,擎益實業有限公司,67001646,,臺南市官田區南廍里南廍107號,臺南市官田區南廍里,林蘇美娟,28782574,有限公司,,1051110,生產中,24基本金屬製造業  ,242鋁  
11508.csv,敏琪企業有限公司,99709984,,高雄市大樹區竹寮里竹寮路１７４號,高雄市大樹區竹寮里,王麗華,22392418,有限公司,,0960801,生產中,25金屬製品製造業、29機械設備製造業  ,259其他金屬製品、293通用機械設備  
11508.csv,敏程科技有限公司,99602411,08310001254313,新北市三重區中興里重新路五段六０九巷一六號七樓之五,新北市三重區中興里,譚大雄,84465262,有限公司,0830727,0830812,生產中,29機械設備製造業、25金屬製品製造業、26電子零組件製造業  ,293通用機械設備、251金屬刀具、手工具及模具、264光電材料及元件、269其他電子零組件  
11508.csv,新太鋼鐵有限公司,09000182,,雲林縣斗南鎮新光里新光三街11號,雲林縣斗南鎮新光里,陳有正,84795685,有限公司,,1010327,生產中,25金屬製品製造業  ,252金屬結構及建築組件  
11508.csv,新環隆機械工業股份有限公司大肚廠,66011004,,臺中市大肚區社腳里沙田路一段854巷42號,臺中市大肚區社腳里,林仲信,89698070,股份有限公司,,1130105,生產中,24基本金屬製造業  ,243銅  
11508.csv,新船重工股份有限公司,64005815,,高雄市前鎮區明孝里漁港北一路４２號,高雄市前鎮區明孝里,韓王杏淑,82020243,股份有限公司,,0920314,生產中,31其他運輸工具及其零件製造業  ,311船舶及浮動設施  
11508.csv,新英機械廠股份有限公司三廠,99702434,,臺中市西屯區協和里工業區一路１２０號,臺中市西屯區協和里,何永裕,52456493,股份有限公司,,0961221,生產中,29機械設備製造業  ,292其他專用機械設備、293通用機械設備  
11508.csv,新順金屬有限公司龍德廠,99706243,,宜蘭縣冬山鄉大興村德興六路２３號,宜蘭縣冬山鄉大興村,蕭伶桂,80102768,有限公司,,0970811,生產中,24基本金屬製造業  ,243銅  
11508.csv,旺俊昌企業有限公司,99623018,08210003144536,桃園市龍潭區烏林里工五路七四巷二號,桃園市龍潭區烏林里,吳英明　　　,89533872,有限公司,0820811,0821105,生產中,24基本金屬製造業  ,249其他基本金屬、242鋁  
11508.csv,昇日鋼鐵有限公司,09000069,,雲林縣斗南鎮明昌里延平路2段556號1樓,雲林縣斗南鎮明昌里,張適欣,12807830,有限公司,,1000614,生產中,25金屬製品製造業  ,259其他金屬製品  
11508.csv,昇日鋼鐵有限公司(第二廠),S0900063,,雲林縣斗南鎮明昌里延平路二段566號,雲林縣斗南鎮明昌里,張適欣,12807830,有限公司,,1090429,生產中,25金屬製品製造業、25金屬製品製造業  ,254金屬加工處理  
11508.csv,易利隆鋼鐵有限公司一廠,99675974,,嘉義縣東石鄉港墘村港墘６０－１３號,嘉義縣東石鄉港墘村,李吳嬌蓮,89732020,有限公司,,0950918,生產中,24基本金屬製造業  ,241鋼鐵  
11508.csv,易利鋼鐵企業股份有限公司,99662143,07410012093164,高雄市大寮區大寮里大有三街１３號,高雄市大寮區大寮里,陳淑萍,85945280,股份有限公司,0791231,0791231,生產中,24基本金屬製造業、25金屬製品製造業  ,241鋼鐵、254金屬加工處理  
11508.csv,易利隆鋼鐵有限公司三廠,10000481,,嘉義縣東石鄉蔦松村湖底500號,嘉義縣東石鄉蔦松村,李吳嬌蓮,89732020,有限公司,,1100120,生產中,25金屬製品製造業、25金屬製品製造業  ,254金屬加工處理  
11508.csv,易利隆鋼鐵有限公司二廠,S1000086,,嘉義縣東石鄉港墘村港墘60-13號,嘉義縣東石鄉港墘村,李吳嬌蓮,89732020,有限公司,,1090603,生產中,25金屬製品製造業  ,252金屬結構及建築組件  
11508.csv,昕泰生技製藥股份有限公司,99624255,06610000008289,桃園市大溪區仁善里8鄰仁德北街45號,桃園市大溪區仁善里,郭長發　　　,44417315,股份有限公司,0660101,0730830,生產中,20藥品及醫用化學製品製造業、08食品製造業  ,200藥品及醫用化學製品、089其他食品  
11508.csv,昕皇鋼鐵有限公司,S1300472,,屏東縣內埔鄉豐田村新中路15號,屏東縣內埔鄉豐田村,黃春宏 ,53399513,有限公司,,1150818,生產中,25金屬製品製造業  ,252金屬結構及建築組件  
11508.csv,映言實業股份有限公司,65008546,,新北市板橋區廣福里信義路243號6樓,新北市板橋區廣福里,周信言,84099272,股份有限公司,,1090424,生產中,28電力設備及配備製造業  ,281發電、輸電及配電機械、289其他電力設備及配備  
11508.csv,映象科技股份有限公司,65011710,,新北市樹林區金寮里武林街10之2號(3樓),新北市樹林區金寮里,陳惠智,80002418,股份有限公司,,1130223,生產中,22塑膠製品製造業  ,220塑膠製品  
11508.csv,映象科技股份有限公司,68007687,,桃園市中壢區永福里中園路471號(地下一樓、一樓、二樓、三樓、五樓),桃園市中壢區永福里,陳惠智,80002418,股份有限公司,,1150623,生產中,22塑膠製品製造業、25金屬製品製造業、29機械設備製造業、31其他運輸工具及其零件製造業  ,220塑膠製品、259其他金屬製品、293通用機械設備、319未分類其他運輸工具及其零件  
11508.csv,甘泉生物科技股份有限公司,65011424,,新北市新店區復興里民生路15號2樓,新北市新店區復興里,張閎積,24206501,股份有限公司,,1121011,生產中,08食品製造業  ,089其他食品  
11508.csv,田得精機股份有限公司,99620870,07810002032242,宜蘭縣五結鄉鎮安村西河路向陽新村一之二號,宜蘭縣五結鄉鎮安村,陳枝田　　　,22785053,股份有限公司,0780603,0780614,生產中,29機械設備製造業、25金屬製品製造業  ,293通用機械設備、251金屬刀具、手工具及模具  
11508.csv,界龍工業股份有限公司,99662586,07710012136683,高雄市阿蓮區阿蓮里民族路３９８號,高雄市阿蓮區阿蓮里,蔡萬國,22563242,股份有限公司,0791231,0791231,生產中,32家具製造業、25金屬製品製造業、29機械設備製造業、30汽車及其零件製造業、31其他運輸工具及其零件製造業、28電力設備及配備製造業  ,320家具、285家用電器、259其他金屬製品、293通用機械設備、303汽車零件、312機車及其零件  
11508.csv,百祥塑膠科技有限公司,99616274,08210001225038,新北市新店區德安里安康路二段四一四巷二號,新北市新店區德安里,鄭麗鳳,24290009,有限公司,0820708,0820721,生產中,22塑膠製品製造業  ,220塑膠製品  
11508.csv,皇明金屬股份有限公司工廠,07000442,,彰化縣和美鎮嘉寶里福北路279號1樓,彰化縣和美鎮嘉寶里,許碧琴,24220172,股份有限公司,,1010220,生產中,29機械設備製造業  ,293通用機械設備  
11508.csv,皇明金屬股份有限公司烏日廠,S6603008,,臺中市烏日區溪埧里溪南路一段823巷33號,臺中市烏日區溪埧里,許碧琴,24220172,股份有限公司,,1141223,生產中,25金屬製品製造業、29機械設備製造業  ,259其他金屬製品、291金屬加工用機械設備  
11508.csv,皇星金屬工業有限公司觀音廠,68005153,,桃園市觀音區廣興里1鄰廣興一路265號,桃園市觀音區廣興里,吳鳳琴,29106684,有限公司,,1111013,生產中,24基本金屬製造業  ,242鋁、249其他基本金屬  
11508.csv,皇星鋁業有限公司,99655081,07810000282553,嘉義縣民雄鄉北斗村成功一街四十號,嘉義縣民雄鄉北斗村,許思生,04906111,有限公司,0780807,0820306,生產中,24基本金屬製造業  ,242鋁  
11508.csv,益川鐵工廠,64001411,7364037382,高雄市三民區德西里中華二路３４１巷３７號,高雄市三民區德西里,趙財寶,75924217,獨資,0730414,0660822,生產中,29機械設備製造業  ,293通用機械設備  
11508.csv,盛通發股份有限公司,99624392,08610000831527,桃園市龍潭區烏林里工二路七０巷一九號一樓,桃園市龍潭區烏林里,李麗美,84401113,股份有限公司,0860806,0860828,生產中,29機械設備製造業  ,293通用機械設備  
11508.csv,盛通發股份有限公司二廠,99624393,08910000902294,桃園市龍潭區烏林里工二路七０巷一七號一樓,桃園市龍潭區烏林里,李麗美,84401113,股份有限公司,0890425,0890511,生產中,29機械設備製造業  ,293通用機械設備  
11508.csv,石光銅業企業股份有限公司,99625466,07510003170385,桃園市中壢區普仁里中山東路二段一六六號,桃園市中壢區普仁里,莊豐隆　　　,44555816,股份有限公司,0751212,0760122,生產中,24基本金屬製造業  ,243銅  
11508.csv,祐鉅工業有限公司,99658388,08810000813066,臺南市佳里區六安里六安117之37號,臺南市佳里區六安里,陳麗雲,86227701,有限公司,0881221,0900108,生產中,24基本金屬製造業  ,241鋼鐵  
11508.csv,祐鉅工業有限公司B廠,67001331,,臺南市佳里區六安里六安117之40號,臺南市佳里區六安里,陳麗雲,86227701,有限公司,,1041102,生產中,24基本金屬製造業  ,241鋼鐵  
11508.csv,祥裕編織帶股份有限公司,99680768,,彰化縣和美鎮中圍里彰新路三段４１５號,彰化縣和美鎮中圍里,林明豐,24207699,股份有限公司,,0970924,生產中,11紡織業  ,115紡織品  
11508.csv,祥裕編織帶股份有限公司二廠,07004277,,彰化縣和美鎮四張里和厝路一段150巷48號,彰化縣和美鎮四張里,林明豐,24207699,股份有限公司,,1100601,生產中,33其他製造業  ,332醫療器材及用品  
11508.csv,祥鑽工業有限公司,99703339,,臺中市大里區立德里立新街203號,臺中市大里區立德里,賴佳裕,28024263,有限公司,,0941227,生產中,29機械設備製造業  ,293通用機械設備  
11508.csv,德昱企業股份有限公司,66008770,,臺中市太平區宜欣里宜昌東路117號,臺中市太平區宜欣里,王廷吉,24217818,股份有限公司,,1091221,生產中,25金屬製品製造業  ,253金屬容器  
11508.csv,德昱企業股份有限公司,99713058,,臺中市太平區宜欣里宜昌東路166號1樓,臺中市太平區宜欣里,王廷吉,24217818,有限公司,,0971121,生產中,25金屬製品製造業  ,253金屬容器  
11508.csv,忠營企業社,99624198,,桃園市大溪區瑞源里石園路二八０號,桃園市大溪區瑞源里,張佩菁,14387530,獨資,,0910411,生產中,32家具製造業  ,320家具  
11508.csv,恆億電機有限公司,04001146,,新竹縣新豐鄉忠孝村中興路140號1樓,新竹縣新豐鄉忠孝村,吳光益,24354713,有限公司,,1120825,生產中,29機械設備製造業  ,292其他專用機械設備  
11508.csv,恒采有限公司頭份廠,05000924,,苗栗縣頭份市蘆竹里中華路487巷30號1樓,苗栗縣頭份市蘆竹里,金克永,90224282,有限公司,,1141212,生產中,19其他化學製品製造業  ,199未分類其他化學製品  
11508.csv,惠普股份有限公司國浦廠,99632411,07610005001207,苗栗縣竹南鎮公館里六鄰六八號,苗栗縣竹南鎮公舘里,倪勇,12371385,股份有限公司,0760508,0760807,生產中,23非金屬礦物製品製造業  ,233水泥及其製品、232耐火、黏土建材及其他陶瓷製品、239其他非金屬礦物製品  
11508.csv,慶得祥鋼鐵股份有限公司,99689496,06910000191820,新北市板橋區振興里三民路一段三一巷三０號,新北市板橋區振興里,曾前根,33928992,股份有限公司,0580101,0690927,生產中,24基本金屬製造業、25金屬製品製造業、29機械設備製造業、30汽車及其零件製造業、31其他運輸工具及其零件製造業  ,241鋼鐵、254金屬加工處理、291金屬加工用機械設備、293通用機械設備、292其他專用機械設備、303汽車零件、312機車及其零件  
11508.csv,慶錩有限公司,S6600167,,臺中市潭子區大富里大富路三段197巷11-1號,臺中市潭子區大富里,劉家佑,24211477,有限公司,,1090522,生產中,25金屬製品製造業、29機械設備製造業  ,259其他金屬製品、293通用機械設備  
11508.csv,慶錩興業有限公司,66012422,11566000600722,臺中市大甲區義和里興安路169巷10號,臺中市大甲區義和里,柯秉閎,53068725,有限公司,1150331,1150521,生產中,25金屬製品製造業  ,254金屬加工處理  
11508.csv,成縉工業有限公司,66006813,,臺中市清水區下湳里中山路396之22號,臺中市清水區下湳里,黃綉茵,24228131,有限公司,,1070917,生產中,25金屬製品製造業  ,252金屬結構及建築組件  
11508.csv,承崗鑫股份有限公司本廠,66012006,,臺中市太平區中興里永義路169號1樓,臺中市太平區中興里,黃武勝,90725531,股份有限公司,,1140916,生產中,24基本金屬製造業、25金屬製品製造業、29機械設備製造業、31其他運輸工具及其零件製造業  ,242鋁、251金屬刀具、手工具及模具、259其他金屬製品、293通用機械設備、313自行車及其零件  
11508.csv,振億工業社,99648720,07610007054243,彰化縣員林市東北里山脚路６段東北巷１２３號,彰化縣員林市東北里,曹錫管　　　,60240573,獨資,0760603,0770118,生產中,29機械設備製造業  ,292其他專用機械設備、293通用機械設備  
11508.csv,振盛精機股份有限公司,99703252,,臺中市太平區太平里太平23街23號,臺中市太平區太平里,洪許瑞美,23792412,股份有限公司,,0941115,生產中,29機械設備製造業  ,291金屬加工用機械設備、293通用機械設備  
11508.csv,擎鋒工業股份有限公司蘆竹廠,68000380,,桃園市蘆竹區內厝里油管路一段580號,桃園市蘆竹區內厝里,莊豐吉,24210218,股份有限公司,,1041125,生產中,29機械設備製造業  ,291金屬加工用機械設備、292其他專用機械設備、293通用機械設備  
11508.csv,擎震科技有限公司,67004106,,臺南市仁德區太子里大吉路202巷15號,臺南市仁德區太子里,陳盈熹,24381704,有限公司,,1140625,生產中,27電腦、電子產品及光學製品製造業  ,275量測、導航、控制設備及鐘錶、277光學儀器及設備  
11508.csv,文漾企業有限公司,99626301,08910003324190,桃園市平鎮區雙連里民族路雙連二段118巷49弄22號,桃園市平鎮區雙連里,蘇阿月,44992823,有限公司,0890530,0890612,生產中,15紙漿、紙及紙製品製造業、16印刷及資料儲存媒體複製業  ,152瓦楞紙板及紙容器、160印刷及資料儲存媒體複製  
11508.csv,新光華造紙股份有限公司,99652432,05810000006361,南投縣埔里鎮同聲里新生路一五之一號,南投縣埔里鎮同聲里,游泰成,62197708,股份有限公司,0580101,0580101,生產中,15紙漿、紙及紙製品製造業  ,159其他紙製品  
11508.csv,新光鋼鐵股份有限公司彰濱廠,99648450,08610000806706,彰化縣線西鄉寓埔村彰濱東九路１號,彰化縣線西鄉寓埔村,粟明德　,35836625,股份有限公司,0860811,0881222,生產中,25金屬製品製造業  ,254金屬加工處理  
11508.csv,新光鋼鐵股份有限公司觀音二廠,03001085,,桃園市觀音區富林里工業八路120、120-1、188號,桃園市觀音區富林里,粟明德,35836625,股份有限公司,,1010524,生產中,25金屬製品製造業  ,254金屬加工處理  
11508.csv,新光鋼鐵股份有限公司觀音廠,99622233,08410000208302,桃園市觀音區富林里工業八路6號,桃園市觀音區富林里,粟明德　　　,35836625,股份有限公司,0840724,0880309,生產中,25金屬製品製造業  ,254金屬加工處理  
11508.csv,新光鋼鐵股份有限公司高雄本洲二廠,99712057,,高雄市岡山區本洲里本工西路５０號,高雄市岡山區本洲里,粟明德,35836625,股份有限公司,,0961116,生產中,25金屬製品製造業  ,254金屬加工處理  
11508.csv,新光鋼鐵股份有限公司高雄本洲廠,99685630,,高雄市岡山區本洲里本工西路２５號,高雄市岡山區本洲里,粟明德,35836625,股份有限公司,,0930927,生產中,25金屬製品製造業  ,254金屬加工處理  
11508.csv,新時代鋼架股份有限公司,99604204,07110000077565,新北市林口區東林里工五路六號,新北市林口區東林里,周宜德,07460416,股份有限公司,0580101,0720525,生產中,24基本金屬製造業、25金屬製品製造業、29機械設備製造業  ,241鋼鐵、254金屬加工處理、249其他基本金屬、259其他金屬製品、293通用機械設備、252金屬結構及建築組件、251金屬刀具、手工具及模具  
11508.csv,新晟不銹鋼有限公司,99625400,07710003054925,桃園市桃園區玉山里玉山街186號,桃園市桃園區玉山里,黃明雄　　　,22677625,有限公司,0770524,0780427,生產中,24基本金屬製造業  ,241鋼鐵  
11508.csv,新晨塑膠廠有限公司,99602292,07510001294337,新北市樹林區三龍里三俊街七三巷四號,新北市樹林區三龍里,呂江水,22241518,有限公司,0750922,0751107,生產中,22塑膠製品製造業、28電力設備及配備製造業  ,220塑膠製品、283電線及配線器材  
11508.csv,新生瓜子有限公司,99624292,05910000051285,桃園市桃園區東埔里民光路一七二號,桃園市桃園區東埔里,周惠貞,13062422,有限公司,0590604,0610605,生產中,08食品製造業  ,083蔬果加工  
11508.csv,日機股份有限公司,99702462,,臺中市西屯區協和里工業區三十八路210號5樓之5,臺中市西屯區協和里,陳麗燕,23024399,股份有限公司,,0970424,生產中,28電力設備及配備製造業、29機械設備製造業  ,284照明設備及配備、293通用機械設備  
11508.csv,日機股份有限公司二廠,66007303,,臺中市西屯區協和里工業區40路6號,臺中市西屯區協和里,陳麗燕,23024399,股份有限公司,,1080325,生產中,28電力設備及配備製造業  ,284照明設備及配備  
11508.csv,日正食品工業股份有限公司南崗二廠,08000237,,南投縣南投市永豐里工業北路32號,南投縣南投市永豐里,劉慶堂,22425683,股份有限公司,,1060808,生產中,08食品製造業  ,086碾榖、磨粉及澱粉製品、089其他食品  
11508.csv,日正食品工業股份有限公司南投廠,99652305,,南投縣南投市新興里自強三路26、28號,南投縣南投市新興里,劉慶堂,22425683,股份有限公司,,0910130,生產中,08食品製造業  ,086碾榖、磨粉及澱粉製品、089其他食品  
11508.csv,日毓光電股份有限公司,07000243,,彰化縣秀水鄉埔崙村彰水路二段102巷58弄10號,彰化縣秀水鄉埔崙村,林朝和,25080402,股份有限公司,,1000721,生產中,28電力設備及配備製造業  ,284照明設備及配備  
11508.csv,早晨科技有限公司,99702428,,臺中市南屯區寶山里工業區十八路９號,臺中市南屯區寶山里,劉宗柱,28646993,有限公司,,0961206,生產中,22塑膠製品製造業、25金屬製品製造業  ,220塑膠製品、251金屬刀具、手工具及模具  
11508.csv,昆弘實業股份有限公司,99651335,08210007055660,彰化縣秀水鄉埔崙村三越街三七號,彰化縣秀水鄉埔崙村,鄭玉英　,84552420,股份有限公司,0820226,0821105,生產中,22塑膠製品製造業、29機械設備製造業  ,220塑膠製品、293通用機械設備  
11508.csv,昆弘實業股份有限公司二廠,S0700593,,彰化縣秀水鄉福安村福陵路128巷51號,彰化縣秀水鄉福安村,鄭玉英,84552420,股份有限公司,,1090610,生產中,22塑膠製品製造業  ,220塑膠製品  
11508.csv,昌榮電線電纜股份有限公司楊梅廠,99624076,07110003124133,桃園市楊梅區三湖里楊湖路２段８５１號,桃園市楊梅區三湖里,劉邦潭　　,31167790,股份有限公司,0580101,0720309,生產中,28電力設備及配備製造業  ,283電線及配線器材  
11508.csv,明耀鋼鐵股份有限公司,99675828,,嘉義縣太保市過溝里五鄰嘉太工業區光復路八號,嘉義縣太保市過溝里,黃筱雯,89419099,股份有限公司,,0930330,生產中,25金屬製品製造業、24基本金屬製造業  ,259其他金屬製品、241鋼鐵  
11508.csv,明聰實業有限公司,S6500080,,新北市樹林區彭厝里太平路250-1號,新北市樹林區彭厝里,林炳發,80389242,有限公司,,1090511,生產中,25金屬製品製造業、28電力設備及配備製造業  ,252金屬結構及建築組件、289其他電力設備及配備  
11508.csv,易宏熱鍍鋅工業股份有限公司,99662126,08410000675531,高雄市大寮區大寮里大有三街１５號,高雄市大寮區大寮里,戴晉平,23201198,股份有限公司,0841218,0841221,生產中,24基本金屬製造業、25金屬製品製造業  ,241鋼鐵、254金屬加工處理  
11508.csv,昕竑鋼鐵有限公司,68006877,,桃園市蘆竹區長興里南崁路二段142巷13號,桃園市蘆竹區長興里,陳鴻興,00250777,有限公司,,1140709,生產中,25金屬製品製造業  ,259其他金屬製品、252金屬結構及建築組件、254金屬加工處理  
11508.csv,昕興鋼鐵有限公司,02000612,,宜蘭縣冬山鄉香和村香中路18號,宜蘭縣冬山鄉香和村,李書慶,90677518,有限公司,,1150731,生產中,25金屬製品製造業  ,254金屬加工處理  
11508.csv,映采企業社,S0702484,,彰化縣田尾鄉北曾村延平路451巷17號,彰化縣田尾鄉北曾村,曾淑密,82413471,獨資,,1130802,生產中,16印刷及資料儲存媒體複製業  ,160印刷及資料儲存媒體複製  
11508.csv,春一枝有限公司台北廠,65012417,,新北市深坑區萬福里北深路3段260號8樓,新北市深坑區萬福里,李銘煌,55646980,有限公司,,1131231,生產中,08食品製造業  ,089其他食品  
11508.csv,環代鋼鐵股份有限公司新營廠,99656313,08010000324450,臺南市新營區嘉芳里新業街3號,臺南市新營區嘉芳里,嚴詠華　　　,89210824,有限公司,0810109,0850919,生產中,25金屬製品製造業  ,252金屬結構及建築組件  
11508.csv,環友金屬工業股份有限公司三重廠,65011790,,新北市三重區中興里光復路1段134號(A2棟),新北市三重區中興里,陳永長,07631848,股份有限公司,,1130415,生產中,24基本金屬製造業、25金屬製品製造業  ,241鋼鐵、259其他金屬製品、251金屬刀具、手工具及模具、252金屬結構及建築組件  
11508.csv,百第實業有限公司,S1300023,,屏東縣竹田鄉頭崙村2鄰文華路109號,屏東縣竹田鄉頭崙村,郭慶隆,53825241,有限公司,,1090617,生產中,25金屬製品製造業、25金屬製品製造業  ,252金屬結構及建築組件  
11508.csv,益聖鋼鐵科技有限公司,99705778,,臺南市安南區鹽田里工業二路39號,臺南市安南區,侯貿仁,27822900,有限公司,,0951229,生產中,25金屬製品製造業  ,254金屬加工處理  
11508.csv,益聯鋼鐵工業股份有限公司,68005810,,桃園市平鎮區湧豐里工業二路20號,桃園市平鎮區湧豐里,楊韻蒔,90304356,股份有限公司,,1121215,生產中,25金屬製品製造業  ,254金屬加工處理  
11508.csv,石原興業有限公司,17000203,,基隆市七堵區六堵里工建南路4-1號,基隆市七堵區六堵里,黃志涵,24299655,有限公司,,1150813,生產中,23非金屬礦物製品製造業、23非金屬礦物製品製造業  ,239其他非金屬礦物製品  
11508.csv,碩茂鋼鐵股份有限公司,S6500300,,新北市板橋區浮洲里板城路329號之1,新北市板橋區浮洲里,施秉安,16649545,股份有限公司,,1090601,生產中,25金屬製品製造業  ,252金屬結構及建築組件  
11508.csv,碩譽電機股份有限公司,03002079,,桃園市中壢區永光里民權路二段147號1樓,桃園市中壢區永光里,黃義宗,23241826,股份有限公司,,1021219,生產中,29機械設備製造業  ,291金屬加工用機械設備、292其他專用機械設備、293通用機械設備  
11508.csv,祐銓工業股份有限公司,99662415,07810012148849,高雄市岡山區本洲里岡山北路３３３巷１１２號,高雄市岡山區本洲里,楊崇華,12357911,股份有限公司,0791231,0791231,生產中,25金屬製品製造業  ,251金屬刀具、手工具及模具  
11508.csv,祥慶機械工程有限公司,S0900421,,雲林縣虎尾鎮興南里興南67-6號,雲林縣虎尾鎮興南里,丁建良,24361094,有限公司,,1140916,生產中,25金屬製品製造業、29機械設備製造業  ,254金屬加工處理、291金屬加工用機械設備  
11508.csv,祥懋科技企業有限公司,03000397,,桃園市八德區大安里和平路540巷46號1樓,桃園市八德區大安里,羅瑞安,84890631,有限公司,,1000503,生產中,25金屬製品製造業、24基本金屬製造業  ,259其他金屬製品、242鋁  
11508.csv,祥豐汽車商行斗南廠,09000988,,雲林縣斗南鎮將軍里將軍19-2號,雲林縣斗南鎮將軍里,吳芳昌,72411880,獨資,,1090526,生產中,25金屬製品製造業  ,259其他金屬製品  
11508.csv,御品家工廠有限公司,16000003,,澎湖縣馬公市鎖港里14鄰鎖管港1063號,澎湖縣馬公市鎖港里,許秋萍,60324252,有限公司,,1020329,生產中,08食品製造業、08食品製造業  ,089其他食品  
11508.csv,德鉅企業股份有限公司觀音廠,99621905,08710000904671,桃園市觀音區草漯里一六鄰大同二路八號,桃園市觀音區草漯里,王世彬,84243852,有限公司,0870526,0871006,生產中,18化學材料及肥料製造業  ,184塑膠及合成橡膠原料  
11508.csv,德鋼有限公司,99600172,,新北市五股區興珍里五權七路60號(1、3、4樓),新北市五股區興珍里,林綉英,04261527,有限公司,,0650301,生產中,24基本金屬製造業、25金屬製品製造業  ,241鋼鐵、254金屬加工處理  
11508.csv,志昌鋼鐵工業股份有限公司,99642961,06610006041753,臺中市太平區太平里永成路一一二號,臺中市太平區太平里,陳春松,52574365,股份有限公司,0660322,0671013,生產中,24基本金屬製造業  ,241鋼鐵  
11508.csv,志昌邱鋼鐵股份有限公司台南廠,S6700231,,臺南市安定區嘉同里嘉榮路636號,臺南市安定區嘉同里,邱宏泰,86220355,股份有限公司,,1090709,生產中,25金屬製品製造業  ,254金屬加工處理  
11508.csv,志昌邱鋼鐵股份有限公司西港廠,67003438,,臺南市西港區慶安里中山路443之3號,臺南市西港區慶安里,邱宏泰,86220355,股份有限公司,,1111011,生產中,25金屬製品製造業  ,252金屬結構及建築組件  
11508.csv,志昌邱鋼鐵股份有限公司高雄廠,64006744,,高雄市岡山區竹圍里嘉新東路1巷1-1號,高雄市岡山區竹圍里,邱宏泰,86220355,股份有限公司,,1020327,生產中,25金屬製品製造業  ,254金屬加工處理  
11508.csv,恆宇鋼鐵企業有限公司,03000246,,桃園市中壢區永福里中福路2段10巷17號,桃園市中壢區永福里,林淑姿,27287908,有限公司,,1000131,生產中,25金屬製品製造業  ,259其他金屬製品  
11508.csv,恩展有限公司大社廠,99665392,08810012000189,高雄市大社區保舍里旗楠路８０巷２２０之１２號,高雄市大社區,李政智,16468467,有限公司,0880108,0890417,生產中,24基本金屬製造業  ,241鋼鐵  
11508.csv,愷旭企業有限公司,65012767,,新北市板橋區鄉雲里四川路2段16巷7號2樓,新北市板橋區鄉雲里,黃書懷,24391463,有限公司,,1140602,生產中,22塑膠製品製造業  ,220塑膠製品  
11508.csv,慶揚資訊股份有限公司,63022433,,臺北市內湖區西湖里內湖路一段三一八號十樓,臺北市內湖區西湖里,鄭萬成,13092925,股份有限公司,,1061109,生產中,27電腦、電子產品及光學製品製造業  ,271電腦及其週邊設備、272通訊傳播設備  
11508.csv,成健塑膠廠,99642435,07610006038070,臺中市東勢區埤頭里石城街石山巷31號,臺中市東勢區埤頭里,林育賞,57505613,獨資,0760318,0760401,生產中,22塑膠製品製造業、33其他製造業  ,220塑膠製品、331育樂用品  
11508.csv,成興油壓有限公司,S6600801,,臺中市烏日區東園里溪南路一段126巷281弄209號,臺中市烏日區東園里,林梅香,24257228,有限公司,,1090803,生產中,29機械設備製造業  ,292其他專用機械設備  
11508.csv,成興農產加工廠,99680320,,彰化縣埤頭鄉豊崙村彰水路４段６０９巷６７號,彰化縣埤頭鄉,陳吉祥,24167394,獨資,,0960227,生產中,33其他製造業、18化學材料及肥料製造業  ,339未分類其他製品、183肥料及氮化合物  
11508.csv,承鈿工程有限公司工廠,S0900248,,雲林縣林內鄉林中村仁愛1-3號,雲林縣林內鄉林中村,楊秉峻,12924204,有限公司,,1120118,生產中,25金屬製品製造業  ,252金屬結構及建築組件  
11508.csv,振勤鋼鐵有限公司,99690586,07810001216287,新北市汐止區拱北里祥雲街18巷1號1樓,新北市汐止區拱北里,賴秀琴,22624085,有限公司,0780804,0780829,生產中,24基本金屬製造業、25金屬製品製造業  ,241鋼鐵、254金屬加工處理  
11508.csv,振台企業社,99623555,,桃園市大溪區福安里復興路1段218巷402號1樓,桃園市大溪區福安里,沈凈羽,98123012,合夥,,0910319,生產中,24基本金屬製造業  ,241鋼鐵、242鋁、243銅  
11508.csv,振緯機械廠有限公司,99611194,06710000024303,新北市新莊區西盛里新樹路四四九巷二八號,新北市新莊區西盛里,蔡宗霖,23385251,有限公司,0580101,0690117,生產中,29機械設備製造業、25金屬製品製造業  ,293通用機械設備、251金屬刀具、手工具及模具  
11508.csv,攸紘企業股份有限公司高雄廠,99665035,07510012122288,高雄市燕巢區安招里成大街１６號,高雄市燕巢區安招里,黃國艦,09421093,股份有限公司,0791231,0791231,生產中,18化學材料及肥料製造業、24基本金屬製造業、25金屬製品製造業  ,181化學原材料、241鋼鐵、259其他金屬製品  
11508.csv,新冠鴻鋁業股份有限公司,99660414,99910099000053,臺南市仁德區太子里太子路7Ｏ7號,臺南市仁德區太子里,尤俊嵐　　　,89519490,股份有限公司,0540423,0580925,生產中,24基本金屬製造業  ,242鋁  
11508.csv,新富金屬企業社,65006239,,新北市新店區安和里安業街8巷1號,新北市新店區安和里,黃慶文,17821240,獨資,,1060904,生產中,24基本金屬製造業、25金屬製品製造業  ,241鋼鐵、242鋁、243銅、253金屬容器、259其他金屬製品  
11508.csv,新晹工業股份有限公司分廠,99662212,08010012042426,高雄市路竹區竹西里大同路２７６巷８之２號,高雄市路竹區竹西里,方進財,23812487,股份有限公司,0800418,0800516,生產中,29機械設備製造業  ,293通用機械設備  
11508.csv,新發製鋼股份有限公司,99667102,06210000080998,基隆市七堵區堵南里明德三路１１１號,基隆市七堵區堵南里,張添澄,20668001,股份有限公司,0580101,0690930,生產中,24基本金屬製造業  ,241鋼鐵  
11508.csv,旭一股份有限公司,99666139,06410099160241,屏東縣里港鄉載興村載南路1之7號,屏東縣里港鄉載興村,方威凱,23576694,股份有限公司,0580101,0650701,生產中,23非金屬礦物製品製造業  ,233水泥及其製品、239其他非金屬礦物製品  
11508.csv,旺德國際精機股份有限公司,68001036,,桃園市楊梅區上田里和平路236巷51號(1樓、2樓、3樓),桃園市楊梅區上田里,張篤誠,12712412,股份有限公司,,1060106,生產中,29機械設備製造業  ,292其他專用機械設備、293通用機械設備  
11508.csv,旺拓實業有限公司,03000569,,桃園市觀音區富源里7鄰富源三路168號1樓,桃園市觀音區富源里,王珮懿,29082439,有限公司,,1000805,生產中,22塑膠製品製造業  ,220塑膠製品  
11508.csv,昆成窯業股份有限公司,99609910,06910000243360,新北市鶯歌區北鶯里中正一路301之1號,新北市鶯歌區北鶯里,林文發,34503918,股份有限公司,0580101,0700825,生產中,23非金屬礦物製品製造業  ,232耐火、黏土建材及其他陶瓷製品、239其他非金屬礦物製品  
11508.csv,昇鴻科技股份有限公司,99609023,,新北市八里區大崁里忠孝路二六八號,新北市八里區大崁里,林奕辰,80243887,股份有限公司,,0910920,生產中,25金屬製品製造業  ,254金屬加工處理  
11508.csv,昇鴻科技股份有限公司二廠,65002871,,新北市八里區大崁里忠孝路270號,新北市八里區大崁里,林奕辰,80243887,股份有限公司,,1030227,生產中,26電子零組件製造業、27電腦、電子產品及光學製品製造業  ,269其他電子零組件、272通訊傳播設備  
11508.csv,昉煜企業股份有限公司,99626912,08310003065530,桃園市龜山區南上里南上路三八六巷四號,桃園市龜山區南上里,吳玉枝　　　,84856129,股份有限公司,0830620,0830707,生產中,25金屬製品製造業、29機械設備製造業、24基本金屬製造業  ,259其他金屬製品、293通用機械設備、243銅、241鋼鐵  
11508.csv,明城興股份有限公司,99624366,08510000430397,桃園市大園區內海里中山北路二六八巷一一號,桃園市大園區內海里,楊明瑞,84305625,股份有限公司,0850429,0890529,生產中,25金屬製品製造業  ,254金屬加工處理  
11508.csv,明柱金屬股份有限公司台中工業區廠,99672411,,臺中市西屯區協和里工業區三十一路２２之１號,臺中市西屯區協和里,盧進享,52520278,股份有限公司,,0920507,生產中,25金屬製品製造業  ,259其他金屬製品  
11508.csv,易宏熱鍍鋅工業股份有限公司大發廠,99662171,07410012092447,高雄市大寮區大寮里華中路３５號,高雄市大寮區大寮里,戴晉平,23201198,股份有限公司,0791231,0791231,生產中,24基本金屬製造業  ,243銅、249其他基本金屬  
11508.csv,易宏鋼鐵股份有限公司,99643625,08210006003504,臺中市豐原區翁子里豐勢路一段三六四號,臺中市豐原區翁子里,吳茂林,23703241,股份有限公司,0820206,0820217,生產中,25金屬製品製造業  ,254金屬加工處理  
11508.csv,易宏鋼鐵股份有限公司一廠,S6602821,,臺中市豐原區朴子里豐勢路二段535巷49弄6-1號,臺中市豐原區朴子里,吳茂林,23703241,股份有限公司,,1141029,生產中,25金屬製品製造業、29機械設備製造業  ,254金屬加工處理、291金屬加工用機械設備  
11508.csv,環台傢俱企業有限公司二廠,S0702414,,彰化縣福興鄉橋頭村彰鹿路七段112巷199號,彰化縣福興鄉橋頭村,吳牧典,16703462,有限公司,,1130529,生產中,32家具製造業  ,320家具  
11508.csv,環台水泥製品股份有限公司第二廠,99636603,08710006241737,臺中市大肚區王田里沙田路一段320巷32號,臺中市大肚區王田里,李世斌,57231902,股份有限公司,0870917,0870925,生產中,23非金屬礦物製品製造業  ,233水泥及其製品  
11508.csv,環塑科技股份有限公司桃園廠,99722428,,桃園市楊梅區頭湖里６鄰楊湖路一段９０５巷１３號,桃園市楊梅區頭湖里,李甄秝,24302722,股份有限公司,,0990419,生產中,32家具製造業、14木竹製品製造業  ,320家具、140木竹製品  
11508.csv,環大工程有限公司,99654675,,雲林縣臺西鄉海南村中山路９巷２９號,雲林縣臺西鄉海南村,鍾雅婷,24379094,有限公司,,0950428,生產中,23非金屬礦物製品製造業  ,239其他非金屬礦物製品  
11508.csv,生光鋁業有限公司,64005789,,高雄市前鎮區信義里新衙路２９６巷６號,高雄市前鎮區信義里,余英明,04488720,有限公司,,0910821,生產中,24基本金屬製造業  ,242鋁  
11508.csv,生合企業股份有限公司,99670682,07310019000698,臺中市東區東門里振興路４１２巷１１０號一樓,臺中市東區東門里,蔡顏錦慎,22413510,股份有限公司,0730323,0741028,生產中,22塑膠製品製造業  ,220塑膠製品  
11508.csv,生合生物科技股份有限公司,94A00243,,高雄市路竹區北嶺里北嶺六路66號,高雄市路竹區北嶺里,楊連傳,70402724,股份有限公司,,0990322,生產中,08食品製造業  ,089其他食品  
11508.csv,田祝鋼鐵股份有限公司,64005880,,高雄市小港區店鎮里茂大街３號,高雄市小港區店鎮里,陳俊銘,76420973,股份有限公司,,0930603,生產中,25金屬製品製造業  ,254金屬加工處理  
11508.csv,田統企業有限公司,99645366,08210000086599,彰化縣田中鎮沙崙里中州路２段５９７號,彰化縣田中鎮沙崙里,陳進榮　,86243765,有限公司,0821213,0840302,生產中,11紡織業、12成衣及服飾品製造業  ,123服飾品  
11508.csv,癸茂企業有限公司大里廠,99643209,08610006305683,臺中市大里區夏田里夏元路二號,臺中市大里區夏田里,張曉莉,22242919,有限公司,0861121,0881001,生產中,25金屬製品製造業、29機械設備製造業、30汽車及其零件製造業  ,293通用機械設備、251金屬刀具、手工具及模具、303汽車零件  
11508.csv,登元陶瓷工業股份有限公司,99631439,07310000243728,新竹縣竹北市十興里東興路１段１４６號,新竹縣竹北市十興里,詹元成,47017220,股份有限公司,0730921,0740328,生產中,23非金屬礦物製品製造業  ,232耐火、黏土建材及其他陶瓷製品  
11508.csv,盈池企業股份有限公司,99661466,07510012072578,高雄市湖內區中賢里中正路二段393號,高雄市湖內區中賢里,王國安,22310063,股份有限公司,0791231,0791231,生產中,24基本金屬製造業  ,242鋁  
11508.csv,盈泰精機有限公司,67002426,,臺南市仁德區土庫里中正路三段423號,臺南市仁德區土庫里,沈毓庭,86961174,有限公司,,1080717,生產中,29機械設備製造業  ,292其他專用機械設備、293通用機械設備  
11508.csv,益彬企業股份有限公司,99676503,08010021001250,臺南市安南區新順里永安路21號,臺南市安南區新順里,陳建華,69686441,股份有限公司,0801231,0820205,生產中,25金屬製品製造業、24基本金屬製造業  ,259其他金屬製品、241鋼鐵  
11508.csv,益興生醫股份有限公司台北二廠,65012413,,新北市新店區寶福里寶高路30之1號(1樓),新北市新店區寶福里,張有德,90510052,股份有限公司,,1131227,生產中,22塑膠製品製造業  ,220塑膠製品  
11508.csv,盛錸實業有限公司,99672243,05810000009966,臺中市南區城隍里信義南街282巷16號,臺中市南區城隍里,陳美倫,27897514,有限公司,0580101,0610920,生產中,29機械設備製造業  ,293通用機械設備  
11508.csv,眾味元有限公司,65003417,,新北市樹林區三福里忠信街15號6樓,新北市樹林區三福里,張輝,24313262,有限公司,,1030924,生產中,08食品製造業、09飲料製造業  ,089其他食品、092非酒精飲料  
11508.csv,石岡橡膠股份有限公司,99638459,08010006148359,臺中市石岡區石岡里豐勢路一二四六號,臺中市石岡區石岡里,陳茂東,86243239,股份有限公司,0800830,0800912,生產中,13皮革、毛皮及其製品製造業  ,130皮革、毛皮及其製品  
11508.csv,石恒科技股份有限公司,99704430,,臺中市豐原區南嵩里水源路147號、129巷26號,臺中市豐原區南嵩里,陳銘銓,28352321,股份有限公司,,0960828,生產中,24基本金屬製造業、25金屬製品製造業、26電子零組件製造業、30汽車及其零件製造業、31其他運輸工具及其零件製造業  ,242鋁、254金屬加工處理、269其他電子零組件、303汽車零件、312機車及其零件、313自行車及其零件  
11508.csv,碩鋮精密有限公司,68004693,,桃園市龍潭區烏林里工五路243號(1樓),桃園市龍潭區烏林里,李孟丞,91027372,有限公司,,1110119,生產中,29機械設備製造業  ,291金屬加工用機械設備、292其他專用機械設備、293通用機械設備  
11508.csv,祖揚股份有限公司二廠,67002433,,臺南市官田區二鎮里富強路5號,臺南市官田區二鎮里,洪正時,22670355,股份有限公司,,1080710,生產中,11紡織業  ,115紡織品  
11508.csv,祥敏機械工程股份有限公司,99668374,07510000124125,新竹市東區千甲里千甲路３５４號,新竹市東區千甲里,黃仁瀚　,47149735,股份有限公司,0750424,0750424,生產中,29機械設備製造業  ,293通用機械設備、292其他專用機械設備  
11508.csv,祥昇機電工業有限公司,67000960,,臺南市安南區媽祖宮里3鄰工業一路68號,臺南市安南區媽祖宮里,黃琮閔,24281959,有限公司,,1030813,生產中,29機械設備製造業  ,292其他專用機械設備  
11508.csv,彰化振榮油機股份有限公司,99634304,07010006057733,臺中市梧棲區草湳里自立二街五０一號,臺中市梧棲區草湳里,蔡茂林,59243307,股份有限公司,0700410,0700410,生產中,29機械設備製造業  ,292其他專用機械設備  
11508.csv,得亨堂眼鏡行,99668607,07310018006452,新竹市中正里中正路８０號,新竹市東區中正里,楊周巿　　　,47032411,獨資,0730530,0750812,生產中,27電腦、電子產品及光學製品製造業  ,277光學儀器及設備  
11508.csv,得來素企業有限公司,66006243,,臺中市豐原區南村里水源路427巷32號,臺中市豐原區南村里,陳昆宏,53613149,有限公司,,1070223,生產中,08食品製造業  ,089其他食品  
11508.csv,御崴工業社,07006018,,彰化縣彰化市西安里南瑤路319號1樓,彰化縣彰化市西安里,蘇美菁,82423533,獨資,,1140430,生產中,25金屬製品製造業  ,254金屬加工處理  
11508.csv,德全鋼鐵股份有限公司,99718800,,新北市三重區谷王里光復路二段一七巷一八之一號,新北市三重區谷王里,黃信傳,24247799,股份有限公司,,0971029,生產中,25金屬製品製造業  ,254金屬加工處理  
11508.csv,德冠企業股份有限公司,64005829,,高雄市小港區龍鳳里興業街４４號,高雄市小港區龍鳳里,歐譯文,83424378,股份有限公司,,0920620,生產中,25金屬製品製造業  ,259其他金屬製品  
11508.csv,德冠企業股份有限公司和發廠,64008747,,高雄市大寮區上寮里上發一路1號,高雄市大寮區上寮里,歐譯文,83424378,股份有限公司,,1090730,生產中,25金屬製品製造業  ,254金屬加工處理  
11508.csv,志有工業有限公司,99613241,07210000044698,新北市樹林區金寮里光武街三０巷五號,新北市樹林區金寮里,王志雄,34212714,有限公司,0720119,0730507,生產中,29機械設備製造業、25金屬製品製造業  ,293通用機械設備、251金屬刀具、手工具及模具  
11508.csv,恆懋五金加工廠有限公司永安廠,S6400961,,高雄市永安區維新里保安路4-26號,高雄市永安區維新里,吳銘源,80090799,有限公司,,1100420,生產中,24基本金屬製造業  ,241鋼鐵  
11508.csv,恆懋五金加工廠有限公司本洲二廠,99704849,,高雄市岡山區本洲里本工西路１９號,高雄市岡山區本洲里,吳銘源,80090799,有限公司,,0941116,生產中,24基本金屬製造業  ,241鋼鐵  
11508.csv,恆懋五金加工廠有限公司本洲廠,99705065,,高雄市岡山區本洲里本工西路１７號,高雄市岡山區本洲里,吳銘源,80090799,有限公司,,0950717,生產中,24基本金屬製造業、25金屬製品製造業  ,241鋼鐵、254金屬加工處理  
11508.csv,恆懋五金加工廠有限公司河華廠,S6401208,,高雄市岡山區壽峰里河華路88號,高雄市岡山區壽峰里,吳銘源 ,80090799,有限公司,,1140704,生產中,24基本金屬製造業  ,241鋼鐵  
11508.csv,恆旺鋼鐵有限公司,68007013,,桃園市蘆竹區內厝里大豐街35號(1樓),桃園市蘆竹區內厝里,黃恆智,28958799,有限公司,,1140905,生產中,25金屬製品製造業  ,254金屬加工處理  
11508.csv,恩斯企業股份有限公司,99629683,08610003307030,桃園市龜山區龍壽里萬壽路一段四九二之五號七樓之二,桃園市龜山區龍壽里,徐燕枝　　　,22721426,股份有限公司,0861027,0861105,生產中,24基本金屬製造業  ,241鋼鐵  
11508.csv,恩普洛密封科技有限公司,07001860,,彰化縣社頭鄉仁雅村社斗路一段803巷56弄26號,彰化縣社頭鄉仁雅村,陳宏昌,24890242,有限公司,,1050801,生產中,21橡膠製品製造業、22塑膠製品製造業、25金屬製品製造業  ,210橡膠製品、220塑膠製品、251金屬刀具、手工具及模具  
11508.csv,恩陞企業有限公司屏東廠,13001037,,屏東縣屏東市大洲里大成路180巷3號,屏東縣屏東市大洲里,簡志軒,83062419,有限公司,,1150213,生產中,22塑膠製品製造業  ,220塑膠製品  
11508.csv,惠特科技股份有限公司龜山廠,68002434,,桃園市龜山區龍華里萬壽路一段492之4號6樓之2,桃園市龜山區龍華里,徐秋田,70697332,股份有限公司,,1071219,生產中,29機械設備製造業  ,292其他專用機械設備  
11508.csv,慶隆預拌混凝土股份有限公司,99624156,08310000605805,桃園市中壢區普忠里普忠路３３１號,桃園市中壢區普忠里,朱瑞爐,97209737,股份有限公司,0831213,0840929,生產中,23非金屬礦物製品製造業  ,233水泥及其製品  
11508.csv,成記企業股份有限公司,99673361,06710000061092,臺南市南區彰南里新義路16號A區,臺南市南區彰南里,黃進淇,69668078,股份有限公司,0670418,0700415,生產中,25金屬製品製造業、24基本金屬製造業  ,251金屬刀具、手工具及模具、243銅  
11508.csv,承鋒鑄造工業股份有限公司,99640860,06510006100063,臺中市豐原區南村里水源路三四三巷六之一號,臺中市豐原區南村里,林炎煌,55837778,股份有限公司,0650813,0650813,生產中,24基本金屬製造業  ,249其他基本金屬、241鋼鐵  
11508.csv,承鋒鑄造工業股份有限公司苗栗二廠,05000295,,苗栗縣苑裡鎮水坡里五鄰水坡四七之五號,苗栗縣苑裡鎮水坡里,林炎煌,55837778,股份有限公司,,1050406,生產中,24基本金屬製造業  ,241鋼鐵  
11508.csv,振均有限公司,S0703785,,彰化縣福興鄉麥厝村沿海路一段476巷臨250號,彰化縣福興鄉麥厝村,吳紫淇,24216923,有限公司,,1150703,生產中,28電力設備及配備製造業、30汽車及其零件製造業  ,281發電、輸電及配電機械、303汽車零件  
11508.csv,振聲農業科技股份有限公司,99666024,06310099160405,屏東縣鹽埔鄉新二村維新路168-8、168-13號,屏東縣鹽埔鄉新二村,邱順天,81242632,股份有限公司,0580101,0640524,生產中,08食品製造業  ,081肉類加工、082水產加工、084動植物油脂  
11508.csv,振聲農業科技股份有限公司二廠,13000496,,屏東縣鹽埔鄉新二村維新路168-9號,屏東縣鹽埔鄉新二村,邱順天,81242632,股份有限公司,,1070711,生產中,33其他製造業  ,339未分類其他製品  
11508.csv,捷安鋼鐵有限公司,99635077,08310006303527,臺中市太平區德隆里工業一八路八號,臺中市太平區德隆里,阮王秀敏,52899981,有限公司,0831222,0850807,生產中,25金屬製品製造業  ,254金屬加工處理  
11508.csv,政信實業股份有限公司,99650972,07610007052635,彰化縣埤頭鄉埤頭村斗苑東路四八六號,彰化縣埤頭鄉埤頭村,吳建霖,24164636,股份有限公司,0760305,0760402,生產中,25金屬製品製造業  ,259其他金屬製品  
11508.csv,政信實業股份有限公司三廠,07000751,,彰化縣埤頭鄉豐崙村彰水路四段88號,彰化縣埤頭鄉豐崙村,吳建霖,24164636,股份有限公司,,1020306,生產中,25金屬製品製造業  ,254金屬加工處理  
11508.csv,政信實業股份有限公司二廠,99650912,07610000264105,彰化縣埤頭鄉豐崙村豊崙村彰水路四段78號,彰化縣埤頭鄉豐崙村,吳建霖,24164636,股份有限公司,0760917,0761009,生產中,25金屬製品製造業  ,254金屬加工處理、259其他金屬製品  
11508.csv,文笙興業有限公司,07002860,,彰化縣埤頭鄉和豐村斗苑東路245巷1號1樓,彰化縣埤頭鄉和豊村,粘淑絹,24201870,有限公司,,1071122,生產中,25金屬製品製造業  ,252金屬結構及建築組件  
11508.csv,新富鋁業股份有限公司新田廠,99656767,08010011050444,臺南市仁德區新田里勝利路115號,臺南市仁德區新田里,陳美美　,86111244,股份有限公司,0800429,0800715,生產中,24基本金屬製造業、25金屬製品製造業  ,242鋁、252金屬結構及建築組件  
11508.csv,新寶元鋼鐵股份有限公司一廠,99620981,,宜蘭縣冬山鄉東城村香中路三一０號,宜蘭縣冬山鄉東城村,陳國賢,80471489,股份有限公司,,0931103,生產中,24基本金屬製造業  ,241鋼鐵  
11508.csv,新寶元鋼鐵股份有限公司三廠,99706205,,宜蘭縣冬山鄉東城村香中路３０５號,宜蘭縣冬山鄉東城村,陳國賢,80471489,股份有限公司,,0960710,生產中,25金屬製品製造業  ,254金屬加工處理  
11508.csv,新尚道企業有限公司,99699623,,屏東縣枋寮鄉太源村中山路3段67號,屏東縣枋寮鄉太源村,林月秋,13032259,有限公司,,0931203,生產中,24基本金屬製造業、23非金屬礦物製品製造業  ,242鋁、232耐火、黏土建材及其他陶瓷製品、233水泥及其製品  
11508.csv,新益紙盒股份有限公司,99661402,00010012017661,高雄市岡山區嘉興里嘉興路７７號,高雄市岡山區嘉興里,李宏益,85724174,股份有限公司,0791231,0791231,生產中,15紙漿、紙及紙製品製造業  ,152瓦楞紙板及紙容器  
11508.csv,日山實業有限公司五股廠,99602431,07910000161741,新北市五股區興珍里五權八路四五號一樓,新北市五股區興珍里,許博欽,04351750,有限公司,0790428,0961101,生產中,12成衣及服飾品製造業  ,121成衣  
11508.csv,日強機械工業有限公司蘆竹廠,99627244,08410003224382,桃園市蘆竹區內厝里長興路三段二二九巷一六號,桃園市蘆竹區內厝里,郭正棋　　　,89679778,有限公司,0841028,0850624,生產中,25金屬製品製造業、29機械設備製造業  ,259其他金屬製品、293通用機械設備、251金屬刀具、手工具及模具  
11508.csv,旺拓實業有限公司觀音廠,S6800565,,桃園市觀音區富源里富源三路168號、170號,桃園市觀音區富源里,王珮懿,29082439,有限公司,,1141120,生產中,22塑膠製品製造業、30汽車及其零件製造業  ,220塑膠製品、303汽車零件  
11508.csv,昆泰鋼鐵有限公司,99654521,07710009084099,雲林縣斗南鎮小東里大同路四四四巷一五號,雲林縣斗南鎮小東里,盧坤輝,86567102,有限公司,0770912,0790816,生產中,25金屬製品製造業  ,259其他金屬製品  
11508.csv,昇柏企業社,66012415,,臺中市神岡區社南里中山路847巷15號1樓,臺中市神岡區社南里,陳秋茂,39790312,合夥,,1150507,生產中,32家具製造業  ,320家具  
11508.csv,昇樺金屬工業有限公司大發廠,99661950,07810012098865,高雄市大寮區大寮里大有一街３２號,高雄市大寮區大寮里,李昭吟,80369610,有限公司,0780801,0780801,生產中,24基本金屬製造業、25金屬製品製造業  ,242鋁、252金屬結構及建築組件  
11508.csv,昊坤工業有限公司,99634096,08810006039352,臺中市太平區太平里永豐路一０八巷二八弄七號,臺中市太平區太平里,巫淑慧,16924372,有限公司,0880705,0880719,生產中,29機械設備製造業  ,293通用機械設備  
11508.csv,昊宇鋼鋁有限公司麥寮廠,09001243,11110009600212,雲林縣麥寮鄉興華村忠興6-7號,雲林縣麥寮鄉興華村,陳仲宇,83699045,有限公司,1110815,1110906,生產中,25金屬製品製造業、25金屬製品製造業  ,252金屬結構及建築組件  
11508.csv,春吉鋁業科技股份有限公司大雅廠,66003636,,臺中市大雅區西寶里雅潭路三段536號1F,臺中市大雅區西寶里,李春生,54757592,股份有限公司,,1040508,生產中,24基本金屬製造業  ,242鋁  
11508.csv,瑩瞬機械工業股份有限公司,66004463,,臺中市后里區義里里甲后路一段136巷162弄5號,臺中市后里區義里里,謝中明,86242301,股份有限公司,,1050330,生產中,29機械設備製造業  ,291金屬加工用機械設備、293通用機械設備  
11508.csv,生合生物科技股份有限公司總部,94B00243,,南部科學園區高雄市路竹區北嶺六路82號,高雄市路竹區,楊連傳,70402724,股份有限公司,,1140904,生產中,08食品製造業  ,089其他食品  
11508.csv,生合生物科技股份有限公司畜牧1廠,94C00243,,南部科學園區高雄市路竹區北嶺里北嶺六路86號,高雄市路竹區北嶺里,楊連傳,70402724,股份有限公司,,1140904,生產中,08食品製造業  ,087動物飼品  
11508.csv,登喬實業股份有限公司,99658098,06910000095293,臺南市仁德區仁義里義林路156號,臺南市仁德區仁義里,葉爵毅,73659190,股份有限公司,0690405,0690610,生產中,25金屬製品製造業、24基本金屬製造業  ,242鋁、253金屬容器  
11508.csv,百聯彩色印刷有限公司台中廠,99702418,,臺中市西屯區協和里工業區三十一路１８號,臺中市西屯區協和里,葉臻評,81461360,股份有限公司,,0961016,生產中,16印刷及資料儲存媒體複製業、15紙漿、紙及紙製品製造業  ,160印刷及資料儲存媒體複製、152瓦楞紙板及紙容器、159其他紙製品  
11508.csv,盈璨企業股份有限公司,99633708,07610006152255,臺中市后里區后里里三豐路四段130巷15號,臺中市后里區后里里,蔡秋林,56662776,股份有限公司,0760921,0780408,生產中,24基本金屬製造業  ,241鋼鐵、243銅  
11508.csv,益成印刷商行二廠,S0703303,,彰化縣鹿港鎮海埔里鹿草路2段242巷82-7號,彰化縣鹿港鎮海埔里,黃振義,77115613,合夥,,1140829,生產中,16印刷及資料儲存媒體複製業  ,160印刷及資料儲存媒體複製  
11508.csv,益興鋼鐵有限公司,99687220,,桃園市中壢區龍德里龍興路四二三號,桃園市中壢區龍德里,莊育霈,80111725,有限公司,,0921001,生產中,24基本金屬製造業、25金屬製品製造業  ,241鋼鐵、242鋁、243銅、252金屬結構及建築組件、259其他金屬製品  
11508.csv,益良鋼鐵股份有限公司,67002128,,臺南市安定區中榮里許中營1之4號,臺南市安定區中榮里,方建文,72125036,股份有限公司,,1070820,生產中,25金屬製品製造業  ,254金屬加工處理  
11508.csv,益茂國際有限公司,99625757,07310000022414,桃園市龜山區山福里頂興路六四巷三號,桃園市龜山區山福里,邱正裕　　,84836216,有限公司,0730121,0741120,生產中,11紡織業  ,112織布  
11508.csv,盛強鋼鐵有限公司中壢廠,68003527,,桃園市中壢區過嶺里福祥路323巷18號,桃園市中壢區過嶺里,倪秀毓,53397711,有限公司,,1090717,生產中,25金屬製品製造業  ,254金屬加工處理  
11508.csv,盛復工業股份有限公司二廠,99702201,,臺中市南屯區寶山里工業區十九路７號,臺中市南屯區寶山里,廖述源,52757548,股份有限公司,,0940822,生產中,24基本金屬製造業、30汽車及其零件製造業  ,242鋁、303汽車零件  
11508.csv,盛陽工業有限公司,99719287,,新北市新莊區營盤里中正路五七六巷五二號一樓,新北市新莊區營盤里,呂德旺,24275252,有限公司,,0980520,生產中,22塑膠製品製造業、25金屬製品製造業  ,220塑膠製品、251金屬刀具、手工具及模具、259其他金屬製品  
11508.csv,矽力能源股份有限公司,64010179,,高雄市岡山區灣裡里灣裡路196巷1號,高雄市岡山區灣裡里,李奕錩,69762242,股份有限公司,,1140714,生產中,23非金屬礦物製品製造業  ,239其他非金屬礦物製品  
11508.csv,碩隆精密工業股份有限公司,65006607,,新北市五股區中興路1段197號(1樓),新北市五股區,陳力銓,86241485,股份有限公司,,1070118,生產中,25金屬製品製造業、29機械設備製造業、30汽車及其零件製造業  ,259其他金屬製品、293通用機械設備、303汽車零件  
11508.csv,碩隆精密工業股份有限公司樹林一廠,65012057,,新北市樹林區圳生里三俊街292巷2號,新北市樹林區圳生里,陳力銓,86241485,股份有限公司,,1130807,生產中,25金屬製品製造業、29機械設備製造業、30汽車及其零件製造業  ,251金屬刀具、手工具及模具、259其他金屬製品、293通用機械設備、303汽車零件  
11508.csv,碩隆精密工業股份有限公司樹林二廠,65012061,,新北市樹林區圳生里三俊街252巷11弄13號,新北市樹林區圳生里,陳力銓,86241485,股份有限公司,,1130809,生產中,25金屬製品製造業、29機械設備製造業、30汽車及其零件製造業  ,251金屬刀具、手工具及模具、259其他金屬製品、293通用機械設備、303汽車零件  
11508.csv,祝盛鋼鐵股份有限公司,S0700944,,彰化縣溪湖鎮西溪里員鹿路後溪巷58-1號,彰化縣溪湖鎮西溪里,黃志華,60317517,股份有限公司,,1090716,生產中,25金屬製品製造業  ,254金屬加工處理  
11508.csv,祥曉企業股份有限公司,99657236,06210000106507,臺南市仁德區保安里保安路1段90號,臺南市仁德區保安里,陳健一　　　,22416050,股份有限公司,0620815,0641118,生產中,18化學材料及肥料製造業、24基本金屬製造業  ,241鋼鐵、181化學原材料  
11508.csv,祥曉企業股份有限公司中洲二廠,S6700684,,臺南市仁德區中洲里中洲八街190號,臺南市仁德區中洲里,陳健一,22416050,股份有限公司,,1091118,生產中,24基本金屬製造業  ,241鋼鐵  
11508.csv,德利威電子股份有限公司中和廠,65012423,,新北市中和區中原里中原街95號11樓,新北市中和區中原里,顏麗珍,97399194,股份有限公司,,1140102,生產中,26電子零組件製造業、27電腦、電子產品及光學製品製造業、28電力設備及配備製造業  ,269其他電子零組件、275量測、導航、控制設備及鐘錶、283電線及配線器材、289其他電力設備及配備  
11508.csv,德隆成衣製服企業有限公司,99659536,,臺南市永康區西勢里富強路1段251號壹樓,臺南市永康區西勢里,楊順堯,12771241,有限公司,,0910705,生產中,11紡織業、12成衣及服飾品製造業  ,121成衣  
11508.csv,德隴鋼鐵有限公司群英廠,S0200066,,宜蘭縣冬山鄉群英村八仙二路187號,宜蘭縣冬山鄉群英村,林巡安,22910545,有限公司,,1130319,生產中,29機械設備製造業  ,292其他專用機械設備、293通用機械設備  
11508.csv,忠鋒工業社,66001834,,臺中市西屯區大河里福上巷197弄16號,臺中市西屯區大河里,張岳文,81524219,獨資,,1020513,生產中,25金屬製品製造業  ,259其他金屬製品  
11508.csv,恆暉工業有限公司,99610857,08810001024341,新北市新莊區頭前里中原東路五號,新北市新莊區頭前里,黃志良,22273089,有限公司,0880203,0880310,生產中,25金屬製品製造業、29機械設備製造業、28電力設備及配備製造業、30汽車及其零件製造業、31其他運輸工具及其零件製造業  ,259其他金屬製品、293通用機械設備、283電線及配線器材、289其他電力設備及配備、303汽車零件、312機車及其零件  
11508.csv,恆瑜企業有限公司德協廠,S1300257,,屏東縣長治鄉德協村德新路35-2號,屏東縣長治鄉德協村,林坤憲,24250506,有限公司,,1090701,生產中,25金屬製品製造業  ,252金屬結構及建築組件  
11508.csv,恩玉精機有限公司楊梅廠,99623420,08710003265151,桃園市楊梅區梅溪里中山北路二段二五六巷一六三弄三之一號,桃園市楊梅區梅溪里,黃光明　　　,22932415,有限公司,0870415,0870420,生產中,29機械設備製造業  ,293通用機械設備  
11508.csv,恩盈企業股份有限公司屏東廠,99665707,08010013123042,屏東縣萬巒鄉佳和村佳興路83號,屏東縣萬巒鄉佳和村,郭啓恩,23498282,股份有限公司,0801008,0810115,生產中,24基本金屬製造業、29機械設備製造業  ,241鋼鐵、293通用機械設備  
11508.csv,慶昱金屬工業股份有限公司,99683045,08910000903634,臺南市永康區王行里環工路45號,臺南市永康區王行里,吳陳麗月,23796563,股份有限公司,0890616,0890804,生產中,24基本金屬製造業  ,241鋼鐵  
11508.csv,慶順壓鑄股份有限公司,99639748,06610006138042,臺中市大里區祥興里大興街17巷26號,臺中市大里區祥興里,陳慶宗,23241918,股份有限公司,0660830,0661230,生產中,25金屬製品製造業  ,259其他金屬製品  
11508.csv,成貴塑膠工業有限公司,99615221,06810000224358,新北市泰山區楓樹里明志路一段一二二巷三七號,新北市泰山區楓樹里,鄭麗惠,36309299,有限公司,0580101,0681220,生產中,30汽車及其零件製造業、31其他運輸工具及其零件製造業、33其他製造業  ,303汽車零件、312機車及其零件、331育樂用品  
11508.csv,承慧工業有限公司,99642794,08210006138127,臺中市太平區光華里大興一七街62巷10號,臺中市太平區光華里,劉錦蓉,84243939,有限公司,0820706,0840808,生產中,25金屬製品製造業、29機械設備製造業  ,259其他金屬製品、293通用機械設備  
11508.csv,承成塑膠廠股份有限公司,99651774,07110000117074,彰化縣北斗鎮文昌里後溪巷八號,彰化縣北斗鎮文昌里,李承憲,24150773,股份有限公司,0710621,0720422,生產中,22塑膠製品製造業  ,220塑膠製品  
11508.csv,承成塑膠廠股份有限公司三廠,07005132,,彰化縣北斗鎮大道里復興路662號,彰化縣北斗鎮大道里,李承憲,24150773,股份有限公司,,1120427,生產中,22塑膠製品製造業  ,220塑膠製品  
11508.csv,承成塑膠廠股份有限公司二廠,07005095,,彰化縣北斗鎮大道里復興路656號,彰化縣北斗鎮大道里,李承憲,24150773,股份有限公司,,1120314,生產中,22塑膠製品製造業  ,220塑膠製品  
11508.csv,承錠股份有限公司神岡廠,99641907,08210006138045,臺中市神岡區新庄里和睦路一段611號,臺中市神岡區新庄里,鄭百合,84212921,股份有限公司,0820702,0820710,生產中,24基本金屬製造業  ,241鋼鐵  
11508.csv,承閎股份有限公司四維廠,66009921,,臺中市大里區仁德里四維街36號1樓,臺中市大里區仁德里,蕭承豐,80424260,股份有限公司,,1110411,生產中,23非金屬礦物製品製造業、25金屬製品製造業  ,232耐火、黏土建材及其他陶瓷製品、239其他非金屬礦物製品、252金屬結構及建築組件  
11508.csv,承閎股份有限公司霧工廠,66012016,,臺中市霧峰區北柳里霧工五路11號,臺中市霧峰區北柳里,蕭承豐,80424260,股份有限公司,,1140916,生產中,23非金屬礦物製品製造業、25金屬製品製造業、29機械設備製造業  ,232耐火、黏土建材及其他陶瓷製品、239其他非金屬礦物製品、252金屬結構及建築組件、254金屬加工處理、259其他金屬製品、293通用機械設備  
11508.csv,承雋科技有限公司,68007831,,桃園市八德區興中里中山一路66巷12號,桃園市八德區興中里,汪正龍,24277738,有限公司,,1150824,生產中,25金屬製品製造業  ,254金屬加工處理、259其他金屬製品  
11508.csv,振大興企業有限公司朴子廠,10000095,,嘉義縣朴子市竹村里朴子工業區橫一街13號,嘉義縣朴子市竹村里,戴淑萍,24394243,有限公司,,1020403,生產中,21橡膠製品製造業、22塑膠製品製造業、24基本金屬製造業  ,210橡膠製品、220塑膠製品、249其他基本金屬  
11508.csv,敦得金屬有限公司,S0701422,,彰化縣社頭鄉朝興村山腳路二段726巷108號,彰化縣社頭鄉朝興村,蕭離,84171652,有限公司,,1091125,生產中,24基本金屬製造業  ,243銅  
11508.csv,文華黑板股份有限公司,99685526,,高雄市岡山區本洲里本洲路201號,高雄市岡山區本洲里,陳葦莛,18583442,股份有限公司,,0930519,生產中,14木竹製品製造業、32家具製造業、24基本金屬製造業、33其他製造業  ,140木竹製品、320家具、242鋁、331育樂用品  
11508.csv,新加坡商愛瑪詩生醫有限公司台灣分公司汐止一廠,65010341,,新北市汐止區復興里新台五路1段93號14樓之12,新北市汐止區復興里,王泉仁,90728241,外國公司認許,,1110502,生產中,19其他化學製品製造業  ,199未分類其他化學製品  
11508.csv,新岱興有限公司,99659626,08810011302903,臺南市仁德區上崙里德崙路77巷120弄1號壹樓,臺南市仁德區上崙里,盧秋萍　　　,86106241,有限公司,0880420,0880507,生產中,29機械設備製造業  ,293通用機械設備  
11508.csv,新岱興有限公司,S6700892,,臺南市仁德區文賢里三甲三街11號,臺南市仁德區文賢里,盧秋萍,86106241,有限公司,,1130422,生產中,29機械設備製造業  ,293通用機械設備  
11508.csv,新東興工業股份有限公司二廠,99650748,07410000027180,彰化縣埤頭鄉和豊村新生路一八二號,彰化縣埤頭鄉和豊村,鄭飛虎,58026133,股份有限公司,0740205,0740415,生產中,24基本金屬製造業  ,241鋼鐵  
11508.csv,新東輝金屬工廠股份有限公司,99650404,07010000077622,彰化縣花壇鄉灣東村灣東路五一巷二０號,彰化縣花壇鄉灣東村,江煌修　,22138319,股份有限公司,0700420,0781110,生產中,24基本金屬製造業  ,241鋼鐵  
11508.csv,新裕原機器廠股份有限公司精科廠,66005170,,臺中市南屯區春社里精科八路10號1樓、2樓、4樓,臺中市南屯區春社里,廖福士,52430826,股份有限公司,,1060117,生產中,25金屬製品製造業、29機械設備製造業、30汽車及其零件製造業、31其他運輸工具及其零件製造業  ,251金屬刀具、手工具及模具、252金屬結構及建築組件、259其他金屬製品、291金屬加工用機械設備、292其他專用機械設備、293通用機械設備、303汽車零件、312機車及其零件、313自行車及其零件  
11508.csv,方技股份有限公司,99669183,08410000202414,臺中市南屯區寶山里工業區十八路25號,臺中市南屯區寶山里,蔡綉椿,52808080,股份有限公司,0840313,0840323,生產中,29機械設備製造業  ,292其他專用機械設備、293通用機械設備  
11508.csv,日慶輕金屬有限公司,68003596,,桃園市龍潭區武漢里武中路669號,桃園市龍潭區武漢里,林進財,83642677,有限公司,,1090819,生產中,24基本金屬製造業、25金屬製品製造業  ,242鋁、252金屬結構及建築組件  
11508.csv,旭典科技股份有限公司,63022335,,臺北市南港區玉成里南港路三段一四三號,臺北市南港區玉成里,陳信勳,53124260,股份有限公司,,1031030,生產中,27電腦、電子產品及光學製品製造業  ,275量測、導航、控制設備及鐘錶  
11508.csv,旺材鋼鐵行,S0900377,,雲林縣大埤鄉豐田村延平路三段88巷2之1號,雲林縣大埤鄉豐田村,盧豐仁,25488675,獨資,,1140409,生產中,25金屬製品製造業  ,254金屬加工處理  
11508.csv,旺欉鋁業有限公司,99642906,08310006600009,臺中市大甲區日南里東二街31號,臺中市大甲區日南里,陳麗雲,52759898,有限公司,0830803,0870217,生產中,24基本金屬製造業、25金屬製品製造業  ,242鋁、252金屬結構及建築組件  
11508.csv,旺歷工業有限公司,99686308,08910003324107,桃園市中壢區內厝里福祥路一段１５０號,桃園市中壢區內厝里,陳秀雄,70708491,有限公司,0890530,0890612,生產中,29機械設備製造業、25金屬製品製造業  ,293通用機械設備、259其他金屬製品  
11508.csv,昆琳香品有限公司,99707907,,桃園市龍潭區烏林里工五路１３９巷１０８號,桃園市龍潭區烏林里,劉邦振,24218078,有限公司,,0971107,生產中,33其他製造業、14木竹製品製造業、19其他化學製品製造業  ,339未分類其他製品、140木竹製品、199未分類其他化學製品  
11508.csv,昆翰企業有限公司,63021486,08063000018983,臺北市士林區福中里大南路三六一號四樓之一,臺北市士林區福中里,吳東暉,12411112,有限公司,0800527,0800612,生產中,12成衣及服飾品製造業  ,123服飾品  
11508.csv,昇歷金屬股份有限公司彰濱廠,07000769,,彰化縣伸港鄉蚵寮村線工北一路6號,彰化縣伸港鄉蚵寮村,王啟源,59167173,股份有限公司,,1020329,生產中,24基本金屬製造業  ,243銅  
11508.csv,昇泰包裝有限公司,07004856,11110007801935,彰化縣埤頭鄉陸嘉村嘉和路33巷39號,彰化縣埤頭鄉陸嘉村,楊舜宇,24286722,有限公司,1110801,1110805,生產中,22塑膠製品製造業  ,220塑膠製品  
11508.csv,昊暘科技有限公司,68007267,,桃園市楊梅區梅溪里新農街二段209巷93弄8號,桃園市楊梅區梅溪里,鄒本緯,24398682,有限公司,,1150106,生產中,29機械設備製造業  ,293通用機械設備  
11508.csv,明太工業股份有限公司,99608241,06810000142280,新北市淡水區埤島里行忠路250、252、256號,新北市淡水區埤島里,陳學聖,35193003,股份有限公司,0680918,0760918,生產中,25金屬製品製造業、29機械設備製造業  ,259其他金屬製品、293通用機械設備、253金屬容器、251金屬刀具、手工具及模具  
11508.csv,明正鐵工廠有限公司仁武廠,64008257,,高雄市仁武區後安里永宏巷11號,高雄市仁武區後安里,洪秉睿,75251632,有限公司,,1071224,生產中,25金屬製品製造業、24基本金屬製造業  ,254金屬加工處理、243銅  
11508.csv,易承精密工業股份有限公司,99601829,08810001024232,新北市新莊區民安路16之17號,新北市新莊區,余少龍,23633153,股份有限公司,0880202,0880324,生產中,29機械設備製造業、25金屬製品製造業  ,293通用機械設備、251金屬刀具、手工具及模具  
11508.csv,瑩隆鋼鐵有限公司新莊廠,65012569,,新北市新莊區西盛里大安路32號,新北市新莊區西盛里,盤耀升,28491457,有限公司,,1140321,生產中,25金屬製品製造業  ,254金屬加工處理、259其他金屬製品  
11508.csv,環成機械有限公司,S1000065,,嘉義縣水上鄉寬士村崎子頭24-31號,嘉義縣水上鄉寬士村,賴羿蓁,24285131,有限公司,,1090521,生產中,25金屬製品製造業  ,253金屬容器  
11508.csv,登宇機械科技工業有限公司,99672439,,臺中市東區東信里振興路364號1樓,臺中市東區東信里,黃登耀,97552160,有限公司,,0920610,生產中,29機械設備製造業、28電力設備及配備製造業  ,292其他專用機械設備、293通用機械設備、289其他電力設備及配備  
11508.csv,百國有限公司觀音廠,03000663,,桃園市觀音區新坡里文林路418巷56號1樓,桃園市觀音區新坡里,梁小鳳,24294342,有限公司,,1000926,生產中,25金屬製品製造業、30汽車及其零件製造業  ,259其他金屬製品、303汽車零件  
11508.csv,百豐酒莊股份有限公司,99679885,,彰化縣溪湖鎮西溪里員鹿路２段３０７號,彰化縣溪湖鎮西溪里,吳金板,27822423,股份有限公司,,0941102,生產中,09飲料製造業  ,091酒精飲料  
11508.csv,皇竣興業股份有限公司,99620083,07510000272309,宜蘭縣蘇澳鎮龍德里德興一路17號,宜蘭縣蘇澳鎮龍德里,張志明　　　,22418894,股份有限公司,0751007,0760527,生產中,23非金屬礦物製品製造業  ,239其他非金屬礦物製品  
11508.csv,盛餘股份有限公司,64003817,7364038894,高雄市小港區山明里中林路11號,高雄市小港區山明里,樽宮浩一,79837539,股份有限公司,0731105,0740324,生產中,24基本金屬製造業、25金屬製品製造業  ,241鋼鐵、254金屬加工處理  
11508.csv,盛鼎企業有限公司,99645219,08810000060707,彰化縣伸港鄉溪底村工西一路２之１號,彰化縣伸港鄉溪底村,徐秀鳳　,84688242,有限公司,0880130,0880312,生產中,11紡織業  ,114染整  
11508.csv,眾記鋼鐵股份有限公司工廠,99646470,08110007077276,彰化縣和美鎮犁盛里彰新路２段４０５號,彰化縣和美鎮犁盛里,林志宏　,23949152,股份有限公司,0811105,0820318,生產中,25金屬製品製造業  ,254金屬加工處理  
11508.csv,眾記鋼鐵股份有限公司,S0700986,,彰化縣和美鎮中圍里竹社路270號,彰化縣和美鎮中圍里,林志宏,23949152,股份有限公司,,1110719,生產中,25金屬製品製造業  ,254金屬加工處理  
11508.csv,神岡電機有限公司,99625700,08610003306814,桃園市八德區茄苳里永豐路二二六巷三一號,桃園市八德區茄苳里,鄭孫麟　　　,22410817,有限公司,0861018,0870112,生產中,26電子零組件製造業、28電力設備及配備製造業  ,262被動電子元件、281發電、輸電及配電機械、285家用電器  
11508.csv,彰城塑膠有限公司,99650926,06910000096085,彰化縣大城鄉潭墘村光復路一號,彰化縣大城鄉潭墘村,劉人豪　,24154975,有限公司,0690409,0710529,生產中,22塑膠製品製造業  ,220塑膠製品  
11508.csv,得力發鋼鐵有限公司,64010305,,高雄市橋頭區中崎里中崎路399號,高雄市橋頭區中崎里,郭林素惠,16458432,有限公司,,1141219,生產中,25金屬製品製造業  ,254金屬加工處理  
11508.csv,御田食品有限公司,13000220,,屏東縣屏東市清溪里建國路241巷15號1樓,屏東縣屏東市清溪里,李春田,54536424,有限公司,,1030620,生產中,08食品製造業、08食品製造業  ,089其他食品  
11508.csv,德勝精密有限公司,99713029,,臺中市神岡區豐洲里豐洲路４９６號,臺中市神岡區豐洲里,陳添益,24235034,有限公司,,0971103,生產中,25金屬製品製造業、29機械設備製造業  ,251金屬刀具、手工具及模具、293通用機械設備  
11508.csv,德勝精密有限公司一廠,S6600756,,臺中市神岡區豐洲里神洲路51號,臺中市神岡區豐洲里,陳添益,24235034,有限公司,,1090730,生產中,29機械設備製造業  ,293通用機械設備  
11508.csv,德霖興業股份有限公司,99675242,06710000048187,臺南市南區彰南里新仁路15號,臺南市南區彰南里,楊龍雄,69561717,股份有限公司,0670403,0671023,生產中,30汽車及其零件製造業、31其他運輸工具及其零件製造業  ,302車體、303汽車零件、312機車及其零件  
11508.csv,忠鍵工業股份有限公司太平廠,66010243,,臺中市太平區永隆里園區路168、178號,臺中市太平區永隆里,朱彥澄,05835536,股份有限公司,,1110922,生產中,25金屬製品製造業、29機械設備製造業、31其他運輸工具及其零件製造業  ,251金屬刀具、手工具及模具、259其他金屬製品、293通用機械設備、312機車及其零件、313自行車及其零件  
11508.csv,惠芳鋼鐵五金有限公司,99687999,,桃園市大園區內海里中山北路二四四之二號,桃園市大園區內海里,鄭惠芳　　　,16196373,有限公司,,0931022,生產中,24基本金屬製造業、33其他製造業  ,242鋁、243銅、249其他基本金屬、339未分類其他製品  
11508.csv,慶欣欣鋼鐵股份有限公司,99645200,08110000076861,彰化縣伸港鄉溪底村工西二路２號,彰化縣伸港鄉溪底村,顏慶利,80354671,股份有限公司,0811202,0820701,生產中,24基本金屬製造業、25金屬製品製造業  ,241鋼鐵、252金屬結構及建築組件、254金屬加工處理  
11508.csv,慶鴻鋼鐵工程有限公司二廠,07006381,,彰化縣福興鄉福興村龍舟路37號1樓,彰化縣福興鄉福興村,林宬希,45074012,有限公司,,1150409,生產中,25金屬製品製造業  ,252金屬結構及建築組件、259其他金屬製品  
11508.csv,成加環保科技股份有限公司,99707776,,桃園市中壢區過嶺里４鄰福祥路３４６巷１２號,桃園市中壢區過嶺里,葉高濃,28700052,股份有限公司,,0970819,生產中,18化學材料及肥料製造業、24基本金屬製造業  ,181化學原材料、243銅  
11508.csv,成友工業有限公司,99610744,07310001274809,新北市新莊區建安里建國一路288巷56號,新北市新莊區建安里,陳維崙,36307617,有限公司,0731027,0731027,生產中,24基本金屬製造業、25金屬製品製造業  ,241鋼鐵、254金屬加工處理  
11508.csv,成台股份有限公司,99614985,,新北市林口區工九路33號,新北市林口區,林月霞,31276050,股份有限公司,,0890728,生產中,25金屬製品製造業、29機械設備製造業、24基本金屬製造業  ,252金屬結構及建築組件、254金屬加工處理、259其他金屬製品、293通用機械設備、241鋼鐵  
11508.csv,承昌銅業股份有限公司,99694913,,新北市林口區東林里粉寮路一段一０六號,新北市林口區東林里,李文章,86665716,股份有限公司,,0941208,生產中,24基本金屬製造業、25金屬製品製造業、26電子零組件製造業  ,242鋁、243銅、249其他基本金屬、261半導體、262被動電子元件、263印刷電路板、264光電材料及元件、269其他電子零組件  
11508.csv,承頁實業有限公司,68007139,,桃園市龜山區大坑里南上路520巷9號(三樓),桃園市龜山區大坑里,李煌鐘,24310265,有限公司,,1141105,生產中,23非金屬礦物製品製造業  ,239其他非金屬礦物製品  
11508.csv,承鴻國際實業股份有限公司,99658253,07410000285513,臺南市佳里區海澄里萊芊寮17之3號,臺南市佳里區海澄里,陳俞任,16184911,股份有限公司,0740910,0750325,生產中,24基本金屬製造業、33其他製造業  ,241鋼鐵、331育樂用品  
11508.csv,揚全股份有限公司,65011220,,新北市深坑區萬福里北深路3段270巷12號5樓,新北市深坑區萬福里,方國揚,22426557,股份有限公司,,1120630,生產中,27電腦、電子產品及光學製品製造業  ,271電腦及其週邊設備  
11508.csv,政旺鋼鐵股份有限公司,S6800646,,桃園市平鎮區東勢里洪圳路1125巷18號,桃園市平鎮區東勢里,陳金龍,80452568,股份有限公司,,1150611,生產中,25金屬製品製造業  ,254金屬加工處理  
11508.csv,敦特科技股份有限公司,99711798,,臺南市柳營區大農里德元埤大道17號2樓A205、B206、C207、D208,臺南市柳營區大農里,施鴻如,24292999,股份有限公司,,0980827,生產中,33其他製造業  ,332醫療器材及用品  
11508.csv,文軒企業有限公司,99624183,07710003055309,桃園市龍潭區黃唐里成功路一九○巷五四號,桃園市龍潭區黃唐里,吳承棟　　　,44416694,有限公司,0770602,0770715,生產中,12成衣及服飾品製造業  ,123服飾品  
11508.csv,新加坡商英格索蘭股份有限公司台灣分公司,65011720,,新北市汐止區復興里新台五路1段97號15樓之9,新北市汐止區復興里,陳昇輝,12427156,外國公司之分公司,,1130229,生產中,28電力設備及配備製造業、29機械設備製造業  ,283電線及配線器材、289其他電力設備及配備、293通用機械設備  
11508.csv,新川王五金實業股份有限公司二廠,S0701076,,彰化縣鹿港鎮頭南里頭庄巷1-13號、1-15號,彰化縣鹿港鎮頭南里,王福勝,86980123,股份有限公司,,1090805,生產中,24基本金屬製造業、25金屬製品製造業、28電力設備及配備製造業  ,241鋼鐵、252金屬結構及建築組件、285家用電器  
11508.csv,新豐國際開發有限公司(元長廠),09000947,10810009600119,雲林縣元長鄉瓦磘村南安路100號,雲林縣元長鄉瓦磘村,吳駿邑,80122434,有限公司,1081205,1081212,生產中,15紙漿、紙及紙製品製造業  ,159其他紙製品  
11508.csv,新豐國際開發有限公司(北港廠),09001020,10910009600273,雲林縣北港鎮溝皂里溝皂188-1號,雲林縣北港鎮溝皂里,吳駿邑,80122434,有限公司,1090721,1090727,生產中,15紙漿、紙及紙製品製造業  ,159其他紙製品  
11508.csv,新豐國際開發有限公司(民樂廠),09001040,10910009600313,雲林縣北港鎮新街里民樂路207號,雲林縣北港鎮新街里,吳駿邑,80122434,有限公司,1090828,1090831,生產中,15紙漿、紙及紙製品製造業  ,159其他紙製品  
11508.csv,日成精密有限公司,99705987,,臺南市安南區安順里安和路4段94巷43弄22號,臺南市安南區安順里,林錡祥,24203954,有限公司,,0971204,生產中,25金屬製品製造業  ,259其他金屬製品、251金屬刀具、手工具及模具  
11508.csv,日承益鋁業有限公司,09000873,10810009600030,雲林縣麥寮鄉後安村後安212-2號,雲林縣麥寮鄉後安村,吳青樺,24276647,有限公司,1080325,1080523,生產中,25金屬製品製造業  ,254金屬加工處理、259其他金屬製品  
11508.csv,旺瑲股份有限公司南投廠,99705164,,南投縣南投市永豐里工業北路31號,南投縣南投市永豐里,王堅信,80221271,有限公司,,0941202,生產中,25金屬製品製造業、24基本金屬製造業  ,241鋼鐵、259其他金屬製品  
11508.csv,旺田工程有限公司,05000182,,苗栗縣頭份市蘆竹里七鄰工業路二六巷五一、五三號,苗栗縣頭份市蘆竹里,呂麗卿,24383457,有限公司,,1030206,生產中,25金屬製品製造業  ,252金屬結構及建築組件  
11508.csv,昇煌機械有限公司,S6701242,,臺南市安南區布袋里長溪路三段120號,臺南市安南區布袋里,洪銘彬,53475080,有限公司,,1150407,生產中,22塑膠製品製造業、32家具製造業  ,220塑膠製品、320家具  
11508.csv,昊駿實業有限公司,99722429,,桃園市桃園區龍山里１鄰龍壽街２４５號,桃園市桃園區龍山里,彭慕飛,23717202,有限公司,,0990419,生產中,24基本金屬製造業、31其他運輸工具及其零件製造業、30汽車及其零件製造業  ,249其他基本金屬、319未分類其他運輸工具及其零件、303汽車零件  
11508.csv,易昇鋼鐵股份有限公司,99656558,06010000108394,臺南市永康區尚頂里正南一街200號,臺南市永康區尚頂里,顏慶利　,28098406,股份有限公司,0601122,0610509,生產中,24基本金屬製造業  ,241鋼鐵、249其他基本金屬  
11508.csv,易昇鋼鐵股份有限公司永康廠,99656606,07910000170662,臺南市永康區王行里經中路11號,臺南市永康區王行里,顏慶利,28098406,股份有限公司,0790215,0800424,生產中,24基本金屬製造業  ,241鋼鐵、249其他基本金屬  
11508.csv,春成鋼鐵有限公司,07000888,,彰化縣和美鎮竹營里孝慈路30巷31號1樓,彰化縣和美鎮竹營里,陳春祥,12773748,有限公司,,1020729,生產中,25金屬製品製造業  ,252金屬結構及建築組件、254金屬加工處理  
11508.csv,春成鋼鐵有限公司二廠,S0702033,,彰化縣和美鎮還社里柑竹路589巷臨129號,彰化縣和美鎮還社里,陳春祥,12773748,有限公司,,1120621,生產中,25金屬製品製造業  ,252金屬結構及建築組件  
11508.csv,瑩隆鋼鐵有限公司民安廠,65010046,,新北市新莊區西盛里民安路428號之1(A棟),新北市新莊區西盛里,盤耀升,28491457,有限公司,,1101229,生產中,25金屬製品製造業  ,254金屬加工處理、259其他金屬製品  
11508.csv,瑪庫密亞有限公司湖內廠,99663611,08110012082418,高雄市湖內區太爺里中山路二段二巷５３弄２４號,高雄市湖內區太爺里,嚴寶秀,16357440,有限公司,0810613,0820908,生產中,23非金屬礦物製品製造業、30汽車及其零件製造業、31其他運輸工具及其零件製造業  ,231玻璃及其製品、303汽車零件、312機車及其零件  
11508.csv,甲乙順家電有限公司,99635153,08210006221242,臺中市太平區新光里中山路四段55巷44號,臺中市太平區新光里,吳金蓮,84231259,有限公司,0821027,0821206,生產中,29機械設備製造業  ,293通用機械設備  
11508.csv,皇華機械工業股份有限公司,99695256,,新北市新店區雙坑里北宜路三段三二０號,新北市新店區雙坑里,林知世,33804866,股份有限公司,,0950315,生產中,29機械設備製造業、28電力設備及配備製造業、30汽車及其零件製造業、31其他運輸工具及其零件製造業、24基本金屬製造業、25金屬製品製造業  ,292其他專用機械設備、281發電、輸電及配電機械、283電線及配線器材、289其他電力設備及配備、303汽車零件、312機車及其零件、313自行車及其零件、241鋼鐵、243銅、254金屬加工處理  
11508.csv,益昇展業有限公司,S0703717,,彰化縣彰化市東芳里彰馬路189巷104之12號,彰化縣彰化市東芳里,陳淩鑾,24217090,有限公司,,1150401,生產中,22塑膠製品製造業  ,220塑膠製品  
11508.csv,益誠企業社,S0703871,,彰化縣花壇鄉灣雅村三芬路243號,彰化縣花壇鄉灣雅村,李孟芬,25368833,合夥,,1150826,生產中,25金屬製品製造業  ,252金屬結構及建築組件  
11508.csv,盟傑工業股份有限公司,S6601718,,臺中市后里區墩南里公安路一段31號,臺中市后里區墩南里,張廖秀李,22294205,股份有限公司,,1100713,生產中,24基本金屬製造業  ,241鋼鐵  
11508.csv,眾鼎橡膠工業股份有限公司,99610882,07710001083172,新北市新莊區西盛里民安東路一五二號,新北市新莊區西盛里,高瑞三,22655241,股份有限公司,0770325,0770513,生產中,21橡膠製品製造業  ,210橡膠製品  
11508.csv,祥榮企業社,99609242,07510001209129,新北市樹林區圳生里俊興街二三五號,新北市樹林區圳生里,徐春蓮,01914974,獨資,0750714,0751028,生產中,22塑膠製品製造業、28電力設備及配備製造業  ,220塑膠製品、283電線及配線器材  
11508.csv,彰奕鋼鐵企業股份有限公司彰化廠,99645738,08210007060276,彰化縣埔心鄉經口村中山路９１號,彰化縣埔心鄉經口村,陳雅利,84243760,股份有限公司,0821120,0821207,生產中,25金屬製品製造業  ,254金屬加工處理  
11508.csv,得富鋼鐵有限公司,67003406,,臺南市安南區布袋里工明二路70號,臺南市安南區布袋里,林士雄,89177016,有限公司,,1110902,生產中,25金屬製品製造業  ,252金屬結構及建築組件、259其他金屬製品  
11508.csv,德城行有限公司,07006378,,彰化縣福興鄉福寶村新生路52-5號,彰化縣福興鄉福寶村,鄧啓銘,30012427,有限公司,,1150402,生產中,18化學材料及肥料製造業  ,183肥料及氮化合物  
11508.csv,德士精科股份有限公司,99623166,,桃園市龜山區兔坑里茶專一街８８號,桃園市龜山區兔坑里,蔡宛諺,23706845,股份有限公司,,0910131,生產中,24基本金屬製造業、25金屬製品製造業、29機械設備製造業  ,241鋼鐵、251金屬刀具、手工具及模具、291金屬加工用機械設備  
11508.csv,心功廠企業股份有限公司,S0702062,,彰化縣花壇鄉永春村中溪一巷15號,彰化縣花壇鄉永春村,楊原瑞,24225394,股份有限公司,,1120717,生產中,22塑膠製品製造業  ,220塑膠製品  
11508.csv,志祥精密工業股份有限公司桃園廠,99627291,07610000322932,桃園市龍潭區三和里店湖一路一二六號,桃園市龍潭區三和里,林賢平　　　,04786431,股份有限公司,0761231,0781220,生產中,24基本金屬製造業  ,241鋼鐵  
11508.csv,快捷機械股份有限公司,99641706,08810006024190,臺中市神岡區溪洲里溪洲路一五七巷二八號,臺中市神岡區溪洲里,王俊裕,23248638,股份有限公司,0880127,0880201,生產中,29機械設備製造業、25金屬製品製造業  ,291金屬加工用機械設備、293通用機械設備、259其他金屬製品  
11508.csv,恩陞企業有限公司,S1300385,,屏東縣屏東市大湖里大湖路278-1號,屏東縣屏東市大湖里,簡志軒,83062419,有限公司,,1130322,生產中,22塑膠製品製造業  ,220塑膠製品  
11508.csv,恩陞企業有限公司大寮廠,64009005,,高雄市大寮區江山里江山路87-1號,高雄市大寮區江山里,簡志軒,83062419,有限公司,,1100412,生產中,22塑膠製品製造業、25金屬製品製造業  ,220塑膠製品、259其他金屬製品  
11508.csv,恩馳科技有限公司竹南廠,95A01241,,新竹科學園區苗栗縣竹南鎮科研路50-5號2樓,苗栗縣竹南鎮,周益欽,42982686,有限公司,,1080426,生產中,29機械設備製造業  ,292其他專用機械設備  
11508.csv,惠邦實業股份有限公司,99630417,07110000124336,新竹縣竹東鎮瑞峰里燥樹排５５之２號,新竹縣竹東鎮瑞峰里,鄭貫地　　　,47086400,股份有限公司,0710703,0741224,生產中,23非金屬礦物製品製造業  ,239其他非金屬礦物製品  
11508.csv,慧堡企業股份有限公司,65008853,,新北市新莊區雙鳳里中正路力行巷9號,新北市新莊區雙鳳里,王麗,83174940,股份有限公司,,1090902,生產中,22塑膠製品製造業、24基本金屬製造業、25金屬製品製造業、27電腦、電子產品及光學製品製造業  ,220塑膠製品、242鋁、259其他金屬製品、271電腦及其週邊設備  
11508.csv,慧堡科技有限公司,99725736,,新北市新莊區雙鳳里中正路力行巷二二號一樓,新北市新莊區雙鳳里,王昭昌,80243394,有限公司,,0990510,生產中,22塑膠製品製造業、24基本金屬製造業、27電腦、電子產品及光學製品製造業、25金屬製品製造業  ,220塑膠製品、242鋁、271電腦及其週邊設備、259其他金屬製品  
11508.csv,慧恒企業股份有限公司,03000207,,桃園市桃園區永興里民權路185號1樓,桃園市桃園區永興里,駱文培,22439217,股份有限公司,,1000106,生產中,26電子零組件製造業  ,269其他電子零組件  
11508.csv,慧恒企業股份有限公司二廠,03002014,,桃園市桃園區永興里民權路187號1樓,桃園市桃園區永興里,駱文培,22439217,股份有限公司,,1021113,生產中,26電子零組件製造業  ,269其他電子零組件  
11508.csv,慶沛興業股份有限公司,S0700752,,彰化縣和美鎮犁盛里彰新路二段243巷202號,彰化縣和美鎮犁盛里,邱富聖,59369754,股份有限公司,,1090623,生產中,25金屬製品製造業、31其他運輸工具及其零件製造業  ,251金屬刀具、手工具及模具、313自行車及其零件  
11508.csv,慶泓鋁業股份有限公司鹿港廠,07001141,,彰化縣鹿港鎮東石里工業東二路5號,彰化縣鹿港鎮東石里,黃政隆,89713570,股份有限公司,,1030318,生產中,24基本金屬製造業  ,242鋁  
11508.csv,憬懋企業股份有限公司屏南廠,99666076,08610099831350,屏東縣枋寮鄉東海村精進路30號,屏東縣枋寮鄉東海村,王育智,22376521,股份有限公司,0860630,0860811,生產中,24基本金屬製造業  ,242鋁、243銅  
11508.csv,成金鋼鐵有限公司,S6800172,,桃園市蘆竹區富竹里南竹路3段98巷75號,桃園市蘆竹區富竹里,邱繼賢,84155153,有限公司,,1090521,生產中,25金屬製品製造業  ,254金屬加工處理  
11508.csv,成鋼工業社,S6602420,,臺中市太平區太平里甲堤路538號,臺中市太平區太平里,盧樹凉,25240153,獨資,,1140529,生產中,29機械設備製造業  ,293通用機械設備  
11508.csv,承昕科技有限公司,04001183,,新竹縣竹北市新社里新工三路108號（及108-1號）,新竹縣竹北市新社里,莊林富,28122433,有限公司,,1130315,生產中,25金屬製品製造業、29機械設備製造業  ,254金屬加工處理、293通用機械設備  
11508.csv,技優精密有限公司,03000748,,桃園市桃園區汴洲里春日路1434巷59號(1樓)、59號(2樓),桃園市桃園區汴洲里,何清輝,24271621,有限公司,,1001108,生產中,29機械設備製造業、33其他製造業  ,291金屬加工用機械設備、293通用機械設備、331育樂用品  
11508.csv,技勤企業有限公司,99625547,08510003304480,桃園市中壢區內定里文中路２段２５７巷１３１號,桃園市中壢區內定里,張真勇　,97241434,有限公司,0851231,0860111,生產中,26電子零組件製造業  ,263印刷電路板  
11508.csv,振華興鐵工廠有限公司,99606656,08410001389620,新北市汐止區保安里大同路三段三三三號,新北市汐止區保安里,蔡明芳,89663570,有限公司,0841104,0841120,生產中,24基本金屬製造業、25金屬製品製造業、29機械設備製造業  ,241鋼鐵、254金屬加工處理、259其他金屬製品、293通用機械設備、251金屬刀具、手工具及模具  
11508.csv,揚崧鋁業有限公司,09000312,,雲林縣斗六市虎溪里科工二路8號,雲林縣斗六市虎溪里,張村嬌,28874166,有限公司,,1020531,生產中,24基本金屬製造業  ,242鋁  
11508.csv,政昌企業有限公司,99700078,,新竹縣竹北市泰和里沿河街６８號,新竹縣竹北市泰和里,鄧鎮泉,16219236,有限公司,,0921120,生產中,24基本金屬製造業  ,241鋼鐵、249其他基本金屬  
11508.csv,政昌鑄造股份有限公司,99642062,07610006000006,臺中市大雅區員林里大林路65巷11號,臺中市大雅區員林里,林慧娟,22670025,股份有限公司,0761106,0760907,生產中,24基本金屬製造業、29機械設備製造業、30汽車及其零件製造業  ,241鋼鐵、293通用機械設備、303汽車零件  
11508.csv,文鋒實業股份有限公司,99722424,,桃園市龜山區南上里民生北路一段３５６巷８號,桃園市龜山區南上里,解文隆,22193918,股份有限公司,,0990415,生產中,28電力設備及配備製造業  ,283電線及配線器材  
11508.csv,新勝鋼鐵有限公司旗山廠,64008524,,高雄市旗山區圓富里富興路166號,高雄市旗山區圓富里,黃靖淳,70428323,有限公司,,1080923,生產中,25金屬製品製造業  ,252金屬結構及建築組件  
11508.csv,新勝隆五金廠,99627916,07410003118680,桃園市大溪區永福里４鄰信義路６５０巷３３號,桃園市大溪區永福里,王星火　　　,02706480,獨資,0740919,0741109,生產中,24基本金屬製造業  ,241鋼鐵、243銅  
11508.csv,新北工業有限公司,S0400022,,新竹縣竹北市聯興里聯興三街36巷38號,新竹縣竹北市聯興里,陳誌桓,22410268,有限公司,,1090520,生產中,21橡膠製品製造業、21橡膠製品製造業  ,210橡膠製品  
11508.csv,新店鐵工廠股份有限公司,99690249,05810000011241,新北市新店區廣明里光明街四四號一樓,新北市新店區廣明里,廖國雄,38106600,股份有限公司,0580101,0590430,生產中,29機械設備製造業  ,293通用機械設備  
11508.csv,新格發企業股份有限公司,64004193,7664106093,高雄市小港區小港里臺機路２４號,高雄市小港區小港里,蔡碧齡,69690873,股份有限公司,0760722,0760722,生產中,24基本金屬製造業  ,242鋁、243銅、249其他基本金屬  
11508.csv,新格網股份有限公司,65004317,,新北市新莊區中信里新北大道2段312號8樓,新北市新莊區中信里,梁延輔,24221616,股份有限公司,,1040831,生產中,27電腦、電子產品及光學製品製造業  ,271電腦及其週邊設備、272通訊傳播設備、273視聽電子產品  
11508.csv,新桐芳鑄造股份有限公司,99638926,07610006152309,臺中市豐原區翁明里水源路680巷7號,臺中市豐原區翁明里,張海桐,22584555,股份有限公司,0760921,0761109,生產中,24基本金屬製造業  ,241鋼鐵  
11508.csv,新桐芳鑄造股份有限公司彰濱廠,07005358,,彰化縣線西鄉寓埔村彰濱西四路37號,彰化縣線西鄉寓埔村,張海桐,22584555,股份有限公司,,1121116,生產中,24基本金屬製造業  ,241鋼鐵  
11508.csv,新程實業股份有限公司柳營工廠,99658022,07310000028318,臺南市柳營區士林里長榮路6段588號,臺南市柳營區士林里,呂瑞文,12423139,股份有限公司,0730227,0740319,生產中,12成衣及服飾品製造業  ,123服飾品、121成衣  
11508.csv,新豐國際開發有限公司四湖廠,S0900052,,雲林縣四湖鄉鹿場村中正路273巷13-3號,雲林縣四湖鄉鹿場村,吳駿邑,80122434,有限公司,,1090429,生產中,15紙漿、紙及紙製品製造業  ,159其他紙製品  
11508.csv,方茂工業股份有限公司,S6600601,,臺中市霧峰區五福里環河路一段702號,臺中市霧峰區五福里,吳栢森,52693242,股份有限公司,,1090723,生產中,25金屬製品製造業、29機械設備製造業  ,251金屬刀具、手工具及模具、252金屬結構及建築組件、291金屬加工用機械設備  
11508.csv,昇益不銹鋼鐵材有限公司,S0700745,,彰化縣員林市中央里中央路322號,彰化縣員林市中央里,吳柏沖,28891242,有限公司,,1090624,生產中,25金屬製品製造業  ,252金屬結構及建築組件、254金屬加工處理、259其他金屬製品  
11508.csv,昌久金屬科技有限公司桃園楊梅廠,03000331,,桃園市楊梅區高上里高獅路863巷2弄12號,桃園市楊梅區高上里,劉世翔,04741462,有限公司,,1000329,生產中,24基本金屬製造業、25金屬製品製造業、28電力設備及配備製造業、29機械設備製造業  ,241鋼鐵、242鋁、243銅、249其他基本金屬、252金屬結構及建築組件、259其他金屬製品、281發電、輸電及配電機械、292其他專用機械設備  
11508.csv,昌葆企業有限公司,99605401,08410001134214,新北市新莊區福營里福營路一二五巷三二號,新北市新莊區福營里,鍾昭源,23149497,有限公司,0840505,0840517,生產中,24基本金屬製造業、25金屬製品製造業  ,241鋼鐵、254金屬加工處理、242鋁、243銅  
11508.csv,明象科技股份有限公司,65010151,,新北市中和區連和里中山路2段315巷4號2樓,新北市中和區連和里,宋文寧,25126028,股份有限公司,,1110128,生產中,24基本金屬製造業  ,242鋁  
11508.csv,明象科技股份有限公司中山廠,65002216,,新北市中和區中山路2段317號5樓,新北市中和區,宋文寧,25126028,股份有限公司,,1020510,生產中,24基本金屬製造業  ,242鋁  
11508.csv,明軒科技有限公司,S1300007,,屏東縣長治鄉香楊村香楊路100號,屏東縣長治鄉香楊村,劉錦文,24230381,有限公司,,1090527,生產中,25金屬製品製造業、25金屬製品製造業  ,254金屬加工處理  
11508.csv,春星工業股份有限公司,99661267,06510012037323,高雄市梓官區同安里大舍北路300號,高雄市梓官區同安里,高志文,85718932,股份有限公司,0791231,0791231,生產中,24基本金屬製造業  ,241鋼鐵  
11508.csv,春星工業股份有限公司八德二廠,S6400874,,高雄市梓官區梓平里八德路360號,高雄市梓官區梓平里,高志文,85718932,股份有限公司,,1091023,生產中,24基本金屬製造業  ,241鋼鐵  
11508.csv,春星工業股份有限公司八德廠,64007159,,高雄市梓官區大舍里八德路355號,高雄市梓官區大舍里,高志文,85718932,股份有限公司,,1031113,生產中,24基本金屬製造業  ,241鋼鐵  
11508.csv,春星工業股份有限公司和平廠,64008463,,高雄市梓官區梓平里和平路1號,高雄市梓官區梓平里,高志文,85718932,股份有限公司,,1080715,生產中,24基本金屬製造業  ,241鋼鐵  
11508.csv,春星工業股份有限公司永安廠,99704716,,高雄市永安區維新里永工二路１１號,高雄市永安區維新里,高志文,85718932,股份有限公司,,0940506,生產中,24基本金屬製造業、25金屬製品製造業  ,241鋼鐵、254金屬加工處理  
11508.csv,生泰工業股份有限公司,99674200,06110000043260,臺南市安南區安東里安和路2段54巷223號,臺南市安南區安東里,蔡全泰,70011711,股份有限公司,0610531,0611227,生產中,22塑膠製品製造業、24基本金屬製造業、25金屬製品製造業  ,220塑膠製品、242鋁、252金屬結構及建築組件、259其他金屬製品  
11508.csv,甲川有限公司,99701169,,臺中市大里區塗城里光正路241號,臺中市大里區塗城里,楊仁永,23570170,有限公司,,0921008,生產中,25金屬製品製造業  ,251金屬刀具、手工具及模具  
11508.csv,甲東電子股份有限公司,03000852,,桃園市桃園區龍山里龍壽街300之4號,桃園市桃園區龍山里,吳政財,24397229,股份有限公司,,1001228,生產中,26電子零組件製造業  ,263印刷電路板  
11508.csv,登期頤食品行,S1300154,,屏東縣萬丹鄉廣安村西勢尾街156號,屏東縣萬丹鄉廣安村,王美環,10890241,獨資,,1090608,生產中,08食品製造業  ,089其他食品  
11508.csv,登極鐵工廠,99704015,,臺中市烏日區前竹里中山路一段和平巷１５０弄９號,臺中市烏日區前竹里,陳巧玲,13431283,獨資,,0951213,生產中,24基本金屬製造業、25金屬製品製造業  ,241鋼鐵、243銅、252金屬結構及建築組件  
11508.csv,百宏鋼鐵工業有限公司,S6500500,,新北市板橋區浮洲里板城路327號之1,新北市板橋區浮洲里,江麗卿,34540006,有限公司,,1091113,生產中,25金屬製品製造業  ,252金屬結構及建築組件、259其他金屬製品  
11508.csv,皇達實業股份有限公司生產工廠,99638179,07710006039526,臺中市龍井區新東里綠園路八０號,臺中市龍井區新東里,林文雄,52255242,股份有限公司,0770401,0770427,生產中,29機械設備製造業  ,292其他專用機械設備  
11508.csv,皇重企業股份有限公司,99662173,07810012099502,高雄市大寮區過溪里大業街６號,高雄市大寮區過溪里,姚王淑華,81263241,股份有限公司,0791231,0791231,生產中,23非金屬礦物製品製造業  ,232耐火、黏土建材及其他陶瓷製品  
11508.csv,盈震企業社,07004965,,彰化縣鹿港鎮東崎里打鐵巷17-39號1樓,彰化縣鹿港鎮東崎里,羅政忠,82425379,獨資,,1111116,生產中,25金屬製品製造業  ,259其他金屬製品  
11508.csv,益昌行,99650840,07710007055901,彰化縣田尾鄉饒平村建平路二段７７號,彰化縣田尾鄉饒平村,詹錫霖　,59142498,獨資,0780117,0780214,生產中,24基本金屬製造業  ,241鋼鐵  
11508.csv,盛昌達企業社,07003906,,彰化縣和美鎮嘉犁里嘉鐵路50巷31弄11號,彰化縣和美鎮嘉犁里,蕭靜茵,45748241,合夥,,1091022,生產中,25金屬製品製造業  ,254金屬加工處理  
11508.csv,盛昌達企業社,S0702031,,彰化縣和美鎮南佃里渭南路1巷150弄150號,彰化縣和美鎮南佃里,蕭靜茵,45748241,獨資,,1120615,生產中,25金屬製品製造業  ,259其他金屬製品  
11508.csv,盟洲工業有限公司,07005035,,彰化縣鹿港鎮海埔里工業西七路5號、5-1號,彰化縣鹿港鎮海埔里,謝育呈,42957960,有限公司,,1120106,生產中,24基本金屬製造業  ,243銅  
11508.csv,睿丞工業社,07000974,,彰化縣埤頭鄉芙朝村金安路88號,彰化縣埤頭鄉芙朝村,張庭佳,82410740,獨資,,1020926,生產中,25金屬製品製造業  ,259其他金屬製品  
11508.csv,矽銳股份有限公司,65004538,,新北市三峽區添福里添福59之4號4樓,新北市三峽區添福里,陳永東,24365269,股份有限公司,,1041130,生產中,16印刷及資料儲存媒體複製業  ,160印刷及資料儲存媒體複製  
11508.csv,祥泰超硬金屬有限公司岡山廠,99662414,08810012084326,高雄市岡山區台上里成功路４６０巷３之１號,高雄市岡山區台上里,王進奇,34048670,有限公司,0880510,0880519,生產中,25金屬製品製造業  ,259其他金屬製品、293通用機械設備  
11508.csv,彰得興業股份有限公司二廠,07004865,,彰化縣線西鄉頂犁村和線路788號,彰化縣線西鄉頂犁村,施金旺,22132384,股份有限公司,,1110810,生產中,24基本金屬製造業  ,243銅  
11508.csv,彰慶企業股份有限公司二廠,07002426,,彰化縣彰化市茄南里福馬街79號,彰化縣彰化市茄南里,林聰寶,59287212,股份有限公司,,1070112,生產中,25金屬製品製造業  ,259其他金屬製品  
11508.csv,得恩機電工業股份有限公司,99664737,00010012040240,高雄市燕巢區安招里安北路１３２號,高雄市燕巢區安招里,蘇雅各,82017303,股份有限公司,0791231,0791231,生產中,25金屬製品製造業、29機械設備製造業、24基本金屬製造業  ,241鋼鐵、242鋁、252金屬結構及建築組件、243銅、253金屬容器、259其他金屬製品、291金屬加工用機械設備  
11508.csv,復堯科技股份有限公司,99611976,08910001013010,新北市中和區中原里橋安街三號六樓,新北市中和區中原里,蔡明光,86203243,股份有限公司,0890131,0890323,生產中,26電子零組件製造業  ,262被動電子元件  
11508.csv,德奇鋼鐵工業股份有限公司,99664436,08210012179428,高雄市路竹區文南里中華路５３０號,高雄市路竹區文南里,王隆昌,22209974,股份有限公司,0821022,0830207,生產中,22塑膠製品製造業、25金屬製品製造業  ,220塑膠製品、253金屬容器、259其他金屬製品  
11508.csv,志翔興業有限公司,03000865,,桃園市龜山區大華里頂湖二街65巷15弄11號1樓,桃園市龜山區大華里,劉志城,25152622,有限公司,,1001230,生產中,24基本金屬製造業、29機械設備製造業、30汽車及其零件製造業、31其他運輸工具及其零件製造業  ,242鋁、292其他專用機械設備、293通用機械設備、303汽車零件、313自行車及其零件、319未分類其他運輸工具及其零件  
11508.csv,志聖工業股份有限公司台中二廠,66012425,,臺中市南屯區文山里精科一路12號二樓,臺中市南屯區文山里,梁茂生,07618057,股份有限公司,,1150518,生產中,29機械設備製造業  ,292其他專用機械設備  
11508.csv,志聯工業股份有限公司新屋一廠,99624709,08710003264149,桃園市新屋區埔頂里中興路四八０號,桃園市新屋區埔頂里,潘仲良,43633504,股份有限公司,0870227,0870529,生產中,24基本金屬製造業  ,241鋼鐵  
11508.csv,志聯工業股份有限公司新屋二廠,99624708,08710003264030,桃園市新屋區埔頂里中興路四八０之一號,桃園市新屋區埔頂里,潘仲良,43633504,股份有限公司,0870221,0880304,生產中,24基本金屬製造業  ,241鋼鐵  
11508.csv,志能工業社,99642421,06310006236286,臺中市大肚區山陽里沙田路三段734巷28號,臺中市大肚區山陽里,朱秀美,55731418,獨資,0630101,,生產中,29機械設備製造業  ,293通用機械設備  
11508.csv,念德鋼鐵工業股份有限公司,S6500189,,新北市樹林區東園里柑園街1段167巷6-7號,新北市樹林區東園里,李益良,23280192,股份有限公司,,1090520,生產中,25金屬製品製造業  ,254金屬加工處理  
11508.csv,忻吉精密工業股份有限公司,99622428,08310003065305,桃園市龍潭區九龍里中興路九龍段129巷166號一樓,桃園市龍潭區九龍里,黃美音　,22935927,股份有限公司,0830603,0830609,生產中,29機械設備製造業、30汽車及其零件製造業、25金屬製品製造業  ,303汽車零件、293通用機械設備、259其他金屬製品  
11508.csv,惠順工業股份有限公司,99645149,06110000126326,彰化縣員林市中央里中央路430之1、450號,彰化縣員林市中央里,江文卿　,59050053,股份有限公司,0580101,0620521,生產中,24基本金屬製造業、25金屬製品製造業、31其他運輸工具及其零件製造業  ,241鋼鐵、254金屬加工處理、312機車及其零件  
11508.csv,慶澤生化科技股份有限公司食品廠,99713285,,臺中市大里區瑞城里瑞和街１３５巷１５號２樓,臺中市大里區瑞城里,陳佳毅,24212258,股份有限公司,,0980616,生產中,08食品製造業  ,089其他食品  
11508.csv,憲旺鋼鐵股份有限公司,S6401003,,高雄市阿蓮區中路里蓮仁路501巷201號,高雄市阿蓮區,林欣穎,76394089,股份有限公司,,1120307,生產中,25金屬製品製造業  ,254金屬加工處理  
11508.csv,承栗有限公司,99632167,08610005163243,苗栗縣頭份市興隆里興隆路一段四七九巷一０號,苗栗縣頭份市興隆里,黎佳欣,16248491,有限公司,0861219,0871012,生產中,14木竹製品製造業、23非金屬礦物製品製造業  ,140木竹製品、231玻璃及其製品  
11508.csv,振彥鋼鐵科技有限公司,68006919,,桃園市龜山區南上里民生北路一段256巷8弄7號,桃園市龜山區南上里,陳真芳,95452209,有限公司,,1140728,生產中,25金屬製品製造業  ,252金屬結構及建築組件  
11508.csv,振彥鋼鐵科技有限公司二廠,68007180,,桃園市龜山區南上里民生北路一段505號(1樓),桃園市龜山區南上里,陳真芳,95452209,有限公司,,1141127,生產中,25金屬製品製造業  ,252金屬結構及建築組件  
11508.csv,捷晟電業有限公司,10000544,,嘉義縣中埔鄉金蘭村12鄰頂山門13-2號,嘉義縣中埔鄉金蘭村,蘇宗德,24223451,有限公司,,1110523,生產中,28電力設備及配備製造業、28電力設備及配備製造業  ,283電線及配線器材  
11508.csv,敬得科技股份有限公司觀音廠,99622057,08910000903807,桃園市觀音區草漯里大同一路一之一號,桃園市觀音區草漯里,陳秋郎,22954091,股份有限公司,0890622,0891229,生產中,24基本金屬製造業  ,242鋁、249其他基本金屬  
11508.csv,文隆印刷工業股份有限公司,99673427,06710000083243,臺南市南區彰南里新樂路64號,臺南市南區彰南里,張耀文,69284657,股份有限公司,0670522,0700424,生產中,16印刷及資料儲存媒體複製業  ,160印刷及資料儲存媒體複製  
11508.csv,新北智捷汽車股份有限公司,68002398,,桃園市桃園區大林里桃鶯路467號(2樓),桃園市桃園區大林里,王國繼,24367365,股份有限公司,,1071205,生產中,30汽車及其零件製造業  ,303汽車零件  
11508.csv,新建美興業股份有限公司,99648619,05810000000185,彰化縣芳苑鄉仁愛村斗苑路芳苑段１５７號　　　　　　　　　　　,彰化縣芳苑鄉仁愛村,陳煥明,24172045,有限公司,0580101,0580101,生產中,08食品製造業  ,084動植物油脂  
11508.csv,旋元實業有限公司,99662123,07510012093951,高雄市大寮區潮寮里田單四街９號,高雄市大寮區潮寮里,古妙玲,07926596,有限公司,0791231,0791231,生產中,24基本金屬製造業  ,241鋼鐵  
11508.csv,日日發鋼鐵股份有限公司,99620018,08410000653855,宜蘭縣冬山鄉大興村德興九路９、１１號,宜蘭縣冬山鄉大興村,游柏倫　,27824837,股份有限公司,0841205,0860726,生產中,29機械設備製造業  ,293通用機械設備  
11508.csv,日祥披覆有限公司,99609704,07310001014637,新北市泰山區貴和里壽山路一三四巷二０弄三號,新北市泰山區貴和里,吳麗美,22412505,有限公司,0730126,0750228,生產中,22塑膠製品製造業  ,220塑膠製品  
11508.csv,日祥鋁業股份有限公司,99687929,,桃園市龍潭區祥和里武中路669號(1樓),桃園市龍潭區祥和里,林進財,27305504,股份有限公司,,0930915,生產中,24基本金屬製造業  ,242鋁  
11508.csv,日福欣業有限公司二廠,S6602964,,臺中市大雅區橫山里中山六路12號,臺中市大雅區橫山里,林玉寶,28924308,有限公司,,1150113,生產中,25金屬製品製造業  ,251金屬刀具、手工具及模具  
11508.csv,日福欣業有限公司豐原廠,66009703,,臺中市豐原區翁社里豐年路46號,臺中市豐原區翁社里,林玉寶,28924308,有限公司,,1101227,生產中,25金屬製品製造業、29機械設備製造業  ,251金屬刀具、手工具及模具、259其他金屬製品、293通用機械設備  
11508.csv,旭翔鋁業股份有限公司,67001501,,臺南市柳營區大農里環園東路1段25號,臺南市柳營區大農里,李怡慶,54621548,股份有限公司,,1050520,生產中,24基本金屬製造業、25金屬製品製造業  ,242鋁、259其他金屬製品  
11508.csv,昇佑鋼鐵股份有限公司,99602132,08010000323885,新北市五股區興珍里五權七路四三號,新北市五股區興珍里,楊秋興,23276417,股份有限公司,0801212,0810902,生產中,24基本金屬製造業、25金屬製品製造業  ,241鋼鐵、254金屬加工處理  
11508.csv,昇倫工業有限公司,99613821,08610001468549,新北市五股區五股里工商路三六巷八號,新北市五股區五股里,鄧竣文,22924267,有限公司,0861212,0870120,生產中,22塑膠製品製造業、27電腦、電子產品及光學製品製造業  ,220塑膠製品、272通訊傳播設備、275量測、導航、控制設備及鐘錶  
11508.csv,昇祿鋁業股份有限公司,67002010,,臺南市麻豆區麻口里麻佳路一段559號,臺南市麻豆區麻口里,王耿庸,16234475,股份有限公司,,1070314,生產中,24基本金屬製造業  ,242鋁  
11508.csv,昇祿鋁業股份有限公司安定廠,99659597,08610011307501,臺南市安定區安加里安定258之46號,臺南市安定區安加里,王耿庸　　　,16234475,股份有限公司,0860903,0870320,生產中,24基本金屬製造業  ,242鋁  
11508.csv,昌億開發有限公司,99651398,,彰化縣鹿港鎮溝墘里溝尾巷八四之一號,彰化縣鹿港鎮溝墘里,張建洲,12824373,有限公司,,0910620,生產中,25金屬製品製造業、29機械設備製造業  ,251金屬刀具、手工具及模具、259其他金屬製品、293通用機械設備  
11508.csv,昌冠企業有限公司,99662129,07710012096684,高雄市大寮區潮寮里田單四街３０號,高雄市大寮區潮寮里,蘇萬基,81485763,有限公司,0791231,0791231,生產中,24基本金屬製造業  ,241鋼鐵  
11508.csv,昌冠企業有限公司大發二廠,99662127,07410012092406,高雄市大寮區潮寮里華東路9號,高雄市大寮區潮寮里,蘇棋村,81485763,有限公司,0791231,0791231,生產中,19其他化學製品製造業、22塑膠製品製造業、23非金屬礦物製品製造業、24基本金屬製造業、25金屬製品製造業  ,199未分類其他化學製品、220塑膠製品、231玻璃及其製品、241鋼鐵、243銅、249其他基本金屬、254金屬加工處理  
11508.csv,昌謚工業股份有限公司,99645107,08710000901583,彰化縣線西鄉溝內村彰濱東三路１２號,彰化縣線西鄉溝內村,林慶安　,84371455,股份有限公司,0870226,0880601,生產中,24基本金屬製造業  ,241鋼鐵  
11508.csv,明泰農廠企業社,66010067,,臺中市大雅區四德里龍善三街18號,臺中市大雅區四德里,王中麟,87243237,獨資,,1110614,生產中,08食品製造業  ,083蔬果加工  
11508.csv,易泉企業有限公司,99663072,07610012095574,高雄市大寮區潮寮里田單五街２０號,高雄市大寮區潮寮里,顏清發,86219202,有限公司,0791231,0791231,生產中,24基本金屬製造業  ,241鋼鐵  
11508.csv,星曜國際實業股份有限公司,64010373,,高雄市燕巢區瓊林里瓊招路16巷20弄42號,高雄市燕巢區瓊林里,洪士翔,90180242,股份有限公司,,1150330,生產中,25金屬製品製造業、25金屬製品製造業  ,252金屬結構及建築組件  
11508.csv,生活工藝有限公司二廠,S6600242,,臺中市大里區東湖里西湖路443號,臺中市大里區東湖里,賴伯燁,80635743,有限公司,,1090612,生產中,32家具製造業  ,320家具  
11508.csv,甲聖工業股份有限公司,99652084,08810000923175,南投縣南投市永豐里成功三路一七二、一七二之一號,南投縣南投市永豐里,林聖竹,89234500,股份有限公司,0880608,0890726,生產中,24基本金屬製造業  ,241鋼鐵  
11508.csv,甲隆鋼鐵股份有限公司,99642210,07110006077286,臺中市大甲區江南里東西八路一段89號,臺中市大甲區江南里,王毓琳,56633689,股份有限公司,0710101,0710607,生產中,24基本金屬製造業  ,241鋼鐵  
11508.csv,登煌金屬股份有限公司工廠,S6700773,,臺南市安南區東和里長和路一段2巷98號,臺南市安南區東和里,葉信宏,23091973,股份有限公司,,1110617,生產中,24基本金屬製造業  ,241鋼鐵  
11508.csv,登煬精密企業有限公司,66011973,,臺中市大肚區社腳里沙田路一段854巷50-73弄56號,臺中市大肚區社腳里,林國棟,28577588,有限公司,,1140822,生產中,24基本金屬製造業  ,241鋼鐵  
11508.csv,登煬精密企業有限公司二廠,S0700644,,彰化縣和美鎮新庄里彰新路二段243巷175號,彰化縣和美鎮新庄里,林國棟,28577588,有限公司,,1090611,生產中,25金屬製品製造業  ,259其他金屬製品  
11508.csv,登瑋企業社,S0701235,,彰化縣彰化市延和里大埔路77號,彰化縣彰化市延和里,蔡煌雄,67742256,合夥,,1090908,生產中,24基本金屬製造業  ,242鋁  
11508.csv,登田工業社,99646670,08810007035707,彰化縣和美鎮糖友里東萊路１２５號,彰化縣和美鎮糖友里,陳金存　,76872379,獨資,0880304,0880311,生產中,24基本金屬製造業  ,241鋼鐵  
11508.csv,百里特有限公司,03002216,,桃園市八德區永豐里永豐路416巷16號1樓,桃園市八德區永豐里,曾清池,53153243,有限公司,,1030328,生產中,08食品製造業  ,089其他食品  
11508.csv,百酆橡膠有限公司永康廠,S6700338,,臺南市永康區建國里復興路1巷30弄72號,臺南市永康區建國里,賴慶璋,24290937,有限公司,,1090731,生產中,21橡膠製品製造業、29機械設備製造業  ,210橡膠製品、293通用機械設備  
11508.csv,益有機械股份有限公司,99633414,08010006236706,臺中市大甲區日南里幼三路6號,臺中市大甲區日南里,劉耿佑,23073449,股份有限公司,0801224,0860526,生產中,24基本金屬製造業、25金屬製品製造業、29機械設備製造業  ,241鋼鐵、254金屬加工處理、259其他金屬製品、292其他專用機械設備、293通用機械設備  
11508.csv,益通鋼鐵有限公司,99680140,,彰化縣和美鎮鐵山里鐵勢路１１３號,彰化縣和美鎮鐵山里,謝佳利,28347658,有限公司,,0950728,生產中,25金屬製品製造業、29機械設備製造業、32家具製造業、30汽車及其零件製造業、31其他運輸工具及其零件製造業  ,259其他金屬製品、293通用機械設備、320家具、303汽車零件、312機車及其零件  
11508.csv,益通鋼鐵有限公司,S0701440,,彰化縣和美鎮鐵山里線東路四段150巷19號,彰化縣和美鎮鐵山里,謝佳利,28347658,有限公司,,1100112,生產中,24基本金屬製造業  ,241鋼鐵  
11508.csv,睿伸股份有限公司觀音廠,68003964,,桃園市觀音區大潭里快速路九段2276巷21號(1樓),桃園市觀音區大潭里,李建銘,54941417,股份有限公司,,1100305,生產中,24基本金屬製造業  ,241鋼鐵  
11508.csv,研展針織廠有限公司,99613997,07710001123010,新北市樹林區彭厝里八德街四九六號,新北市樹林區彭厝里,朱煜,22414665,有限公司,0770429,0781006,生產中,11紡織業、12成衣及服飾品製造業  ,121成衣、112織布  
11508.csv,磬鈺股份有限公司,99640772,08910006000993,臺中市太平區太平里永豐路289巷26號,臺中市太平區太平里,陳桂蘭,70726173,股份有限公司,0890420,0890427,生產中,29機械設備製造業、25金屬製品製造業、24基本金屬製造業  ,293通用機械設備、291金屬加工用機械設備、241鋼鐵、254金屬加工處理、252金屬結構及建築組件  
11508.csv,礁溪鋼鐵機械有限公司,99620276,,宜蘭縣五結鄉成興村五濱路１段２３１號,宜蘭縣五結鄉成興村,吳浴淇　　　,40639455,有限公司,,0860614,生產中,25金屬製品製造業  ,252金屬結構及建築組件  
11508.csv,礁溪鋼鐵機械有限公司,S0200031,,宜蘭縣礁溪鄉白雲村砂港路11號,宜蘭縣礁溪鄉白雲村,吳浴淇,40639455,有限公司,,1090713,生產中,25金屬製品製造業  ,252金屬結構及建築組件  
11508.csv,神誠有限公司,99631262,08610004200087,新竹縣竹東鎮雞林里１鄰大明路３５１號,新竹縣竹東鎮雞林里,黃秀龍　　　,97332379,有限公司,0860313,0860626,生產中,24基本金屬製造業、25金屬製品製造業  ,241鋼鐵、242鋁  
11508.csv,復森工業股份有限公司,99642479,06810000147855,臺中市太平區太平里新仁路一段22巷72號,臺中市太平區太平里,蘇美華,97582410,股份有限公司,0580101,0690207,生產中,25金屬製品製造業、29機械設備製造業  ,259其他金屬製品、293通用機械設備、251金屬刀具、手工具及模具  
11508.csv,德益行,99647783,06610000003687,彰化縣和美鎮鐵山里彰美路３段８４號,彰化縣和美鎮鐵山里,謝施櫻菊,59208815,獨資,0580101,0670713,生產中,24基本金屬製造業  ,241鋼鐵  
11508.csv,必勝工程有限公司,07005243,,彰化縣鹿港鎮廖厝里鹿和路三段209巷68號1樓,彰化縣鹿港鎮廖厝里,劉用新,83252831,有限公司,,1120801,生產中,25金屬製品製造業  ,252金屬結構及建築組件、254金屬加工處理、259其他金屬製品  
11508.csv,必榮實業股份有限公司鶯歌二廠,65008361,,新北市鶯歌區永吉里德昌二街86號,新北市鶯歌區永吉里,王思穎,23189238,股份有限公司,,1090204,生產中,24基本金屬製造業  ,242鋁  
11508.csv,恆裕工業有限公司,66005401,,臺中市太平區宜欣里溪洲路77巷7號,臺中市太平區宜欣里,黃茂城,42678242,有限公司,,1060421,生產中,25金屬製品製造業  ,254金屬加工處理  
11508.csv,悅旺生物科技有限公司,13000701,,屏東縣竹田鄉履豐村豐振路16號,屏東縣竹田鄉履豐村,余仁達,53243364,有限公司,,1101108,生產中,08食品製造業  ,087動物飼品  
11508.csv,意原企業社,S6400939,,高雄市湖內區民族街396號,高雄市湖內區,曾祥瑞,88669273,獨資,,1091211,生產中,24基本金屬製造業  ,241鋼鐵  
11508.csv,慧芳精微成型科技股份有限公司,99661913,07410012092875,高雄市大寮區潮寮里富民街7號,高雄市大寮區潮寮里,黃自築,79879241,股份有限公司,0740531,0740531,生產中,24基本金屬製造業、25金屬製品製造業  ,249其他基本金屬、254金屬加工處理  
11508.csv,慶煌科技有限公司,S0703514,,彰化縣彰化市東芳里線東路一段137之1號,彰化縣彰化市東芳里,張炳煌,90241352,有限公司,,1141121,生產中,29機械設備製造業  ,293通用機械設備  
11508.csv,憲豐汽車企業有限公司,99684599,,臺南市永康區塩行里中正北路318巷7之1號,臺南市永康區塩行里,黃信憲,24284983,有限公司,,0931208,生產中,30汽車及其零件製造業  ,302車體  
11508.csv,成岡鋼鐵股份有限公司,07003932,,彰化縣秀水鄉鶴鳴村永豐巷70-2號,彰化縣秀水鄉鶴鳴村,施進興,83470750,股份有限公司,,1091110,生產中,25金屬製品製造業  ,252金屬結構及建築組件  
11508.csv,技群企業股份有限公司一廠,99658699,,臺南市西港區慶安里中山路469之6號Ａ棟2樓,臺南市西港區慶安里,李東成,69752429,股份有限公司,,0910423,生產中,25金屬製品製造業  ,259其他金屬製品、251金屬刀具、手工具及模具  
11508.csv,捷楠鋼鐵有限公司,99670601,08210019002152,臺中市南區樹義里樹義六巷６之１號,臺中市南區樹義里,楊茂楠,84373192,有限公司,0821012,0830623,生產中,24基本金屬製造業、25金屬製品製造業  ,241鋼鐵、254金屬加工處理  
11508.csv,政盈企業有限公司,99636147,06810006130739,臺中市烏日區五光里五光路一八九巷一二０號,臺中市烏日區五光里,謝靜芳,52438685,有限公司,0680626,0710524,生產中,23非金屬礦物製品製造業  ,233水泥及其製品  
11508.csv,敬樺機械廠股份有限公司,99637096,07710006001011,臺中市潭子區潭陽里福潭路297號1樓,臺中市潭子區潭陽里,洪瑞鎮,89777243,股份有限公司,0770121,0770211,生產中,29機械設備製造業  ,293通用機械設備  
11508.csv,敬祐科技股份有限公司柳營廠,67002566,,臺南市柳營區大農里工七路2號,臺南市柳營區大農里,陳金福,24374056,股份有限公司,,1081204,生產中,22塑膠製品製造業  ,220塑膠製品  
11508.csv,斌智企業有限公司平鎮廠,68004257,,桃園市平鎮區南勢里南東路50巷9號(1樓),桃園市平鎮區南勢里,邱顯智,16002428,有限公司,,1100629,生產中,25金屬製品製造業  ,252金屬結構及建築組件、254金屬加工處理  
11508.csv,斗南鐵工廠,99653460,06910000088840,雲林縣斗南鎮北銘里文昌路一二二號,雲林縣斗南鎮北銘里,鄭志傑,63035203,獨資,0690306,0690306,生產中,24基本金屬製造業  ,241鋼鐵  
11508.csv,斗將鋼鐵有限公司,99694914,,新北市樹林區圳生里三俊街二五０、二五０之一號,新北市樹林區圳生里,彭德發,84805369,有限公司,,0941208,生產中,25金屬製品製造業、29機械設備製造業  ,259其他金屬製品、293通用機械設備  
11508.csv,新彬精密工業股份有限公司,99619311,07510001324361,新北市新莊區西盛里民安東路一二五巷一二號,新北市新莊區西盛里,廖正豪,22288196,股份有限公司,0751016,0850826,生產中,29機械設備製造業、25金屬製品製造業  ,293通用機械設備、251金屬刀具、手工具及模具  
11508.csv,新得實業股份有限公司,99630349,08010004100128,新竹縣新豐鄉上坑村坑子口１０４之８號,新竹縣新豐鄉上坑村,李梓能　　　,22392424,股份有限公司,0801205,0810408,生產中,29機械設備製造業、25金屬製品製造業  ,292其他專用機械設備、293通用機械設備、251金屬刀具、手工具及模具  
11508.csv,新紘科技股份有限公司,99713197,,臺中市石岡區土牛里豐勢路３９７巷３號,臺中市石岡區土牛里,曾淑櫻,28097390,股份有限公司,,0980320,生產中,24基本金屬製造業、25金屬製品製造業、28電力設備及配備製造業、29機械設備製造業、30汽車及其零件製造業、31其他運輸工具及其零件製造業  ,242鋁、251金屬刀具、手工具及模具、259其他金屬製品、289其他電力設備及配備、293通用機械設備、303汽車零件、312機車及其零件  
11508.csv,日紅實業股份有限公司二廠,99624131,08110003105333,桃園市龜山區兔坑里茶專一街124號（地下一樓、1、2樓）,桃園市龜山區兔坑里,張添連　　　,22806331,股份有限公司,0810728,0830128,生產中,11紡織業  ,114染整  
11508.csv,日紳食品有限公司,S6600168,,臺中市后里區公館里安眉路62-5號,臺中市后里區公館里,鍾欽智,24273260,有限公司,,1090617,生產中,08食品製造業  ,089其他食品  
11508.csv,旭宏電鍍股份有限公司,99659067,06210000008620,臺南市永康區甲頂里中正南路242巷16弄4號,臺南市永康區甲頂里,毛皇斐　　　,84175165,股份有限公司,0620124,0621226,生產中,25金屬製品製造業  ,254金屬加工處理  
11508.csv,旭富製藥科技股份有限公司桃園廠,99623565,07710000276242,桃園市蘆竹區濱海里13鄰海湖北路309巷61號,桃園市蘆竹區濱海里,翁維駿　　　,22662545,股份有限公司,0771006,0791121,生產中,19其他化學製品製造業、20藥品及醫用化學製品製造業  ,199未分類其他化學製品、200藥品及醫用化學製品  
11508.csv,旭寶鋼鐵有限公司,99713231,,臺中市外埔區三崁里三崁路６７－３號,臺中市外埔區三崁里,胡燕雀,28088104,有限公司,,0980423,生產中,25金屬製品製造業  ,252金屬結構及建築組件、259其他金屬製品  
11508.csv,旭寶鋼鐵有限公司一廠,66009076,,臺中市外埔區三崁里三崁路66之7號1樓,臺中市外埔區三崁里,胡燕雀,28088104,有限公司,,1100504,生產中,25金屬製品製造業、29機械設備製造業  ,252金屬結構及建築組件、259其他金屬製品、293通用機械設備  
11508.csv,旭尊實業有限公司,99665102,07810012148875,高雄市岡山區程香里岡燕路４８５巷９９號,高雄市岡山區程香里,周旭堂,88717514,有限公司,0791231,0791231,生產中,24基本金屬製造業  ,243銅  
11508.csv,旭臺鋼鐵有限公司,99674477,07710021001203,臺南市安南區新順里安和路2段318巷125弄45號,臺南市安南區新順里,蔡信泰,89889731,有限公司,0770803,0781219,生產中,25金屬製品製造業  ,254金屬加工處理  
11508.csv,昇立有限公司,65003645,,新北市樹林區圳生里俊安街59號,新北市樹林區圳生里,陳松榮,27306243,有限公司,,1031218,生產中,25金屬製品製造業、29機械設備製造業  ,259其他金屬製品、293通用機械設備  
11508.csv,昌利食品股份有限公司,09000648,105-10009-6001,雲林縣四湖鄉內湖村三塊厝60號,雲林縣四湖鄉內湖村,吳香,54132422,股份有限公司,1051222,1060215,生產中,08食品製造業  ,081肉類加工  
11508.csv,昌利食品股份有限公司二廠,09001101,11010009600028,雲林縣四湖鄉內湖村三塊厝60號,雲林縣四湖鄉內湖村,吳香,54132422,股份有限公司,1100309,1100406,生產中,08食品製造業  ,081肉類加工  
11508.csv,春源鋼鐵工業股份有限公司,64003974,7464037302,高雄市小港區山明里世全路5號,高雄市小港區山明里,楊祥生,11529802,股份有限公司,0740902,0750404,生產中,24基本金屬製造業、25金屬製品製造業  ,241鋼鐵、254金屬加工處理  
11508.csv,春源鋼鐵工業股份有限公司台中二廠,99720685,,臺中市西屯區協和里工業區37路20號,臺中市西屯區協和里,楊祥生,11529802,股份有限公司,,0990713,生產中,25金屬製品製造業  ,254金屬加工處理  
11508.csv,春源鋼鐵工業股份有限公司台中廠,99669250,07010000148640,臺中市南屯區寶山里工業區25路13號,臺中市南屯區寶山里,陳志恆,11529802,股份有限公司,0700730,0750115,生產中,25金屬製品製造業  ,259其他金屬製品  
11508.csv,春源鋼鐵工業股份有限公司台南廠,67003066,,臺南市安定區新吉里安新一路329號,臺南市安定區新吉里,楊祥生,11529802,股份有限公司,,1100712,生產中,25金屬製品製造業  ,254金屬加工處理  
11508.csv,環瑋健康科技國際企業股份有限公司,99636336,08810006190793,臺中市大甲區日南里幼獅路41號,臺中市大甲區日南里,邱平然,45883745,股份有限公司,0890804,,生產中,24基本金屬製造業、25金屬製品製造業、31其他運輸工具及其零件製造業、33其他製造業  ,242鋁、254金屬加工處理、313自行車及其零件、319未分類其他運輸工具及其零件、331育樂用品  
11508.csv,環瑋健康科技國際企業股份有限公司二廠,66011282,,臺中市大甲區日南里工九路6號,臺中市大甲區日南里,邱平然,45883745,股份有限公司,,1130620,生產中,24基本金屬製造業、25金屬製品製造業、31其他運輸工具及其零件製造業、33其他製造業  ,242鋁、254金屬加工處理、313自行車及其零件、319未分類其他運輸工具及其零件、331育樂用品、332醫療器材及用品  
11508.csv,生生種子股份有限公司,99673097,07310000124357,臺南市南區彰南里新忠路21號,臺南市南區彰南里,何泰然,69653069,股份有限公司,0730524,0730629,生產中,33其他製造業  ,339未分類其他製品  
11508.csv,生發不銹鋼工業股份有限公司,99684805,,臺南市永康區三民里和平路206巷22、26號,臺南市永康區三民里,歐陽富齡,23388047,股份有限公司,,0940811,生產中,24基本金屬製造業  ,241鋼鐵  
11508.csv,甲隆鋼鐵股份有限公司二廠,S6601518,,臺中市大甲區江南里東西八路1段93號,臺中市大甲區江南里,王毓琳,56633689,股份有限公司,,1091013,生產中,29機械設備製造業  ,291金屬加工用機械設備  
11508.csv,登裕機械有限公司,66010037,,臺中市神岡區豐洲里豐洲路456巷26弄16號,臺中市神岡區豐洲里,蕭宏振,24399438,有限公司,,1110531,生產中,25金屬製品製造業、29機械設備製造業  ,259其他金屬製品、293通用機械設備  
11508.csv,百惠塑膠工業有限公司中壢廠,03002421,,桃園市中壢區文化里松江南路9號及合江路2號,桃園市中壢區文化里,劉進忠,43871879,有限公司,,1030905,生產中,22塑膠製品製造業  ,220塑膠製品  
11508.csv,益佳電子有限公司,99627798,08410003224114,桃園市八德區大安里和平路六九二巷五四弄一二號一樓,桃園市八德區大安里,涂曉莉　　　,89659885,有限公司,0841016,0841023,生產中,26電子零組件製造業、28電力設備及配備製造業  ,289其他電力設備及配備、262被動電子元件、269其他電子零組件  
11508.csv,益業綠能科技股份有限公司,67001852,,臺南市官田區南廍里南廍106號,臺南市官田區南廍里,郭晶耀,54218743,股份有限公司,,1060821,生產中,24基本金屬製造業、25金屬製品製造業  ,242鋁、252金屬結構及建築組件、254金屬加工處理  
11508.csv,益郁實業有限公司,S6600172,,臺中市烏日區九德里中山路一段九如巷312之1號,臺中市烏日區九德里,王琨霖,24238784,有限公司,,1090525,生產中,23非金屬礦物製品製造業  ,239其他非金屬礦物製品  
11508.csv,盛浤有限公司,65000323,,新北市樹林區東山里東順街57巷30號1、2樓,新北市樹林區東山里,吳聲章,24288405,有限公司,,1000420,生產中,25金屬製品製造業、26電子零組件製造業  ,259其他金屬製品、269其他電子零組件  
11508.csv,睿士科技股份有限公司大園廠,68007528,,桃園市大園區內海里中山北路242號,桃園市大園區內海里,林松柏,27921155,股份有限公司,,1150421,生產中,25金屬製品製造業  ,259其他金屬製品  
11508.csv,研揚科技股份有限公司,99614243,08910001013380,新北市新店區寶福里寶橋路235巷131號5樓、5樓之1、之2、之3、之4、133號5樓、5樓之1、之2、之3、135號5樓、5樓之1、之2、之3、137號5樓、5樓之1、之2、之3、之4,新北市新店區寶福里,莊永順,53113073,股份有限公司,0890222,0890309,生產中,27電腦、電子產品及光學製品製造業、26電子零組件製造業  ,271電腦及其週邊設備、272通訊傳播設備、269其他電子零組件  
11508.csv,祥瑞實業社,99705935,,臺南市安南區安富里府安路5段157巷22弄54號,臺南市安南區安富里,許瑞錦,10464056,獨資,,0970526,生產中,24基本金屬製造業  ,241鋼鐵  
11508.csv,祥瑞金屬企業有限公司,S6601678,,臺中市神岡區豐洲里東洲路255-2號,臺中市神岡區豐洲里,呂小玉,80736572,有限公司,,1100205,生產中,24基本金屬製造業、25金屬製品製造業、30汽車及其零件製造業  ,242鋁、259其他金屬製品、303汽車零件  
11508.csv,彰格工業股份有限公司三廠,07002354,,彰化縣鹿港鎮海埔里海明街231巷31、33號,彰化縣鹿港鎮海埔里,楊永芳,59355251,股份有限公司,,1061030,生產中,24基本金屬製造業  ,243銅  
11508.csv,彰機鋼鐵機械股份有限公司,99648684,08710007132558,彰化縣員林市溝皂里中央路686巷14號,彰化縣員林市溝皂里,林特選,86436361,股份有限公司,0870727,0870902,生產中,29機械設備製造業  ,291金屬加工用機械設備  
11508.csv,彰毅企業股份有限公司,99647704,07610007053901,彰化縣伸港鄉新港村新港路４３號,彰化縣伸港鄉新港村,柯月智,22417706,股份有限公司,0760511,0761215,生產中,11紡織業  ,112織布  
11508.csv,得業鋼鐵有限公司,02000613,,宜蘭縣蘇澳鎮新城里中山路二段447號,宜蘭縣蘇澳鎮新城里,林慧青,42986917,有限公司,,1150731,生產中,25金屬製品製造業  ,254金屬加工處理  
11508.csv,德祁科技股份有限公司,65012410,,新北市土城區大安里忠承路109號6樓,新北市土城區大安里,蔡岳泰,82913172,股份有限公司,,1131227,生產中,33其他製造業  ,332醫療器材及用品  
11508.csv,必多農業資材社,08000261,,南投縣名間鄉大坑村武東巷3之6號,南投縣名間鄉大坑村,嚴彩瑄,72429903,獨資,,1070413,生產中,18化學材料及肥料製造業  ,183肥料及氮化合物  
11508.csv,必興實業股份有限公司,99661307,07710012096698,高雄市大寮區大寮里華東路76號,高雄市大寮區大寮里,石昭元,22117200,股份有限公司,0791231,0791231,生產中,18化學材料及肥料製造業、19其他化學製品製造業、24基本金屬製造業  ,181化學原材料、199未分類其他化學製品、243銅  
11508.csv,志誠鑄造廠股份有限公司,99633552,06610006067272,臺中市太平區中興里太平路658號,臺中市太平區中興里,蔡明孝,55874695,股份有限公司,0660601,,生產中,24基本金屬製造業  ,241鋼鐵  
11508.csv,志誠鑄造廠股份有限公司全興廠,07000701,,彰化縣伸港鄉溪底村興工路32號,彰化縣伸港鄉溪底村,蔡明孝,55874695,股份有限公司,,1011219,生產中,24基本金屬製造業  ,241鋼鐵  
11508.csv,思高美妝有限公司,99718703,,新北市新店區復興里民權路四二巷五九弄六號三樓,新北市新店區復興里,劉高皋,24222050,有限公司,,0970922,生產中,19其他化學製品製造業  ,193清潔用品及化粧品  
11508.csv,恆鉅工業有限公司,99662326,07710012097946,高雄市大寮區大寮里裕民街１７號,高雄市大寮區大寮里,郭錦城,28584005,有限公司,0791231,0791231,生產中,24基本金屬製造業  ,241鋼鐵  
11508.csv,意鑫合金工業股份有限公司後龍分公司,99677569,,苗栗縣後龍鎮溪洲里八鄰勝利路二九六號,苗栗縣後龍鎮溪洲里,范傳銘,27327508,股份有限公司,,0951005,生產中,24基本金屬製造業  ,241鋼鐵  
11508.csv,慧隆科技股份有限公司,68005476,,桃園市大園區內海里民權路2-2號,桃園市大園區內海里,周神安,42656562,股份有限公司,,1120522,生產中,24基本金屬製造業  ,243銅  
11508.csv,慧霖實業有限公司,68006892,,桃園市中壢區內厝里福全路157號,桃園市中壢區內厝里,藍平皓,24295588,有限公司,,1140721,生產中,22塑膠製品製造業  ,220塑膠製品  
11508.csv,慶盈工業有限公司,99657590,08810011312247,臺南市永康區尚頂里正南一街118巷20號,臺南市永康區尚頂里,鄭芯薇,16705243,有限公司,0881228,0881231,生產中,22塑膠製品製造業  ,220塑膠製品  
11508.csv,憶昌精密企業股份有限公司,99608680,07310001242512,新北市三重區永發里中正北路193巷21弄30號,新北市三重區永發里,呂新智,22246555,有限公司,0730922,0750913,生產中,27電腦、電子產品及光學製品製造業、32家具製造業、28電力設備及配備製造業、30汽車及其零件製造業、31其他運輸工具及其零件製造業、25金屬製品製造業、29機械設備製造業  ,320家具、285家用電器、259其他金屬製品、293通用機械設備、303汽車零件、312機車及其零件、277光學儀器及設備、275量測、導航、控制設備及鐘錶  
11508.csv,成川鋼管股份有限公司,99650458,07510007055570,彰化縣花壇鄉長沙村鳥松巷七號,彰化縣花壇鄉長沙村,周明龍,22082130,股份有限公司,0750628,0761230,生產中,24基本金屬製造業  ,241鋼鐵  
11508.csv,成川鋼管股份有限公司第二廠,99650492,08010007073334,彰化縣花壇鄉長沙村鳥松巷九號,彰化縣花壇鄉長沙村,周明龍,22082130,股份有限公司,0800708,0810706,生產中,24基本金屬製造業  ,241鋼鐵  
11508.csv,承泰鋼索五金行,65009594,,新北市新莊區化成里化成路5號之6(1樓),新北市新莊區化成里,吳炯泰,87765241,獨資,,1100720,生產中,25金屬製品製造業  ,251金屬刀具、手工具及模具、254金屬加工處理、259其他金屬製品  
11508.csv,承洋鋼鐵股份有限公司,S6800566,,桃園市蘆竹區新莊里大新路380巷86號,桃園市蘆竹區新莊里,林湘淳,84640085,股份有限公司,,1141120,生產中,25金屬製品製造業  ,254金屬加工處理  
11508.csv,技航科技股份有限公司柳科二廠,67003243,,臺南市柳營區大農里工七路8號,臺南市柳營區大農里,李秀真,28854746,股份有限公司,,1110318,生產中,25金屬製品製造業  ,259其他金屬製品  
11508.csv,捷流閥業股份有限公司(桃園廠),68001595,,桃園市觀音區樹林里經建四路2-36號,桃園市觀音區樹林里,楊大中,15877936,股份有限公司,,1061107,生產中,24基本金屬製造業  ,241鋼鐵  
11508.csv,政福鋼鐵股份有限公司,03002100,,桃園市觀音區富源里中觀路一段116號1樓,桃園市觀音區富源里,黃浩泓,70721038,股份有限公司,,1030102,生產中,29機械設備製造業  ,291金屬加工用機械設備  
11508.csv,政祥工業社,99668658,07710018120511,新竹市香山里大庄路１８６號,新竹市香山區香山里,韓碧玉　　　,66852971,獨資,0770610,0770708,生產中,28電力設備及配備製造業、24基本金屬製造業  ,243銅、249其他基本金屬、283電線及配線器材、289其他電力設備及配備  
11508.csv,政錩特殊鋼鐵股份有限公司,65001124,,新北市樹林區圳生里三俊街199巷7號,新北市樹林區圳生里,廖邱文,01356393,股份有限公司,,1010220,生產中,24基本金屬製造業  ,241鋼鐵  
11508.csv,斯登科股份有限公司,64008338,,高雄市大寮區會富街32巷37號,高雄市大寮區,許叄仁,24226345,股份有限公司,,1080225,生產中,29機械設備製造業  ,293通用機械設備  
11508.csv,斯特樂科技有限公司線材廠,64006870,,高雄市燕巢區深水里大成路95號,高雄市燕巢區深水里,劉清良,16713004,有限公司,,1020901,生產中,24基本金屬製造業  ,241鋼鐵  
11508.csv,新台塑膠工業股份有限公司中壢工廠,99625397,07310000296242,桃園市中壢區內定里松江北路10號,桃園市中壢區內定里,劉慶隆,04348947,股份有限公司,0731214,0750315,生產中,22塑膠製品製造業、30汽車及其零件製造業  ,220塑膠製品、303汽車零件  
11508.csv,新復興微波通訊股份有限公司新屋廠,99622434,07610003136004,桃園市新屋區望間里十五間四五號,桃園市新屋區望間里,張永輝　　　,45163295,股份有限公司,0761020,0761229,生產中,26電子零組件製造業  ,263印刷電路板  
11508.csv,新樺鋼鐵工業股份有限公司,10000396,,嘉義縣水上鄉大崙村20鄰大崙162號,嘉義縣水上鄉大崙村,曾明山,82956663,股份有限公司,,1081105,生產中,24基本金屬製造業、25金屬製品製造業  ,241鋼鐵、252金屬結構及建築組件、253金屬容器  
11508.csv,新欣國際陶瓷有限公司,S1000209,,嘉義縣新港鄉南港村南港117-86號,嘉義縣新港鄉南港村,張麗娥,24358669,有限公司,,1130919,生產中,23非金屬礦物製品製造業  ,232耐火、黏土建材及其他陶瓷製品  
11508.csv,新欣鋼鐵股份有限公司,99612416,08610001228294,新北市三重區五谷里光復路1段15巷11號,新北市三重區五谷里,呂萬得,16034300,股份有限公司,0860709,0860719,生產中,24基本金屬製造業  ,241鋼鐵  
11508.csv,新紋股份有限公司中壢廠,99722410,,桃園市中壢區芝芭里聖德路一段４２０號１樓,桃園市中壢區芝芭里,呂昇皇,28493899,股份有限公司,,0990402,生產中,29機械設備製造業  ,292其他專用機械設備、293通用機械設備  
11508.csv,日昇船舶科技有限公司,99662524,07410012092862,高雄市大寮區潮寮里建民街４３號,高雄市大寮區潮寮里,張富貴,76470425,有限公司,0791231,0791231,生產中,24基本金屬製造業  ,241鋼鐵  
11508.csv,旭展電線工業股份有限公司,99632430,06310005000708,苗栗縣造橋鄉大西村二鄰慈聖路二段二八五號,苗栗縣造橋鄉大西村,廖梃貽,84382565,股份有限公司,0630115,0630115,生產中,28電力設備及配備製造業  ,283電線及配線器材  
11508.csv,旭峰雷射股份有限公司,63020416,06063000065243,臺北市中山區新喜里民族東路二一八號一樓,臺北市中山區新喜里,陳柏廷,11250356,股份有限公司,0600518,0600615,生產中,16印刷及資料儲存媒體複製業  ,160印刷及資料儲存媒體複製  
11508.csv,旭崇企業股份有限公司,99624437,08710003266396,桃園市大溪區美華里１４鄰美山路一段180號,桃園市大溪區美華里,陳宏坤,23702432,股份有限公司,0870618,0870713,生產中,24基本金屬製造業  ,241鋼鐵  
11508.csv,旭崴精密有限公司,67002669,,臺南市永康區尚頂里中正南路242巷14號2樓,臺南市永康區尚頂里,李惠雯,54076603,有限公司,,1090414,生產中,25金屬製品製造業、29機械設備製造業  ,251金屬刀具、手工具及模具、293通用機械設備  
11508.csv,旭康印刷有限公司,99639176,08310006243808,臺中市太平區建興里鵬儀路461巷2號,臺中市太平區建興里,康良民,89841815,有限公司,0831017,0831114,生產中,16印刷及資料儲存媒體複製業  ,160印刷及資料儲存媒體複製  
11508.csv,昇億財企業有限公司,99663946,07610012095228,高雄市大寮區潮寮里田單六街３２號,高雄市大寮區潮寮里,林巧馨,85124050,有限公司,0791231,0791231,生產中,21橡膠製品製造業、22塑膠製品製造業、24基本金屬製造業  ,210橡膠製品、220塑膠製品、241鋼鐵  
11508.csv,昇元鋁業有限公司,99712217,,高雄市路竹區社西里大仁路８８３巷１５號,高雄市路竹區社西里,陳忠義,80228274,有限公司,,0970623,生產中,24基本金屬製造業  ,242鋁  
11508.csv,昇利鋼鐵工業股份有限公司八德廠,99627333,07710003144596,桃園市八德區大安里榮興路65號,桃園市八德區大安里,黃一倉　,22821500,股份有限公司,0771014,0780822,生產中,25金屬製品製造業  ,254金屬加工處理  
11508.csv,昇翰科技股份有限公司新埔廠,04001093,,新竹縣新埔鎮田新里文德路三段10巷100號,新竹縣新埔鎮田新里,胡秋英,24244744,股份有限公司,,1110926,生產中,22塑膠製品製造業、26電子零組件製造業、27電腦、電子產品及光學製品製造業、30汽車及其零件製造業  ,220塑膠製品、269其他電子零組件、273視聽電子產品、303汽車零件  
11508.csv,昇華工業股份有限公司,99678877,,彰化縣鹿港鎮海埔里鹿工路二八號,彰化縣鹿港鎮海埔里,劉俊吉,86402215,股份有限公司,,0920328,生產中,24基本金屬製造業  ,243銅  
11508.csv,昇華工業股份有限公司彰濱二廠,99680803,,彰化縣鹿港鎮海埔里鹿工北三路６號,彰化縣鹿港鎮海埔里,劉俊吉,86402215,股份有限公司,,0971028,生產中,24基本金屬製造業  ,243銅  
11508.csv,昌鑫鋼鐵工業有限公司,99696803,,新北市汐止區福德一路三九二巷一七號,新北市汐止區,楊憑榮,80401626,有限公司,,0960718,生產中,25金屬製品製造業  ,252金屬結構及建築組件、259其他金屬製品  
11508.csv,明鋒合金鋼廠,99633396,07410006100784,臺中市神岡區豐洲里豐洲路256巷28號,臺中市神岡區豐洲里,邱銘雄,09242541,合夥,0740617,0750816,生產中,29機械設備製造業  ,293通用機械設備  
11508.csv,春源鋼鐵工業股份有限公司新竹廠,99667864,07110000128513,新竹市香山區樹下里牛埔南路374巷5號,新竹市香山區樹下里,楊祥生,11529802,股份有限公司,0710818,0720516,生產中,24基本金屬製造業、25金屬製品製造業  ,241鋼鐵、254金屬加工處理  
11508.csv,春源鋼鐵工業股份有限公司土城一廠,99602994,07810000284781,新北市土城區沛陂里自由街三號,新北市土城區沛陂里,楊祥生,11529802,股份有限公司,0781012,0820515,生產中,24基本金屬製造業、25金屬製品製造業  ,241鋼鐵、254金屬加工處理、249其他基本金屬  
11508.csv,春源鋼鐵工業股份有限公司土城廠,99616169,07210000198448,新北市土城區日新里日新街51號,新北市土城區日新里,敖國義,11529802,股份有限公司,0721208,0851216,生產中,24基本金屬製造業、25金屬製品製造業  ,241鋼鐵、254金屬加工處理  
11508.csv,春源鋼鐵工業股份有限公司桃園廠,99627675,07310003096481,桃園市龜山區南美里南上路299號,桃園市龜山區南美里,楊祥生,11529802,股份有限公司,0730809,0731103,生產中,25金屬製品製造業  ,254金屬加工處理  
11508.csv,春源鋼鐵工業股份有限公司汐止廠,99616357,06910000031946,新北市汐止區保安里大同路3段565號,新北市汐止區保安里,張緯祥,11529802,股份有限公司,0580101,0851021,生產中,24基本金屬製造業、25金屬製品製造業、29機械設備製造業  ,241鋼鐵、254金屬加工處理、259其他金屬製品、293通用機械設備、291金屬加工用機械設備、251金屬刀具、手工具及模具  
11508.csv,春源鋼鐵工業股份有限公司特殊鋼高雄廠,64005965,,高雄市小港區山明里世全路５號,高雄市小港區山明里,敖國義,11529802,股份有限公司,,0941222,生產中,25金屬製品製造業  ,254金屬加工處理  
11508.csv,瑞進鋼鐵有限公司,S0701541,,彰化縣秀水鄉秀水村開南巷91號,彰化縣秀水鄉秀水村,梁淑芬,28664817,有限公司,,1101026,生產中,25金屬製品製造業  ,254金屬加工處理  
11508.csv,璋偉鋼鐵機械股份有限公司,99645661,07610000127027,彰化縣埔心鄉瓦南村柳橋東路１８６號,彰化縣埔心鄉瓦南村,曹坤蓮　,60288652,股份有限公司,0701002,0770526,生產中,29機械設備製造業  ,291金屬加工用機械設備  
11508.csv,璋欣鋼鐵股份有限公司,99647169,08410007004773,彰化縣和美鎮四張里和線路５０１號,彰化縣和美鎮四張里,陳立邦,86828893,股份有限公司,0840519,0840607,生產中,25金屬製品製造業  ,254金屬加工處理  
11508.csv,璋欣鋼鐵股份有限公司四廠,S0702213,,彰化縣線西鄉線西村中央路三段360號,彰化縣線西鄉線西村,陳立邦,86828893,股份有限公司,,1121204,生產中,25金屬製品製造業  ,252金屬結構及建築組件  
11508.csv,璋釔鋼鐵廠股份有限公司,99650603,07710007062263,彰化縣伸港鄉新港村新港路６０－２號,彰化縣伸港鄉新港村,雲宏裕,59315006,股份有限公司,0771128,0790305,生產中,24基本金屬製造業  ,241鋼鐵  
11508.csv,環祺實業有限公司永康廠,67002215,,臺南市永康區尚頂里中正南路307號,臺南市永康區尚頂里,楊素芬,24389430,有限公司,,1071116,生產中,25金屬製品製造業  ,252金屬結構及建築組件  
11508.csv,申伍鑄造股份有限公司二廠,S6602092,,臺中市神岡區溪洲里豐洲路1241、1241-3號,臺中市神岡區溪洲里,陳秀美,86568926,股份有限公司,,1130628,生產中,29機械設備製造業  ,291金屬加工用機械設備  
11508.csv,申伍鑄造股份有限公司三廠,66002960,,臺中市神岡區溪洲里神洲路852巷56號,臺中市神岡區溪洲里,陳秀美,86568926,股份有限公司,,1030811,生產中,24基本金屬製造業、29機械設備製造業  ,241鋼鐵、249其他基本金屬、293通用機械設備  
11508.csv,申伸鋼鐵工業有限公司,99642776,08410006162002,臺中市清水區下湳里菁埔路260號,臺中市清水區下湳里,蕭 瀅,89536060,有限公司,0840713,0840807,生產中,25金屬製品製造業  ,252金屬結構及建築組件  
11508.csv,登裕機械有限公司后里廠,66007592,,臺中市后里區后里里泉州路2之20號1樓,臺中市后里區后里里,蕭宏振,24399438,有限公司,,1080715,生產中,25金屬製品製造業、29機械設備製造業  ,259其他金屬製品、293通用機械設備  
11508.csv,登豐工業有限公司,99610535,07510001105027,新北市新莊區化成里化成路四三巷八二號一、二樓,新北市新莊區化成里,江震皇,22116096,有限公司,0750418,0750617,生產中,25金屬製品製造業、24基本金屬製造業、27電腦、電子產品及光學製品製造業  ,241鋼鐵、254金屬加工處理、274資料儲存媒體  
11508.csv,登鋐工程有限公司,66012412,,臺中市龍井區龍津里三港路500巷7號,臺中市龍井區龍津里,黃家偉,96826711,有限公司,,1150508,生產中,25金屬製品製造業  ,252金屬結構及建築組件  
11508.csv,皓澤精密股份有限公司八德廠,65000243,,新北市樹林區山佳里八德街506號(1樓),新北市樹林區山佳里,彭千瑜,25037953,股份有限公司,,1000331,生產中,25金屬製品製造業、26電子零組件製造業、27電腦、電子產品及光學製品製造業、28電力設備及配備製造業、29機械設備製造業、30汽車及其零件製造業  ,252金屬結構及建築組件、269其他電子零組件、271電腦及其週邊設備、289其他電力設備及配備、293通用機械設備、303汽車零件  
11508.csv,盛濠精密企業社,66007622,,臺中市南區樹義里文心南路841巷7號1樓,臺中市南區樹義里,吳麗華,82472415,獨資,,1080724,生產中,25金屬製品製造業、29機械設備製造業  ,259其他金屬製品、293通用機械設備  
11508.csv,盛灃塑膠有限公司,65012765,,新北市新莊區頭前里化成路195巷7號之1,新北市新莊區頭前里,嚴淑珍,24220905,有限公司,,1140528,生產中,11紡織業、22塑膠製品製造業  ,115紡織品、220塑膠製品  
11508.csv,研達科技有限公司,99621989,,桃園市蘆竹區長興里南崁路二段228巷266弄28號,桃園市蘆竹區長興里,王崇仁,16986243,有限公司,,0900920,生產中,24基本金屬製造業  ,241鋼鐵  
11508.csv,祈茂實業有限公司,99601652,07610001224349,新北市汐止區環河里福德一路四０五巷一一號,新北市汐止區環河里,許意盛,22181906,有限公司,0760811,0760918,生產中,29機械設備製造業、25金屬製品製造業、28電力設備及配備製造業、24基本金屬製造業  ,259其他金屬製品、283電線及配線器材、293通用機械設備、241鋼鐵  
11508.csv,祐佳鋁材股份有限公司,99639924,08610006066041,臺中市太平區中興里永義一二街13號1樓 ,臺中市太平區中興里,蔡銘展,97385579,股份有限公司,0860324,0860417,生產中,24基本金屬製造業  ,242鋁、243銅  
11508.csv,神鼎精密股份有限公司五股廠,65013241,,新北市五股區興珍里五權五路24號,新北市五股區興珍里,楊敬士,60674757,股份有限公司,,1141226,生產中,25金屬製品製造業、27電腦、電子產品及光學製品製造業、29機械設備製造業、30汽車及其零件製造業、31其他運輸工具及其零件製造業  ,259其他金屬製品、271電腦及其週邊設備、293通用機械設備、303汽車零件、312機車及其零件  
11508.csv,祥發金屬工業股份有限公司觀音廠,99622082,08010000083133,桃園市觀音區富林里成功路二段933號,桃園市觀音區富林里,謝時化　　　,22112438,股份有限公司,0800816,0840815,生產中,25金屬製品製造業、26電子零組件製造業、30汽車及其零件製造業、31其他運輸工具及其零件製造業  ,251金屬刀具、手工具及模具、269其他電子零組件、302車體、303汽車零件、312機車及其零件  
11508.csv,祥發金屬工業股份有限公司電著塗裝廠,99622075,08510000406317,桃園市觀音區樹林里成功路二段九三一之一號,桃園市觀音區樹林里,謝時化　　　,22112438,有限公司,0850708,0860610,生產中,30汽車及其零件製造業、29機械設備製造業、25金屬製品製造業  ,303汽車零件、293通用機械設備、254金屬加工處理  
11508.csv,祥益昌企業有限公司,07003218,,彰化縣田中鎮新庄里中山街105巷32號1樓,彰化縣田中鎮新庄里,陳金璋,24233205,有限公司,,1080708,生產中,25金屬製品製造業  ,259其他金屬製品  
11508.csv,祥益材料科技股份有限公司,99704593,,臺中市龍井區龍津里臨港路一段886巷111號,臺中市龍井區龍津里,陳名賢,89923267,股份有限公司,,0961212,生產中,18化學材料及肥料製造業、24基本金屬製造業  ,181化學原材料、183肥料及氮化合物、241鋼鐵  
11508.csv,彰源企業股份有限公司,99653213,07310000257496,雲林縣斗六市榴中里工業路一二二號,雲林縣斗六市榴中里,張炳耀,60330130,股份有限公司,0731120,0750128,生產中,24基本金屬製造業  ,241鋼鐵  
11508.csv,彰源企業股份有限公司員林工廠,99645789,08710000906282,彰化縣員林市中央里中央路480號,彰化縣員林市中央里,張炳耀　,60330130,股份有限公司,0870713,0881116,生產中,24基本金屬製造業  ,241鋼鐵  
11508.csv,復興科技有限公司,66012243,,臺中市西屯區協和里工業區一路127號,臺中市西屯區協和里,林蒲陽,25009464,有限公司,,1150115,生產中,19其他化學製品製造業  ,193清潔用品及化粧品  
11508.csv,德山貿易股份有限公司二廠,07003306,,彰化縣線西鄉溝內村彰濱東二路22號,彰化縣線西鄉溝內村,李基福,24390350,股份有限公司,,1080820,生產中,15紙漿、紙及紙製品製造業  ,159其他紙製品  
11508.csv,德峰精密工業有限公司,99613638,07810001173271,新北市樹林區圳生里俊安街六六巷四號,新北市樹林區圳生里,黃姝,23374276,有限公司,0780706,0780720,生產中,24基本金屬製造業  ,242鋁、243銅  
11508.csv,德川供應鏈整合股份有限公司二廠,68007241,,桃園市桃園區三元里大有路38號,桃園市桃園區三元里,簡旭旗,97008627,股份有限公司,,1141219,生產中,29機械設備製造業  ,293通用機械設備  
11508.csv,德竑鞋業有限公司,66006539,,臺中市大雅區上楓里民權街32號1樓,臺中市大雅區上楓里,吳麗琴,53472416,有限公司,,1070621,生產中,13皮革、毛皮及其製品製造業  ,130皮革、毛皮及其製品  
11508.csv,志一企業股份有限公司,64004827,8064035341,高雄市小港區小港里光和路37號,高雄市小港區小港里,黃侯玉花,83405610,股份有限公司,0800711,0820517,生產中,24基本金屬製造業  ,241鋼鐵  
11508.csv,志鋼有限公司,99652411,06710000068968,南投縣南投市平山里自強一路20號,南投縣南投市平山里,施銘芳,61920943,有限公司,0580101,0580101,生產中,25金屬製品製造業、29機械設備製造業  ,252金屬結構及建築組件、293通用機械設備  
11508.csv,恊發木業有限公司,99622407,06710000084362,桃園市桃園區西埔里永安路１２３２之１號,桃園市桃園區西埔里,林贒酉,24213405,有限公司,0670526,0680602,生產中,14木竹製品製造業  ,140木竹製品  
11508.csv,悠得菌相有限公司,65012421,,新北市新店區復興里中正路540之1號3樓,新北市新店區復興里,邱振傑,90115377,有限公司,,1140103,生產中,08食品製造業  ,083蔬果加工、085乳品  
11508.csv,慶福鋼鐵股份有限公司,99707891,,桃園市八德區茄苳里茄苳路806號、818號,桃園市八德區茄苳里,李秀戀,89364593,股份有限公司,,0971024,生產中,29機械設備製造業  ,292其他專用機械設備  
11508.csv,慶程企業有限公司,S6603060,,臺中市清水區楊厝里和睦路二段272、278號,臺中市清水區楊厝里,陳慶鐵,24233227,有限公司,,1150105,生產中,23非金屬礦物製品製造業  ,231玻璃及其製品  
11508.csv,成捷工業股份有限公司,99637009,08010006174977,臺中市潭子區潭秀里潭富路一段一四四巷九號,臺中市潭子區潭秀里,方明坤,84242903,股份有限公司,0800913,0810310,生產中,29機械設備製造業  ,293通用機械設備  
11508.csv,成旺企業有限公司大發廠,99712058,,高雄市大寮區大寮里裕民街１２號,高雄市大寮區大寮里,蔣進福,22829284,有限公司,,0961116,生產中,25金屬製品製造業、24基本金屬製造業  ,254金屬加工處理、242鋁、243銅  
11508.csv,房記企業社,99629410,08310003213357,桃園市中壢區龍德里龍興路401巷30、30之1號,桃園市中壢區龍德里,房家豪,02666939,獨資,0831222,0840120,生產中,25金屬製品製造業、29機械設備製造業、24基本金屬製造業  ,252金屬結構及建築組件、241鋼鐵、293通用機械設備  
11508.csv,才生興業有限公司,99664426,08010012007804,高雄市大社區中里里三民路62巷35號,高雄市大社區中里里,蘇志源,24254003,有限公司,0800124,0800226,生產中,11紡織業、12成衣及服飾品製造業  ,115紡織品、121成衣、123服飾品  
11508.csv,承潁有限公司,S0900372,,雲林縣土庫鎮南平里和平街38巷22號,雲林縣土庫鎮南平里,張志嘉,12922418,有限公司,,1140307,生產中,25金屬製品製造業  ,259其他金屬製品  
11508.csv,承濃實業有限公司,S0702242,,彰化縣和美鎮嘉犁里東原路349巷21號,彰化縣和美鎮嘉犁里,曾淑珍,82965620,有限公司,,1130117,生產中,11紡織業  ,115紡織品  
11508.csv,技高企業社,65007587,,新北市新莊區化成路325巷23號1樓,新北市新莊區,陳俊雄,02420984,獨資,,1080305,生產中,25金屬製品製造業  ,251金屬刀具、手工具及模具  
11508.csv,振通股份有限公司,99644880,,臺中市豐原區南村里水源路395巷45弄9號,臺中市豐原區南村里,羅東明,55957490,股份有限公司,,0920801,生產中,24基本金屬製造業  ,241鋼鐵  
11508.csv,捷瑞光電有限公司,65012429,,新北市三重區中興里重新路5段639之1號3樓,新北市三重區中興里,黃秀枝,24610761,有限公司,,1140106,生產中,26電子零組件製造業  ,269其他電子零組件  
11508.csv,揚翰精機有限公司,99613979,08110001035243,新北市樹林區和平里樹中街16號,新北市樹林區和平里,葉進興,22695905,有限公司,0810225,0810306,生產中,25金屬製品製造業、29機械設備製造業、26電子零組件製造業  ,259其他金屬製品、293通用機械設備、264光電材料及元件、269其他電子零組件  
11508.csv,政茂輪胎行,07005874,,彰化縣埤頭鄉崙子村彰水路三段647號1樓,彰化縣埤頭鄉崙子村,楊忠祐,24165585,獨資,,1140106,生產中,25金屬製品製造業、30汽車及其零件製造業  ,254金屬加工處理、259其他金屬製品、303汽車零件  
11508.csv,政茂鋼鐵有限公司,S6800559,,桃園市中壢區山東里山東路125、125-1號,桃園市中壢區山東里,陳伯森,25075246,有限公司,,1141110,生產中,25金屬製品製造業  ,254金屬加工處理  
11508.csv,數可科技股份有限公司,63022417,,臺北市內湖區港墘里洲子街八十八號二樓之一,臺北市內湖區港墘里,周明智,80519456,股份有限公司,,1060419,生產中,22塑膠製品製造業、22塑膠製品製造業、25金屬製品製造業、33其他製造業、31其他運輸工具及其零件製造業  ,220塑膠製品、251金屬刀具、手工具及模具、332醫療器材及用品、319未分類其他運輸工具及其零件  
11508.csv,新懋鋼鐵股份有限公司,07002314,,彰化縣埔鹽鄉天盛村天德南路130號1樓,彰化縣埔鹽鄉天盛村,王瑞珠,56681416,股份有限公司,,1060922,生產中,25金屬製品製造業  ,252金屬結構及建築組件  
11508.csv,新綠築國際企業有限公司平鎮廠,68006984,,桃園市平鎮區北貴里關爺東路37巷10號(1樓),桃園市平鎮區北貴里,林劉斌,53362430,有限公司,,1140825,生產中,32家具製造業  ,320家具  
11508.csv,新達織帶編網廠股份有限公司,99647882,06210000103565,彰化縣鹿港鎮埔崙里海浴路３８６號,彰化縣鹿港鎮埔崙里,陳煥新　,23392422,股份有限公司,0580101,0640623,生產中,11紡織業  ,115紡織品  
11508.csv,日昕有限公司,99699074,,嘉義市東區後湖里保忠一街１００巷３０號,嘉義市東區後湖里,羅靜俊,24265000,有限公司,,0980205,生產中,30汽車及其零件製造業、29機械設備製造業  ,303汽車零件、293通用機械設備  
11508.csv,日春齒輪有限公司,S0701318,,彰化縣員林市源潭里南潭路408號,彰化縣員林市源潭里,鄭柏源,24287118,有限公司,,1090921,生產中,29機械設備製造業  ,293通用機械設備  
11508.csv,日茂電子有限公司新莊廠,65010962,,新北市新莊區西盛里新樹路234巷2號3樓,新北市新莊區西盛里,林焜岳,50855902,有限公司,,1120301,生產中,24基本金屬製造業  ,242鋁、243銅、249其他基本金屬  
11508.csv,旭強鋼鐵有限公司,99700386,,新竹縣湖口鄉中正村中正路二段１９０號,新竹縣湖口鄉中正村,羅貴美,28553002,有限公司,,0960416,生產中,25金屬製品製造業  ,252金屬結構及建築組件  
11508.csv,昇華金屬企業股份有限公司,99672923,07710020089243,嘉義市東區後湖里保忠三街２７巷６２號,嘉義市東區後湖里,王春風,22953614,股份有限公司,0770715,0790903,生產中,32家具製造業  ,320家具  
11508.csv,昇裕企業股份有限公司,S6401054,,高雄市阿蓮區復安里復安55-18號,高雄市阿蓮區復安里,黃秀鳳,86965241,股份有限公司,,1130112,生產中,25金屬製品製造業  ,259其他金屬製品  
11508.csv,昌展鋁業股份有限公司,99707306,,桃園市觀音區廣興里觀泉路30號,桃園市觀音區廣興里,林清水,27840180,股份有限公司,,0961112,生產中,24基本金屬製造業  ,242鋁  
11508.csv,昌靖興業股份有限公司,99645426,,彰化縣鹿港鎮海埔里鹿工南二路２７號,彰化縣鹿港鎮海埔里,吳佳興,70586194,股份有限公司,,0900731,生產中,24基本金屬製造業  ,241鋼鐵  
11508.csv,昌靖興業股份有限公司二廠,99645589,08910000904386,彰化縣鹿港鎮海埔里鹿工北二路６號,彰化縣鹿港鎮海埔里,吳佳興,70586194,股份有限公司,0890719,0890825,生產中,24基本金屬製造業  ,241鋼鐵  
11508.csv,明錡紙業包裝有限公司,99600938,06910000241857,新北市土城區沛陂里勝利街一０巷四號,新北市土城區沛陂里,蔡明璋,86207629,有限公司,0580101,0710112,生產中,15紙漿、紙及紙製品製造業  ,152瓦楞紙板及紙容器  
11508.csv,易良鋼鐵有限公司,05000035,,苗栗縣苗栗市文聖里20鄰經國路六段216號,苗栗縣苗栗市文聖里,李宏潔,89562340,有限公司,,1000512,生產中,25金屬製品製造業  ,254金屬加工處理  
11508.csv,易良興鋼鐵有限公司,05000111,,苗栗縣苗栗市文聖里二０鄰經國路六段二０八號,苗栗縣苗栗市文聖里,邱菊美,53484124,有限公司,,1011114,生產中,25金屬製品製造業  ,254金屬加工處理  
11508.csv,易良鋼鐵有限公司後龍廠,S0500190,,苗栗縣後龍鎮大庄里中山路681號,苗栗縣後龍鎮大庄里,李宏潔,89562340,有限公司,,1120821,生產中,25金屬製品製造業、33其他製造業  ,254金屬加工處理、339未分類其他製品  
11508.csv,星美行鋼鐵股份有限公司,09000592,10510009600046,雲林縣北港鎮新街里民樂路221號,雲林縣北港鎮新街里,許戎尉,86978772,股份有限公司,1050517,1050601,生產中,25金屬製品製造業  ,251金屬刀具、手工具及模具、259其他金屬製品  
11508.csv,瑞鈺工業有限公司,99713202,,臺中市霧峰區六股里六股路１９０－７號,臺中市霧峰區六股里,賴雪勤,24367533,有限公司,,0980326,生產中,22塑膠製品製造業  ,220塑膠製品  
11508.csv,瑞鋒國際有限公司,99665492,,高雄市鳥松區仁美里美山路６８號,高雄市鳥松區仁美里,宋瑞文,13170528,有限公司,,0911001,生產中,24基本金屬製造業  ,241鋼鐵  
11508.csv,璟元光電有限公司,S6700450,,臺南市安定區嘉同里嘉榮路628巷53號,臺南市安定區嘉同里,張郡瑋,54079165,有限公司,,1090821,生產中,24基本金屬製造業  ,242鋁  
11508.csv,環菱重工股份有限公司,99712429,,高雄市大寮區中庄里鳳屏一路７３８號,高雄市大寮區中庄里,劉旭原,86447923,股份有限公司,,0980417,生產中,28電力設備及配備製造業、29機械設備製造業  ,281發電、輸電及配電機械、292其他專用機械設備、293通用機械設備  
11508.csv,申成興業股份有限公司,99655273,07310000241165,嘉義縣太保市過溝里嘉太工業區光復路１１號,嘉義縣太保市過溝里,郭黃美玉,66654775,股份有限公司,0730827,0740422,生產中,24基本金屬製造業  ,241鋼鐵  
11508.csv,皆達國際股份有限公司燕巢廠,99662816,08110012148192,高雄市燕巢區安招里中民路７９３巷４號,高雄市燕巢區安招里,尹純綢,22480637,股份有限公司,0811015,0811028,生產中,24基本金屬製造業、29機械設備製造業、30汽車及其零件製造業、31其他運輸工具及其零件製造業  ,241鋼鐵、292其他專用機械設備、312機車及其零件、303汽車零件  
11508.csv,益利達資源科技股份有限公司,99704738,,高雄市仁武區仁武里工業二路２５號,高雄市仁武區仁武里,陳文盛,80366000,股份有限公司,,0940617,生產中,18化學材料及肥料製造業、23非金屬礦物製品製造業、24基本金屬製造業  ,184塑膠及合成橡膠原料、231玻璃及其製品、241鋼鐵、242鋁、243銅、249其他基本金屬  
11508.csv,益利達鋼鐵有限公司,99676062,,嘉義縣民雄鄉興南村工業三路20之4號,嘉義縣民雄鄉興南村,葉俊宏,80138978,有限公司,,0971223,生產中,25金屬製品製造業  ,254金屬加工處理  
11508.csv,益泰鋼纜有限公司,99632682,06310005141422,苗栗縣通霄鎮新埔里四鄰二三之二號,苗栗縣通霄鎮新埔里,黃文生,49668374,有限公司,0631008,0640417,生產中,24基本金屬製造業  ,241鋼鐵  
11508.csv,益鋐昌企業社,07006243,,彰化縣伸港鄉什股村什股路83之6號1樓,彰化縣伸港鄉什股村,秦誌宏,60823855,獨資,,1141118,生產中,25金屬製品製造業、29機械設備製造業  ,252金屬結構及建築組件、254金屬加工處理、259其他金屬製品、293通用機械設備  
11508.csv,盛發興食品股份有限公司,99709516,,雲林縣斗六市榴中里民享街1號,雲林縣斗六市榴中里,顏秀英,24236759,股份有限公司,,0980519,生產中,08食品製造業  ,085乳品  
11508.csv,盛益鋼鐵有限公司,S6603225,,臺中市大里區新里里大里路498之2號,臺中市大里區新里里,傅文有,96896770,有限公司,,1150428,生產中,25金屬製品製造業  ,254金屬加工處理  
11508.csv,盛真企業有限公司大發廠,99663289,08810000063866,高雄市大寮區大寮里華東路８６號,高雄市大寮區大寮里,洪石瓶,96906735,有限公司,0880517,0881018,生產中,24基本金屬製造業  ,241鋼鐵  
11508.csv,盧山興業股份有限公司屏東廠,13000242,,屏東縣萬丹鄉社上村萬丹路3段345號,屏東縣萬丹鄉社上村,郭文南,85851071,股份有限公司,,1031226,生產中,22塑膠製品製造業  ,220塑膠製品  
11508.csv,目鏡自動化有限公司,99611595,06910000084295,新北市鶯歌區南靖里文化路三二四巷一一號,新北市鶯歌區南靖里,詹金龍,34294757,有限公司,0580101,0690313,生產中,29機械設備製造業、25金屬製品製造業、24基本金屬製造業  ,241鋼鐵、254金屬加工處理、292其他專用機械設備  
11508.csv,碁傑鋼鐵工業股份有限公司楊梅廠,99626110,08210003209732,桃園市楊梅區永寧里老莊路二二八號,桃園市楊梅區永寧里,劉德華,23974525,股份有限公司,0821229,0830119,生產中,25金屬製品製造業  ,254金屬加工處理  
11508.csv,碁品企業股份有限公司,09000961,,雲林縣斗南鎮小東里延平路一段66號,雲林縣斗南鎮小東里,陳信瑋,27492422,股份有限公司,,1090219,生產中,22塑膠製品製造業  ,220塑膠製品  
11508.csv,祐增企業有限公司,66012382,,臺中市太平區宜欣里宜昌東路5巷14號,臺中市太平區宜欣里,張沼容,24207038,有限公司,,1150422,生產中,25金屬製品製造業  ,251金屬刀具、手工具及模具  
11508.csv,祥盛工業有限公司,99630385,08110004025721,新竹縣竹北市泰和里環北路二段243巷6號,新竹縣竹北市泰和里,劉金菊　　,22490728,有限公司,0810413,0820518,生產中,25金屬製品製造業、29機械設備製造業  ,252金屬結構及建築組件、253金屬容器、259其他金屬製品、293通用機械設備、291金屬加工用機械設備、292其他專用機械設備  
11508.csv,彰濱企業有限公司,99648612,08110000070164,彰化縣伸港鄉溪底村興工路４９號,彰化縣伸港鄉溪底村,黃啟揚,24381319,有限公司,0810114,0821111,生產中,22塑膠製品製造業、25金屬製品製造業、26電子零組件製造業、29機械設備製造業  ,220塑膠製品、259其他金屬製品、269其他電子零組件、291金屬加工用機械設備  
11508.csv,復郁機械有限公司,S6400601,,高雄市梓官區赤崁里赤崁北路652巷49號,高雄市梓官區赤崁里,王木,22524142,有限公司,,1090915,生產中,29機械設備製造業  ,292其他專用機械設備  
11508.csv,德式馬企業股份有限公司,63021483,08963000026293,臺北市內湖區港墘里洲子街六十五號三樓,臺北市內湖區港墘里,黃華德,04241868,股份有限公司,0890202,0890330,生產中,12成衣及服飾品製造業  ,121成衣  
11508.csv,德美玻璃股份有限公司大園廠,99624236,08810000809414,桃園市大園區內海里民權路2號及2-1號,桃園市大園區內海里,陳彥嘉,16906115,股份有限公司,0880714,0890309,生產中,23非金屬礦物製品製造業  ,231玻璃及其製品  
11508.csv,志勤科技股份有限公司,65011243,,新北市中和區平河里建一路176號17樓,新北市中和區平河里,陳威錦,90877086,股份有限公司,,1120705,生產中,26電子零組件製造業  ,269其他電子零組件  
11508.csv,志青企業社,63022431,,臺北市南港區三重里松河街六五八號,臺北市南港區三重里,闕志文,05422710,獨資,,1061030,生產中,29機械設備製造業、30汽車及其零件製造業  ,291金屬加工用機械設備、303汽車零件  
11508.csv,志順企業股份有限公司平鎮二廠,68002122,,桃園市平鎮區湧安里工業十路19號,桃園市平鎮區湧安里,陳志順,34124297,股份有限公司,,1070806,生產中,22塑膠製品製造業  ,220塑膠製品  
11508.csv,志順企業股份有限公司平鎮廠,99625740,06910000093222,桃園市平鎮區湧光里工業十二路2號,桃園市平鎮區湧光里,陳志順,34124297,股份有限公司,0580101,0700814,生產中,22塑膠製品製造業、33其他製造業  ,220塑膠製品、332醫療器材及用品  
11508.csv,怡宏機械有限公司,66003772,,臺中市太平區太平里永豐路119號,臺中市太平區太平里,陳怡樺,24220378,有限公司,,1040629,生產中,25金屬製品製造業、29機械設備製造業  ,259其他金屬製品、293通用機械設備  
11508.csv,恒佳實業有限公司,99722588,,桃園市新屋區九斗里中華南路1段370號,桃園市新屋區九斗里,鍾定佐,24254643,有限公司,,0990804,生產中,08食品製造業  ,089其他食品  
11508.csv,愛家康養有限公司,05000578,,苗栗縣苗栗市水源里8鄰育民街39號,苗栗縣苗栗市水源里,陳秋桃,24220454,有限公司,,1090729,生產中,08食品製造業  ,083蔬果加工、086碾榖、磨粉及澱粉製品、089其他食品  
11508.csv,慶利食品有限公司,99694764,,新北市土城區日和里中央路一段三六五巷一弄一七號,新北市土城區日和里,王仲壽,24282330,有限公司,,0941102,生產中,08食品製造業  ,089其他食品  
11508.csv,懃佑鋼鐵有限公司龜山二廠,03002338,,桃園市龜山區龍壽里東萬壽路662號,桃園市龜山區龍壽里,鄭禮易,89901974,有限公司,,1030721,生產中,25金屬製品製造業  ,252金屬結構及建築組件  
11508.csv,懃佑鋼鐵有限公司,68007536,,桃園市龜山區龍壽里東萬壽路642巷18號,桃園市龜山區龍壽里,鄭禮易,89901974,有限公司,,1150424,生產中,25金屬製品製造業  ,252金屬結構及建築組件、259其他金屬製品  
11508.csv,懃佑鋼鐵有限公司龜山一廠,68007566,,桃園市龜山區龍壽里東萬壽路642巷18號二樓,桃園市龜山區龍壽里,鄭禮易,89901974,有限公司,,1150508,生產中,25金屬製品製造業  ,252金屬結構及建築組件、254金屬加工處理  
11508.csv,振暘鋁業有限公司,S1000076,,嘉義縣太保市田尾里溪南1-10號,嘉義縣太保市田尾里,陳勇旻,89880703,有限公司,,1090601,生產中,24基本金屬製造業、24基本金屬製造業  ,242鋁  
11508.csv,振鈁有限公司,04000633,,新竹縣竹北市泰和里環北路二段243巷26號,新竹縣竹北市泰和里,黃之沂,12644225,有限公司,,1070122,生產中,08食品製造業  ,089其他食品、081肉類加工  
11508.csv,振郁興業有限公司,99674685,07610021000602,臺南市安平區平通里健康三街592巷49號,臺南市安平區平通里,何坤政,22414172,有限公司,0760403,0760731,生產中,25金屬製品製造業  ,251金屬刀具、手工具及模具  
11508.csv,振銓實業有限公司,07000264,,彰化縣和美鎮南佃里彰草路三段202號,彰化縣和美鎮南佃里,林雅莉,24248376,有限公司,,1000813,生產中,25金屬製品製造業  ,259其他金屬製品  
11508.csv,揚銘鋼鐵股份有限公司,99621829,07810003004966,桃園市平鎮區新富里中豐路一七二號,桃園市平鎮區新富里,余奕新　,23194252,股份有限公司,0780301,0790728,生產中,29機械設備製造業  ,293通用機械設備  
11508.csv,揚鋼鑄造股份有限公司彰濱廠,07004347,,彰化縣線西鄉塭仔村慶安南三路13號,彰化縣線西鄉塭仔村,陳定國,22806206,股份有限公司,,1100705,生產中,24基本金屬製造業  ,241鋼鐵  
11508.csv,政裕鋼鐵股份有限公司,99630600,08110004027927,新竹縣竹東鎮雞林里大明路228號,新竹縣竹東鎮雞林里,傅建榮,48400125,股份有限公司,0811124,0820803,生產中,24基本金屬製造業  ,241鋼鐵  
11508.csv,文來金屬工業股份有限公司,99617741,06210000090473,新北市三重區中興里中興北街四二巷四一號,新北市三重區中興里,黃葉寶鳳,04445477,股份有限公司,0580101,0650219,生產中,24基本金屬製造業、28電力設備及配備製造業  ,241鋼鐵、283電線及配線器材、289其他電力設備及配備  
11508.csv,新丸有限公司,65003637,,新北市三重區永發里力行路2段16號1樓,新北市三重區永發里,陳皇如,24241205,有限公司,,1031216,生產中,22塑膠製品製造業、29機械設備製造業  ,220塑膠製品、293通用機械設備  
11508.csv,新吉豐碾米工廠,99678479,05810000012436,彰化縣花壇鄉花壇村花壇街一五０號,彰化縣花壇鄉花壇村,張宏吉,58535805,獨資,0580101,0590424,生產中,08食品製造業  ,086碾榖、磨粉及澱粉製品  
11508.csv,新承鋁合金股份有限公司,99711389,,臺南市仁德區仁義里中山路48巷11、13、15號,臺南市仁德區仁義里,陳芊樺,12799472,股份有限公司,,0970131,生產中,24基本金屬製造業  ,242鋁  
11508.csv,新承鋼鐵股份有限公司,65009978,,新北市樹林區東山里東豐街85號,新北市樹林區東山里,郭禮寬,83628936,股份有限公司,,1101201,生產中,25金屬製品製造業  ,254金屬加工處理、259其他金屬製品  
11508.csv,新永順精機股份有限公司,99662436,08210012111477,高雄市路竹區社南里大同路５１３巷１００號,高雄市路竹區社南里,蘇文賢,22671468,股份有限公司,0820713,0830815,生產中,25金屬製品製造業  ,259其他金屬製品  
11508.csv,新翊有限公司,65005761,,新北市新莊區西盛里瓊林南路173巷7號(1、2樓),新北市新莊區西盛里,張竣智,24214609,有限公司,,1060320,生產中,25金屬製品製造業、21橡膠製品製造業  ,251金屬刀具、手工具及模具、210橡膠製品  
11508.csv,新銘鋼鐵有限公司大園廠,99688571,,桃園市大園區田心里大觀路178號,桃園市大園區田心里,林化,86653514,有限公司,,0940905,生產中,25金屬製品製造業  ,254金屬加工處理  
11508.csv,日信鑄造有限公司大豐廠,S6601697,,臺中市潭子區大豐里潭富路二段298號,臺中市潭子區大豐里,林火茂,22699965,有限公司,,1100407,生產中,24基本金屬製造業  ,241鋼鐵  
11508.csv,日昭電子股份有限公司三廠,65005166,,新北市新莊區西盛里新樹路234巷2號1、2樓,新北市新莊區西盛里,陳建銘,22692506,股份有限公司,,1050808,生產中,24基本金屬製造業  ,242鋁、243銅、249其他基本金屬  
11508.csv,日昭電子股份有限公司新莊廠,65010965,,新北市新莊區西盛里新樹路240號5樓,新北市新莊區西盛里,陳建銘,22692506,股份有限公司,,1120301,生產中,24基本金屬製造業  ,242鋁、243銅、249其他基本金屬  
11508.csv,日薪企業社,68002422,,桃園市新屋區東明里埔工路288號（1樓）,桃園市新屋區東明里,呂榮哲,01753772,獨資,,1071219,生產中,08食品製造業  ,087動物飼品  
11508.csv,旭悅鋼鐵有限公司,15000214,,花蓮縣花蓮市民心里華西106之16號,花蓮縣花蓮市民心里,巫俊良,54043104,有限公司,,1141105,生產中,25金屬製品製造業、25金屬製品製造業  ,254金屬加工處理  
11508.csv,旭輝鋼鐵材料行,99672905,08010020089132,嘉義市東區後湖里保順路２０９號,嘉義市東區後湖里,陳泓傑　,06277144,獨資,0800621,0800627,生產中,25金屬製品製造業  ,254金屬加工處理  
11508.csv,旭輝鋼鐵材料行二廠,20000106,,嘉義市東區後湖里保忠三街206號,嘉義市東區後湖里,陳泓傑,06277144,獨資,,1110112,生產中,25金屬製品製造業、25金屬製品製造業  ,254金屬加工處理  
11508.csv,旭辰工業有限公司,66002438,,臺中市神岡區社南里中山路667巷37弄11號,臺中市神岡區社南里,方豐年,54740349,有限公司,,1030110,生產中,29機械設備製造業  ,292其他專用機械設備、293通用機械設備  
11508.csv,旻泰企業行,S1300282,,屏東縣新園鄉瓦磘村環東路60號,屏東縣新園鄉瓦磘村,許嘉富,08047226,獨資,,1100114,生產中,24基本金屬製造業  ,241鋼鐵  
11508.csv,昇詠鋼鐵股份有限公司,99679801,,彰化縣線西鄉溝內村彰濱東五路９號,彰化縣線西鄉溝內村,林愛珠,27782560,股份有限公司,,0940909,生產中,33其他製造業、31其他運輸工具及其零件製造業、25金屬製品製造業  ,339未分類其他製品、313自行車及其零件、254金屬加工處理  
11508.csv,昇豐郭氏工業股份有限公司,68000913,,桃園市桃園區汴洲里鹽庫街65巷16、18號（1樓）,桃園市桃園區汴洲里,郭盛良,24254236,股份有限公司,,1051025,生產中,25金屬製品製造業  ,259其他金屬製品  
11508.csv,昌平實業股份有限公司,99690383,07510001188349,新北市樹林區圳生里俊興街二八Ｏ號,新北市樹林區圳生里,薛定台,34482420,股份有限公司,0750626,0750722,生產中,30汽車及其零件製造業、31其他運輸工具及其零件製造業  ,303汽車零件、312機車及其零件  
11508.csv,明捷鋼鐵有限公司,05000122,,苗栗縣頭份市蘆竹里二鄰永貞路一段七七巷三二號,苗栗縣頭份市蘆竹里,陳玉慧,27919904,有限公司,,1020123,生產中,25金屬製品製造業  ,254金屬加工處理  
11508.csv,明捷鋼鐵有限公司竹南廠,S0500281,,苗栗縣竹南鎮大厝里13鄰獅山200號,苗栗縣竹南鎮大厝里,陳玉慧,27919904,有限公司,,1141001,生產中,24基本金屬製造業  ,241鋼鐵  
11508.csv,明璟塑膠實業有限公司仁武廠,64007151,,高雄市仁武區竹後里竹工二巷2-1號,高雄市仁武區竹後里,沈盈良,24316459,有限公司,,1031030,生產中,22塑膠製品製造業  ,220塑膠製品  
11508.csv,明雄鋼鐵有限公司,S1500020,,花蓮縣吉安鄉福興村福昌路110號,花蓮縣吉安鄉福興村,莊志雄,16851104,有限公司,,1091120,生產中,25金屬製品製造業、25金屬製品製造業  ,254金屬加工處理  
11508.csv,易達塑膠有限公司,99725859,,新北市樹林區圳生里三俊街一三五巷八號一樓,新北市樹林區圳生里,謝溪水,29162242,有限公司,,0990624,生產中,22塑膠製品製造業  ,220塑膠製品  
11508.csv,星翰實業有限公司,99659519,08110011172011,臺南市西港區慶安里新興街107巷1號壹樓,臺南市西港區慶安里,謝寶鐘　　　,74722410,有限公司,0811207,0830419,生產中,33其他製造業  ,332醫療器材及用品  
11508.csv,瑞鎵環境資源科技股份有限公司,64006854,,高雄市仁武區竹後里鳳仁路329-8號,高雄市仁武區竹後里,江武林,53243842,股份有限公司,,1020815,生產中,24基本金屬製造業  ,249其他基本金屬  
11508.csv,生資鋼鐵企業有限公司中壢廠,03001025,,桃園市中壢區永福里東園路12之1號,桃園市中壢區永福里,陳建維,89915077,有限公司,,1010424,生產中,24基本金屬製造業、25金屬製品製造業  ,249其他基本金屬、251金屬刀具、手工具及模具、259其他金屬製品  
11508.csv,申成興業股份有限公司三廠,10000225,,嘉義縣太保市過溝里嘉太工業區光復路37號,嘉義縣太保市過溝里,郭黃美玉,66654775,股份有限公司,,1050810,生產中,24基本金屬製造業、25金屬製品製造業  ,241鋼鐵、259其他金屬製品  
11508.csv,申成興業股份有限公司二廠,99676101,,嘉義縣太保市過溝里嘉太工業區光復路16號之1,嘉義縣太保市過溝里,郭黃美玉,66654775,股份有限公司,,0990402,生產中,24基本金屬製造業  ,241鋼鐵  
11508.csv,發晟企業股份有限公司二廠,S0702420,,彰化縣彰化市三村里三村路691之1號,彰化縣彰化市三村里,梁鐘芳,23410955,股份有限公司,,1130624,生產中,22塑膠製品製造業  ,220塑膠製品  
11508.csv,百朝股份有限公司南投廠,99652567,08310008001678,南投縣名間鄉新街村彰南路二五三之一號,南投縣名間鄉新街村,陳珍郎,12272651,股份有限公司,0831127,0831127,生產中,29機械設備製造業  ,241鋼鐵  
11508.csv,百格利股份有限公司,08000225,,南投縣名間鄉中山村彰南路241之33號,南投縣名間鄉中山村,簡添旭,25085906,股份有限公司,,1060329,生產中,08食品製造業  ,083蔬果加工、089其他食品  
11508.csv,皇冠冷凍股份有限公司中山廠,99620473,07610002018453,宜蘭縣宜蘭市新生里中山路五段242號,宜蘭縣宜蘭市新生里,林漢洋,28368512,有限公司,0760427,0760819,生產中,08食品製造業  ,089其他食品  
11508.csv,盈佳企業社,07003871,,彰化縣彰化市復興里中山路三段134巷27號1樓,彰化縣彰化市復興里,陳懿歆,82425188,獨資,,1091005,生產中,25金屬製品製造業  ,251金屬刀具、手工具及模具  
11508.csv,益加誠有限公司,99630504,06510000171526,新竹縣新埔鎮田新里文德路三段161號,新竹縣新埔鎮田新里,陳光俊,24263684,有限公司,0580101,0680104,生產中,30汽車及其零件製造業  ,303汽車零件  
11508.csv,益源織造股份有限公司,99648601,08010007075013,彰化縣和美鎮竹園里柑竹路７２４巷３號,彰化縣和美鎮竹園里,倪椿霖,86252412,股份有限公司,0800904,0800930,生產中,11紡織業  ,115紡織品  
11508.csv,益源砂石有限公司,99711011,,臺東縣臺東市豐原里中華路4段998巷358號,臺東縣臺東市豐原里,許政雄,28342416,有限公司,,0980902,生產中,23非金屬礦物製品製造業  ,239其他非金屬礦物製品  
11508.csv,益源隆股份有限公司,99636826,08310006241354,臺中市潭子區東寶里民族路一段四０二號,臺中市潭子區東寶里,林水城,84151017,股份有限公司,0831013,0831021,生產中,25金屬製品製造業、29機械設備製造業、28電力設備及配備製造業  ,259其他金屬製品、293通用機械設備、251金屬刀具、手工具及模具、289其他電力設備及配備  
11508.csv,益陽工業股份有限公司全興廠,99650235,08110000071122,彰化縣伸港鄉溪底村興工路四０之一號,彰化縣伸港鄉溪底村,方清本　,59335951,股份有限公司,0810313,0830726,生產中,24基本金屬製造業、25金屬製品製造業  ,241鋼鐵、254金屬加工處理  
11508.csv,益隆工業社,S0701075,,彰化縣鹿港鎮頭崙里頂草路二段130巷9號,彰化縣鹿港鎮頭崙里,郭家富,14868967,獨資,,1090804,生產中,24基本金屬製造業  ,243銅  
11508.csv,盛祥鋼業有限公司,99613364,07410001111183,新北市樹林區圳生里俊安街53巷20號,新北市樹林區圳生里,李瑤璋,34078532,有限公司,0740419,0751220,生產中,24基本金屬製造業、25金屬製品製造業、29機械設備製造業  ,241鋼鐵、259其他金屬製品、293通用機械設備  
11508.csv,睿笙有限公司,67002406,,臺南市仁德區太子里太子路689巷43號,臺南市仁德區太子里,管嘉裕,54078932,有限公司,,1080613,生產中,24基本金屬製造業  ,242鋁  
11508.csv,碁旺精密工業有限公司大發廠,99663973,07510012093690,高雄市大寮區潮寮里田單六街３１號,高雄市大寮區潮寮里,黃中興,22539428,股份有限公司,0791231,0791231,生產中,24基本金屬製造業  ,241鋼鐵  
11508.csv,碁達科技股份有限公司中壢廠,03001901,,桃園市中壢區內定里定安路11號,桃園市中壢區內定里,蔡永基,70685309,股份有限公司,,1020910,生產中,24基本金屬製造業  ,242鋁  
11508.csv,祐慶企業有限公司,99663959,07510012093757,高雄市大寮區潮寮里田單五街７號,高雄市大寮區潮寮里,楊聰霖,16822988,有限公司,0791231,0791231,生產中,24基本金屬製造業、21橡膠製品製造業、22塑膠製品製造業  ,241鋼鐵、242鋁、243銅、210橡膠製品、220塑膠製品  
11508.csv,祐慶企業有限公司大發廠,99661878,07510012093695,高雄市大寮區潮寮里田單六街２１號,高雄市大寮區潮寮里,楊聰霖,16822988,有限公司,0791231,0791231,生產中,24基本金屬製造業、22塑膠製品製造業、21橡膠製品製造業  ,241鋼鐵、220塑膠製品、210橡膠製品  
11508.csv,祥升有限公司,07002242,,彰化縣花壇鄉橋頭村花橋街81號,彰化縣花壇鄉橋頭村,周芳文,23101064,有限公司,,1060726,生產中,25金屬製品製造業  ,254金屬加工處理  
11508.csv,微寶生技股份有限公司,81100029,,屏東縣長治鄉德和村神農東路17號,屏東縣長治鄉德和村,鄭致宏,24253546,股份有限公司,,1010622,生產中,18化學材料及肥料製造業、33其他製造業  ,183肥料及氮化合物、332醫療器材及用品  
11508.csv,德彰金屬有限公司,99623228,,桃園市平鎮區建安里平東路六七九巷一五號一樓,桃園市平鎮區建安里,孫世忠,86793450,有限公司,,0910207,生產中,24基本金屬製造業  ,241鋼鐵、242鋁、243銅  
11508.csv,德肯有限公司,99679754,,彰化縣花壇鄉北口村口庄街３０７巷１０號,彰化縣花壇鄉北口村,王豫彰,80243275,有限公司,,0940729,生產中,25金屬製品製造業  ,251金屬刀具、手工具及模具、254金屬加工處理、259其他金屬製品  
11508.csv,志南鋼鐵工業股份有限公司,99659532,07610000251410,臺南市安定區中沙里沙崙47號,臺南市安定區中沙里,吳志南　　　,22478822,股份有限公司,0760702,0770319,生產中,25金屬製品製造業  ,252金屬結構及建築組件  
11508.csv,怡昇工業股份有限公司,99702431,,臺中市西屯區協和里工業區四十路２之１號,臺中市西屯區協和里,劉傳旺,22581987,股份有限公司,,0961210,生產中,29機械設備製造業  ,291金屬加工用機械設備、293通用機械設備  
11508.csv,怡明布輪廠,99657332,07510011011643,臺南市永康區甲頂里中正南路242巷4弄91號,臺南市永康區甲頂里,賴許錦春　　,73639441,獨資,0750131,0751231,生產中,25金屬製品製造業  ,259其他金屬製品  
11508.csv,恒峰工業股份有限公司,99665820,08510013067590,屏東縣屏東市清溪里建國路332巷37號,屏東縣屏東市清溪里,董嘏蘭,22834202,股份有限公司,0850506,0870421,生產中,24基本金屬製造業  ,241鋼鐵  
11508.csv,恒強鋼鐵股份有限公司,15000201,,花蓮縣花蓮市民心里美工六街1號,花蓮縣花蓮市民心里,紀榮吉,60327894,股份有限公司,,1130919,生產中,24基本金屬製造業、24基本金屬製造業  ,241鋼鐵  
11508.csv,惟順企業有限公司,S6400154,,高雄市大寮區翁園里翁園路148-3號,高雄市大寮區翁園里,黃永正,23677243,有限公司,,1090629,生產中,25金屬製品製造業、30汽車及其零件製造業  ,251金屬刀具、手工具及模具、303汽車零件  
11508.csv,慶垣企業有限公司,65001596,,新北市土城區埤塘里忠承路9號1樓,新北市土城區埤塘里,朱品霖,16685302,有限公司,,1010808,生產中,22塑膠製品製造業、24基本金屬製造業、25金屬製品製造業  ,220塑膠製品、242鋁、251金屬刀具、手工具及模具  
11508.csv,慶聲科技股份有限公司,65000814,,新北市新莊區西盛里新樹路387巷2號,新北市新莊區西盛里,連志堅,34570887,股份有限公司,,1001015,生產中,27電腦、電子產品及光學製品製造業、29機械設備製造業、24基本金屬製造業  ,275量測、導航、控制設備及鐘錶、277光學儀器及設備、292其他專用機械設備、242鋁  
11508.csv,慶聲鋼鐵有限公司,99613262,08710001555135,新北市樹林區金寮里保安街二段四五巷二九之四號,新北市樹林區金寮里,高林森,34592643,有限公司,0870812,0870909,生產中,24基本金屬製造業、25金屬製品製造業  ,241鋼鐵、254金屬加工處理  
11508.csv,應昌界面化學企業有限公司觀音廠,99624387,07510000137941,桃園市觀音區草漯里大同二路四二號,桃園市觀音區草漯里,趙明傑　　,30959773,有限公司,0750626,0781208,生產中,19其他化學製品製造業  ,192塗料、染料及顏料  
11508.csv,振沅有限公司,65006105,,新北市汐止區保安里大同路3段196之12號6樓,新北市汐止區保安里,洪振章,24237125,有限公司,,1060717,生產中,25金屬製品製造業、30汽車及其零件製造業  ,259其他金屬製品、303汽車零件  
11508.csv,揚震實業社,07003135,,彰化縣彰化市茄南里茄苳路二段10巷26號,彰化縣彰化市茄南里,黃麗玉,82418996,獨資,,1080521,生產中,25金屬製品製造業  ,251金屬刀具、手工具及模具、259其他金屬製品  
11508.csv,政鍵實業有限公司歸仁廠,S6701243,,臺南市歸仁區八甲里大德路658號,臺南市歸仁區八甲里,陳美雲,84570763,有限公司,,1150414,生產中,25金屬製品製造業  ,252金屬結構及建築組件  
11508.csv,新亦慶有限公司,99677809,,苗栗縣後龍鎮中和里二一鄰崎頂二０五之一、二０五之六號,苗栗縣後龍鎮中和里,楊德豐,16022418,有限公司,,0990528,生產中,22塑膠製品製造業  ,220塑膠製品  
11508.csv,新文欽五金企業股份有限公司,99649975,06310000005973,彰化縣秀水鄉鶴鳴村民主街５５號,彰化縣秀水鄉鶴鳴村,黃林美蘭,59161430,股份有限公司,0630208,0650529,生產中,24基本金屬製造業  ,242鋁  
11508.csv,新文欽五金企業股份有限公司彰濱廠,99680328,,彰化縣鹿港鎮海埔里工業東四路６號、6之1號,彰化縣鹿港鎮海埔里,黃林美蘭,59161430,股份有限公司,,0960306,生產中,24基本金屬製造業  ,242鋁  
11508.csv,新鋼工業股份有限公司新莊廠,99602848,06310000015665,新北市新莊區西盛里大安路八號,新北市新莊區西盛里,蕭世明,34008635,股份有限公司,0580101,0851008,生產中,32家具製造業、28電力設備及配備製造業、24基本金屬製造業、25金屬製品製造業、29機械設備製造業  ,320家具、285家用電器、241鋼鐵、254金屬加工處理、249其他基本金屬、259其他金屬製品、293通用機械設備  
11508.csv,新鋼工業股份有限公司大園廠,99622551,08110000071030,桃園市大園區內海里民生路119號,桃園市大園區內海里,沈成業,34008635,股份有限公司,0810306,0821027,生產中,32家具製造業、24基本金屬製造業、25金屬製品製造業  ,320家具、241鋼鐵、252金屬結構及建築組件、259其他金屬製品  
11508.csv,新錤食品企業有限公司,13000519,,屏東縣里港鄉中和村中和路1-5號,屏東縣里港鄉中和村,潘錦美,24366865,有限公司,,1071029,生產中,08食品製造業、08食品製造業  ,089其他食品  
11508.csv,日貿精密工具有限公司,S6400268,,高雄市湖內區海埔里忠孝街130巷123號,高雄市湖內區海埔里,宋明賢,24252461,有限公司,,1090729,生產中,25金屬製品製造業  ,251金屬刀具、手工具及模具、259其他金屬製品  
11508.csv,旭鉢工業股份有限公司,S6601762,,臺中市豐原區西湳里國豐路一段691巷45號,臺中市豐原區西湳里,高烱崧,89896677,股份有限公司,,1110308,生產中,24基本金屬製造業  ,242鋁、249其他基本金屬  
11508.csv,旭鋐實業股份有限公司,99602691,07710000270975,新北市樹林區三興里工興街三八號,新北市樹林區三興里,楊子德,22242066,股份有限公司,0770707,0791012,生產中,22塑膠製品製造業、28電力設備及配備製造業  ,220塑膠製品、283電線及配線器材  
11508.csv,旭鋐金屬工業股份有限公司,99657479,07710000177250,臺南市鹽水區橋南里自強街2號,臺南市鹽水區橋南里,陳建祥,22551457,股份有限公司,0770425,0780713,生產中,25金屬製品製造業、24基本金屬製造業  ,254金屬加工處理、242鋁  
11508.csv,昇展家具有限公司三廠,07005406,,彰化縣福興鄉福興村福三路四段154號,彰化縣福興鄉福興村,陳淑貞,24238139,有限公司,,1121225,生產中,32家具製造業  ,320家具  
11508.csv,昇展家具有限公司二廠,S0701917,,彰化縣福興鄉秀厝村福三路三段289巷69號,彰化縣福興鄉秀厝村,陳淑貞,24238139,有限公司,,1120309,生產中,32家具製造業  ,320家具  
11508.csv,昌徽興業有限公司 ,07000006,,彰化縣埔鹽鄉天盛村天盛路535號,彰化縣埔鹽鄉天盛村,黃銘樹,24358605,有限公司,,0991008,生產中,33其他製造業、31其他運輸工具及其零件製造業、30汽車及其零件製造業、25金屬製品製造業  ,331育樂用品、312機車及其零件、313自行車及其零件、303汽車零件、259其他金屬製品  
11508.csv,昌徽興業有限公司,S0700523,,彰化縣埔鹽鄉角樹村員鹿路一段133之6、之7號,彰化縣埔鹽鄉角樹村,黃銘樹,24358605,有限公司,,1090605,生產中,31其他運輸工具及其零件製造業  ,313自行車及其零件  
11508.csv,易鋒機械工程有限公司,68000052,,桃園市觀音區崙坪里忠愛路二段198-215號1樓及夾層,桃園市觀音區崙坪里,許文環,16562414,有限公司,,1040505,生產中,29機械設備製造業  ,293通用機械設備  
11508.csv,易鐵企業股份有限公司,99664045,08210012058181,高雄市燕巢區角宿里四林路１２１巷４９號,高雄市燕巢區角宿里,林雅容,16242187,有限公司,0820429,0820902,生產中,25金屬製品製造業  ,259其他金屬製品  
11508.csv,易鐵企業股份有限公司二廠,64009709,,高雄市阿蓮區復安里復安13-25、13-26號,高雄市阿蓮區復安里,林雅容,16242187,股份有限公司,,1121024,生產中,25金屬製品製造業  ,259其他金屬製品  
11508.csv,星記精密工業股份有限公司,99669116,07010000147116,臺中市西屯區協和里工業區七路16號,臺中市西屯區協和里,林天星,52472418,股份有限公司,0700723,0750219,生產中,25金屬製品製造業、29機械設備製造業、30汽車及其零件製造業、31其他運輸工具及其零件製造業  ,251金屬刀具、手工具及模具、259其他金屬製品、293通用機械設備、303汽車零件、312機車及其零件  
11508.csv,瑞陽鋼鐵股份有限公司宜蘭廠,99620367,06410000005601,宜蘭縣宜蘭市梅洲里梅洲二路92號,宜蘭縣宜蘭市梅洲里,俞振宏,22597405,股份有限公司,0580101,0680629,生產中,25金屬製品製造業  ,259其他金屬製品  
11508.csv,瑞隆精密科技開發股份有限公司,99705979,,臺南市安南區新順里永安路71巷16號1樓,臺南市安南區新順里,吳秀枝,24224851,股份有限公司,,0971015,生產中,29機械設備製造業  ,292其他專用機械設備、293通用機械設備  
11508.csv,璟松金屬股份有限公司,64009446,,高雄市小港區店鎮里茂大街3-1號,高雄市小港區店鎮里,劉達朗,90182993,股份有限公司,,1111024,生產中,24基本金屬製造業  ,242鋁、249其他基本金屬  
11508.csv,璟瑞企業股份有限公司,64009922,,高雄市岡山區華崗里嘉新東路二段92-1號,高雄市岡山區華崗里,楊文瑞,80127509,股份有限公司,,1130826,生產中,24基本金屬製造業  ,241鋼鐵  
11508.csv,環麒鋼鋁合金股份有限公司永康二廠,99657722,08710011305129,臺南市永康區塩行里正南三路132號,臺南市永康區塩行里,陳宋淑貞　　,22408869,股份有限公司,0870511,0871217,生產中,25金屬製品製造業、24基本金屬製造業  ,242鋁、259其他金屬製品、251金屬刀具、手工具及模具  
11508.csv,環麒鋼鋁合金股份有限公司永康廠,99657748,07610000129658,臺南市永康區王行里興工路28號,臺南市永康區王行里,陳宋淑貞　　,22408869,股份有限公司,0760507,0771001,生產中,24基本金屬製造業、25金屬製品製造業  ,242鋁、259其他金屬製品  
11508.csv,環麒鋼鋁合金股份有限公司環工廠,99684189,,臺南市永康區王行里環工路62號,臺南市永康區王行里,陳宋淑貞,22408869,股份有限公司,,0920717,生產中,24基本金屬製造業  ,242鋁  
11508.csv,發興企業有限公司,99616248,08510001455612,新北市中和區中原里立業路83巷28號,新北市中和區中原里,秦心欣,22426563,有限公司,0851230,0860110,生產中,25金屬製品製造業、29機械設備製造業、32家具製造業、28電力設備及配備製造業、33其他製造業  ,252金屬結構及建築組件、253金屬容器、320家具、285家用電器、339未分類其他製品  
11508.csv,發蘭機械股份有限公司,99661972,08810012014143,高雄市大寮區三隆里光華路４７０巷１９２號,高雄市大寮區三隆里,林志遠,43668236,股份有限公司,0880203,0880927,生產中,24基本金屬製造業、25金屬製品製造業、29機械設備製造業  ,241鋼鐵、259其他金屬製品、293通用機械設備  
11508.csv,發順緣企業有限公司,67003604,,臺南市佳里區海澄里萊芉寮17之50號,臺南市佳里區海澄里,黃麗夙,54562409,有限公司,,1120629,生產中,24基本金屬製造業  ,241鋼鐵  
11508.csv,百業開發股份有限公司蘆竹廠,99722415,,桃園市蘆竹區瓦窯里南山路一段391號,桃園市蘆竹區瓦窯里,江勝男,04390331,股份有限公司,,0990409,生產中,19其他化學製品製造業  ,193清潔用品及化粧品、199未分類其他化學製品  
11508.csv,皇冠自動控制設備有限公司,99651242,08810007032580,彰化縣埤頭鄉永豐村東西路七五三巷二三弄七號,彰化縣埤頭鄉永豐村,劉　清　　,97342714,有限公司,0880303,0880331,生產中,29機械設備製造業  ,293通用機械設備  
11508.csv,盈傑木業有限公司,99642241,07410006228126,臺中市神岡區圳前里圳前路二七號,臺中市神岡區圳前里,王林秀美,22088155,有限公司,0750412,0840711,生產中,32家具製造業  ,320家具  
11508.csv,益瑞昇國際有限公司,68001983,,桃園市龍潭區高原里高原路367巷156號,桃園市龍潭區高原里,王惠玲,24360617,有限公司,,1070612,生產中,09飲料製造業  ,091酒精飲料、092非酒精飲料  
11508.csv,益發工業股份有限公司,99620177,08110000071689,宜蘭縣蘇澳鎮龍德里龍祥五路五號,宜蘭縣蘇澳鎮龍德里,陳光隆,80125447,股份有限公司,0810414,0840915,生產中,24基本金屬製造業、29機械設備製造業  ,241鋼鐵、242鋁、243銅、293通用機械設備  
11508.csv,益隆精密壓鑄有限公司,65003013,,新北市淡水區水源里鄒厝崙1之12號1樓,新北市淡水區水源里,李益隆,04802214,有限公司,,1030422,生產中,25金屬製品製造業、24基本金屬製造業  ,254金屬加工處理、259其他金屬製品、242鋁  
11508.csv,益順橡膠有限公司,S6602212,,臺中市霧峰區四德里新埔路119巷5號,臺中市霧峰區四德里,高素娥,89724318,有限公司,,1131015,生產中,21橡膠製品製造業  ,210橡膠製品  
11508.csv,益順泰實業有限公司,09001001,,雲林縣林內鄉九芎村大同路7號,雲林縣林內鄉九芎村,邱瀞緯,53068865,有限公司,,1090623,生產中,24基本金屬製造業、25金屬製品製造業  ,241鋼鐵、251金屬刀具、手工具及模具、254金屬加工處理、259其他金屬製品  
11508.csv,盛緯企業有限公司二廠,66010441,,臺中市東區東門里振興路412巷86弄23號1樓,臺中市東區東門里,鄧秉羲,24271880,有限公司,,1120215,生產中,25金屬製品製造業  ,252金屬結構及建築組件  
11508.csv,盛緯企業有限公司二廠,S6602874,,臺中市大雅區六寶里2鄰光復路2-6號,臺中市大雅區六寶里,鄧秉羲,24271880,有限公司,,1141105,生產中,29機械設備製造業、29機械設備製造業、30汽車及其零件製造業、31其他運輸工具及其零件製造業  ,293通用機械設備、303汽車零件、312機車及其零件  
11508.csv,睿邑鋼鐵有限公司,66010584,,臺中市東區東門里東光園路100巷6弄48號1樓,臺中市東區東門里,王韋翔,53798589,有限公司,,1120503,生產中,25金屬製品製造業  ,254金屬加工處理  
11508.csv,碧志企業有限公司,99662104,07410012092900,高雄市大寮區潮寮里田單三街１９、２１號建民街７、９號,高雄市大寮區潮寮里,歐惠珍,79838869,有限公司,0791231,0791231,生產中,21橡膠製品製造業、22塑膠製品製造業、24基本金屬製造業、25金屬製品製造業  ,210橡膠製品、220塑膠製品、241鋼鐵、242鋁、243銅、249其他基本金屬、254金屬加工處理  
11508.csv,碧山自動化機械有限公司,99604892,08210001343870,新北市樹林區圳生里三俊街二二九巷三八弄二五號,新北市樹林區圳生里,周壁山,22243163,有限公司,0820929,0821014,生產中,29機械設備製造業、25金屬製品製造業、27電腦、電子產品及光學製品製造業、26電子零組件製造業、28電力設備及配備製造業、16印刷及資料儲存媒體複製業  ,293通用機械設備、251金屬刀具、手工具及模具、272通訊傳播設備、275量測、導航、控制設備及鐘錶  
11508.csv,碧志企業有限公司二廠,99663949,07410012092885,高雄市大寮區潮寮里田單三街２３號,高雄市大寮區潮寮里,歐惠珍,79838869,有限公司,0791231,0791231,生產中,24基本金屬製造業、25金屬製品製造業  ,241鋼鐵、254金屬加工處理  
11508.csv,碧波庭國際有限公司蘆竹廠,99687589,,桃園市蘆竹區長興里南崁路二段六六之七號八樓,桃園市蘆竹區長興里,劉時達,97242790,有限公司,,0930416,生產中,33其他製造業  ,332醫療器材及用品、331育樂用品  
11508.csv,祐晟鋼鐵股份有限公司,99725918,,新北市八里區埤頭里博物館路二三號,新北市八里區埤頭里,張巧榆,23319372,股份有限公司,,0990719,生產中,25金屬製品製造業、29機械設備製造業  ,252金屬結構及建築組件、254金屬加工處理、291金屬加工用機械設備  
11508.csv,祥和工業社,S0701398,,彰化縣鹿港鎮溝墘里鹿和路三段498巷臨219之1號,彰化縣鹿港鎮溝墘里,謝丁來,92803441,合夥,,1091105,生產中,24基本金屬製造業  ,243銅  
11508.csv,得翊精機工業有限公司,99628041,,桃園市蘆竹區五福里五福一路五０巷八號,桃園市蘆竹區五福里,吳瑞蘭,80241939,有限公司,,0911115,生產中,24基本金屬製造業、25金屬製品製造業、30汽車及其零件製造業、31其他運輸工具及其零件製造業  ,241鋼鐵、259其他金屬製品、303汽車零件、312機車及其零件  
11508.csv,忠友興業有限公司,99632966,07710005052188,苗栗縣竹南鎮新南里一二鄰維新路三二一號,苗栗縣竹南鎮新南里,林崑銘,50505981,有限公司,0770506,0790115,生產中,32家具製造業、24基本金屬製造業  ,320家具、242鋁  
11508.csv,惠傑工業股份有限公司,66006242,,臺中市豐原區鎌村里鎌村路465巷102號,臺中市豐原區鎌村里,陳明源,86616011,股份有限公司,,1070223,生產中,25金屬製品製造業、29機械設備製造業、30汽車及其零件製造業、31其他運輸工具及其零件製造業  ,259其他金屬製品、293通用機械設備、303汽車零件、313自行車及其零件  
11508.csv,應誠窗簾股份有限公司善化廠,67000530,,臺南市善化區小新里小新營392號,臺南市善化區小新里,高裕庭,86395501,股份有限公司,,1011218,生產中,11紡織業、15紙漿、紙及紙製品製造業、22塑膠製品製造業、24基本金屬製造業、25金屬製品製造業、28電力設備及配備製造業  ,115紡織品、152瓦楞紙板及紙容器、220塑膠製品、242鋁、254金屬加工處理、289其他電力設備及配備  
11508.csv,懋勝鋼鐵有限公司,99650955,08810007069800,彰化縣埔心鄉瓦中村西安南路１９５號,彰化縣埔心鄉瓦中村,林朝乾,13050615,有限公司,0880420,0880428,生產中,25金屬製品製造業  ,252金屬結構及建築組件、259其他金屬製品  
11508.csv,懋勝鋼鐵有限公司二廠,S0700579,,彰化縣埔心鄉經口村明聖路二段247巷83號,彰化縣埔心鄉經口村,林朝乾,13050615,有限公司,,1090605,生產中,25金屬製品製造業  ,252金屬結構及建築組件  
11508.csv,成泰企業股份有限公司一廠,13000459,,屏東縣屏東市清溪里建國路332巷19號,屏東縣屏東市清溪里,李秋憶,83377728,股份有限公司,,1061108,生產中,24基本金屬製造業  ,241鋼鐵  
11508.csv,成泰企業股份有限公司,99666001,06210099116471,屏東縣屏東市清溪里建國路332巷39號,屏東縣屏東市清溪里,李秋憶,83377728,股份有限公司,0580101,0630328,生產中,24基本金屬製造業  ,241鋼鐵  
11508.csv,承光企業有限公司,67003545,,臺南市仁德區仁德里文華路三段428巷78號,臺南市仁德區仁德里,林存彥,24240894,有限公司,,1120325,生產中,29機械設備製造業  ,292其他專用機械設備  
11508.csv,承利鋼鐵有限公司,S6800593,,桃園市新屋區赤欄里赤欄五路467號,桃園市新屋區赤欄里,郭政坤,23456810,有限公司,,1150128,生產中,25金屬製品製造業  ,259其他金屬製品  
11508.csv,承禹工業有限公司,99681264,,彰化縣花壇鄉文德村文德街１７號１樓,彰化縣花壇鄉文德村,陳伯仲,24226443,有限公司,,0990830,生產中,25金屬製品製造業  ,254金屬加工處理  
11508.csv,承禹工業有限公司秀水廠,S0702068,,彰化縣秀水鄉義興村義雅巷167號,彰化縣秀水鄉義興村,陳伯仲,24226443,有限公司,,1120810,生產中,25金屬製品製造業、32家具製造業  ,252金屬結構及建築組件、259其他金屬製品、320家具  
11508.csv,承竑鋼鐵科技有限公司溪州廠,07005477,,彰化縣溪州鄉柑園村下柑四巷12號一樓,彰化縣溪州鄉柑園村,許愉彤,64937004,有限公司,,1130311,生產中,25金屬製品製造業  ,252金屬結構及建築組件  
11508.csv,承美機械有限公司,99722430,,桃園市大溪區中新里大鶯路1619號,桃園市大溪區中新里,魏振政,12535444,有限公司,,0990419,生產中,29機械設備製造業  ,292其他專用機械設備  
11508.csv,振洋精機廠股份有限公司,99670234,07010000082416,臺中市北區賴村里梅亭街514巷24號,臺中市北區賴村里,張清智,52654846,股份有限公司,0580101,0700616,生產中,29機械設備製造業  ,292其他專用機械設備、293通用機械設備  
11508.csv,振隆鋼品有限公司,S6500548,,新北市八里區荖阡里荖阡坑路16-8號,新北市八里區荖阡里,李幸修,27995389,有限公司,,1130325,生產中,25金屬製品製造業、25金屬製品製造業  ,252金屬結構及建築組件  
11508.csv,摩帝企業有限公司,03002052,,桃園市八德區永豐里永豐路384巷21號,桃園市八德區永豐里,孫永輝,24259921,有限公司,,1021204,生產中,25金屬製品製造業、33其他製造業  ,259其他金屬製品、331育樂用品  
11508.csv,新喬泰企業有限公司,99624248,,桃園市平鎮區建安里平東路一段一七八巷二三號,桃園市平鎮區建安里,彭瑞瑩,16897869,有限公司,,0910417,生產中,18化學材料及肥料製造業  ,184塑膠及合成橡膠原料  
11508.csv,新湧元鐵材有限公司,99648782,05810000009668,彰化縣彰化市東芳里彰鹿路９１號,彰化縣彰化市東芳里,楊　復　元　,23941911,有限公司,0580101,0610627,生產中,24基本金屬製造業  ,241鋼鐵、254金屬加工處理  
11508.csv,新源泰工業股份有限公司,99606691,06810000102429,新北市樹林區中華路379巷21號,新北市樹林區,黃文達,11735198,股份有限公司,0580101,0690430,生產中,30汽車及其零件製造業、27電腦、電子產品及光學製品製造業  ,303汽車零件、275量測、導航、控制設備及鐘錶  
11508.csv,新聲樂工程企業有限公司,S0400114,,新竹縣湖口鄉和興村德豐路552號,新竹縣湖口鄉和興村,林廷芳,24270658,有限公司,,1140715,生產中,25金屬製品製造業  ,259其他金屬製品  
11508.csv,新能化工股份有限公司,99633509,08110006071777,臺中市大甲區日南里幼獅工業區幼六路9號,臺中市大甲區日南里,許宏祺,22430118,股份有限公司,0810421,0810604,生產中,18化學材料及肥料製造業、19其他化學製品製造業  ,181化學原材料、192塗料、染料及顏料  
11508.csv,新能化工股份有限公司二廠,66009395,,臺中市大甲區日南里工六路7號、青年路128號,臺中市大甲區日南里,許宏祺,22430118,股份有限公司,,1100823,生產中,18化學材料及肥料製造業  ,181化學原材料  
11508.csv,新能電氣股份有限公司,99652056,06710000091698,南投縣南投市永豐里中華路305號,南投縣南投市永豐里,何世煜,55875998,股份有限公司,0580101,0670615,生產中,27電腦、電子產品及光學製品製造業、24基本金屬製造業  ,272通訊傳播設備、242鋁  
11508.csv,新鎰企業股份有限公司,99680812,,彰化縣線西鄉頂庄村彰濱西五路１號,彰化縣線西鄉頂庄村,陳茂盛,16424996,股份有限公司,,0971104,生產中,24基本金屬製造業  ,241鋼鐵  
11508.csv,日勝化工股份有限公司大園廠,68004241,,桃園市大園區北港里大工路31號,桃園市大園區北港里,何文杰,23263551,股份有限公司,,1100707,生產中,18化學材料及肥料製造業、19其他化學製品製造業  ,184塑膠及合成橡膠原料、192塗料、染料及顏料  
11508.csv,旻餘興業有限公司,99618821,08110001301556,新北市樹林區圳民里中正路249、251號1樓,新北市樹林區圳民里,吳國州,86758030,有限公司,0810925,0811209,生產中,24基本金屬製造業、25金屬製品製造業、28電力設備及配備製造業  ,242鋁、249其他基本金屬、252金屬結構及建築組件、285家用電器  
11508.csv,昌成工業有限公司芳苑廠,07001326,10310007800302,彰化縣芳苑鄉三成村上林路路上段279巷99號,彰化縣芳苑鄉三成村,吳明哲,28516226,有限公司,1030924,1031014,生產中,24基本金屬製造業、25金屬製品製造業  ,241鋼鐵、259其他金屬製品  
11508.csv,明傑電機有限公司,64008261,,高雄市仁武區工業二路17巷87號,高雄市仁武區,鄭聰明,28582436,有限公司,,1071225,生產中,28電力設備及配備製造業  ,281發電、輸電及配電機械  
11508.csv,明億螺絲工業有限公司,99609389,07010000065948,新北市新莊區頭前里頭前路二巷二二號,新北市新莊區頭前里,蘇明財,31124147,有限公司,0580101,0710426,生產中,25金屬製品製造業、29機械設備製造業  ,259其他金屬製品、293通用機械設備  
11508.csv,明鴻鋼模股份有限公司,99668165,07510018001807,新竹市香山里美森街六十一號,新竹市香山區香山里,陳明銓　　　,22241658,有限公司,0750718,0750908,生產中,29機械設備製造業、25金屬製品製造業  ,293通用機械設備、251金屬刀具、手工具及模具  
11508.csv,瑞隆鑄造工業股份有限公司,99628409,07610000196728,桃園市蘆竹區坑口里圳岸街355號,桃園市蘆竹區坑口里,林暐翔　　　,35976505,股份有限公司,0760608,0780523,生產中,24基本金屬製造業  ,241鋼鐵  
11508.csv,瑞霖鋼鐵有限公司中壢廠,99717618,,桃園市中壢區山東里山東路157巷28號,桃園市中壢區山東里,李淑娟,13010712,有限公司,,0980330,生產中,25金屬製品製造業  ,252金屬結構及建築組件、254金屬加工處理、259其他金屬製品  
11508.csv,璟達有限公司,66001948,,臺中市太平區太平里永豐路123巷17號,臺中市太平區太平里,楊倫維,24234817,有限公司,,1020626,生產中,25金屬製品製造業、29機械設備製造業  ,259其他金屬製品、293通用機械設備  
11508.csv,百淯有限公司本廠,S0702424,,彰化縣秀水鄉安東村民意街388號,彰化縣秀水鄉安東村,徐炎煌,28522698,有限公司,,1130606,生產中,22塑膠製品製造業  ,220塑膠製品  
11508.csv,皇嘉金屬鑄造有限公司,10000080,,嘉義縣大林鎮中坑里大埔美園區十八路2號,嘉義縣大林鎮中坑里,陳富美,25193898,有限公司,,1010725,生產中,24基本金屬製造業  ,241鋼鐵  
11508.csv,皇嘉塑膠實業有限公司,S0700404,,彰化縣二林鎮永興里二溪路六段351巷243號,彰化縣二林鎮永興里,林雅芬,27580092,有限公司,,1090525,生產中,22塑膠製品製造業  ,220塑膠製品  
11508.csv,盈勝鑄造股份有限公司,99633945,05810000010209,臺中市烏日區九德里中山路一段652號,臺中市烏日區九德里,陳柏菘,23240592,股份有限公司,0580101,0611102,生產中,24基本金屬製造業  ,241鋼鐵  
11508.csv,益嘉企業社,S6601860,,臺中市大甲區武陵里文曲路339巷28號,臺中市大甲區武陵里,柯錦秀,90942431,獨資,,1120426,生產中,25金屬製品製造業  ,259其他金屬製品  
11508.csv,睿鼎實業有限公司,65012517,,新北市新莊區福營里後港一路170號(1樓),新北市新莊區福營里,柯睿承,24237194,有限公司,,1140224,生產中,29機械設備製造業  ,293通用機械設備  
11508.csv,祥喨鋼鐵有限公司,99630466,08010004077435,新竹縣竹北市泰和里泰和路８９之５號,新竹縣竹北市泰和里,黃煒仁　　　,86241773,有限公司,0801009,0801016,生產中,25金屬製品製造業  ,259其他金屬製品  
11508.csv,祥翔工業有限公司二廠,S0700592,,彰化縣和美鎮新庄里彰新路二段243巷167號,彰化縣和美鎮新庄里,盧慶豐,16046381,有限公司,,1090609,生產中,25金屬製品製造業、30汽車及其零件製造業  ,259其他金屬製品、303汽車零件  
11508.csv,祥聯塑膠工業有限公司,99617865,08010001083842,新北市中和區員富里中正路一二０六巷一六號,新北市中和區員富里,洪吉祥,86592432,有限公司,0800403,0800415,生產中,22塑膠製品製造業  ,220塑膠製品  
11508.csv,得裕精密壓鑄有限公司,99719717,,新北市五股區五工路135號,新北市五股區,楊基評,25023873,有限公司,,0981117,生產中,24基本金屬製造業、25金屬製品製造業、26電子零組件製造業、29機械設備製造業  ,242鋁、251金屬刀具、手工具及模具、269其他電子零組件、293通用機械設備  
11508.csv,德裕興業有限公司,99633167,08310006600014,臺中市大甲區日南里東二街27號,臺中市大甲區日南里,蔡庭菖,22750575,有限公司,0830803,0830803,生產中,24基本金屬製造業  ,241鋼鐵  
11508.csv,怡發鋼鐵企業有限公司,99712264,,高雄市岡山區本洲里本工二路１５號,高雄市岡山區本洲里,王怡靜,29001437,有限公司,,0970828,生產中,25金屬製品製造業  ,254金屬加工處理  
11508.csv,惠台鋼鐵有限公司蘆竹二廠,99688874,,桃園市蘆竹區內厝里內新路１９號,桃園市蘆竹區內厝里,張景堯,35964629,有限公司,,0950313,生產中,24基本金屬製造業  ,241鋼鐵  
11508.csv,惠台鋼鐵有限公司蘆竹廠,99625675,08810003327982,桃園市蘆竹區內厝里內新路37號,桃園市蘆竹區內厝里,張景堯,35964629,有限公司,0880717,0890107,生產中,25金屬製品製造業  ,254金屬加工處理  
11508.csv,惠國電子有限公司,99623155,07610000333943,桃園市蘆竹區海湖里海山中街13巷16號,桃園市蘆竹區海湖里,李國雄　　　,70489242,有限公司,0761116,0790821,生產中,26電子零組件製造業、27電腦、電子產品及光學製品製造業、28電力設備及配備製造業  ,269其他電子零組件、271電腦及其週邊設備、272通訊傳播設備、273視聽電子產品、275量測、導航、控制設備及鐘錶、284照明設備及配備、285家用電器、289其他電力設備及配備  
11508.csv,惠國電子有限公司二廠,68001193,,桃園市蘆竹區海湖里海山中街19號,桃園市蘆竹區海湖里,李國雄,70489242,有限公司,,1060412,生產中,29機械設備製造業  ,292其他專用機械設備  
11508.csv,愛爾蘭商速聯股份有限公司台灣分公司,99641708,08510006241345,臺中市神岡區圳前里中山路1598之8號,臺中市神岡區圳前里,陳鴻毅,97163541,股份有限公司,0850924,0851002,生產中,31其他運輸工具及其零件製造業  ,313自行車及其零件  
11508.csv,慶安鋼鐵股份有限公司一廠,S1000052,,嘉義縣民雄鄉秀林村溪底寮79號,嘉義縣民雄鄉秀林村,黃盈傑,22567633,股份有限公司,,1090514,生產中,25金屬製品製造業  ,259其他金屬製品  
11508.csv,慶安鋼鐵股份有限公司民雄廠,99655200,07710000174008,嘉義縣民雄鄉秀林村溪底寮７９號,嘉義縣民雄鄉秀林村,黃盈傑,22567633,股份有限公司,0770304,0770304,生產中,25金屬製品製造業  ,259其他金屬製品、254金屬加工處理  
11508.csv,慶宏信金屬有限公司,99627969,,桃園市平鎮區建安里平東路六七九巷一五號二樓,桃園市平鎮區建安里,孫范瑞萍,89719949,有限公司,,0911111,生產中,24基本金屬製造業  ,241鋼鐵、242鋁、243銅  
11508.csv,懋新鋼鐵有限公司,S0400117,,新竹縣新豐鄉重興村永寧街40巷35弄67-1號臨,新竹縣新豐鄉重興村,方國昇,16039255,有限公司,,1141008,生產中,24基本金屬製造業  ,241鋼鐵  
11508.csv,懋立實業有限公司,99616861,08810001024226,新北市中和區平河里建康路五一號八樓,新北市中和區平河里,王世曄,16560817,有限公司,0880203,0880226,生產中,27電腦、電子產品及光學製品製造業  ,272通訊傳播設備、275量測、導航、控制設備及鐘錶  
11508.csv,成源鋼鐵有限公司,68000367,,桃園市八德區瑞豐里友聯街25號（1樓）,桃園市八德區瑞豐里,卓冠廷,24626010,有限公司,,1041119,生產中,25金屬製品製造業  ,252金屬結構及建築組件  
11508.csv,承勳工業有限公司二廠,S6600107,,臺中市霧峰區北勢里北豐路268巷32號,臺中市霧峰區北勢里,李瑞乾,53783241,有限公司,,1090511,生產中,25金屬製品製造業、29機械設備製造業、30汽車及其零件製造業  ,251金屬刀具、手工具及模具、259其他金屬製品、291金屬加工用機械設備、303汽車零件  
11508.csv,承勳工業有限公司,66000811,,臺中市太平區宜欣里溪洲路87巷19、21號,臺中市太平區宜欣里,李瑞乾,53783241,有限公司,,1010106,生產中,29機械設備製造業、30汽車及其零件製造業  ,293通用機械設備、303汽車零件  
11508.csv,承美藝術玻璃有限公司,S0702369,,彰化縣永靖鄉永興村8鄰永崙路226巷臨7號,彰化縣永靖鄉永興村,劉友文,90241894,有限公司,,1130429,生產中,23非金屬礦物製品製造業  ,231玻璃及其製品  
11508.csv,承育精密工業股份有限公司二廠,67000241,,臺南市歸仁區歸仁里中山路一段40號,臺南市歸仁區歸仁里,吳進興,86225746,股份有限公司,,1001201,生產中,29機械設備製造業、30汽車及其零件製造業、31其他運輸工具及其零件製造業  ,293通用機械設備、303汽車零件、312機車及其零件  
11508.csv,敏孚機器工業股份有限公司,99629767,08010003005700,桃園市龜山區兔坑里海萍路五號,桃園市龜山區兔坑里,魏昇煌,86329242,股份有限公司,0800812,0800823,生產中,30汽車及其零件製造業、29機械設備製造業  ,303汽車零件、292其他專用機械設備  
11508.csv,新傑燈光科技有限公司崙美廠,S0703243,,彰化縣彰化市南美里崙美路475號,彰化縣彰化市南美里,施仁傑,23084662,有限公司,,1140811,生產中,30汽車及其零件製造業、31其他運輸工具及其零件製造業  ,303汽車零件、312機車及其零件  
11508.csv,新源鑫工業股份有限公司,S1000194,,嘉義縣太保市春珠里春珠85-6號,嘉義縣太保市春珠里,高登貴,90525674,股份有限公司,,1130410,生產中,24基本金屬製造業  ,241鋼鐵  
11508.csv,新臻榮有限公司蘆洲廠,99615534,08910001158652,新北市蘆洲區得仁里中山二路二九七號,新北市蘆洲區得仁里,蕭榮瑞,70660243,有限公司,0890515,0890531,生產中,25金屬製品製造業、29機械設備製造業  ,259其他金屬製品、293通用機械設備、251金屬刀具、手工具及模具  
11508.csv,新興周造船有限公司,99667046,07510016009650,澎湖縣馬公市案山里96-9號及96-32號,澎湖縣馬公市案山里,張頴源,89772423,有限公司,0750312,0750411,生產中,31其他運輸工具及其零件製造業  ,311船舶及浮動設施  
11508.csv,新閔機械有限公司二廠,S6601486,,臺中市神岡區社南里昌平路5段241號,臺中市神岡區社南里,王鎂嘉,97051124,有限公司,,1091007,生產中,25金屬製品製造業、29機械設備製造業  ,254金屬加工處理、291金屬加工用機械設備  
11508.csv,新陸豐電機工廠股份有限公司,99633719,06910006132438,臺中市龍井區忠和里臨港路二段五二號,臺中市龍井區忠和里,周鏡鐘,56633267,股份有限公司,0690818,0680512,生產中,28電力設備及配備製造業  ,285家用電器、281發電、輸電及配電機械  
11508.csv,日進鑄造有限公司,99653784,07710009054262,雲林縣斗六市湖山里湖山路五三號,雲林縣斗六市湖山里,吳仲安,97391186,有限公司,0770613,0771012,生產中,24基本金屬製造業  ,241鋼鐵  
11508.csv,日銪股份有限公司,99636992,08210006266699,臺中市豐原區翁子里豐勢路一段414號1樓,臺中市豐原區翁子里,張賜真,84620763,股份有限公司,0821209,0821215,生產中,24基本金屬製造業、25金屬製品製造業、29機械設備製造業  ,241鋼鐵、259其他金屬製品、293通用機械設備  
11508.csv,旭晟精密股份有限公司ㄧ廠,99712414,,高雄市鳥松區仁美里美山路５３－１號１樓,高雄市鳥松區仁美里,謝美珠,89332122,股份有限公司,,0980326,生產中,29機械設備製造業  ,293通用機械設備  
11508.csv,昇廣環保工業有限公司,68000472,,桃園市觀音區樹林里經建四路4鄰2-15號,桃園市觀音區樹林里,蔡鎮宇,24202391,有限公司,,1050118,生產中,22塑膠製品製造業、25金屬製品製造業  ,220塑膠製品、253金屬容器  
11508.csv,昇延鋼鐵有限公司,99635586,06810006052817,臺中市太平區中興里太平路６７８巷６８弄３２號,臺中市太平區中興里,陳漢洲,55882457,有限公司,0680414,0721222,生產中,25金屬製品製造業、29機械設備製造業  ,251金屬刀具、手工具及模具、259其他金屬製品、293通用機械設備  
11508.csv,昇延鋼鐵有限公司一廠,99701692,,臺中市太平區中興里永義十街２７號,臺中市太平區中興里,陳漢洲,55882457,有限公司,,0930505,生產中,25金屬製品製造業、29機械設備製造業  ,251金屬刀具、手工具及模具、259其他金屬製品、293通用機械設備、291金屬加工用機械設備  
11508.csv,昇延鋼鐵有限公司芳苑廠,99649810,07510000130816,彰化縣芳苑鄉後寮村工區九路１號,彰化縣芳苑鄉後寮村,陳漢洲　　　,55882457,有限公司,0750516,0891206,生產中,24基本金屬製造業、25金屬製品製造業、29機械設備製造業  ,241鋼鐵、259其他金屬製品、293通用機械設備  
11508.csv,昌旺汽材工業股份有限公司,66001464,,臺中市龍井區忠和里海尾路278巷31弄6號,臺中市龍井區忠和里,王綻宏,53973896,股份有限公司,,1011108,生產中,25金屬製品製造業、29機械設備製造業、30汽車及其零件製造業、31其他運輸工具及其零件製造業、21橡膠製品製造業、24基本金屬製造業  ,259其他金屬製品、251金屬刀具、手工具及模具、254金屬加工處理、293通用機械設備、303汽車零件、312機車及其零件、313自行車及其零件、210橡膠製品、241鋼鐵  
11508.csv,明全紙器有限公司,S0702649,,彰化縣社頭鄉橋頭村新雅路60-1號,彰化縣社頭鄉橋頭村,周長興,24371190,有限公司,,1131023,生產中,15紙漿、紙及紙製品製造業  ,152瓦楞紙板及紙容器、159其他紙製品  
11508.csv,明全紙器有限公司埔心廠一廠,07005489,,彰化縣埔心鄉二重村五通南路166-32號,彰化縣埔心鄉二重村,周長興,24371190,有限公司,,1130319,生產中,15紙漿、紙及紙製品製造業  ,159其他紙製品  
11508.csv,明全紙器有限公司埔心廠二廠,07005580,,彰化縣埔心鄉二重村五通南路166-36號,彰化縣埔心鄉二重村,周長興,24371190,有限公司,,1130603,生產中,15紙漿、紙及紙製品製造業  ,159其他紙製品  
11508.csv,明昌鋼鐵股份有限公司分廠,99676949,,臺南市安南區安順里開安路200號,臺南市安南區安順里,邱茂賢,69515539,股份有限公司,,0940425,生產中,25金屬製品製造業  ,254金屬加工處理  
11508.csv,明昌鋼鐵股份有限公司永科廠,67001232,,臺南市永康區王行里永科三路8號,臺南市永康區王行里,邱茂賢,69515539,股份有限公司,,1040609,生產中,25金屬製品製造業  ,254金屬加工處理  
11508.csv,明明鋁業股份有限公司,99704563,,臺中市后里區泰安里福美路5-3號,臺中市后里區泰安里,郭美珠,55929072,股份有限公司,,0961120,生產中,24基本金屬製造業、25金屬製品製造業、29機械設備製造業、30汽車及其零件製造業、31其他運輸工具及其零件製造業  ,242鋁、251金屬刀具、手工具及模具、259其他金屬製品、293通用機械設備、312機車及其零件、313自行車及其零件、319未分類其他運輸工具及其零件、303汽車零件  
11508.csv,明明鋁業股份有限公司彰濱廠,07002020,,彰化縣鹿港鎮東石里工業西一路12、16號,彰化縣鹿港鎮東石里,郭美珠,55929072,股份有限公司,,1060118,生產中,24基本金屬製造業  ,242鋁  
11508.csv,明祺鋼鐵有限公司,07005890,,彰化縣和美鎮竹營里忠誠路137巷8號1樓,彰化縣和美鎮竹營里,陳明祺,61914386,有限公司,,1140116,生產中,25金屬製品製造業  ,252金屬結構及建築組件、259其他金屬製品  
11508.csv,明祺鋼鐵有限公司二廠,66007397,,臺中市龍井區山腳里沙田路六段東巷16號一樓,臺中市龍井區山腳里,陳明祺,61914386,有限公司,,1080502,生產中,25金屬製品製造業  ,252金屬結構及建築組件  
11508.csv,明龍興機械有限公司,99657261,08310011012424,臺南市永康區三民里三民街90巷5號,臺南市永康區三民里,蔡明宗　,84613670,有限公司,0830202,0830204,生產中,29機械設備製造業  ,292其他專用機械設備  
11508.csv,昕威實業有限公司台東廠,99666330,07210014018988,臺東縣臺東市豐樂里大業路七十五號,臺東縣臺東市豐樂里,黃崑茂,28602186,有限公司,0720325,0730924,生產中,24基本金屬製造業、29機械設備製造業、25金屬製品製造業  ,241鋼鐵、291金屬加工用機械設備、293通用機械設備  
11508.csv,昕成鋼鐵有限公司,65005945,,新北市土城區裕生里中華路1段70巷9號,新北市土城區裕生里,李美蓉,01863089,有限公司,,1060518,生產中,25金屬製品製造業  ,254金屬加工處理  
11508.csv,星鑽工業股份有限公司,13000072,,屏東縣長治鄉繁昌村中山路150-9號,屏東縣長治鄉繁昌村,董鎧銘,84429935,股份有限公司,,1001021,生產中,24基本金屬製造業、25金屬製品製造業  ,241鋼鐵、249其他基本金屬、254金屬加工處理  
11508.csv,星陽金屬股份有限公司彰濱廠,07001248,,彰化縣鹿港鎮東石里工業西一路23號,彰化縣鹿港鎮東石里,江水盛,84158187,股份有限公司,,1030710,生產中,24基本金屬製造業  ,242鋁  
11508.csv,映余企業有限公司二廠,68005232,,桃園市中壢區過嶺里福祥路346巷10號(1樓),桃園市中壢區過嶺里,陳映愷,24252363,有限公司,,1111207,生產中,25金屬製品製造業  ,254金屬加工處理、259其他金屬製品  
11508.csv,璟顥科技有限公司,68001506,,桃園市蘆竹區內厝里長安路2段39巷17號（1樓）,桃園市蘆竹區內厝里,陳泓維,24349923,有限公司,,1060919,生產中,27電腦、電子產品及光學製品製造業  ,275量測、導航、控制設備及鐘錶  
11508.csv,璟驊興業有限公司,99678385,08110007072411,彰化縣花壇鄉文德村福德街１３８號,彰化縣花壇鄉文德村,郭欽立　　　,86605366,有限公司,0810423,0810423,生產中,25金屬製品製造業  ,251金屬刀具、手工具及模具  
11508.csv,白陽素食食品有限公司,68003229,,桃園市龍潭區烏林里工二路70巷21弄17號1樓,桃園市龍潭區烏林里,李錫盟,54024140,有限公司,,1090220,生產中,08食品製造業  ,089其他食品  
11508.csv,白馬窯業股份有限公司楊梅廠,99624225,06710000098354,桃園市楊梅區新榮里電研路5號、8之1號,桃園市楊梅區新榮里,廖伸華　　,34258318,股份有限公司,0580101,0681122,生產中,23非金屬礦物製品製造業  ,232耐火、黏土建材及其他陶瓷製品  
11508.csv,盈家鐵材有限公司,S0701241,,彰化縣社頭鄉里仁村員集路一段112號,彰化縣社頭鄉里仁村,賴陳錦雲,28528686,有限公司,,1090907,生產中,25金屬製品製造業  ,254金屬加工處理  
11508.csv,盈強工程有限公司,66012143,,臺中市后里區墩北里月湖路42之7號,臺中市后里區墩北里,陳俊晨,90243056,有限公司,,1141127,生產中,25金屬製品製造業、29機械設備製造業  ,252金屬結構及建築組件、293通用機械設備  
11508.csv,益壽國際股份有限公司,09000404,,雲林縣斗南鎮小東里公論路19號,雲林縣斗南鎮小東里,方敬圓,24367111,股份有限公司,,1030210,生產中,08食品製造業  ,087動物飼品  
11508.csv,益福機械有限公司,99662669,07810012147312,高雄市路竹區竹南里中正路２３２巷１５號,高雄市路竹區竹南里,鄭明春,24205290,有限公司,0791231,0791231,生產中,25金屬製品製造業  ,259其他金屬製品  
11508.csv,盛億科技股份有限公司,99717574,,桃園市桃園區大林里大原路１８之８號,桃園市桃園區大林里,曾素玲,24289404,股份有限公司,,0980227,生產中,22塑膠製品製造業  ,220塑膠製品  
11508.csv,盛利精工股份有限公司,99711955,,臺南市關廟區關廟里中山路2段265之4號,臺南市關廟區關廟里,郭利銘,24362782,股份有限公司,,0990527,生產中,19其他化學製品製造業  ,192塗料、染料及顏料  
11508.csv,盛興鋼鐵有限公司,S6603344,,臺中市神岡區三角里中興路2號,臺中市神岡區三角里,藍詩怡,61841201,有限公司,,1150708,生產中,29機械設備製造業  ,291金屬加工用機械設備  
11508.csv,盛英股份有限公司桃園廠,99624314,07510000272022,桃園市蘆竹區坑口里油管路二段251巷2號,桃園市蘆竹區坑口里,賴慶安,22265757,股份有限公司,0751006,0760820,生產中,28電力設備及配備製造業、29機械設備製造業、26電子零組件製造業  ,285家用電器、281發電、輸電及配電機械、293通用機械設備、262被動電子元件  
11508.csv,祥威五金企業有限公司,S0701754,,彰化縣鹿港鎮頂番里埤頭巷12-20號,彰化縣鹿港鎮頂番里,陳錫雄,24226416,有限公司,,1110817,生產中,25金屬製品製造業  ,259其他金屬製品  
11508.csv,祥安鋼鐵工業股份有限公司,99633911,08410006207381,臺中市大里區仁化里工業二十路9號,臺中市大里區仁化里,李彥錫,52674499,股份有限公司,0840630,0851011,生產中,25金屬製品製造業  ,253金屬容器、254金屬加工處理、259其他金屬製品  
11508.csv,祥興鋼鐵工業股份有限公司屏東廠,99665608,07710099178008,屏東縣新園鄉仙吉村仙吉路418號,屏東縣新園鄉仙吉村,張吳月掛,35836619,股份有限公司,0770505,0780408,生產中,24基本金屬製造業  ,241鋼鐵  
11508.csv,祥芳塑膠工業有限公司,99697066,,新北市新莊區福基里化成路三八九巷四三號,新北市新莊區福基里,李應彰,22241762,有限公司,,0961005,生產中,22塑膠製品製造業  ,220塑膠製品  
11508.csv,彰誼企業股份有限公司,99649237,07610007051380,彰化縣鹿港鎮山崙里崙尾巷１４６之１號,彰化縣鹿港鎮山崙里,陳鵬仁　,22416544,股份有限公司,0760119,0760424,生產中,11紡織業  ,112織布  
11508.csv,彰誼企業股份有限公司二廠,S0701657,,彰化縣鹿港鎮山崙里崙尾巷146之1號、146之3號,彰化縣鹿港鎮山崙里,陳鵬仁,22416544,股份有限公司,,1110418,生產中,11紡織業  ,112織布  
11508.csv,微鑫電子股份有限公司大同廠,04000987,,新竹縣湖口鄉鳳山村大同路13號,新竹縣湖口鄉鳳山村,曾敬喜,24200534,股份有限公司,,1100812,生產中,26電子零組件製造業  ,269其他電子零組件、261半導體  
11508.csv,德旺金屬實業有限公司,S6700298,,臺南市歸仁區西埔里西埔二街42號,臺南市歸仁區西埔里,陳德安,24286791,有限公司,,1090723,生產中,29機械設備製造業、31其他運輸工具及其零件製造業  ,292其他專用機械設備、293通用機械設備、319未分類其他運輸工具及其零件  
11508.csv,德詠勝有限公司二廠,07002880,,彰化縣彰化市茄南里福馬街94號1樓,彰化縣彰化市茄南里,蔡季霖,24299661,有限公司,,1071207,生產中,25金屬製品製造業  ,251金屬刀具、手工具及模具、259其他金屬製品  
11508.csv,志慶企業社,S6401385,,高雄市路竹區鴨寮里新民路539號,高雄市路竹區鴨寮里,蘇月珠,07924149,獨資,,1150120,生產中,25金屬製品製造業  ,259其他金屬製品  
11508.csv,忠懋模具社,S6700984,,臺南市安南區原佃里安吉路一段492、496號,臺南市安南區原佃里,洪海忠,25872241,合夥,,1140108,生產中,25金屬製品製造業  ,251金屬刀具、手工具及模具  
11508.csv,忠昇有限公司台北廠,65009783,,新北市板橋區成和里大觀路3段36巷117弄25號(1樓),新北市板橋區成和里,徐健華,97124323,有限公司,,1100916,生產中,25金屬製品製造業、27電腦、電子產品及光學製品製造業、29機械設備製造業  ,254金屬加工處理、259其他金屬製品、271電腦及其週邊設備、272通訊傳播設備、293通用機械設備  
11508.csv,怡貿塑膠有限公司,S6601876,,臺中市大里區西湖里草堤路243號,臺中市大里區西湖里,劉明鈞,70651217,有限公司,,1120529,生產中,22塑膠製品製造業  ,220塑膠製品  
11508.csv,愛的爾自動化機械有限公司,99616475,08310001365422,新北市鶯歌區中湖里中湖路三０八號一樓,新北市鶯歌區中湖里,羅至典,89242001,有限公司,0831121,0831130,生產中,29機械設備製造業  ,292其他專用機械設備  
11508.csv,愛的爾自動化機械有限公司桃園廠,99707673,,桃園市龜山區兔坑里茶專一街60巷30號（１樓）,桃園市龜山區兔坑里,郭玉芬,89242001,有限公司,,0970619,生產中,29機械設備製造業  ,292其他專用機械設備、293通用機械設備  
11508.csv,愛美娜食品企業有限公司第二廠,99625570,08610000805021,桃園市中壢區過嶺里12鄰民族路6段242號1樓,桃園市中壢區過嶺里,鍾崑章　　,89208236,有限公司,0860620,0860726,生產中,08食品製造業  ,089其他食品  
11508.csv,懋銓鋼鐵有限公司大發廠,99664901,07410012092450,高雄市大寮區大寮里興業路３１號,高雄市大寮區大寮里,王俊傑,89408282,有限公司,0791231,0791231,生產中,24基本金屬製造業  ,241鋼鐵  
11508.csv,成益紙品有限公司,99616242,07810001033780,新北市土城區大安里承天路七一巷四弄二０號,新北市土城區大安里,潘添裕,15839814,有限公司,0780202,0780215,生產中,15紙漿、紙及紙製品製造業  ,159其他紙製品  
11508.csv,承裕鋼鐵有限公司,99704091,,臺中市大里區祥興里大興街18巷35號,臺中市大里區祥興里,李秉樺,80138490,有限公司,,0960125,生產中,25金屬製品製造業  ,254金屬加工處理  
11508.csv,持勝企業社,99624160,,桃園市平鎮區廣仁里大昌路五七巷二二號一樓,桃園市平鎮區廣仁里,蔡錫仁,14372136,獨資,,0910409,生產中,22塑膠製品製造業  ,220塑膠製品  
11508.csv,振發碾米工廠,99658183,06910000099379,臺南市麻豆區穀興里光復路83號,臺南市麻豆區穀興里,林信旭　,74242600,獨資,0690426,0690426,生產中,08食品製造業  ,086碾榖、磨粉及澱粉製品  
11508.csv,捲圓機械有限公司林內廠,09001018,,雲林縣林內鄉九芎村大同路7之6號,雲林縣林內鄉九芎村,何宴綺,86083514,有限公司,,1090723,生產中,24基本金屬製造業、25金屬製品製造業  ,241鋼鐵、251金屬刀具、手工具及模具、254金屬加工處理、259其他金屬製品  
11508.csv,擇昌實業有限公司仁武二廠,99663499,08410012058362,高雄市仁武區竹後里鳳仁路３１３之２號,高雄市仁武區竹後里,陳天棟,22527915,有限公司,0840418,0860222,生產中,24基本金屬製造業  ,241鋼鐵  
11508.csv,擇興源科技有限公司,64007428,,高雄市岡山區灣裡里岡山北路193巷6號,高雄市岡山區灣裡里,林兆邦,24210575,有限公司,,1041203,生產中,27電腦、電子產品及光學製品製造業、29機械設備製造業  ,271電腦及其週邊設備、292其他專用機械設備、293通用機械設備  
11508.csv,文星元印刷有限公司,99624137,07610003137496,桃園市中壢區普仁里中山東路一段二八三號一樓,桃園市中壢區普仁里,宋富雄　　　,84216948,有限公司,0761230,0770121,生產中,16印刷及資料儲存媒體複製業  ,160印刷及資料儲存媒體複製  
11508.csv,新元工業股份有限公司,99655516,07510010003241,嘉義縣水上鄉寬士村崎仔頭25-1號,嘉義縣水上鄉寬士村,蔡川峯,24226534,股份有限公司,0751213,0760501,生產中,25金屬製品製造業、29機械設備製造業、30汽車及其零件製造業、31其他運輸工具及其零件製造業  ,251金屬刀具、手工具及模具、259其他金屬製品、293通用機械設備、319未分類其他運輸工具及其零件  
11508.csv,日和鋼鐵企業股份有限公司,64000511,,高雄市小港區港口里同利路１２號,高雄市小港區港口里,李培杰,75077705,股份有限公司,,0671215,生產中,24基本金屬製造業  ,241鋼鐵  
11508.csv,日嘉工業股份有限公司,99662287,06910012061313,高雄市永安區維新里永工七路６號,高雄市永安區維新里,林良壹,75939437,股份有限公司,0791231,0690718,生產中,24基本金屬製造業  ,241鋼鐵  
11508.csv,日陞金屬有限公司,02000445,,宜蘭縣五結鄉成興村利工三路11號,宜蘭縣五結鄉成興村,游金標,80218156,有限公司,,1101124,生產中,24基本金屬製造業  ,242鋁  
11508.csv,旭松美塑膠股份有限公司一廠,S6602428,,臺中市神岡區豐洲里大明路170號,臺中市神岡區豐洲里,魏啟軒,86436307,股份有限公司,,1140506,生產中,22塑膠製品製造業  ,220塑膠製品  
11508.csv,旭高鋼鐵有限公司,99624139,08610000811633,桃園市楊梅區高上里高青路28巷7號,桃園市楊梅區高上里,劉易舜,84670518,有限公司,0861203,0881109,生產中,25金屬製品製造業  ,254金屬加工處理、259其他金屬製品  
11508.csv,旭鼎工業股份有限公司龍井廠,66006297,,臺中市龍井區三德里蚵寮路255巷54弄30號,臺中市龍井區三德里,劉軒助,89215308,股份有限公司,,1070322,生產中,24基本金屬製造業  ,241鋼鐵  
11508.csv,昇錩實業股份有限公司大林廠,10000465,,嘉義縣大林鎮大美里大埔美園區五路26號,嘉義縣大林鎮大美里,呂瑞興,36096818,股份有限公司,,1091109,生產中,24基本金屬製造業  ,241鋼鐵  
11508.csv,明功鐵工廠股份有限公司,99639718,07510000203374,臺中市豐原區翁明里東北街584號,臺中市豐原區翁明里,黃閔聰,22241622,股份有限公司,0780817,0750707,生產中,28電力設備及配備製造業、29機械設備製造業  ,285家用電器、293通用機械設備  
11508.csv,明哲企業社,S0701395,,彰化縣鹿港鎮頂番里埤頭巷13號,彰化縣鹿港鎮頂番里,潘明哲,80819117,獨資,,1091104,生產中,24基本金屬製造業  ,243銅  
11508.csv,明星醬油工廠,99667242,07510000284845,基隆市安樂區永康里樂一路28巷32號,基隆市安樂區永康里,翁淑玲,00166206,獨資,0751205,0751205,生產中,08食品製造業  ,089其他食品  
11508.csv,明星鑄鋁有限公司,99642043,07910006130374,臺中市神岡區三角里大豐路四段230、232號,臺中市神岡區三角里,張明欽,23265988,有限公司,0790813,0790830,生產中,24基本金屬製造業、25金屬製品製造業  ,242鋁、259其他金屬製品  
11508.csv,明春窯業股份有限公司,99650649,06210000064375,彰化縣花壇鄉長春村南方一巷１１５號,彰化縣花壇鄉長春村,陳長照　,24355874,股份有限公司,0620526,0621217,生產中,23非金屬礦物製品製造業  ,232耐火、黏土建材及其他陶瓷製品  
11508.csv,易利晟鋼鐵股份有限公司,S6700903,,臺南市歸仁區媽廟里和順路一段112巷60號,臺南市歸仁區媽廟里,陳俊源,24893091,股份有限公司,,1130514,生產中,25金屬製品製造業  ,252金屬結構及建築組件、254金屬加工處理  
11508.csv,易利泰鉄筋股份有限公司,10000482,,嘉義縣東石鄉蔦松村湖底500號,嘉義縣東石鄉蔦松村,陳宜佐,00055872,股份有限公司,,1100120,生產中,24基本金屬製造業、24基本金屬製造業、25金屬製品製造業  ,241鋼鐵、254金屬加工處理  
11508.csv,易利興鋼鐵有限公司,S0900045,,雲林縣西螺鎮七座里文和23號 ,雲林縣西螺鎮七座里,李淑敏 ,97227290,有限公司,,1090427,生產中,25金屬製品製造業  ,254金屬加工處理  
11508.csv,瑞鴻塑膠企業股份有限公司,99661103,07610011132420,臺南市永康區塩行里塩和街232、234號,臺南市永康區塩行里,蔡玉雲,69421293,股份有限公司,0761111,0771222,生產中,22塑膠製品製造業  ,220塑膠製品  
11508.csv,瓏翔鋼鐵材料股份有限公司大有廠,99609227,08410001178144,新北市三重區大有里中正北路五六０巷二七號,新北市三重區大有里,沈榮峰,36093072,股份有限公司,0840613,0840622,生產中,24基本金屬製造業、25金屬製品製造業、29機械設備製造業  ,241鋼鐵、291金屬加工用機械設備、293通用機械設備、251金屬刀具、手工具及模具  
11508.csv,瓦特汽車材料製造工業股份有限公司,99624288,06210000047690,桃園市蘆竹區中福里文中路一段168號,桃園市蘆竹區中福里,余張秀春　　,43639866,股份有限公司,0620420,0630226,生產中,30汽車及其零件製造業  ,303汽車零件  
11508.csv,百盈事業有限公司,03002037,,桃園市楊梅區高上里高獅路677號,桃園市楊梅區高上里,謝佩菁,24383392,有限公司,,1021127,生產中,25金屬製品製造業、29機械設備製造業  ,259其他金屬製品、293通用機械設備  
11508.csv,百盈事業有限公司蘆竹廠,68007644,,桃園市蘆竹區內厝里安中街19號(4樓),桃園市蘆竹區內厝里,謝佩菁,24383392,有限公司,,1150604,生產中,29機械設備製造業  ,293通用機械設備  
11508.csv,皇成有限公司,07000253,,彰化縣花壇鄉橋頭村彰員路二段39號,彰化縣花壇鄉橋頭村,蔡文祥,53376390,有限公司,,1000804,生產中,24基本金屬製造業、25金屬製品製造業  ,242鋁、254金屬加工處理  
11508.csv,益大鋼鐵股份有限公司,64004487,7664106487,高雄市小港區龍鳳里興業街５２、５４號,高雄市小港區龍鳳里,李瑞政,22540537,股份有限公司,0760922,0780413,生產中,25金屬製品製造業  ,259其他金屬製品  
11508.csv,益富包裝企業有限公司,99624296,08210003144682,桃園市龜山區南上里民生北路一段五四巷二弄十七號二樓,桃園市龜山區南上里,賴中埕,43793641,有限公司,0820820,0820913,生產中,16印刷及資料儲存媒體複製業、15紙漿、紙及紙製品製造業  ,159其他紙製品、160印刷及資料儲存媒體複製  
11508.csv,益立達實業有限公司,67000385,,臺南市麻豆區海埔里麻學路二段592號1樓,臺南市麻豆區海埔里,陳永霖,24244033,有限公司,,1010604,生產中,22塑膠製品製造業  ,220塑膠製品  
11508.csv,松發工業社,99656468,,臺南市仁德區一甲里中正路3段242巷12號,臺南市仁德區一甲里,蔡許琴,17835069,獨資,,0900717,生產中,25金屬製品製造業  ,254金屬加工處理  
11508.csv,果仙子企業社,S0702432,,彰化縣秀水鄉鶴鳴村馬鳴路70號,彰化縣秀水鄉鶴鳴村,石芳溱,47372797,獨資,,1130618,生產中,25金屬製品製造業  ,252金屬結構及建築組件  
11508.csv,栓緯企業有限公司,99659788,08610011300746,臺南市永康區尚頂里塩信街142號,臺南市永康區尚頂里,林嘉億　　　,97270900,有限公司,0860131,0870611,生產中,24基本金屬製造業  ,241鋼鐵  
11508.csv,森詠砂石有限公司,99655172,08310010604699,嘉義縣梅山鄉梅北村工業一路２６號,嘉義縣梅山鄉梅北村,黃國寶,16532242,有限公司,0831116,0850510,生產中,23非金屬礦物製品製造業  ,233水泥及其製品  
11508.csv,榮泉鋼鐵股份有限公司,99705072,,高雄市岡山區本洲里本工西路４６號,高雄市岡山區本洲里,羅時泉,59371007,股份有限公司,,0950720,生產中,24基本金屬製造業、25金屬製品製造業  ,249其他基本金屬、254金屬加工處理  
11508.csv,樺暘金屬股份有限公司,68003320,,桃園市蘆竹區長興里4鄰西溪路367號,桃園市蘆竹區長興里,李金山,27670241,股份有限公司,,1090410,生產中,25金屬製品製造業  ,254金屬加工處理  
11508.csv,樺森創新科技有限公司,99719632,,新北市三重區中興里重新路五段六０九巷一六號八樓之六,新北市三重區中興里,廖順安,24284647,有限公司,,0981016,生產中,28電力設備及配備製造業  ,289其他電力設備及配備  
11508.csv,欣億螺絲工業股份有限公司,99718928,,新北市三重區頂崁里光復路2段196巷36號,新北市三重區頂崁里,林秀員,22243380,股份有限公司,,0971212,生產中,25金屬製品製造業  ,259其他金屬製品  
11508.csv,欣億金屬有限公司一廠,S0702428,,彰化縣秀水鄉義興村義雅巷233號,彰化縣秀水鄉義興村,陳銘峰,86223796,有限公司,,1130612,生產中,32家具製造業  ,320家具  
11508.csv,欣元電子有限公司,02000235,,宜蘭縣頭城鎮中崙里三和路568號,宜蘭縣頭城鎮中崙里,陳雪華,80241396,有限公司,,1050728,生產中,26電子零組件製造業  ,269其他電子零組件  
11508.csv,正崇食品廠股份有限公司,99624201,07510000128487,桃園市龍潭區八德里聖亭路八德段六五０、六五二號,桃園市龍潭區八德里,李黃秀月,34063778,股份有限公司,0750509,0750623,生產中,08食品製造業  ,089其他食品  
11508.csv,正煜農產行,09001447,,雲林縣斗南鎮北銘里自強路15號1樓、15號2樓、15號3樓、15號4樓,雲林縣斗南鎮北銘里,施美寧,72410849,獨資,,1140425,生產中,08食品製造業  ,081肉類加工  
11508.csv,正銓精密企業有限公司,68006015,,桃園市觀音區廣興里保興路一段160號,桃園市觀音區廣興里,高佳煒,93489531,有限公司,,1130411,生產中,24基本金屬製造業、25金屬製品製造業  ,242鋁、249其他基本金屬、259其他金屬製品、251金屬刀具、手工具及模具  
11508.csv,正鋒鑄造工業股份有限公司,99635355,06710006114593,臺中市神岡區神洲里大明路41號,臺中市神岡區神洲里,游慶男,55963535,股份有限公司,0670901,0740112,生產中,24基本金屬製造業  ,241鋼鐵  
11508.csv,正鋒鑄造工業股份有限公司二廠,S6601158,,臺中市神岡區神洲里大明路41號,臺中市神岡區神洲里,游慶男,55963535,股份有限公司,,1100826,生產中,24基本金屬製造業  ,241鋼鐵  
11508.csv,正鋒齒輪興業社,66000241,,臺中市東區東門里天乙街149巷14號,臺中市東區東門里,廖啟勳,06057275,獨資,,1000512,生產中,29機械設備製造業、30汽車及其零件製造業、31其他運輸工具及其零件製造業  ,293通用機械設備、303汽車零件、313自行車及其零件  
11508.csv,正鎧室內裝修有限公司,65012523,,新北市新莊區瓊林里瓊林南路103巷8弄29號,新北市新莊區瓊林里,張麗粉,24250739,有限公司,,1140226,生產中,32家具製造業  ,320家具  
11508.csv,正鎧科技有限公司,65012418,,新北市樹林區三龍里三龍街124號(2樓),新北市樹林區三龍里,鄭景豪,28152920,有限公司,,1131231,生產中,28電力設備及配備製造業  ,284照明設備及配備  
11508.csv,毓記企業有限公司,99657191,07510011111120,臺南市永康區尚頂里國聖街57號,臺南市永康區尚頂里,潘煌華　　　,22480242,有限公司,0750916,0760515,生產中,28電力設備及配備製造業  ,285家用電器、284照明設備及配備、289其他電力設備及配備  
11508.csv,永仕誠鋁業股份有限公司科工廠,99674583,,臺南市安南區媽祖宮里工業二路71號,臺南市安南區媽祖宮里,宋立榮,16642418,股份有限公司,,0910219,生產中,24基本金屬製造業  ,242鋁  
11508.csv,永佲鋼鐵股份有限公司,99648136,07510000265228,彰化縣員林市南東里員草路８５５巷１７６號,彰化縣員林市南東里,江煌輝　,22200235,股份有限公司,0750825,0760613,生產中,24基本金屬製造業  ,241鋼鐵  
11508.csv,永利環保工程企業有限公司,08000243,,南投縣南投市新興里成功三路361號,南投縣南投市新興里,張錫淵,84693337,有限公司,,1061016,生產中,22塑膠製品製造業、23非金屬礦物製品製造業、33其他製造業  ,220塑膠製品、239其他非金屬礦物製品、339未分類其他製品  
11508.csv,永強科技股份有限公司,99625159,08610003303581,桃園市桃園區龍山里龍壽街二五三巷二二號,桃園市桃園區龍山里,謝開發　　　,97424314,股份有限公司,0860523,0860528,生產中,28電力設備及配備製造業  ,289其他電力設備及配備  
11508.csv,永明企業社,99688674,,桃園市龜山區南美里南美街８０號,桃園市龜山區南美里,吳永珍,98243446,獨資,,0941107,生產中,25金屬製品製造業  ,252金屬結構及建築組件  
11508.csv,永源化工原料股份有限公司,99621540,08510000402220,桃園市大園區內海里中山北路280巷11、13號,桃園市大園區內海里,吳旻鴻　　,22949041,股份有限公司,0850305,0900307,生產中,24基本金屬製造業  ,243銅、249其他基本金屬  
11508.csv,永源科技材料股份有限公司,68001554,,桃園市大園區內海里民權路3號(1樓及夾層),桃園市大園區內海里,吳旻鴻,54920948,股份有限公司,,1061024,生產中,24基本金屬製造業  ,243銅  
11508.csv,永源金屬科技股份有限公司,99687925,,桃園市大園區內海里中山北路二六八巷一二號,桃園市大園區內海里,吳旻鴻,27591561,股份有限公司,,0930915,生產中,24基本金屬製造業、22塑膠製品製造業  ,243銅、220塑膠製品  
11508.csv,永源金屬科技股份有限公司(民權廠),68002157,,桃園市大園區內海里民權路3號2、3、4樓,桃園市大園區內海里,吳旻鴻,27591561,股份有限公司,,1070817,生產中,24基本金屬製造業  ,243銅、249其他基本金屬  
11508.csv,昱茂特殊鋼有限公司,99663859,08310012027317,高雄市仁武區後安里永宏巷１２弄１２號,高雄市仁武區後安里,吳童娥,84435057,有限公司,0830301,0830310,生產中,24基本金屬製造業、25金屬製品製造業、30汽車及其零件製造業  ,241鋼鐵、259其他金屬製品、303汽車零件  
11508.csv,昶興企業社,S0700342,,彰化縣溪州鄉榮光村政民路242號,彰化縣溪州鄉榮光村,楊淑雲,98618491,合夥,,1090522,生產中,25金屬製品製造業  ,252金屬結構及建築組件  
11508.csv,晉椿工業股份有限公司鹿港二廠,99679995,,彰化縣鹿港鎮東石里鹿工南三路１號,彰化縣鹿港鎮東石里,陳譽,30826319,股份有限公司,,0950307,生產中,24基本金屬製造業  ,241鋼鐵  
11508.csv,晉椿工業股份有限公司鹿港廠,99645145,08610000812095,彰化縣鹿港鎮海埔里彰濱工業區鹿工路２４號,彰化縣鹿港鎮海埔里,陳譽　,30826319,股份有限公司,0861229,0870203,生產中,24基本金屬製造業  ,241鋼鐵  
11508.csv,晉業企業有限公司,99610055,07610001304103,新北市汐止區中興里福德一路三四二巷三弄二三號,新北市汐止區中興里,余連基,22429338,有限公司,0761005,0761027,生產中,26電子零組件製造業、25金屬製品製造業、29機械設備製造業、28電力設備及配備製造業  ,264光電材料及元件、269其他電子零組件、259其他金屬製品、293通用機械設備、251金屬刀具、手工具及模具、283電線及配線器材、289其他電力設備及配備  
11508.csv,博威特實業股份有限公司仁林廠,64008322,,高雄市仁武區烏林里仁林路234號1樓,高雄市仁武區烏林里,黃福進,16725373,股份有限公司,,1080219,生產中,22塑膠製品製造業、23非金屬礦物製品製造業、24基本金屬製造業  ,220塑膠製品、231玻璃及其製品、241鋼鐵、242鋁、243銅  
11508.csv,友育冷凍機械工業有限公司,99608709,08810001265947,新北市三重區永發里中正北路三一五巷一六弄二號,新北市三重區永發里,張清隆,16933345,有限公司,0880820,0880903,生產中,24基本金屬製造業、25金屬製品製造業、29機械設備製造業  ,241鋼鐵、243銅、259其他金屬製品、293通用機械設備  
11508.csv,可町科技有限公司,S0702437,,彰化縣大村鄉南勢村南二橫巷臨7之3號,彰化縣大村鄉南勢村,楊秀美,45123837,有限公司,,1130620,生產中,25金屬製品製造業  ,259其他金屬製品  
11508.csv,台塑尖端能源科技股份有限公司彰濱廠,07005796,,彰化縣鹿港鎮山崙里崙安路28號,彰化縣鹿港鎮山崙里,李坤亮,90624251,股份有限公司,,1131118,生產中,28電力設備及配備製造業  ,282電池  
11508.csv,台灣日鑛金屬股份有限公司觀音廠,99623792,07910000170277,桃園市觀音區樹林里觀音工業區經建四路45號,桃園市觀音區樹林里,洪世修,28041501,股份有限公司,0790122,0790121,生產中,24基本金屬製造業  ,243銅  
11508.csv,台灣晁群科技有限公司,66012439,,臺中市神岡區豐洲里豐工中路39號1樓,臺中市神岡區豐洲里,林玉娟,97429599,有限公司,,1150521,生產中,29機械設備製造業  ,291金屬加工用機械設備  
11508.csv,台灣特殊金屬股份有限公司,99629200,07610003137163,桃園市蘆竹區內厝里內溪路49號,桃園市蘆竹區內厝里,谷口広,22663050,股份有限公司,0761214,0771110,生產中,24基本金屬製造業  ,241鋼鐵  
11508.csv,台灣連興綿織股份有限公司二廠,S0701425,,彰化縣田尾鄉溪頂村三溪路一段301巷6號,彰化縣田尾鄉溪頂村,顏招明,24151941,股份有限公司,,1091126,生產中,11紡織業  ,111紡紗  
11508.csv,台灣連興綿織股份有限公司五廠,S0702090,,彰化縣田尾鄉新厝村三溪路一段290號,彰化縣田尾鄉新厝村,顏招明,24151941,股份有限公司,,1120815,生產中,11紡織業  ,111紡紗  
11508.csv,景裕石業有限公司,15000154,,花蓮縣花蓮市民孝里華東32之29號,花蓮縣花蓮市民孝里,蔡博政,24297208,有限公司,,1110829,生產中,23非金屬礦物製品製造業  ,239其他非金屬礦物製品  
11508.csv,晶鼎鋼鐵有限公司新店廠,99695016,,新北市新店區安和里安業街一二號,新北市新店區安和里,葉順生,16901081,有限公司,,0950103,生產中,24基本金屬製造業、25金屬製品製造業、29機械設備製造業  ,241鋼鐵、254金屬加工處理、252金屬結構及建築組件、293通用機械設備、251金屬刀具、手工具及模具  
11508.csv,智億精機有限公司,65000256,,新北市新莊區西盛里新樹路244巷26號1.2樓,新北市新莊區西盛里,廖文光,86939552,有限公司,,1000408,生產中,24基本金屬製造業、25金屬製品製造業、29機械設備製造業  ,241鋼鐵、252金屬結構及建築組件、291金屬加工用機械設備  
11508.csv,暐發興業股份有限公司,99680504,,彰化縣鹿港鎮東石里鹿工南四路３７號,彰化縣鹿港鎮東石里,楊錦發,80626478,股份有限公司,,0961009,生產中,24基本金屬製造業  ,243銅  
11508.csv,有長工業股份有限公司二廠,99680773,,彰化縣彰化市牛埔里一德南路３３之６號,彰化縣彰化市牛埔里,吳有長,22382410,股份有限公司,,0970926,生產中,25金屬製品製造業  ,251金屬刀具、手工具及模具  
11508.csv,有馳股份有限公司善化廠,99683059,08810011305350,臺南市善化區小新里小新營519之2號,臺南市善化區小新里,李宛庭,70418649,股份有限公司,0880607,0890118,生產中,24基本金屬製造業  ,241鋼鐵  
11508.csv,期發塑膠企業股份有限公司,99665039,07410012093063,高雄市大寮區潮寮里華東路１３之１號,高雄市大寮區潮寮里,鄭克昌,22947557,股份有限公司,0791231,0791231,生產中,24基本金屬製造業、22塑膠製品製造業  ,241鋼鐵、220塑膠製品  
11508.csv,東光橡膠股份有限公司,99670750,05910000114274,臺中市南屯區春社里建功路220號,臺中市南屯區春社里,廖淮呈,51312435,股份有限公司,0580101,0611019,生產中,21橡膠製品製造業  ,210橡膠製品  
11508.csv,東峰車體工業有限公司,99632425,08810005812441,苗栗縣銅鑼鄉中平村一三鄰中隆三路二之三號,苗栗縣銅鑼鄉中平村,張勉峯,16968189,有限公司,0881123,0890814,生產中,29機械設備製造業、30汽車及其零件製造業  ,293通用機械設備、302車體、303汽車零件  
11508.csv,東發鑄造企業有限公司,99626045,06810000109065,桃園市八德區廣興里新興路一九○巷二三號,桃園市八德區廣興里,何美鳳,80074756,有限公司,0580101,0701021,生產中,29機械設備製造業、30汽車及其零件製造業、24基本金屬製造業  ,292其他專用機械設備、303汽車零件、302車體、312機車及其零件、241鋼鐵  
11508.csv,松井生技開發食品有限公司,S1000080,,嘉義縣太保市舊埤里5之20號,嘉義縣太保市舊埤里,陳啓義,24396489,有限公司,,1090601,生產中,08食品製造業  ,089其他食品  
11508.csv,松亞企業社,65012424,,新北市五股區五福里成泰路2段197巷36號,新北市五股區五福里,屠國興,95877347,合夥,,1140107,生產中,25金屬製品製造業、29機械設備製造業  ,259其他金屬製品、293通用機械設備  
11508.csv,松盛工業有限公司楊梅二廠,68000139,,桃園市楊梅區高上里高獅路427號,桃園市楊梅區高上里,吳進財,35921501,有限公司,,1040616,生產中,24基本金屬製造業  ,242鋁  
11508.csv,柄盛企業有限公司,99719376,,新北市八里區頂罟里博物館路一三七號一樓,新北市八里區頂罟里,劉尤祝,29086202,有限公司,,0980701,生產中,24基本金屬製造業、25金屬製品製造業、26電子零組件製造業  ,242鋁、243銅、252金屬結構及建築組件、253金屬容器、262被動電子元件、263印刷電路板、264光電材料及元件  
11508.csv,柏仕威電子有限公司,65008237,,新北市汐止區保安里大同路3段369巷17號(1樓),新北市汐止區保安里,呂俊杰,70729242,有限公司,,1081206,生產中,26電子零組件製造業、27電腦、電子產品及光學製品製造業  ,269其他電子零組件、271電腦及其週邊設備、272通訊傳播設備、273視聽電子產品、274資料儲存媒體  
11508.csv,森鐵鋼鐵股份有限公司,99641092,08210006043763,臺中市霧峰區南勢里豐正路431號,臺中市霧峰區南勢里,楊森湘,52804155,股份有限公司,0820413,0840124,生產中,25金屬製品製造業  ,254金屬加工處理  
11508.csv,榕祥鋼鐵有限公司,65009346,,新北市新莊區營盤里中正路544之12號,新北市新莊區營盤里,呂火木,86676397,有限公司,,1100407,生產中,25金屬製品製造業、29機械設備製造業  ,254金屬加工處理、259其他金屬製品、293通用機械設備  
11508.csv,榮仁鋁業股份有限公司,99664223,07010012080779,高雄市岡山區竹圍里新庄路１１之１０號,高雄市岡山區竹圍里,陳信豪,88695103,股份有限公司,0791231,0791231,生產中,24基本金屬製造業  ,242鋁  
11508.csv,榮泰環保科技股份有限公司桃園廠,03001286,,桃園市龍潭區烏林里工二路一段52號,桃園市龍潭區烏林里,蔡璟湄,24312242,股份有限公司,,1010905,生產中,29機械設備製造業  ,293通用機械設備  
11508.csv,樂三有限公司,99609515,07710001242825,新北市汐止區環河里南陽街一二一巷一五號,新北市汐止區環河里,杜東松,04832189,有限公司,0770817,0770831,生產中,22塑膠製品製造業  ,220塑膠製品  
11508.csv,樂利得實業股份有限公司官田廠,67003241,,臺南市官田區二鎮里工業路2之1號,臺南市官田區二鎮里,陳振盤,24519882,股份有限公司,,1110207,生產中,19其他化學製品製造業、18化學材料及肥料製造業  ,193清潔用品及化粧品、199未分類其他化學製品、181化學原材料  
11508.csv,樺瑩工業有限公司三廠,65012437,,新北市汐止區樟樹里大同路1段286巷7號(1樓),新北市汐止區樟樹里,劉榮燦,22927855,有限公司,,1140108,生產中,25金屬製品製造業、30汽車及其零件製造業  ,251金屬刀具、手工具及模具、259其他金屬製品、303汽車零件  
11508.csv,欣冠鑄造股份有限公司新屋廠,99626998,07710000170662,桃園市新屋區永安里12鄰永福路380號,桃園市新屋區永安里,王振宇　　,22648740,股份有限公司,0770111,0780705,生產中,24基本金屬製造業、25金屬製品製造業、29機械設備製造業  ,241鋼鐵、259其他金屬製品、293通用機械設備  
11508.csv,欣欣電路板股份有限公司,99621808,08610003302464,桃園市蘆竹區內厝里大豐街27號,桃園市蘆竹區內厝里,吳雲層　　,24269765,股份有限公司,0860324,0860407,生產中,26電子零組件製造業  ,263印刷電路板  
11508.csv,欣欣龍精密工業有限公司二廠,99640198,07510006161971,臺中市豐原區三村里三和路354巷139號,臺中市豐原區三村里,陳彥銘,13064771,有限公司,0751003,0751009,生產中,24基本金屬製造業、25金屬製品製造業、31其他運輸工具及其零件製造業  ,242鋁、259其他金屬製品、312機車及其零件  
11508.csv,欣歐企業股份有限公司,99712028,,高雄市大寮區三隆里光華路４７０巷１３８號,高雄市大寮區三隆里,李明聰,81128365,股份有限公司,,0961012,生產中,24基本金屬製造業、25金屬製品製造業  ,242鋁、252金屬結構及建築組件、253金屬容器  
11508.csv,欣鑫企業社,07003251,,彰化縣彰化市南安里彰鹿路120巷298號1樓,彰化縣彰化市南安里,謝金鳯,26942414,合夥,,1080725,生產中,25金屬製品製造業  ,259其他金屬製品  
11508.csv,欣陞工業有限公司,99609217,07710001214584,新北市新莊區營盤里中正路五七六巷一九號,新北市新莊區營盤里,陳春謹,23488398,有限公司,0770721,0781009,生產中,24基本金屬製造業、25金屬製品製造業、29機械設備製造業、30汽車及其零件製造業、31其他運輸工具及其零件製造業  ,241鋼鐵、254金屬加工處理、259其他金屬製品、293通用機械設備、251金屬刀具、手工具及模具、303汽車零件、312機車及其零件  
11508.csv,正一織造實業社,99678158,07310007042552,彰化縣埤頭鄉崙腳村和平路２７１巷２０號,彰化縣埤頭鄉崙腳村,許俊宏,24171094,獨資,0730317,0730612,生產中,11紡織業  ,112織布、115紡織品  
11508.csv,正州鋼鐵有限公司新市廠,S6700907,,臺南市新市區永就里永就26之15號,臺南市新市區永就里,史秀慧,28131469,有限公司,,1130520,生產中,25金屬製品製造業  ,254金屬加工處理  
11508.csv,正發貿易股份有限公司,10000166,,嘉義縣太保市過溝里嘉太工業區光復路17號,嘉義縣太保市過溝里,陳民生,80243958,股份有限公司,,1040108,生產中,29機械設備製造業  ,293通用機械設備  
11508.csv,正鑫鋼鐵股份有限公司,99601936,07610000269353,新北市五股區興珍里五權六路四號,新北市五股區興珍里,林新華,22652602,股份有限公司,0761012,0791123,生產中,24基本金屬製造業、25金屬製品製造業  ,241鋼鐵、254金屬加工處理  
11508.csv,正隆股份有限公司大園紙器廠,99622515,07110000124353,桃園市大園區五權里14鄰中正東路2段511巷36號,桃園市大園區五權里,何平忠,33085508,股份有限公司,0710708,0741001,生產中,15紙漿、紙及紙製品製造業  ,152瓦楞紙板及紙容器  
11508.csv,正隆股份有限公司大園紙器二廠,99624146,07910000162830,桃園市大園區五權里8鄰中正東路三段536巷29弄82號,桃園市大園區五權里,何平忠,33085508,股份有限公司,0790628,0790810,生產中,15紙漿、紙及紙製品製造業  ,152瓦楞紙板及紙容器  
11508.csv,正鼎科技有限公司,07005411,,彰化縣花壇鄉橋頭村花橋街83之1號,彰化縣花壇鄉橋頭村,陳國本,24219800,有限公司,,1130110,生產中,27電腦、電子產品及光學製品製造業  ,272通訊傳播設備  
11508.csv,歸億企業有限公司,99674304,07510021002419,臺南市安南區頂安里頂安街526巷9弄28號,臺南市安南區頂安里,楊聰進,22402350,有限公司,0751218,0760527,生產中,25金屬製品製造業  ,251金屬刀具、手工具及模具  
11508.csv,殷剛鋼鐵有限公司,99696675,,新北市五股區更寮里中興路二段一一號,新北市五股區更寮里,陳輝韓,16524664,有限公司,,0960608,生產中,25金屬製品製造業  ,251金屬刀具、手工具及模具、252金屬結構及建築組件、254金屬加工處理、259其他金屬製品  
11508.csv,毅禾鋼鐵有限公司,63020982,08963000027190,臺北市南港區中南里忠孝東路七段五二七巷一弄五號,臺北市南港區中南里,黃弘毅,20914670,有限公司,0890802,0890817,生產中,25金屬製品製造業  ,252金屬結構及建築組件  
11508.csv,毅程工業股份有限公司,99712243,,高雄市岡山區本洲里本工西三路28號,高雄市岡山區本洲里,宣立鑫,28300794,股份有限公司,,0970801,生產中,25金屬製品製造業  ,259其他金屬製品  
11508.csv,毓記企業有限公司台南廠,S6700473,,臺南市安南區新順里北安路3段745巷78之8號,臺南市安南區新順里,潘煌華,22480242,有限公司,,1090831,生產中,29機械設備製造業  ,293通用機械設備  
11508.csv,民祐實業有限公司,99642526,07510006140455,臺中市大里區大元里中興路二段七一巷十二號,臺中市大里區大元里,李茂松,22243234,有限公司,0750825,0750710,生產中,22塑膠製品製造業  ,220塑膠製品  
11508.csv,民賢鋼鐵五金有限公司,63021279,08163000020130,臺北市南港區玉成里南港路三段一三０巷五弄十七號一樓,臺北市南港區玉成里,魏子賢,86034654,有限公司,0810908,0811216,生產中,24基本金屬製造業  ,241鋼鐵  
11508.csv,永佳機械有限公司,99616991,07510001360007,新北市中和區平河里建康路九五號,新北市中和區平河里,沈永雄,34173114,有限公司,0751125,0771130,生產中,29機械設備製造業、25金屬製品製造業、24基本金屬製造業  ,292其他專用機械設備、241鋼鐵、254金屬加工處理  
11508.csv,永佻工業股份有限公司,99624127,08610003304904,桃園市蘆竹區新興里中興二街二四號,桃園市蘆竹區新興里,林秀鳳,22975997,股份有限公司,0860730,0881124,生產中,29機械設備製造業、25金屬製品製造業、28電力設備及配備製造業、30汽車及其零件製造業、31其他運輸工具及其零件製造業  ,293通用機械設備、253金屬容器、254金屬加工處理、289其他電力設備及配備、303汽車零件、312機車及其零件  
11508.csv,永來五金企業有限公司,07001900,,彰化縣彰化市萬安里三福街252巷10號,彰化縣彰化市萬安里,蘇錦煌,23242894,有限公司,,1050830,生產中,25金屬製品製造業  ,259其他金屬製品  
11508.csv,永利製冰廠,99658169,06710000224363,臺南市柳營區人和里橋南215之7號,臺南市柳營區人和里,陳宗銘,72164516,合夥,0671017,0680903,生產中,33其他製造業  ,339未分類其他製品  
11508.csv,永大精密科技有限公司,67002218,,臺南市南區彰南里新和一路1巷5之1號 ,臺南市南區彰南里,蘇進勝,24258887,有限公司,,1071116,生產中,27電腦、電子產品及光學製品製造業  ,275量測、導航、控制設備及鐘錶  
11508.csv,永大裕鋼鐵股份有限公司龍潭廠,S6800330,,桃園市龍潭區高原里中原路二段460號,桃園市龍潭區高原里,胡文祥,89243748,股份有限公司,,1090703,生產中,25金屬製品製造業  ,252金屬結構及建築組件  
11508.csv,永大鋁業股份有限公司,99619718,05810000001168,新北市新莊區光榮里西盛街三九五巷四八號,新北市新莊區光榮里,黃吳蓮,33701340,股份有限公司,0580101,0581024,生產中,25金屬製品製造業、29機械設備製造業、24基本金屬製造業、30汽車及其零件製造業  ,242鋁、259其他金屬製品、293通用機械設備、251金屬刀具、手工具及模具、303汽車零件  
11508.csv,永豐美實業有限公司,99681224,,彰化縣和美鎮月眉里和港路３２５號,彰化縣和美鎮月眉里,朱秀碧,24255283,有限公司,,0990708,生產中,13皮革、毛皮及其製品製造業  ,130皮革、毛皮及其製品  
11508.csv,永豐美實業有限公司和美廠,S0700564,,彰化縣和美鎮月眉里北明路20號,彰化縣和美鎮月眉里,朱秀碧,24255283,有限公司,,1090611,生產中,13皮革、毛皮及其製品製造業  ,130皮革、毛皮及其製品  
11508.csv,永豐鑫鋼鐵有限公司,S2000083,,嘉義市西區紅瓦里重慶六街５９號附１,嘉義市西區紅瓦里,吳詠琪,54535001,有限公司,,1140722,生產中,25金屬製品製造業  ,254金屬加工處理  
11508.csv,瑞利智工股份有限公司二廠,65003411,,新北市樹林區樹東里博愛街242號5樓,新北市樹林區樹東里,郭振瑋,24712802,股份有限公司,,1030918,生產中,25金屬製品製造業、26電子零組件製造業、27電腦、電子產品及光學製品製造業、29機械設備製造業  ,251金屬刀具、手工具及模具、269其他電子零組件、271電腦及其週邊設備、293通用機械設備  
11508.csv,昱豪工業有限公司,S6400123,,高雄市岡山區後協里柳橋西路二段110號,高雄市岡山區後協里,林黃月裡,89681943,有限公司,,1090619,生產中,24基本金屬製造業、25金屬製品製造業  ,242鋁、252金屬結構及建築組件  
11508.csv,昶豐鋼鐵有限公司二廠,S0700795,,彰化縣埔心鄉油車村瑤鳳路二段526號,彰化縣埔心鄉油車村,林游秀霞,28745207,有限公司,,1090702,生產中,25金屬製品製造業  ,252金屬結構及建築組件、254金屬加工處理  
11508.csv,博帥科技有限公司,68006433,,桃園市楊梅區永平里梅獅路一段226巷8弄28號,桃園市楊梅區永平里,蔡澄,28032242,有限公司,,1131128,生產中,25金屬製品製造業  ,254金屬加工處理  
11508.csv,又廣興業股份有限公司,S6602317,,臺中市大雅區六寶里和平路194號,臺中市大雅區六寶里,蔡清龍,23241620,股份有限公司,,1140122,生產中,25金屬製品製造業、28電力設備及配備製造業、29機械設備製造業、31其他運輸工具及其零件製造業  ,259其他金屬製品、281發電、輸電及配電機械、292其他專用機械設備、313自行車及其零件  
11508.csv,友良高科技紡織股份有限公司,99655953,07210000195472,嘉義縣太保市過溝里嘉太工業區光復路１０號,嘉義縣太保市過溝里,蕭登波,79838241,股份有限公司,0721128,0721223,生產中,11紡織業  ,112織布  
11508.csv,友良高科技紡織股份有限公司二廠,99655954,08510010403981,嘉義縣太保市過溝里嘉太工業區光復路２號,嘉義縣太保市過溝里,蕭登波,79838241,股份有限公司,0850502,0850618,生產中,11紡織業  ,112織布  
11508.csv,台灣智能科技工程股份有限公司,67003847,,臺南市安南區布袋里工明三路60號,臺南市安南區布袋里,陳崇良,54924310,股份有限公司,,1130523,生產中,25金屬製品製造業  ,259其他金屬製品  
11508.csv,台灣索馬龍股份有限公司,65006496,,新北市汐止區文化里新台五路1段99號11樓、11樓之1,新北市汐止區文化里,陳俊男,24225388,股份有限公司,,1061211,生產中,33其他製造業  ,339未分類其他製品  
11508.csv,台灣綠鄰有限公司,18000504,,新竹市香山區牛埔里中華路四段559號,新竹市香山區牛埔里,程文鴻,24215522,有限公司,,1130625,生產中,14木竹製品製造業、14木竹製品製造業、32家具製造業  ,140木竹製品、320家具  
11508.csv,普續企業有限公司中和一廠,99692437,,新北市中和區中原里中山路二段三六二之六號三樓,新北市中和區中原里,林榮明,97283031,有限公司,,0930422,生產中,22塑膠製品製造業、33其他製造業  ,220塑膠製品、339未分類其他製品  
11508.csv,景銘開發有限公司,99655581,07510000123286,嘉義縣六腳鄉雙涵村５３之１６號,嘉義縣六腳鄉雙涵村,黃綉,70735455,有限公司,0750411,0750411,生產中,24基本金屬製造業  ,241鋼鐵  
11508.csv,智冠通訊股份有限公司,68007571,,桃園市蘆竹區瓦窯里長榮路5之5號5樓,桃園市蘆竹區瓦窯里,李添永,25193243,股份有限公司,,1150507,生產中,25金屬製品製造業  ,259其他金屬製品  
11508.csv,暐盛工業股份有限公司,67002325,,臺南市新市區三舍里復興路300巷29號,臺南市新市區三舍里,徐森來,42924510,股份有限公司,,1080401,生產中,25金屬製品製造業、24基本金屬製造業、30汽車及其零件製造業  ,259其他金屬製品、242鋁、302車體  
11508.csv,暐翔工業社,66006743,,臺中市清水區下湳里中山路432之11號1樓,臺中市清水區下湳里,楊素華,93912241,獨資,,1070820,生產中,25金屬製品製造業、30汽車及其零件製造業、31其他運輸工具及其零件製造業  ,251金屬刀具、手工具及模具、259其他金屬製品、312機車及其零件、303汽車零件  
11508.csv,有鴻工業有限公司,07003899,,彰化縣線西鄉線西村彰濱西四路26號,彰化縣線西鄉線西村,張素真,84209670,有限公司,,1091015,生產中,24基本金屬製造業  ,241鋼鐵  
11508.csv,有麥室內裝修設計有限公司,68005297,,桃園市龜山區龍壽里萬壽路一段551巷6之8號,桃園市龜山區龍壽里,王伯曄,24293929,有限公司,,1120204,生產中,32家具製造業  ,320家具  
11508.csv,木本聯合鋼鐵股份有限公司,99652338,07510000000588,南投縣南投市福興里南崗三路二九○號,南投縣南投市福興里,李聖泰,61911374,股份有限公司,0750523,0750523,生產中,24基本金屬製造業  ,241鋼鐵  
11508.csv,東利瀝青股份有限公司,03001187,,桃園市蘆竹區海湖里中圳街120之1號,桃園市蘆竹區海湖里,張清逸,24269168,股份有限公司,,1010723,生產中,23非金屬礦物製品製造業  ,239其他非金屬礦物製品  
11508.csv,東林光源有限公司,04000149,,新竹縣竹北市泰和里環北路2段243巷18號2樓,新竹縣竹北市泰和里,范瑞華,53783214,有限公司,,1010327,生產中,29機械設備製造業、25金屬製品製造業、30汽車及其零件製造業  ,293通用機械設備、251金屬刀具、手工具及模具、303汽車零件  
11508.csv,東盟開發實業股份有限公司學甲廠,99656369,08010000320531,臺南市學甲區秀昌里5鄰一秀155號,臺南市學甲區秀昌里,林富祥,88121697,股份有限公司,0800826,0830917,生產中,24基本金屬製造業  ,241鋼鐵  
11508.csv,東進鐵工廠,14000029,,臺東縣臺東市豐樂里大業路108號,臺東縣臺東市豐樂里,劉俊篁,93124110,獨資,,1080730,生產中,25金屬製品製造業  ,252金屬結構及建築組件  
11508.csv,東達傳產企業股份有限公司,S6603097,,臺中市烏日區東園里溪南路一段988巷296弄82號,臺中市烏日區東園里,張藜璿,24399140,股份有限公司,,1150206,生產中,29機械設備製造業  ,293通用機械設備  
11508.csv,東達工業股份有限公司,99717666,,桃園市觀音區草漯里大同二路21號,桃園市觀音區草漯里,黃文亮,24211650,股份有限公司,,0980505,生產中,18化學材料及肥料製造業  ,181化學原材料  
11508.csv,松緯企業股份有限公司,99657687,07310000243071,臺南市官田區二鎮里富強路7號,臺南市官田區二鎮里,王人乙,69572518,股份有限公司,0730823,0750320,生產中,21橡膠製品製造業、22塑膠製品製造業  ,210橡膠製品、220塑膠製品  
11508.csv,梓宏新興科技有限公司,07006539,,彰化縣鹿港鎮東崎里彰鹿路五段2巷150號,彰化縣鹿港鎮東崎里,張蓉純,62094241,有限公司,,1150820,生產中,25金屬製品製造業  ,259其他金屬製品  
11508.csv,梧濟工業股份有限公司,99669497,07710000283525,臺中市南屯區寶山里工業區二十路1號,臺中市南屯區寶山里,張和明,22977236,股份有限公司,0771116,0780131,生產中,24基本金屬製造業  ,241鋼鐵、249其他基本金屬  
11508.csv,榮億金屬再生有限公司,09000740,10710009600014,雲林縣臺西鄉牛厝村成功路47號,雲林縣臺西鄉牛厝村,曾雅惠,24229498,有限公司,1070208,1070227,生產中,25金屬製品製造業  ,259其他金屬製品  
11508.csv,榮洽股份有限公司,99701144,,臺中市龍井區忠和里臨港路二段10號,臺中市龍井區忠和里,陳俊哲,56719594,股份有限公司,,0921003,生產中,24基本金屬製造業  ,241鋼鐵  
11508.csv,榮準企業有限公司,99662425,08910012800165,高雄市仁武區竹後里竹業巷２７號,高雄市仁武區竹後里,葉文榮,22846164,有限公司,0890203,0890221,生產中,25金屬製品製造業  ,259其他金屬製品  
11508.csv,樂善金屬有限公司,99621589,07010000088401,桃園市龜山區樂善里文明路六六號,桃園市龜山區樂善里,黃建清　,43795872,有限公司,0580101,0900731,生產中,24基本金屬製造業  ,242鋁、243銅、249其他基本金屬  
11508.csv,欣泛亞聚酯工業股份有限公司中壢廠,99624148,06910000189636,桃園市平鎮區廣仁里延平路三段223之1號,桃園市平鎮區廣仁里,歐金達,28181306,股份有限公司,0690917,0700113,生產中,22塑膠製品製造業  ,220塑膠製品  
11508.csv,欣隆精密壓鑄股份有限公司,99687013,,桃園市龜山區南上里民生北路1段206號1樓,桃園市龜山區南上里,黃振文,34176294,股份有限公司,,0920701,生產中,24基本金屬製造業、25金屬製品製造業  ,242鋁、249其他基本金屬、251金屬刀具、手工具及模具  
11508.csv,欣隆精密壓鑄股份有限公司二廠,99707178,,桃園市龜山區南上里民生北路1段206號2樓,桃園市龜山區南上里,黃振文,34176294,股份有限公司,,0960821,生產中,24基本金屬製造業、25金屬製品製造業  ,242鋁、249其他基本金屬、251金屬刀具、手工具及模具  
11508.csv,正丞鋼鐵有限公司,66009659,,臺中市烏日區溪埧里環中路八段617巷181號1樓,臺中市烏日區溪埧里,呂清江,82766431,有限公司,,1101207,生產中,25金屬製品製造業  ,254金屬加工處理  
11508.csv,正乙實業社,99713478,,臺中市太平區福隆里光興路１３７９號,臺中市太平區福隆里,許聰能,25241809,獨資,,0981203,生產中,19其他化學製品製造業  ,193清潔用品及化粧品  
11508.csv,武德商行,07003693,,彰化縣田中鎮新民里民族五街110巷3號1樓,彰化縣田中鎮新民里,鄭鈞鴻,82412487,獨資,,1090601,生產中,29機械設備製造業  ,292其他專用機械設備  
11508.csv,毅興鋼鐵有限公司,99662846,08210012066330,高雄市燕巢區角宿里四林路１２１巷３９號,高雄市燕巢區角宿里,蔡建安,28300464,有限公司,0820429,0820623,生產中,25金屬製品製造業  ,254金屬加工處理  
11508.csv,毅豐閥業股份有限公司,03002186,,桃園市龍潭區高平里中豐路高平段10巷27-1號,桃園市龍潭區高平里,戴素華,24378692,股份有限公司,,1030312,生產中,29機械設備製造業  ,293通用機械設備  
11508.csv,比力機械工業股份有限公司,99602433,07110000194177,新北市林口區東林里工二工九路五號,新北市林口區東林里,鍾延文,12111570,股份有限公司,0710910,0740513,生產中,25金屬製品製造業、26電子零組件製造業  ,251金屬刀具、手工具及模具、264光電材料及元件、269其他電子零組件  
11508.csv,比大有科技有限公司台中廠,66011656,,臺中市東區東門里東門路58號1樓,臺中市東區東門里,陳斈軒,53132418,有限公司,,1140124,生產中,25金屬製品製造業、29機械設備製造業  ,259其他金屬製品、293通用機械設備  
11508.csv,比德堡精密實業有限公司,64007421,,高雄市大寮區新厝里鳳林二路293之68號,高雄市大寮區新厝里,王木榮,24397656,有限公司,,1041123,生產中,30汽車及其零件製造業、22塑膠製品製造業  ,303汽車零件、220塑膠製品  
11508.csv,比旺鋼鐵有限公司,99712318,,高雄市梓官區梓平里和平路１５１號,高雄市梓官區梓平里,李福隆,23355904,有限公司,,0971110,生產中,25金屬製品製造業  ,254金屬加工處理  
11508.csv,民錩鋁器股份有限公司,99642544,06310000094821,臺中市神岡區圳堵里神清路１７３號,臺中市神岡區圳堵里,林修平,22241186,股份有限公司,0580101,0631014,生產中,24基本金屬製造業  ,242鋁  
11508.csv,永勝土木工程有限公司二廠,07003904,,彰化縣竹塘鄉竹塘村竹林路一段342巷36號1樓,彰化縣竹塘鄉竹塘村,廖嘉媚,55922423,有限公司,,1091021,生產中,14木竹製品製造業  ,140木竹製品  
11508.csv,永勝工業社,S0701390,,彰化縣北斗鎮中寮里斗苑路二段770巷38號,彰化縣北斗鎮中寮里,陳元和,24154692,獨資,,1091106,生產中,29機械設備製造業、30汽車及其零件製造業  ,293通用機械設備、303汽車零件  
11508.csv,永勝源有限公司二廠,S0702436,,彰化縣埤頭鄉和豊村斗苑東路330之6號,彰化縣埤頭鄉和豊村,賴永麟,53614983,有限公司,,1131121,生產中,25金屬製品製造業  ,259其他金屬製品  
11508.csv,永太興科技股份有限公司桃園廠,99622364,06310000049287,桃園市蘆竹區山鼻里3鄰南山路2段470巷131號,桃園市蘆竹區山鼻里,游森雄　　　,24015926,股份有限公司,0580101,0641001,生產中,24基本金屬製造業、25金屬製品製造業  ,242鋁、252金屬結構及建築組件  
11508.csv,永悅工業有限公司,99692436,,新北市新莊區國泰里新樹路六九之五０號,新北市新莊區國泰里,李旻峰,80013935,有限公司,,0930421,生產中,28電力設備及配備製造業  ,285家用電器  
11508.csv,永成實業工廠,99651359,08210007056501,彰化縣芳苑鄉建平村二溪路草二段八二八號,彰化縣芳苑鄉建平村,康寬裕,59145241,獨資,0820413,0831117,生產中,13皮革、毛皮及其製品製造業  ,130皮革、毛皮及其製品  
11508.csv,永晟禾股份有限公司,S6600662,,臺中市太平區光隆里光德路458巷17號,臺中市太平區光隆里,高長源,24205284,股份有限公司,,1090720,生產中,25金屬製品製造業、25金屬製品製造業  ,254金屬加工處理、259其他金屬製品  
11508.csv,永晟鋼鐵股份有限公司二廠,S6600680,,臺中市神岡區神洲里神洲路619號,臺中市神岡區神洲里,何信宗,80132947,股份有限公司,,1090729,生產中,25金屬製品製造業、29機械設備製造業  ,254金屬加工處理、293通用機械設備  
11508.csv,永晟鋼鐵股份有限公司神岡廠,99701700,,臺中市神岡區神洲里神洲路６１９之２號,臺中市神岡區神洲里,何信宗,80132947,股份有限公司,,0930510,生產中,25金屬製品製造業、29機械設備製造業  ,254金屬加工處理、293通用機械設備  
11508.csv,永煒鋼鐵股份有限公司高雄廠,99661739,07810012151109,高雄市路竹區社西里大仁路７２５號,高雄市路竹區社西里,李翎妤,28904598,股份有限公司,0791231,0791231,生產中,25金屬製品製造業  ,252金屬結構及建築組件  
11508.csv,瑞昌企業社,99632952,07410000008838,苗栗縣竹南鎮佳興里一鄰勝利街二三五號,苗栗縣竹南鎮佳興里,彭宗聖,50548047,獨資,0740214,0740319,生產中,22塑膠製品製造業、24基本金屬製造業  ,220塑膠製品、241鋼鐵  
11508.csv,瑞春醬油有限公司福田廠,09000241,,雲林縣西螺鎮福田里社口68-31號,雲林縣西螺鎮福田里,林淑媛,12629131,有限公司,,1011005,生產中,08食品製造業  ,089其他食品  
11508.csv,瑞昶貿易股份有限公司基隆廠,99667104,07310000124275,基隆市安樂區內寮里武訓街６５號,基隆市安樂區內寮里,劉宏銘,04310533,股份有限公司,0730526,0730618,生產中,09飲料製造業  ,092非酒精飲料  
11508.csv,瑞晉興業股份有限公司,99662411,07210012089628,高雄市岡山區灣裡里岡山北路20、20-1、22號,高雄市岡山區灣裡里,蔡承璋,07932366,股份有限公司,0791231,0791231,生產中,22塑膠製品製造業  ,220塑膠製品  
11508.csv,昱鋐實業股份有限公司,99699724,,屏東縣枋寮鄉東海村臨海路2段112號,屏東縣枋寮鄉東海村,吳偉廷,13059524,股份有限公司,,0951206,生產中,25金屬製品製造業、24基本金屬製造業、29機械設備製造業  ,254金屬加工處理、241鋼鐵、291金屬加工用機械設備  
11508.csv,昱鍠工業股份有限公司,99652418,,南投縣南投市永豐里成功三路一九二號,南投縣南投市永豐里,陳麗美,22797516,股份有限公司,,0870815,生產中,25金屬製品製造業、30汽車及其零件製造業  ,251金屬刀具、手工具及模具、254金屬加工處理  
11508.csv,昱鑫鋼鐵有限公司,65002249,,新北市八里區頂罟里仁愛路206之2號(1-3樓),新北市八里區頂罟里,林建仁,28791047,有限公司,,1020522,生產中,25金屬製品製造業、31其他運輸工具及其零件製造業  ,254金屬加工處理、312機車及其零件  
11508.csv,昶鑫鋼鐵股份有限公司,99717662,,桃園市蘆竹區中福里龍壽街一段95巷33號,桃園市蘆竹區中福里,林志鵬,80554946,股份有限公司,,0980429,生產中,25金屬製品製造業  ,254金屬加工處理  
11508.csv,晉煬機械有限公司,65001044,,新北市鶯歌區中湖里西湖街243巷15號1樓,新北市鶯歌區中湖里,劉鴻儒,53207254,有限公司,,1010106,生產中,25金屬製品製造業  ,251金屬刀具、手工具及模具  
11508.csv,博愛鋁業有限公司二廠,S6601886,,臺中市烏日區北里里太明路145巷3號,臺中市烏日區北里里,康陳束枝,53827775,有限公司,,1120628,生產中,24基本金屬製造業、25金屬製品製造業  ,242鋁、259其他金屬製品  
11508.csv,博拓科技股份有限公司,99624114,08910003325316,桃園市龜山區南上里民生北路一段40之2號6樓之7、之8、之9、之10,桃園市龜山區南上里,張丕一,70517274,股份有限公司,0890810,0890824,生產中,27電腦、電子產品及光學製品製造業  ,271電腦及其週邊設備  
11508.csv,博揚機械有限公司,65004555,,新北市樹林區三龍里三龍街94巷17號1樓,新北市樹林區三龍里,李友仁,28624294,有限公司,,1041207,生產中,25金屬製品製造業、29機械設備製造業  ,251金屬刀具、手工具及模具、252金屬結構及建築組件、293通用機械設備  
11508.csv,台灣杰億興業有限公司,S6602410,,臺中市烏日區溪埧里溪南路一段680巷130弄65號,臺中市烏日區溪埧里,陳宗彥,86800537,有限公司,,1140424,生產中,25金屬製品製造業  ,259其他金屬製品  
11508.csv,台灣纖碧爾酒業股份有限公司,18000343,,新竹市香山區海山里中華路六段6-3號,新竹市香山區海山里,曾貽連,24244435,股份有限公司,,1080919,生產中,09飲料製造業、09飲料製造業  ,091酒精飲料  
11508.csv,台灣美佳境股份有限公司,99719269,,新北市五股區興珍里五權六路41號,新北市五股區興珍里,王蓉,24276251,股份有限公司,,0980513,生產中,33其他製造業、25金屬製品製造業、27電腦、電子產品及光學製品製造業  ,332醫療器材及用品、259其他金屬製品、277光學儀器及設備  
11508.csv,景順實業股份有限公司,99634041,08310006601548,臺中市大甲區日南里幼獅路65號,臺中市大甲區日南里,余武倉,56654163,股份有限公司,0681206,,生產中,24基本金屬製造業、32家具製造業  ,241鋼鐵、320家具  
11508.csv,智勤工業股份有限公司蘆竹廠,68004466,,桃園市蘆竹區內厝里南山路二段12巷58號,桃園市蘆竹區內厝里,賴光華,16241130,股份有限公司,,1100923,生產中,25金屬製品製造業、29機械設備製造業、33其他製造業  ,259其他金屬製品、293通用機械設備、331育樂用品、339未分類其他製品  
11508.csv,暘利鋼鐵有限公司,07000335,,彰化縣彰化市東芳里永芳路540巷31弄29號1樓,彰化縣彰化市東芳里,林志鴻,16641038,有限公司,,1001027,生產中,25金屬製品製造業  ,254金屬加工處理  
11508.csv,暘利鋼鐵有限公司二廠,S0701215,,彰化縣彰化市東芳里永芳路540巷65號,彰化縣彰化市東芳里,林志鴻,16641038,有限公司,,1090907,生產中,25金屬製品製造業  ,254金屬加工處理  
11508.csv,有佳力興業有限公司,S1300242,,屏東縣萬丹鄉社上村大和路20號,屏東縣萬丹鄉社上村,吳玉蘭,86586261,有限公司,,1090622,生產中,25金屬製品製造業  ,259其他金屬製品  
11508.csv,木盛室內裝修有限公司,66012019,,臺中市神岡區岸裡里中山路241巷4號,臺中市神岡區岸裡里,陳家瑋,90665490,有限公司,,1140917,生產中,14木竹製品製造業、32家具製造業  ,140木竹製品、320家具  
11508.csv,東廷金屬有限公司觀音廠,68004864,,桃園市觀音區樹林里工業二路6之1號,桃園市觀音區樹林里,古智仁,27478012,有限公司,,1110510,生產中,24基本金屬製造業  ,243銅  
11508.csv,東弘機械股份有限公司三廠,64006319,,高雄市路竹區社西里大仁路６２３巷１１５號,高雄市路竹區社西里,許清鐘,27658838,股份有限公司,,1000707,生產中,24基本金屬製造業  ,241鋼鐵  
11508.csv,東弘金屬工業股份有限公司,99656544,06210000067558,臺南市新市區三舍里復興路481號,臺南市新市區三舍里,呂江倍紅　　,72071025,股份有限公司,0620531,0640122,生產中,24基本金屬製造業  ,243銅  
11508.csv,東柏有限公司新營廠,99657467,06910000242047,臺南市新營區嘉芳里八德路1及3號Ａ棟,臺南市新營區嘉芳里,王奕閔,12832612,有限公司,0691201,0700709,生產中,23非金屬礦物製品製造業  ,239其他非金屬礦物製品、233水泥及其製品  
11508.csv,東染機械有限公司龜山廠,99621361,,桃園市龜山區龍壽里東萬壽路六三九號,桃園市龜山區龍壽里,蔡福欽,22774324,有限公司,,0900705,生產中,29機械設備製造業、24基本金屬製造業  ,292其他專用機械設備、241鋼鐵  
11508.csv,東森森有限公司,S6700785,,臺南市安定區海寮里海寮137之8號,臺南市安定區海寮里,林咏陞,13012423,有限公司,,1110913,生產中,24基本金屬製造業、25金屬製品製造業  ,243銅、252金屬結構及建築組件  
11508.csv,東祐機械股份有限公司台南二廠,67002422,,臺南市永康區王行里永科東路272號,臺南市永康區王行里,邱思義,86605773,股份有限公司,,1080703,生產中,25金屬製品製造業  ,254金屬加工處理  
11508.csv,東祥鋼鐵有限公司,S0400049,,新竹縣竹北市新國里新溪街105號,新竹縣竹北市新國里,彭佳添,53851991,有限公司,,1090601,生產中,25金屬製品製造業  ,252金屬結構及建築組件、254金屬加工處理  
11508.csv,柏友照明科技股份有限公司林口廠,65000647,,新北市林口區中湖里文化二路2段369號3樓,新北市林口區中湖里,鍾嘉珽,24269202,股份有限公司,,1000810,生產中,26電子零組件製造業、28電力設備及配備製造業  ,264光電材料及元件、284照明設備及配備  
11508.csv,根興鋼鐵有限公司,07005601,,彰化縣彰化市快官里彰南路五段218號1樓,彰化縣彰化市快官里,何隆盛,75924602,有限公司,,1130620,生產中,25金屬製品製造業  ,252金屬結構及建築組件、259其他金屬製品  
11508.csv,根鼎股份有限公司,08000160,,南投縣南投市永豐里工業北五路6號,南投縣南投市永豐里,李富明,54800438,股份有限公司,,1040812,生產中,24基本金屬製造業、25金屬製品製造業、29機械設備製造業  ,259其他金屬製品、291金屬加工用機械設備、292其他專用機械設備、293通用機械設備、243銅  
11508.csv,椿霖機械有限公司,66009588,,臺中市太平區太平里永平路三段227巷8號,臺中市太平區太平里,曾茗畯,24201077,有限公司,,1101101,生產中,25金屬製品製造業、27電腦、電子產品及光學製品製造業、29機械設備製造業  ,251金屬刀具、手工具及模具、259其他金屬製品、275量測、導航、控制設備及鐘錶、291金屬加工用機械設備、292其他專用機械設備、293通用機械設備  
11508.csv,榮珍針織股份有限公司,99609151,08710001514243,新北市中和區平河里中正路七八六號一三樓,新北市中和區平河里,黃建興,04314284,股份有限公司,0870225,0870313,生產中,12成衣及服飾品製造業  ,121成衣  
11508.csv,樂泉企業有限公司,S0702427,,彰化縣北斗鎮大新里新工三路52號1樓,彰化縣北斗鎮大新里,蕭采亮,80492891,有限公司,,1130611,生產中,22塑膠製品製造業  ,220塑膠製品  
11508.csv,樂津食品有限公司,99662991,08810000813214,高雄市林園區西溪里西溪路１９３巷１之１號,高雄市林園區西溪里,呂玉琴,24380515,有限公司,0881227,0890125,生產中,08食品製造業  ,089其他食品  
11508.csv,欣原企業社,S6601772,,臺中市大雅區上楓里民族街147北二巷48號,臺中市大雅區上楓里,游清標,21493120,合夥,,1110425,生產中,24基本金屬製造業  ,242鋁  
11508.csv,欣可化工股份有限公司官田廠,99657159,07110000190243,臺南市官田區二鎮里工業西路25、27號,臺南市官田區二鎮里,魏新浮　　　,72198121,股份有限公司,0710831,0730723,生產中,18化學材料及肥料製造業  ,181化學原材料  
11508.csv,欣洋隆鋼鋁工業有限公司樹林廠,65000509,,新北市樹林區東山里東興街16巷37之1號1、2、3樓,新北市樹林區東山里,林應鈺,16932633,有限公司,,1000624,生產中,25金屬製品製造業、24基本金屬製造業  ,252金屬結構及建築組件、259其他金屬製品、242鋁、249其他基本金屬  
11508.csv,正成鋼業股份有限公司三廠,S0703237,,彰化縣社頭鄉朝興村社石路172巷15號,彰化縣社頭鄉朝興村,謝淑媖,22416903,股份有限公司,,1140813,生產中,25金屬製品製造業  ,252金屬結構及建築組件  
11508.csv,正成鋼業股份有限公司二廠,S0700111,,彰化縣社頭鄉朝興村社石路172巷15號,彰化縣社頭鄉朝興村,謝淑媖,22416903,股份有限公司,,1090430,生產中,25金屬製品製造業  ,252金屬結構及建築組件  
11508.csv,正盛工業股份有限公司,64007470,,高雄市大寮區中庄里光明路三段1253號,高雄市大寮區中庄里,邱偉成,54216528,股份有限公司,,1050202,生產中,24基本金屬製造業、29機械設備製造業  ,241鋼鐵、293通用機械設備  
11508.csv,正碁股份有限公司,99631260,08510004007174,新竹縣竹北市泰和里環北路二段243巷16號2樓,新竹縣竹北市泰和里,劉福興　　　,96881045,股份有限公司,0850513,0850610,生產中,27電腦、電子產品及光學製品製造業、30汽車及其零件製造業、31其他運輸工具及其零件製造業、33其他製造業  ,271電腦及其週邊設備、303汽車零件、312機車及其零件、339未分類其他製品  
11508.csv,毅安有限公司本廠,S6602435,,臺中市大雅區西寶里雅潭路三段482巷115號,臺中市大雅區西寶里,江杰龍,16355962,有限公司,,1140522,生產中,33其他製造業  ,331育樂用品  
11508.csv,毅展企業有限公司,99685407,,高雄市大寮區潮寮里田單三街１５號,高雄市大寮區潮寮里,林春香,75928071,有限公司,,0921106,生產中,24基本金屬製造業  ,241鋼鐵、242鋁、243銅  
11508.csv,毅川企業有限公司,99717788,,桃園市大園區五權里7鄰五福路27巷33、35、37號,桃園市大園區五權里,林崇仁,24361088,有限公司,,0980818,生產中,22塑膠製品製造業、23非金屬礦物製品製造業、24基本金屬製造業  ,220塑膠製品、239其他非金屬礦物製品、243銅、249其他基本金屬  
11508.csv,比興鋼鐵有限公司,99712315,,高雄市梓官區梓平里和平路１５３號,高雄市梓官區梓平里,李啟,22259973,有限公司,,0971110,生產中,25金屬製品製造業  ,254金屬加工處理  
11508.csv,民強木箱行,99703357,,臺中市太平區中興里永義路１３９巷５號,臺中市太平區中興里,謝麗華,09242697,獨資,,0950102,生產中,14木竹製品製造業  ,140木竹製品  
11508.csv,氣軟工房有限公司,66008560,,臺中市梧棲區永安里自立路39號,臺中市梧棲區永安里,鄭世文,54848242,有限公司,,1091014,生產中,33其他製造業  ,331育樂用品  
11508.csv,水寶科技股份有限公司,99681158,,彰化縣鹿港鎮東石里工業西一路１３號,彰化縣鹿港鎮東石里,林忠信,24270910,股份有限公司,,0990428,生產中,25金屬製品製造業、26電子零組件製造業  ,254金屬加工處理、264光電材料及元件  
11508.csv,水尾和新織帶股份有限公司,99650011,07010000252429,彰化縣伸港鄉海尾村海尾路六０號,彰化縣伸港鄉海尾村,蔡育泰,59169329,股份有限公司,0701130,0720608,生產中,11紡織業  ,115紡織品  
11508.csv,永奇工業有限公司三廠,S0702089,,彰化縣田尾鄉海豐村中正路三段13巷12號,彰化縣田尾鄉海豐村,蔡榮興,24372037,有限公司,,1120815,生產中,25金屬製品製造業  ,259其他金屬製品  
11508.csv,永奇工業有限公司二廠,07004555,11010007802009,彰化縣溪湖鎮中山里銀錠路778巷20號1樓,彰化縣溪湖鎮中山里,蔡榮興,24372037,有限公司,1101029,1101109,生產中,25金屬製品製造業  ,259其他金屬製品  
11508.csv,永景鋼鐵有限公司,99656242,08910011306909,臺南市永康區龍潭里中山北路264巷22號,臺南市永康區龍潭里,陳申霖,23673302,有限公司,0890816,0900510,生產中,25金屬製品製造業  ,259其他金屬製品  
11508.csv,永玖科技股份有限公司,65000081,,新北市淡水區八勢里中正東路二段69之8號6樓.69之9號6樓.69之10號6樓.69之11號6樓,新北市淡水區八勢里,洪秋祥,24378829,股份有限公司,,1000120,生產中,26電子零組件製造業  ,261半導體、262被動電子元件、264光電材料及元件  
11508.csv,永玖科技股份有限公司崁頂廠,65012178,,新北市淡水區崁頂里崁頂75之1號,新北市淡水區崁頂里,洪秋祥,24378829,股份有限公司,,1131001,生產中,26電子零組件製造業  ,269其他電子零組件  
11508.csv,永聖包裝股份有限公司嘉義廠,10000114,,嘉義縣民雄鄉北斗村工業區中興一街14號,嘉義縣民雄鄉北斗村,蔡登發,24377103,股份有限公司,,1020716,生產中,22塑膠製品製造業、16印刷及資料儲存媒體複製業  ,220塑膠製品、160印刷及資料儲存媒體複製  
11508.csv,永貿化工有限公司,99611486,07210000107812,新北市新莊區西盛里新樹路二四四巷五九號,新北市新莊區西盛里,簡東茂,22417543,有限公司,0720727,0730517,生產中,19其他化學製品製造業  ,199未分類其他化學製品  
11508.csv,永越包裝材料有限公司,03001306,,桃園市蘆竹區中福里龍壽街一段73號之6（7樓）,桃園市蘆竹區中福里,陳兆煒,24393265,有限公司,,1010921,生產中,15紙漿、紙及紙製品製造業  ,152瓦楞紙板及紙容器  
11508.csv,永軒食品有限公司,68000938,,桃園市中壢區月眉里月眉路一段328巷35之2號1樓,桃園市中壢區月眉里,方麗貞,24215375,有限公司,,1051112,生產中,08食品製造業  ,081肉類加工  
11508.csv,瑞瀧企業股份有限公司,99664242,07510012122296,高雄市岡山區嘉興里嘉華路２８０號,高雄市岡山區嘉興里,孫凱俊,22210389,股份有限公司,0791231,0791231,生產中,25金屬製品製造業  ,259其他金屬製品  
11508.csv,春源鋼鐵工業股份有限公司苗栗後龍廠,05000898,,苗栗縣後龍鎮大山里12鄰下大山脚1之6號,苗栗縣後龍鎮大山里,孔秉豐,11529802,股份有限公司,,1140623,生產中,25金屬製品製造業、25金屬製品製造業  ,252金屬結構及建築組件  
11508.csv,春源鋼鐵工業股份有限公司鋼構高雄廠,64005964,,高雄市小港區山明里世全路5號,高雄市小港區山明里,孔秉豐,11529802,股份有限公司,,0941221,生產中,24基本金屬製造業、25金屬製品製造業  ,241鋼鐵、252金屬結構及建築組件  
11508.csv,春源鋼鐵工業股份有限公司龍潭一廠,99627670,06810000050147,桃園市龍潭區八德里聖亭路八德段236號,桃園市龍潭區八德里,孔秉豐,11529802,股份有限公司,0680105,0700528,生產中,24基本金屬製造業、29機械設備製造業、25金屬製品製造業、32家具製造業  ,241鋼鐵、293通用機械設備、252金屬結構及建築組件、259其他金屬製品、254金屬加工處理、320家具  
11508.csv,昱陽工業股份有限公司,07000492,,彰化縣鹿港鎮東石里鹿工南四路25號,彰化縣鹿港鎮東石里,梁祈雄,53166009,股份有限公司,,1010416,生產中,22塑膠製品製造業、24基本金屬製造業、25金屬製品製造業  ,220塑膠製品、242鋁、252金屬結構及建築組件  
11508.csv,昱頡工業有限公司,99711854,,臺南市永康區鹽洲里洲工街192號,臺南市永康區,梁添竹,24241900,有限公司,,0981202,生產中,29機械設備製造業  ,293通用機械設備  
11508.csv,友連科技有限公司,65008820,,新北市新莊區營盤里中正路576巷5號(1樓),新北市新莊區營盤里,李培豪,24260461,有限公司,,1090819,生產中,22塑膠製品製造業  ,220塑膠製品  
11508.csv,台中精機廠股份有限公司后里鑄造廠,99636127,07410006109164,臺中市后里區廣福里內東路萬聖巷一三號,臺中市后里區廣福里,黃明和,51817603,股份有限公司,0740628,0750106,生產中,24基本金屬製造業、25金屬製品製造業  ,241鋼鐵、259其他金屬製品  
11508.csv,台安特殊鋼鐵股份有限公司,67002428,,臺南市安南區佃東里新吉三路158號,臺南市安南區佃東里,陳建維,35009673,股份有限公司,,1080712,生產中,25金屬製品製造業  ,254金屬加工處理  
11508.csv,台安特殊鋼鐵股份有限公司,99601402,08010000091299,新北市五股區興珍里五權八路一五號,新北市五股區興珍里,陳建維,35009673,股份有限公司,0800312,0810317,生產中,24基本金屬製造業、25金屬製品製造業、29機械設備製造業  ,241鋼鐵、249其他基本金屬、251金屬刀具、手工具及模具、252金屬結構及建築組件、259其他金屬製品、293通用機械設備  
11508.csv,台安特殊鋼鐵股份有限公司斗六廠,99653054,,雲林縣斗六市虎溪里科工一路七號,雲林縣斗六市虎溪里,陳建維,35009673,股份有限公司,,0900718,生產中,25金屬製品製造業  ,259其他金屬製品  
11508.csv,台安酒業股份有限公司,99677715,,苗栗縣竹南鎮崎頂里一五鄰尖山九九號,苗栗縣竹南鎮崎頂里,謝曜羣,24234372,股份有限公司,,0971105,生產中,09飲料製造業  ,091酒精飲料  
11508.csv,台灣山葉機車工業股份有限公司過嶺廠,99624242,08610003304486,桃園市中壢區過嶺里4鄰高鐵南路四段998號,桃園市中壢區過嶺里,石村良太,22318608,股份有限公司,0860712,0870616,生產中,30汽車及其零件製造業  ,303汽車零件  
11508.csv,台灣銅業科技股份有限公司,99684616,,臺南市鹽水區橋南里五福路156號,臺南市鹽水區橋南里,魏千芸,97270752,股份有限公司,,0931222,生產中,24基本金屬製造業、22塑膠製品製造業  ,243銅、220塑膠製品  
11508.csv,台灣銅業科技股份有限公司五福廠,67003525,,臺南市鹽水區橋南里五福路154號,臺南市鹽水區橋南里,魏千芸,97270752,股份有限公司,,1120310,生產中,24基本金屬製造業  ,243銅  
11508.csv,台灣銅業科技股份有限公司新營廠,99711524,,臺南市新營區嘉芳里新圳路8號,臺南市新營區嘉芳里,魏千芸,97270752,股份有限公司,,0970730,生產中,24基本金屬製造業  ,243銅  
11508.csv,台灣銅箔股份有限公司,99652070,06910000195918,南投縣南投市永豐里成功三路一五０號,南投縣南投市永豐里,須戶達哉,61932639,股份有限公司,0580101,0691211,生產中,24基本金屬製造業  ,243銅  
11508.csv,台灣銅聯股份有限公司,07004200,11010007800651,彰化縣芳苑鄉後寮村工區11路36號,彰化縣芳苑鄉後寮村,劉俊敏,83136475,股份有限公司,1100331,1100420,生產中,24基本金屬製造業、25金屬製品製造業、29機械設備製造業  ,243銅、259其他金屬製品、293通用機械設備  
11508.csv,台灣鋕昌實業股份有限公司,99651884,07410007054633,彰化縣北斗鎮大新里拓農路１１２號,彰化縣北斗鎮大新里,蔡銘榮　　,24169576,股份有限公司,0740805,0740823,生產中,29機械設備製造業  ,292其他專用機械設備  
11508.csv,台灣鋕昌實業股份有限公司一廠,S0702092,,彰化縣北斗鎮大新里拓農路130號,彰化縣北斗鎮大新里,蔡銘榮,24169576,股份有限公司,,1120815,生產中,29機械設備製造業  ,292其他專用機械設備  
11508.csv,台灣鋼帶企業股份有限公司路竹廠,64008718,,高雄市路竹區後鄉里順安路351巷16、18號,高雄市路竹區後鄉里,張碧琴,86060771,股份有限公司,,1090610,生產中,24基本金屬製造業  ,241鋼鐵  
11508.csv,台灣鍍膜科技股份有限公司,99712437,,高雄市岡山區本洲里本工東一路３號,高雄市岡山區本洲里,葉銘奇,28202885,股份有限公司,,0980504,生產中,25金屬製品製造業  ,254金屬加工處理  
11508.csv,普賢企業有限公司一廠,66010408,,臺中市龍井區忠和里工業路216巷43弄14號,臺中市龍井區忠和里,彭柏翔,24365107,有限公司,,1120119,生產中,14木竹製品製造業  ,140木竹製品  
11508.csv,景麟企業有限公司,09000868,,雲林縣斗南鎮新光里延平路一段270號,雲林縣斗南鎮新光里,張景涼,24352481,有限公司,,1080515,生產中,25金屬製品製造業  ,254金屬加工處理  
11508.csv,晴天精線有限公司,68004597,,桃園市觀音區大潭里快速路九段2276巷21號2樓,桃園市觀音區大潭里,李建新,90478573,有限公司,,1101203,生產中,24基本金屬製造業  ,241鋼鐵  
11508.csv,服興實業股份有限公司,99664042,08310012179632,高雄市燕巢區鳳雄里鳳東路３１２巷６號,高雄市燕巢區鳳雄里,黃啟豐,88732418,股份有限公司,0831024,0831107,生產中,33其他製造業  ,339未分類其他製品  
11508.csv,本上企業有限公司,99666411,08810014005243,臺東縣臺東市豐田里中興路四段2巷135號,臺東縣臺東市豐田里,吳宗翰,86590342,有限公司,0880114,0880723,生產中,23非金屬礦物製品製造業  ,233水泥及其製品  
11508.csv,本原企業股份有限公司,99663090,06810012032965,高雄市大社區保社里旗楠路１１３號,高雄市大社區保社里,陳聖仁,85908975,股份有限公司,0791231,0791231,生產中,32家具製造業、24基本金屬製造業、25金屬製品製造業、29機械設備製造業  ,320家具、241鋼鐵、254金屬加工處理、259其他金屬製品、293通用機械設備、291金屬加工用機械設備  
11508.csv,東協鑄造工業股份有限公司,99636630,07410006211338,臺中市潭子區大豐里潭富路二段81巷9弄3號,臺中市潭子區大豐里,劉錦洲,55975440,股份有限公司,0741127,0750106,生產中,24基本金屬製造業、25金屬製品製造業、29機械設備製造業  ,241鋼鐵、251金屬刀具、手工具及模具、259其他金屬製品、293通用機械設備  
11508.csv,東德工業有限公司,99679243,,彰化縣埔心鄉太平村平和路八四號,彰化縣埔心鄉太平村,徐明達,80605678,有限公司,,0921215,生產中,25金屬製品製造業  ,252金屬結構及建築組件  
11508.csv,東徽企業股份有限公司岡山廠,99705112,,高雄市岡山區程香里岡燕路３８７號,高雄市岡山區程香里,蔡琮翔,88663329,股份有限公司,,0950915,生產中,25金屬製品製造業、24基本金屬製造業  ,259其他金屬製品、241鋼鐵  
11508.csv,東程泰鋼鐵企業有限公司,S0703419,,彰化縣和美鎮嘉犁里東原路349巷臨112號,彰化縣和美鎮嘉犁里,林宗慶,54605385,有限公司,,1141008,生產中,25金屬製品製造業  ,252金屬結構及建築組件  
11508.csv,東程泰鋼鐵企業有限公司二廠,07006320,,彰化縣和美鎮新庄里東發路84巷18號1樓,彰化縣和美鎮新庄里,林宗慶,54605385,有限公司,,1150129,生產中,25金屬製品製造業  ,252金屬結構及建築組件、259其他金屬製品  
11508.csv,松和工業股份有限公司,99652224,06510000205696,南投縣南投市永豐里南崗三路六一號,南投縣南投市永豐里,林廷芳,85611896,股份有限公司,0580101,0580101,生產中,24基本金屬製造業、25金屬製品製造業、29機械設備製造業  ,241鋼鐵、249其他基本金屬、254金屬加工處理、259其他金屬製品、291金屬加工用機械設備、293通用機械設備  
11508.csv,松和工業股份有限公司三廠,08000228,,南投縣南投市永豐里中華路321號,南投縣南投市永豐里,林廷芳,85611896,股份有限公司,,1060419,生產中,24基本金屬製造業、25金屬製品製造業、29機械設備製造業  ,241鋼鐵、254金屬加工處理、291金屬加工用機械設備、293通用機械設備  
11508.csv,松和工業股份有限公司二廠,99652292,08910000902414,南投縣南投市永豐里中華路328號,南投縣南投市永豐里,林廷芳,85611896,股份有限公司,0890505,0890706,生產中,29機械設備製造業  ,293通用機械設備  
11508.csv,松和鋼鐵有限公司新屋廠,68006200,,桃園市新屋區頭洲里新榮路588號,桃園市新屋區頭洲里,鄭國霖,42593286,有限公司,,1130709,生產中,25金屬製品製造業  ,254金屬加工處理  
11508.csv,松興砂石股份有限公司,99653975,07210009106742,雲林縣林內鄉林茂村建興1-6號,雲林縣林內鄉林茂村,陳秀鳳,84241854,股份有限公司,0721123,0740601,生產中,23非金屬礦物製品製造業  ,234石材製品  
11508.csv,柏塏企業有限公司,67001330,,臺南市仁德區土庫里太乙路66號,臺南市仁德區土庫里,林家宇,24230404,有限公司,,1041029,生產中,30汽車及其零件製造業、31其他運輸工具及其零件製造業  ,303汽車零件、312機車及其零件  
11508.csv,柏宸有限公司工廠,99680334,,彰化縣溪湖鎮湖西里大道街４２號１樓,彰化縣溪湖鎮湖西里,陳錦鳳,80719243,有限公司,,0960322,生產中,25金屬製品製造業、29機械設備製造業  ,251金屬刀具、手工具及模具、293通用機械設備  
11508.csv,格力科技工程有限公司新市廠,67003469,,臺南市新市區大營里豐榮189之40號1樓,臺南市新市區大營里,王宜鑫,24355585,有限公司,,1111118,生產中,25金屬製品製造業  ,254金屬加工處理  
11508.csv,械源橡膠有限公司,99664197,08710012242381,高雄市大寮區琉球里農場路１９７號,高雄市大寮區琉球里,鄭榮昌,22830254,有限公司,0871218,0900227,生產中,21橡膠製品製造業、25金屬製品製造業  ,210橡膠製品、251金屬刀具、手工具及模具  
11508.csv,榮剛材料科技股份有限公司新營廠,99656514,07710000172247,臺南市新營區嘉芳里新中路35號,臺南市新營區嘉芳里,康永昌,84252697,股份有限公司,0770208,0790404,生產中,24基本金屬製造業、25金屬製品製造業  ,241鋼鐵、254金屬加工處理  
11508.csv,榮剛材料科技股份有限公司柳營廠,67000084,,臺南市柳營區大農里環園西路二段2、6號及脚腿仔大道13號,臺南市柳營區大農里,康永昌,84252697,股份有限公司,,1000510,生產中,24基本金屬製造業、25金屬製品製造業  ,241鋼鐵、254金屬加工處理  
11508.csv,榮勝精密有限公司,68003398,,桃園市八德區福興里廣興路316巷12號(1樓),桃園市八德區福興里,黃建民,24231868,有限公司,,1090515,生產中,25金屬製品製造業  ,254金屬加工處理  
11508.csv,榮田精機股份有限公司三廠,99661243,,高雄市湖內區太爺里中山路一段８６０號,高雄市湖內區太爺里,陳松田,22503723,股份有限公司,,0900523,生產中,29機械設備製造業  ,291金屬加工用機械設備、292其他專用機械設備、293通用機械設備  
11508.csv,樺鋒鋼鐵五金行,99702506,,基隆市中正區和憲里和一路４１巷４弄１１號,基隆市中正區和憲里,謝孟宏,82219547,獨資,,0940505,生產中,24基本金屬製造業  ,249其他基本金屬  
11508.csv,樺陽鋼鐵有限公司後營廠,S6700241,,臺南市西港區營西里後營150之20號,臺南市西港區營西里,王蕉戀,80565774,有限公司,,1091015,生產中,25金屬製品製造業  ,254金屬加工處理  
11508.csv,樺陽鋼鐵有限公司西港廠,S6701012,,臺南市西港區營西里後營409之3號,臺南市西港區營西里,王蕉戀,80565774,有限公司,,1140212,生產中,25金屬製品製造業  ,254金屬加工處理  
11508.csv,欣和電氣有限公司,99604078,07410001458973,新北市五股區興珍里中興路一段一四七號,新北市五股區興珍里,楊耕宗,36242278,有限公司,0741231,0750130,生產中,28電力設備及配備製造業  ,281發電、輸電及配電機械、283電線及配線器材、289其他電力設備及配備  
11508.csv,欣嘉股份有限公司,99663146,06410012044837,高雄市大寮區中庄里興中街１巷６號,高雄市大寮區中庄里,洪春發,22064111,股份有限公司,0791231,0791231,生產中,24基本金屬製造業、25金屬製品製造業、26電子零組件製造業  ,242鋁、259其他金屬製品、269其他電子零組件  
11508.csv,欣瑞精密科技有限公司,65006492,,新北市五股區興珍里五權七路13號2樓,新北市五股區興珍里,蘇金龍,24376821,有限公司,,1061206,生產中,27電腦、電子產品及光學製品製造業、28電力設備及配備製造業  ,271電腦及其週邊設備、289其他電力設備及配備  
11508.csv,正偉鋼品股份有限公司,09000647,,雲林縣斗南鎮小東里德業路33巷16號,雲林縣斗南鎮小東里,蔡金發,55884976,有限公司,,1060214,生產中,25金屬製品製造業  ,252金屬結構及建築組件  
11508.csv,正禾工程有限公司,99711967,,臺南市鹽水區橋南里八德路66號B棟之9,臺南市鹽水區橋南里,張俊豪,24381177,有限公司,,0990602,生產中,25金屬製品製造業  ,252金屬結構及建築組件  
11508.csv,正純鋼鐵有限公司樹林廠,99602713,08910001000244,新北市樹林區彭厝里八德街三三０號,新北市樹林區彭厝里,林世昌,23174875,有限公司,0890111,0891221,生產中,24基本金屬製造業、25金屬製品製造業  ,241鋼鐵、254金屬加工處理  
11508.csv,毅成金屬有限公司二廠,S0700192,,彰化縣彰化市茄苳里茄苳路二段227號,彰化縣彰化市茄苳里,陳錫沼,24350792,有限公司,,1090507,生產中,25金屬製品製造業  ,259其他金屬製品  
11508.csv,毅成金屬有限公司,07001038,,彰化縣彰化市古夷里泰和路三段26巷38號1樓,彰化縣彰化市古夷里,陳錫沼,24350792,有限公司,,1021203,生產中,25金屬製品製造業  ,259其他金屬製品  
11508.csv,毅揚工業股份有限公司台南廠,67001018,,臺南市佳里區海澄里萊芊寮1之23號,臺南市佳里區海澄里,姜玉桂,54781740,股份有限公司,,1030930,生產中,24基本金屬製造業  ,242鋁  
11508.csv,民享工業股份有限公司,99629342,06410000001985,桃園市新屋區頭洲里新榮路583號,桃園市新屋區頭洲里,吳修哲　　　,43716933,股份有限公司,0580101,0650430,生產中,25金屬製品製造業、24基本金屬製造業  ,242鋁、254金屬加工處理、259其他金屬製品  
11508.csv,水生鋼鐵股份有限公司,S1000122,,嘉義縣民雄鄉金興村忠義街229號,嘉義縣民雄鄉金興村,黃建龍,28572232,股份有限公司,,1090528,生產中,25金屬製品製造業  ,254金屬加工處理  
11508.csv,水美製冰廠,99699036,,嘉義市東區後湖里保忠三街６２巷１２０號,嘉義市東區後湖里,吳湘怡,21624349,獨資,,0940518,生產中,33其他製造業  ,339未分類其他製品  
11508.csv,永傑自動化有限公司,99642429,07810006028052,臺中市龍井區龍泉里沙田路龍目井一二六巷七號,臺中市龍井區龍泉里,陳肇祺,22708471,有限公司,0780304,0780325,生產中,28電力設備及配備製造業  ,289其他電力設備及配備  
11508.csv,永傳企業股份有限公司新化廠,S6700704,,臺南市新化區山脚里頂山腳54之2號,臺南市新化區山脚里,白洪元,69833582,股份有限公司,,1100129,生產中,24基本金屬製造業、25金屬製品製造業  ,252金屬結構及建築組件、259其他金屬製品、241鋼鐵、249其他基本金屬  
11508.csv,永協隆有限公司,99650103,08510007081450,彰化縣福興鄉福興村龍舟路四十五號,彰化縣福興鄉福興村,林順謄,96916115,有限公司,0850520,0850528,生產中,24基本金屬製造業  ,241鋼鐵  
11508.csv,永承企業社,S0702422,,彰化縣花壇鄉金墩村花南路臨398號,彰化縣花壇鄉金墩村,郭庭瑋,45815249,獨資,,1130607,生產中,25金屬製品製造業  ,259其他金屬製品  
11508.csv,永期企業社,99608642,07710001067769,新北市三重區永發里國道路1段70巷2號,新北市三重區永發里,鄭儒謙,02153240,獨資,0770321,0771001,生產中,24基本金屬製造業  ,243銅  
11508.csv,永東鋼企業有限公司烏日廠,66008272,,臺中市烏日區九德里長春街583巷28號1樓,臺中市烏日區九德里,潘秋旺,24264115,有限公司,,1090511,生產中,25金屬製品製造業  ,252金屬結構及建築組件、259其他金屬製品  
11508.csv,晁雍有限公司,07003888,,彰化縣線西鄉線西村彰濱東十路18號,彰化縣線西鄉線西村,柯金山,97029257,有限公司,,1091012,生產中,24基本金屬製造業  ,241鋼鐵  
11508.csv,晉禾企業股份有限公司分廠,99665242,07010012080780,高雄市岡山區岡山里新樂街１１５號,高雄市岡山區岡山里,蔡永裕,88680066,股份有限公司,0791231,0791231,生產中,25金屬製品製造業  ,259其他金屬製品  
11508.csv,原伸企業有限公司,99614695,07810001345243,新北市中和區建和里建一路一二Ｏ號,新北市中和區建和里,黃明景,34307417,有限公司,0781123,0781123,生產中,25金屬製品製造業、29機械設備製造業  ,259其他金屬製品、293通用機械設備  
11508.csv,原億陞鋼鐵有限公司,99712147,,高雄市大寮區大寮里光華路１４號,高雄市大寮區大寮里,羅勳榮,16240245,有限公司,,0970317,生產中,24基本金屬製造業、25金屬製品製造業  ,241鋼鐵、254金屬加工處理  
11508.csv,原光立金屬工業股份有限公司,99636843,07610006190811,臺中市潭子區栗林里弘智街265巷2弄6號,臺中市潭子區栗林里,董能珠,22063112,股份有限公司,0761203,0780425,生產中,24基本金屬製造業、25金屬製品製造業  ,241鋼鐵、254金屬加工處理  
11508.csv,友霖生技醫藥股份有限公司,93A00092,,中部科學園區雲林縣虎尾鎮墾地里科虎一路8號,雲林縣虎尾鎮墾地里,蔡正弘,28924399,股份有限公司,,0990803,生產中,20藥品及醫用化學製品製造業、33其他製造業  ,200藥品及醫用化學製品、332醫療器材及用品  
11508.csv,台乙鐵工廠,99671502,06710000217243,臺中市東區旱溪里東光園路５９０號,臺中市東區旱溪里,李寅,51805872,獨資,0580101,0671111,生產中,29機械設備製造業  ,293通用機械設備  
11508.csv,台海工業有限公司,99615713,08710001508277,新北市泰山區貴和里明志路三段五七二號,新北市泰山區貴和里,蔡龍正,23243253,有限公司,0870209,0870429,生產中,24基本金屬製造業  ,242鋁  
11508.csv,台源科技有限公司,99717850,,桃園市蘆竹區長興里興隆街４０巷２號,桃園市蘆竹區長興里,古慶鴻,80631388,有限公司,,0981005,生產中,24基本金屬製造業、25金屬製品製造業、29機械設備製造業  ,243銅、251金屬刀具、手工具及模具、293通用機械設備  
11508.csv,台瀛造漆工業股份有限公司,99673105,07310000124283,臺南市南區彰南里新忠路9號,臺南市南區彰南里,王炳舜,69277683,股份有限公司,0730523,0730609,生產中,19其他化學製品製造業  ,192塗料、染料及顏料  
11508.csv,台灣古河電磁線股份有限公司平鎮工廠,99621467,07710000271161,桃園市平鎮區湧安里工業六路5號,桃園市平鎮區湧安里,板谷敏之,22662432,股份有限公司,0770712,0771209,生產中,28電力設備及配備製造業、24基本金屬製造業  ,283電線及配線器材、243銅  
11508.csv,台灣東榮欣業有限公司,S0703208,,彰化縣秀水鄉金陵村民生街483巷45號,彰化縣秀水鄉金陵村,蔡淑秋,24237928,有限公司,,1140729,生產中,25金屬製品製造業、29機械設備製造業  ,253金屬容器、293通用機械設備  
11508.csv,台灣眾鑫企業股份有限公司新竹廠,99630013,08410004016243,新竹縣關西鎮大同里13鄰水坑38號,新竹縣關西鎮大同里,陳筱雯,34583742,股份有限公司,0840216,0900503,生產中,21橡膠製品製造業、22塑膠製品製造業、11紡織業  ,210橡膠製品、220塑膠製品、112織布  
11508.csv,普高工業股份有限公司,99663976,07610012096093,高雄市大寮區永芳里萬丹路２３３巷１號,高雄市大寮區永芳里,劉振華,22415073,股份有限公司,0791231,0791231,生產中,25金屬製品製造業、31其他運輸工具及其零件製造業、33其他製造業  ,259其他金屬製品、311船舶及浮動設施、331育樂用品  
11508.csv,景中工業有限公司,99640933,06710006160584,臺中市大里區夏田里國中路竹圍巷29號,臺中市大里區夏田里,賴雅琪,22124103,有限公司,0671110,0840610,生產中,25金屬製品製造業、29機械設備製造業  ,259其他金屬製品、293通用機械設備  
11508.csv,晴騰企業有限公司,64006100,,高雄市三民區灣興里孝順街５３７巷２２號,高雄市三民區灣興里,尤至洸,16824141,有限公司,,0970516,生產中,16印刷及資料儲存媒體複製業  ,160印刷及資料儲存媒體複製  
11508.csv,晶優國際有限公司,99725965,,新北市土城區大安里承天路四三巷八號一樓,新北市土城區大安里,張瓊心,24368786,有限公司,,0990805,生產中,30汽車及其零件製造業  ,303汽車零件  
11508.csv,智承有限公司,99704791,,高雄市林園區中門里中門路３３９巷２６弄３１號,高雄市林園區中門里,莊勝義,27684337,有限公司,,0940906,生產中,24基本金屬製造業、29機械設備製造業  ,241鋼鐵、293通用機械設備  
11508.csv,暢威鋼鐵有限公司,03002711,,桃園市觀音區崙坪里崙坪1-40號,桃園市觀音區崙坪里,池碧玉,28906569,有限公司,,1040313,生產中,25金屬製品製造業  ,254金屬加工處理  
11508.csv,服興實業股份有限公司瓊林廠,S6400524,,高雄市燕巢區瓊林里瓊林路1008號,高雄市燕巢區瓊林里,黃啟豐,88732418,股份有限公司,,1090908,生產中,22塑膠製品製造業  ,220塑膠製品  
11508.csv,東南油壓股份有限公司八里廠,99600273,08610001000265,新北市八里區頂罟里中山路2段96號,新北市八里區頂罟里,賴正棋,01990120,股份有限公司,0860110,0870618,生產中,25金屬製品製造業、29機械設備製造業、28電力設備及配備製造業、30汽車及其零件製造業、24基本金屬製造業  ,259其他金屬製品、293通用機械設備、251金屬刀具、手工具及模具、289其他電力設備及配備、285家用電器、284照明設備及配備、303汽車零件、241鋼鐵  
11508.csv,東樺紙業有限公司一廠,S6700243,,臺南市安定區新吉里新吉287之1號,臺南市安定區新吉里,王皪葳,80076207,有限公司,,1090713,生產中,15紙漿、紙及紙製品製造業  ,152瓦楞紙板及紙容器  
11508.csv,東檉企業有限公司豐原廠,66008454,,臺中市豐原區鎌村里鐮村路271巷1之1號,臺中市豐原區鎌村里,陳彥彰,24213828,有限公司,,1090810,生產中,29機械設備製造業  ,293通用機械設備  
11508.csv,東權企業有限公司清水分廠,66012563,,臺中市清水區東山里神清路13-8號,臺中市清水區東山里,江淑蓉,97333953,有限公司,,1150804,生產中,24基本金屬製造業  ,241鋼鐵  
11508.csv,東鈦鋼鐵工程有限公司麥寮廠,09000294,,雲林縣麥寮鄉海豐村永和69-1號,雲林縣麥寮鄉海豐村,王松彬,53997757,有限公司,,1020327,生產中,25金屬製品製造業  ,259其他金屬製品  
11508.csv,松品科技有限公司,06000198,,臺中市太平區平安里鵬儀路235號1樓,臺中市太平區平安里,黃澤豪,24257070,有限公司,,0991221,生產中,29機械設備製造業、30汽車及其零件製造業、31其他運輸工具及其零件製造業  ,293通用機械設備、303汽車零件、312機車及其零件  
11508.csv,格林威環保科技股份有限公司,05000243,,苗栗縣造橋鄉朝陽村朝陽路一一一號,苗栗縣造橋鄉朝陽村,連萬隆,54094573,股份有限公司,,1040720,生產中,25金屬製品製造業、29機械設備製造業  ,253金屬容器、293通用機械設備  
11508.csv,楊昌企業有限公司,99642207,08410006243095,臺中市烏日區仁德里信義街193巷22弄6號,臺中市烏日區仁德里,楊羽宸,23565330,有限公司,0841004,0841108,生產中,26電子零組件製造業  ,269其他電子零組件  
11508.csv,楊正股份有限公司中壢二廠,99624245,,桃園市中壢區內定里新北園路一二號,桃園市中壢區內定里,楊燕宣,86209921,股份有限公司,,0910416,生產中,26電子零組件製造業  ,263印刷電路板  
11508.csv,楊正金屬股份有限公司,99663142,07610012095229,高雄市大寮區大寮里大有四街７號,高雄市大寮區大寮里,何水立,22002431,股份有限公司,0791231,0791231,生產中,25金屬製品製造業  ,253金屬容器  
11508.csv,榮勝鋼鐵股份有限公司平鎮廠,03001259,,桃園市平鎮區東勢里34鄰中興路九龍段192巷1號2樓,桃園市平鎮區東勢里,蔡卓芳,80429413,股份有限公司,,1010823,生產中,25金屬製品製造業  ,254金屬加工處理  
11508.csv,榮原農業機械行,99638398,07710006070826,臺中市潭子區潭秀里雅潭路一段206 號1樓,臺中市潭子區潭秀里,廖明宣,26995241,獨資,0730510,0730510,生產中,29機械設備製造業  ,292其他專用機械設備、293通用機械設備  
11508.csv,榮益科技股份有限公司,99691841,,新北市新店區寶興里寶興路45巷6弄6號,新北市新店區寶興里,陳惟誠,16243849,股份有限公司,,0921215,生產中,27電腦、電子產品及光學製品製造業、26電子零組件製造業、22塑膠製品製造業、25金屬製品製造業  ,271電腦及其週邊設備、272通訊傳播設備、269其他電子零組件、264光電材料及元件、220塑膠製品、251金屬刀具、手工具及模具、259其他金屬製品  
11508.csv,樂金股份有限公司工廠,06000015,,臺中市大肚區王田里王福街750巷35號,臺中市大肚區王田里,蔡幸樺,24287433,股份有限公司,,0991012,生產中,24基本金屬製造業、25金屬製品製造業  ,241鋼鐵、259其他金屬製品  
11508.csv,樂陽有限公司,66002415,,臺中市神岡區社南里中山路847巷1號1樓,臺中市神岡區社南里,王慶豐,28528834,有限公司,,1030103,生產中,25金屬製品製造業、31其他運輸工具及其零件製造業  ,251金屬刀具、手工具及模具、259其他金屬製品、313自行車及其零件  
11508.csv,樽融有限公司,07006242,,彰化縣大村鄉平和村山腳路118-31號1樓,彰化縣大村鄉平和村,江秉豐,60751971,有限公司,,1141118,生產中,25金屬製品製造業  ,254金屬加工處理  
11508.csv,橋德鋼鐵有限公司,S6400274,,高雄市橋頭區白樹里興樹路201號,高雄市橋頭區白樹里,楊木財,23678952,有限公司,,1090729,生產中,25金屬製品製造業  ,254金屬加工處理  
11508.csv,欣磐工業有限公司,02000486,,宜蘭縣五結鄉成興村利工二路13號,宜蘭縣五結鄉成興村,張展嘉,24375858,有限公司,,1120413,生產中,25金屬製品製造業  ,254金屬加工處理  
11508.csv,正全義肢復健器材股份有限公司台中廠,99702437,,臺中市南區樹義里樹義六巷6之10號1～4樓,臺中市南區樹義里,楊秀霞,84293249,股份有限公司,,0961227,生產中,33其他製造業  ,332醫療器材及用品  
11508.csv,正揚鋼鐵有限公司,99721565,,高雄市岡山區為隨里為隨東路５８巷２０號,高雄市岡山區為隨里,黃各正,80257517,有限公司,,0981204,生產中,25金屬製品製造業  ,254金屬加工處理  
11508.csv,正揚雷射切割有限公司（八里廠）,99696211,,新北市八里區大崁里忠孝路四三０號一樓,新北市八里區大崁里,杜阿吉,84378210,有限公司,,0951214,生產中,24基本金屬製造業、25金屬製品製造業、14木竹製品製造業  ,241鋼鐵、254金屬加工處理、242鋁、243銅、140木竹製品  
11508.csv,正文開發有限公司,65000625,,新北市新莊區西盛里新樹路531號2樓,新北市新莊區西盛里,鄭郁文,24341942,有限公司,,1000803,生產中,13皮革、毛皮及其製品製造業  ,130皮革、毛皮及其製品  
11508.csv,正統電機有限公司,99681241,,彰化縣伸港鄉溪底村彰新路七段３９９－１號,彰化縣伸港鄉溪底村,黃振宗,90065307,有限公司,,0990727,生產中,28電力設備及配備製造業  ,281發電、輸電及配電機械  
11508.csv,毅龍工業股份有限公司,99661681,07910012075236,高雄市橋頭區西林里西林路１３２號,高雄市橋頭區西林里,謝春梅,23231828,股份有限公司,0791231,0791231,生產中,24基本金屬製造業  ,241鋼鐵  
11508.csv,毅龍工業股份有限公司一廠,64007676,,高雄市橋頭區西林里林北路36號,高雄市橋頭區西林里,謝春梅,23231828,股份有限公司,,1051115,生產中,24基本金屬製造業  ,241鋼鐵  
11508.csv,永兆豐股份有限公司三重廠,99719243,,新北市三重區永發里中正北路193巷21弄39號,新北市三重區永發里,許湘鋐,27788810,股份有限公司,,0980430,生產中,08食品製造業  ,081肉類加工  
11508.csv,永家鐵線工業社,99646883,08510007050491,彰化縣鹿港鎮溝墘里溝墘巷八十七之十號,彰化縣鹿港鎮溝墘里,蔡振園　,77778437,獨資,0850405,0850424,生產中,24基本金屬製造業  ,241鋼鐵  
11508.csv,永承鋼鐵股份有限公司,66012040,,臺中市烏日區五光里五光路五中巷96弄118號1樓,臺中市烏日區五光里,賴玉花,00212893,股份有限公司,,1140924,生產中,25金屬製品製造業  ,259其他金屬製品  
11508.csv,永棋廢棄物處理有限公司,99704821,,高雄市大寮區潮寮里田單五街１１號,高雄市大寮區潮寮里,謝欣樺,89849703,有限公司,,0941004,生產中,21橡膠製品製造業、22塑膠製品製造業、24基本金屬製造業  ,210橡膠製品、220塑膠製品、241鋼鐵  
11508.csv,永棋廢棄物處理有限公司分廠,99712023,,高雄市大寮區潮寮里田單三街4號,高雄市大寮區潮寮里,謝欣樺,89849703,有限公司,,0961004,生產中,21橡膠製品製造業、22塑膠製品製造業、24基本金屬製造業  ,210橡膠製品、220塑膠製品、241鋼鐵、242鋁、243銅  
11508.csv,永棧鑄造工業股份有限公司,S6601692,,臺中市烏日區螺潭里溪南路二段516巷150弄1號,臺中市烏日區螺潭里,賴炎照,23548305,股份有限公司,,1100406,生產中,24基本金屬製造業  ,241鋼鐵  
11508.csv,永生塑膠工業股份有限公司,99644634,08010006002730,臺中市大甲區日南里工一路三五號,臺中市大甲區日南里,曾春生,56624387,股份有限公司,0800222,0731017,生產中,22塑膠製品製造業  ,220塑膠製品  
11508.csv,永興商用汽車有限公司,02000405,,宜蘭縣五結鄉成興村利工一路二段126巷2號,宜蘭縣五結鄉成興村,李文彬,24360551,有限公司,,1091210,生產中,30汽車及其零件製造業  ,302車體  
11508.csv,瑞記興業有限公司,99665659,06210099170636,屏東縣新園鄉興龍村臥龍路548號,屏東縣新園鄉興龍村,洪楊世玉,29013102,有限公司,0580101,0660207,生產中,24基本金屬製造業、25金屬製品製造業  ,241鋼鐵、252金屬結構及建築組件  
11508.csv,瑞豐碾米工廠,99655241,06810000220061,嘉義縣布袋鎮永安里大寮２２９之１號,嘉義縣布袋鎮永安里,邱光顯,67321852,獨資,0580101,0681113,生產中,08食品製造業、09飲料製造業  ,084動植物油脂、086碾榖、磨粉及澱粉製品、089其他食品  
11508.csv,瑞通行木業社二廠,S0702411,,彰化縣鹿港鎮詔安里吳厝巷48-10號,彰化縣鹿港鎮詔安里,黃美蓮,08817483,獨資,,1130529,生產中,14木竹製品製造業  ,140木竹製品  
11508.csv,時代國際生技股份有限公司,99630242,05810000013261,新竹縣竹北市新崙里中華路1巷79弄6號,新竹縣竹北市新崙里,吳欣志　　　,46329793,股份有限公司,0580101,0620130,生產中,18化學材料及肥料製造業  ,181化學原材料、183肥料及氮化合物  
11508.csv,時代技研有限公司,S6800622,,桃園市新屋區九斗里5鄰圳禾路1790號、桃園市新屋區九斗里5鄰九斗47-10號、47-13號,桃園市新屋區九斗里,王國興,28346243,有限公司,,1150408,生產中,30汽車及其零件製造業、11紡織業  ,303汽車零件、115紡織品  
11508.csv,時代鋁業有限公司,64008756,,高雄市大寮區上寮里上發一路11號,高雄市大寮區上寮里,陳潔怡,24264179,有限公司,,1090807,生產中,25金屬製品製造業  ,252金屬結構及建築組件  
11508.csv,原力環境工程有限公司,99624315,07810003004917,桃園市中壢區三民里中正路一二七四巷三０號,桃園市中壢區三民里,彭明忠,34245980,有限公司,0780224,0790907,生產中,29機械設備製造業  ,293通用機械設備  
11508.csv,友倫工業股份有限公司,99635745,,臺中市大甲區日南里青年路一二一號,臺中市大甲區日南里,蔡瑞端,89873409,股份有限公司,,0910419,生產中,24基本金屬製造業、31其他運輸工具及其零件製造業  ,242鋁、312機車及其零件、313自行車及其零件  
11508.csv,友倫工業股份有限公司三廠,05000491,,苗栗縣苑裡鎮新復里八鄰新復一０六之一、一０六之一六號,苗栗縣苑裡鎮新復里,蔡瑞端,89873409,股份有限公司,,1080314,生產中,24基本金屬製造業、25金屬製品製造業、31其他運輸工具及其零件製造業  ,242鋁、254金屬加工處理、312機車及其零件、313自行車及其零件  
11508.csv,友霖生技醫藥股份有限公司桃園製藥廠,99621346,05810000008398,桃園市桃園區大林里大誠路11號,桃園市桃園區大林里,蔡正弘　,28924399,股份有限公司,0580515,0600513,生產中,20藥品及醫用化學製品製造業  ,200藥品及醫用化學製品  
11508.csv,友騰工業股份有限公司新屋廠,99628506,08210003075983,桃園市新屋區永安里12鄰永福路260號,桃園市新屋區永安里,陳宏哲,84444295,股份有限公司,0820720,0831104,生產中,24基本金屬製造業、25金屬製品製造業、29機械設備製造業  ,241鋼鐵、259其他金屬製品、293通用機械設備  
11508.csv,友鴻工程有限公司,S6500317,,新北市樹林區圳安里俊英街21-2號,新北市樹林區圳安里,柯聰敏,28587241,有限公司,,1090602,生產中,25金屬製品製造業  ,259其他金屬製品  
11508.csv,台亞食品有限公司,09000605,,雲林縣東勢鄉四美村永安路1號之2,雲林縣東勢鄉四美村,翁玉玲,24282508,有限公司,,1050816,生產中,08食品製造業  ,081肉類加工  
11508.csv,台寶精機股份有限公司,99617076,05810000015435,新北市新店區日興里安康路三段七九Ｏ號,新北市新店區日興里,王郁婷,33824259,股份有限公司,0580101,0660413,生產中,29機械設備製造業  ,292其他專用機械設備  
11508.csv,台展鋼鐵有限公司,99612197,07810001298554,新北市三重區中興里光復路一段一二二號一、二樓,新北市三重區中興里,陳宣華,04446644,有限公司,0781020,0781114,生產中,24基本金屬製造業  ,241鋼鐵  
11508.csv,台灣三曜有限公司,99712434,,高雄市路竹區後鄉里順安路３２９號,高雄市路竹區後鄉里,杜淑惠,84985952,有限公司,,0980424,生產中,25金屬製品製造業  ,259其他金屬製品  
11508.csv,台灣合田實業股份有限公司,99663888,06810012032165,高雄市大社區保社里旗楠路６號,高雄市大社區保社里,林永興,85615458,股份有限公司,0791231,0791231,生產中,24基本金屬製造業  ,242鋁  
11508.csv,台灣帝馬樂企業有限公司,99720023,,南投縣南投市永興里永興路13號2樓,南投縣南投市永興里,楊世仲,28924193,有限公司,,0970605,生產中,29機械設備製造業、30汽車及其零件製造業、31其他運輸工具及其零件製造業  ,293通用機械設備、303汽車零件、311船舶及浮動設施、312機車及其零件、319未分類其他運輸工具及其零件  
11508.csv,景原鋼鐵有限公司楊梅廠,99624577,08210003145461,桃園市楊梅區水美里楊湖路一段654巷80弄31號,桃園市楊梅區水美里,李麗娟,22078086,有限公司,0820922,0830110,生產中,29機械設備製造業  ,293通用機械設備  
11508.csv,景品企業股份有限公司,99658077,07210000055229,臺南市永康區王行里環工路1號,臺南市永康區王行里,張椿星　　　,69774710,股份有限公司,0720408,0730820,生產中,24基本金屬製造業  ,242鋁、249其他基本金屬  
11508.csv,智揚食品股份有限公司,99707300,,桃園市楊梅區高山里高獅路863巷12弄9號,桃園市楊梅區高山里,方建翔,24383816,股份有限公司,,0961106,生產中,08食品製造業  ,089其他食品  
11508.csv,曄太塑膠股份有限公司,99683243,07010000073624,臺南市永康區塩行里中正路337巷32號,臺南市永康區塩行里,林登在　　　,22402605,股份有限公司,0700320,0710315,生產中,22塑膠製品製造業  ,220塑膠製品  
11508.csv,有宏精密有限公司,S6602465,,臺中市潭子區東寶里大富路一段241-3號,臺中市潭子區東寶里,莊素碧,50836407,有限公司,,1140523,生產中,25金屬製品製造業、29機械設備製造業  ,251金屬刀具、手工具及模具、259其他金屬製品、293通用機械設備  
11508.csv,朕發鋼鐵有限公司和美廠,S0700642,,彰化縣和美鎮鎮平里彰草路二段513巷臨130號,彰化縣和美鎮鎮平里,林麗琴,16711738,有限公司,,1090611,生產中,25金屬製品製造業  ,254金屬加工處理  
11508.csv,本業股份有限公司,99661997,08010012032913,高雄市仁武區竹後里竹工一巷２號,高雄市仁武區竹後里,陳憲富,75985059,股份有限公司,0800326,0800725,生產中,24基本金屬製造業、25金屬製品製造業、30汽車及其零件製造業、31其他運輸工具及其零件製造業  ,241鋼鐵、259其他金屬製品、303汽車零件、312機車及其零件  
11508.csv,東周鋼鐵廠股份有限公司,99626734,05810000005829,桃園市平鎮區廣仁里大昌路三號,桃園市平鎮區廣仁里,周世能　,44508835,股份有限公司,0580101,0590801,生產中,29機械設備製造業、24基本金屬製造業  ,293通用機械設備、241鋼鐵  
11508.csv,東成食品廠,99672871,06110000002435,嘉義市西區北新里文化路１０７１號,嘉義市西區北新里,康淵峻,66400007,獨資,0610114,0611103,生產中,08食品製造業  ,089其他食品  
11508.csv,東鋐國際股份有限公司觀音廠,99688555,,桃園市觀音區樹林里工業三路7號,桃園市觀音區樹林里,王榮聰,27589333,股份有限公司,,0940823,生產中,24基本金屬製造業  ,243銅、249其他基本金屬  
11508.csv,松賀企業有限公司,99616795,07510001390534,新北市新店區江陵里民權路一四三之一號一樓,新北市新店區江陵里,高金女,34302406,有限公司,0751217,0760127,生產中,24基本金屬製造業、25金屬製品製造業  ,242鋁、241鋼鐵、254金屬加工處理  
11508.csv,榮喬振動機械股份有限公司樹林廠,99719105,,新北市樹林區東山里東順街57巷38號,新北市樹林區東山里,張旭文,22299686,股份有限公司,,0980303,生產中,25金屬製品製造業、29機械設備製造業、24基本金屬製造業  ,251金屬刀具、手工具及模具、293通用機械設備、241鋼鐵  
11508.csv,榮國開發企業有限公司,S1300243,,屏東縣萬丹鄉磚寮村忠心路318巷35號,屏東縣萬丹鄉磚寮村,郭李秀鑾,89857323,有限公司,,1090622,生產中,25金屬製品製造業  ,252金屬結構及建築組件  
11508.csv,榮科有限公司,66010212,,臺中市大雅區雅楓里民生路三段36北巷32號2樓之1,臺中市大雅區雅楓里,李忠育,60242875,有限公司,,1110907,生產中,25金屬製品製造業  ,259其他金屬製品  
11508.csv,榮科有限公司一廠,66010213,,臺中市大雅區雅楓里民生路三段36北巷32號2樓之2,臺中市大雅區雅楓里,李忠育,60242875,有限公司,,1110907,生產中,29機械設備製造業  ,293通用機械設備  
11508.csv,欣宸實業股份有限公司,67002419,,臺南市仁德區仁德里文華路3段458巷10號A區,臺南市仁德區仁德里,蔡仲昌,96982819,股份有限公司,,1080702,生產中,30汽車及其零件製造業、31其他運輸工具及其零件製造業、33其他製造業  ,303汽車零件、312機車及其零件、331育樂用品  
11508.csv,欣富隆企業有限公司,15000049,,花蓮縣吉安鄉光華村海岸路965號,花蓮縣吉安鄉光華村,林慶賢,24227463,有限公司,,1031223,生產中,23非金屬礦物製品製造業  ,234石材製品  
11508.csv,欣福聲有限公司工廠,99647288,06710000226555,彰化縣埔鹽鄉埔南村彰水路１段２２９號,彰化縣埔鹽鄉埔南村,陳居隆,89924370,有限公司,0671101,0680126,生產中,22塑膠製品製造業  ,220塑膠製品  
11508.csv,欣穎興業有限公司,07000127,,彰化縣和美鎮四張里和厝路一段150巷35弄16號,彰化縣和美鎮四張里,黃定國,24358393,有限公司,,1000314,生產中,12成衣及服飾品製造業、33其他製造業  ,123服飾品、332醫療器材及用品  
11508.csv,欣穎興業有限公司線西廠,07003023,,彰化縣線西鄉下犁村下犁路4之4號,彰化縣線西鄉下犁村,黃定國,24358393,有限公司,,1080318,生產中,11紡織業、12成衣及服飾品製造業  ,115紡織品、121成衣  
11508.csv,欽松工業股份有限公司,99650848,07510000062426,彰化縣埔心鄉芎蕉村仁和路一七八號,彰化縣埔心鄉芎蕉村,陳富麗　,60314201,股份有限公司,0750116,0750116,生產中,25金屬製品製造業  ,251金屬刀具、手工具及模具  
11508.csv,正利和科技金屬有限公司,99712052,,高雄市燕巢區安招里安北路５７９號,高雄市燕巢區安招里,許宜欣,28660657,股份有限公司,,0961114,生產中,24基本金屬製造業  ,241鋼鐵  
11508.csv,正利工業社,99647152,07710007062419,彰化縣和美鎮鎮平里嘉佃路１７０巷２３號,彰化縣和美鎮鎮平里,李素曾　,05949192,獨資,0771128,0780131,生產中,11紡織業、33其他製造業  ,115紡織品、331育樂用品  
11508.csv,正翁鋼鐵有限公司,S6800287,,桃園市中壢區內定里內定二街636巷65號,桃園市中壢區內定里,鄭祝平,45197632,有限公司,,1090601,生產中,25金屬製品製造業  ,254金屬加工處理  
11508.csv,永富餘企業社,S0702061,,彰化縣溪湖鎮田中里田河路臨212號,彰化縣溪湖鎮田中里,關宇倢,60242832,獨資,,1120719,生產中,25金屬製品製造業  ,252金屬結構及建築組件  
11508.csv,永揚鋼鐵有限公司三重廠,65001108,,新北市三重區大有里中正北路560巷27號,新北市三重區大有里,沈智全,53181260,有限公司,,1010209,生產中,24基本金屬製造業、25金屬製品製造業  ,241鋼鐵、249其他基本金屬、254金屬加工處理、259其他金屬製品  
11508.csv,永業油封科技有限公司,99649263,07510007060481,彰化縣秀水鄉馬興村和平巷３０號,彰化縣秀水鄉馬興村,陳美玲,24267345,有限公司,0751127,0771110,生產中,21橡膠製品製造業  ,210橡膠製品  
11508.csv,永發曜金屬工業有限公司,68007156,,桃園市楊梅區永平里新農街二段209巷62弄73號(1樓),桃園市楊梅區永平里,王萬壽,84182285,有限公司,,1141113,生產中,24基本金屬製造業  ,241鋼鐵  
11508.csv,永發鋼鐵工業股份有限公司桃園廠,99621555,07710003055520,桃園市龜山區楓福里長壽路86號,桃園市龜山區楓福里,陳佳君　,35489006,股份有限公司,0770610,0770908,生產中,25金屬製品製造業  ,254金屬加工處理  
11508.csv,永進矽鋼股份有限公司土城廠,99695607,,新北市土城區沛陂里自由街一號,新北市土城區沛陂里,簡進來,23400627,股份有限公司,,0950620,生產中,24基本金屬製造業、25金屬製品製造業  ,241鋼鐵、254金屬加工處理  
11508.csv,瑞商建材股份有限公司柳營廠,99711701,,臺南市柳營區大農里環園東路2段15號,臺南市柳營區大農里,黃瑞國,54362438,股份有限公司,,0980325,生產中,23非金屬礦物製品製造業、25金屬製品製造業  ,232耐火、黏土建材及其他陶瓷製品、252金屬結構及建築組件  
11508.csv,瑞壕工業股份有限公司,07001241,,彰化縣員林市鎮興里員東路一段92之1號1樓,彰化縣員林市鎮興里,陳伊秀,89319633,股份有限公司,,1030627,生產中,29機械設備製造業、25金屬製品製造業  ,292其他專用機械設備、259其他金屬製品  
11508.csv,獅王國際衣帽有限公司,66011573,,臺中市沙鹿區斗抵里太平路5-1號,臺中市沙鹿區斗抵里,何晋德,24291859,有限公司,,1131213,生產中,11紡織業、12成衣及服飾品製造業  ,115紡織品、121成衣、123服飾品  
11508.csv,時碩工業股份有限公司幼獅廠,68004900,,桃園市楊梅區高上里高獅路863巷1號,桃園市楊梅區高上里,劉祖英,24262159,股份有限公司,,1110615,生產中,29機械設備製造業、30汽車及其零件製造業、31其他運輸工具及其零件製造業  ,293通用機械設備、303汽車零件、313自行車及其零件  
11508.csv,時碁工程有限公司中壢廠,99717998,,桃園市中壢區過嶺里福祥路２５９巷２號１樓,桃園市中壢區過嶺里,陳思嘉,24202478,有限公司,,0990112,生產中,23非金屬礦物製品製造業  ,233水泥及其製品  
11508.csv,時碩工業股份有限公司新屋廠,99722403,,桃園市新屋區頭洲里8鄰快速路六段638號,桃園市新屋區頭洲里,劉祖英,24262159,股份有限公司,,0990329,生產中,29機械設備製造業、30汽車及其零件製造業、31其他運輸工具及其零件製造業  ,293通用機械設備、303汽車零件、312機車及其零件  
11508.csv,晉興鋼鐵股份有限公司,67001566,,臺南市永康區塩洲里國聖街458號,臺南市永康區塩洲里,王美雀,54554055,股份有限公司,,1050815,生產中,25金屬製品製造業  ,254金屬加工處理  
11508.csv,晉華企業股份有限公司,99664437,08310012132437,高雄市路竹區北嶺里民有路６３１號,高雄市路竹區北嶺里,林國清,84978002,股份有限公司,0830816,0831012,生產中,29機械設備製造業  ,291金屬加工用機械設備、293通用機械設備  
11508.csv,博翔機械有限公司,65005078,,新北市樹林區金寮里保安街2段45巷29之7號,新北市樹林區金寮里,張博翔,24364590,有限公司,,1050706,生產中,25金屬製品製造業  ,251金屬刀具、手工具及模具、254金屬加工處理、259其他金屬製品  
11508.csv,友齊有限公司,67001731,,臺南市柳營區大農里工七路15號,臺南市柳營區大農里,馬春龍,27802242,有限公司,,1060303,生產中,29機械設備製造業  ,293通用機械設備  
11508.csv,友齊有限公司二廠,67003768,,臺南市柳營區大農里工七路13號,臺南市柳營區大農里,馬春龍,27802242,有限公司,,1130119,生產中,29機械設備製造業  ,293通用機械設備  
11508.csv,台信光學科技有限公司,99718849,,新北市三重區頂崁里興德路九二號三樓,新北市三重區頂崁里,蘇光偉,24248093,有限公司,,0971117,生產中,33其他製造業  ,332醫療器材及用品  
11508.csv,台傑食品有限公司,99624279,,桃園市蘆竹區內厝里南山路二段394巷4之1號,桃園市蘆竹區內厝里,林頂洋,86595629,有限公司,,0910419,生產中,08食品製造業  ,089其他食品  
11508.csv,台灣三菱化學股份有限公司,99630253,08510000407810,新竹縣湖口鄉鳳凰村光復路60、62號,新竹縣湖口鄉鳳凰村,栗原俊一郎,96972431,股份有限公司,0850821,0870705,生產中,25金屬製品製造業、18化學材料及肥料製造業  ,254金屬加工處理、259其他金屬製品、181化學原材料  
11508.csv,台灣三菱化學股份有限公司樹脂廠,99661961,07210012087160,高雄市大寮區大寮里華中路42號,高雄市大寮區大寮里,宋昊虔,96972431,股份有限公司,0791231,0791231,生產中,18化學材料及肥料製造業  ,181化學原材料、184塑膠及合成橡膠原料  
11508.csv,台灣康肯環保設備股份有限公司台南第三工廠,67003415,,臺南市永康區王行里環工路5號,臺南市永康區王行里,大知伸輔,29048242,股份有限公司,,1110907,生產中,29機械設備製造業  ,292其他專用機械設備  
11508.csv,台灣康肯環保設備股份有限公司台南第二工廠,67000403,,臺南市永康區王行里經建路9號,臺南市永康區王行里,大知伸輔,29048242,股份有限公司,,1010705,生產中,29機械設備製造業  ,293通用機械設備  
11508.csv,台灣康肯環保設備股份有限公司永康工廠,67000011,,臺南市永康區王行里經建路2號之1,臺南市永康區王行里,大知伸輔,29048242,股份有限公司,,1000111,生產中,29機械設備製造業  ,293通用機械設備  
11508.csv,台灣林吉金屬股份有限公司三廠,99625285,08910003323160,桃園市龜山區龍壽里龍校街七二號,桃園市龜山區龍壽里,徐德盛,34362620,股份有限公司,0890328,0890406,生產中,24基本金屬製造業  ,241鋼鐵  
11508.csv,台灣林吉金屬股份有限公司桃園廠,99625438,07910003086914,桃園市龜山區龍壽里龍校街一一七號,桃園市龜山區龍壽里,徐德盛　　　,34362620,股份有限公司,0790725,0800307,生產中,24基本金屬製造業  ,241鋼鐵、243銅、249其他基本金屬  
11508.csv,晟懿工業股份有限公司全興廠,99681077,,彰化縣伸港鄉溪底村興工路５６之２號,彰化縣伸港鄉溪底村,賴世龍,22208588,股份有限公司,,0981225,生產中,24基本金屬製造業、25金屬製品製造業  ,242鋁、251金屬刀具、手工具及模具、259其他金屬製品  
11508.csv,有德造漆有限公司,99670423,07610019002418,臺中市南區樹義里福田三街87巷31號,臺中市南區樹義里,曾彩琴,22088182,有限公司,0760912,0760919,生產中,19其他化學製品製造業  ,192塗料、染料及顏料  
11508.csv,本群有限公司,67003983,,臺南市仁德區太子里中正路三段523巷70號,臺南市仁德區太子里,吳鎮任,24218035,有限公司,,1140103,生產中,11紡織業  ,114染整  
11508.csv,杰銳股份有限公司,99641241,08810006040353,臺中市后里區眉山里四月路13-1號,臺中市后里區眉山里,林育德　　,16987355,股份有限公司,0880930,0881006,生產中,31其他運輸工具及其零件製造業  ,313自行車及其零件  
11508.csv,杰鐙實業有限公司,99717756,,桃園市桃園區中信里德華街111號,桃園市桃園區中信里,張富雄,84932421,有限公司,,0980722,生產中,29機械設備製造業、30汽車及其零件製造業、31其他運輸工具及其零件製造業  ,293通用機械設備、303汽車零件、312機車及其零件、319未分類其他運輸工具及其零件  
11508.csv,東和化學企業股份有限公司,99680242,,彰化縣伸港鄉蚵寮村線工北一路１１號,彰化縣伸港鄉蚵寮村,張美惠,11328473,股份有限公司,,0951128,生產中,18化學材料及肥料製造業、19其他化學製品製造業  ,183肥料及氮化合物、191農藥及環境用藥  
11508.csv,東文有限公司,S6800572,,桃園市觀音區草漯里福昌街486巷106弄25號,桃園市觀音區草漯里,游堃桻,22418249,有限公司,,1141127,生產中,11紡織業  ,111紡紗  
11508.csv,東方不敗娛樂有限公司,S6602690,,臺中市大雅區員林里大林路141巷17號,臺中市大雅區員林里,陳家豪,24231115,有限公司,,1140826,生產中,25金屬製品製造業  ,259其他金屬製品  
11508.csv,東經鋼鐵股份有限公司,99703897,,臺中市大里區仁化里工業11路121號,臺中市大里區仁化里,張經倫,23685588,股份有限公司,,0951014,生產中,25金屬製品製造業  ,254金屬加工處理  
11508.csv,東美化工廠有限公司,99711790,,臺南市仁德區太子里大發路177巷39號,臺南市仁德區太子里,李泓億,24399232,有限公司,,0980820,生產中,19其他化學製品製造業  ,193清潔用品及化粧品  
11508.csv,東義企業有限公司,14000038,,臺東縣臺東市豐樂里大業路132巷7號,臺東縣臺東市豐樂里,許富森,42762819,有限公司,,1090519,生產中,24基本金屬製造業、24基本金屬製造業  ,241鋼鐵  
11508.csv,東鋒鋼鐵有限公司和發廠,64008795,,高雄市大寮區琉球里和業一路120號,高雄市大寮區琉球里,李紀漢,28605114,有限公司,,1090910,生產中,25金屬製品製造業  ,254金屬加工處理  
11508.csv,東鋒鋼鐵有限公司林園廠,S6400447,,高雄市林園區港嘴里港埔三路136、136-1、136-2號,高雄市林園區港嘴里,李紀漢,28605114,有限公司,,1090828,生產中,25金屬製品製造業  ,254金屬加工處理  
11508.csv,東鋼機械廠,99680161,,彰化縣員林市大峰里大峰巷１７弄８８號,彰化縣員林市大峯里,張瓊琪,45202473,獨資,,0950824,生產中,29機械設備製造業、24基本金屬製造業  ,291金屬加工用機械設備、293通用機械設備、241鋼鐵  
11508.csv,松展木箱行本廠,66006974,,臺中市太平區興隆里光興路1432巷90號,臺中市太平區興隆里,郭國瑋,09324199,獨資,,1071121,生產中,14木竹製品製造業  ,140木竹製品  
11508.csv,棟焜鋼鐵有限公司,99649822,08610007110097,彰化縣社頭鄉仁雅村社斗路１段８９７巷３７號,彰化縣社頭鄉仁雅村,巫宜典,89884362,有限公司,0860619,0860627,生產中,25金屬製品製造業、29機械設備製造業  ,252金屬結構及建築組件、293通用機械設備  
11508.csv,棠丞企業股份有限公司,64010243,,高雄市三民區灣子里銀杉街12號,高雄市三民區灣子里,張欣丞,90429975,股份有限公司,,1140926,生產中,08食品製造業  ,089其他食品  
11508.csv,棣樺國際企業有限公司,03000373,,桃園市蘆竹區內厝里南山路2段243號1樓,桃園市蘆竹區內厝里,陳永華,24274795,有限公司,,1000421,生產中,22塑膠製品製造業  ,220塑膠製品  
11508.csv,棣樺國際企業有限公司,S0702892,,彰化縣福興鄉麥厝村麥厝街82-100號,彰化縣福興鄉麥厝村,陳永華,24274795,有限公司,,1140313,生產中,22塑膠製品製造業、32家具製造業  ,220塑膠製品、320家具  
11508.csv,棨懋實業有限公司,67000574,,臺南市永康區塩行里中正三街21號A棟、2樓A棟,臺南市永康區塩行里,謝政達,24374653,有限公司,,1020221,生產中,22塑膠製品製造業  ,220塑膠製品  
11508.csv,棨懋實業有限公司二廠,67003880,,臺南市永康區塩行里中正三街368號,臺南市永康區塩行里,謝政達,24374653,有限公司,,1130716,生產中,33其他製造業、22塑膠製品製造業  ,332醫療器材及用品、220塑膠製品  
11508.csv,楓昇鋼鐵企業有限公司台中二廠,66004832,,臺中市東區東門里建德街418巷16弄37號1樓,臺中市東區東門里,林義順,23386890,有限公司,,1050822,生產中,25金屬製品製造業、29機械設備製造業  ,259其他金屬製品、293通用機械設備  
11508.csv,橙藝廣告設計有限公司,65005388,,新北市樹林區三福里忠信街9號5樓,新北市樹林區三福里,黃紹瑋,24376076,有限公司,,1051021,生產中,15紙漿、紙及紙製品製造業  ,159其他紙製品  
11508.csv,欣峰禾有限公司一廠,66010768,,臺中市大甲區日南里工九路52號,臺中市大甲區日南里,趙啟南,53989807,有限公司,,1120818,生產中,24基本金屬製造業  ,242鋁  
11508.csv,歆錩機械工業有限公司一廠,S6601854,,臺中市大安區龜里中山南路653號,臺中市大安區龜里,李清源,97242530,有限公司,,1120412,生產中,25金屬製品製造業  ,259其他金屬製品、253金屬容器  
11508.csv,歆錩機械工業有限公司大安廠,66009798,,臺中市大安區龜里中山南路667號1樓,臺中市大安區龜里,李清源,97242530,有限公司,,1110214,生產中,29機械設備製造業  ,293通用機械設備  
11508.csv,正協碾米工廠,99651052,07210007046632,彰化縣二林鎮東華里路西巷１９之２１號,彰化縣二林鎮東華里,周明哲　　　,24170882,獨資,0721021,0730621,生產中,08食品製造業  ,086碾榖、磨粉及澱粉製品  
11508.csv,正新鋁業股份有限公司,99625846,06810000125446,桃園市中壢區復興里中壢工業區北園二路六、八號,桃園市中壢區復興里,劉茂苓,04799077,股份有限公司,0680529,0710514,生產中,24基本金屬製造業、25金屬製品製造業  ,242鋁、252金屬結構及建築組件  
11508.csv,正興企業社善化廠,67002435,,臺南市善化區小新里小新營318之27號,臺南市善化區小新里,吳順興,26439316,獨資,,1080710,生產中,25金屬製品製造業  ,252金屬結構及建築組件  
11508.csv,永久鋼鐵實業股份有限公司彌陀廠,64010404,,高雄市彌陀區鹽埕里新庄路大管巷5號,高雄市彌陀區鹽埕里,莊雲龍,28280306,股份有限公司,,1150428,生產中,25金屬製品製造業  ,254金屬加工處理  
11508.csv,永全懋股份有限公司觀音廠,03001435,,桃園市觀音區崙坪里忠愛路二段198之108號,桃園市觀音區崙坪里,高志明,70519575,股份有限公司,,1011122,生產中,24基本金屬製造業、25金屬製品製造業  ,254金屬加工處理、242鋁  
11508.csv,永全機械工程行,99654699,,雲林縣斗南鎮北銘里永安路２號,雲林縣斗南鎮北銘里,沈景生,14166332,獨資,,0950821,生產中,24基本金屬製造業  ,241鋼鐵  
11508.csv,永全興消防器材有限公司,64007031,,高雄市大社區保社里民族路13-30號,高雄市大社區保社里,陳靜芳,24234801,有限公司,,1030506,生產中,29機械設備製造業、33其他製造業  ,293通用機械設備、339未分類其他製品  
11508.csv,永君塑膠股份有限公司　,99658164,08510000405596,臺南市仁德區保安里開發四路33及35號,臺南市仁德區保安里,曾莎琍　　　,22416468,股份有限公司,0850619,0890704,生產中,22塑膠製品製造業  ,220塑膠製品  
11508.csv,永展金屬有限公司,99626523,08210003144480,桃園市楊梅區永平里永平路607巷2之3號,桃園市楊梅區永平里,張彤　,94257334,有限公司,0820814,0840119,生產中,24基本金屬製造業、29機械設備製造業、30汽車及其零件製造業  ,242鋁、293通用機械設備、303汽車零件  
11508.csv,永政精密工業有限公司,99713521,,臺中市潭子區栗林里中山路三段３５５巷２號,臺中市潭子區栗林里,劉育偉,80402420,有限公司,,0990111,生產中,25金屬製品製造業  ,251金屬刀具、手工具及模具  
11508.csv,永榮泰工業社,66000243,,臺中市太平區建國里鵬儀路320巷2之2號,臺中市太平區建國里,林榮和,97878321,獨資,,1000516,生產中,25金屬製品製造業、29機械設備製造業  ,251金屬刀具、手工具及模具、259其他金屬製品、293通用機械設備  
11508.csv,永發鑄造工廠芬園廠,S0701563,,彰化縣芬園鄉嘉興村嘉東街399巷39弄32號,彰化縣芬園鄉嘉興村,楊榮發,51201000,獨資,,1101130,生產中,24基本金屬製造業  ,241鋼鐵  
11508.csv,永益承有限公司,99711727,,臺南市永康區塩洲里洲工街132號,臺南市永康區塩洲里,黃聰萍,24265445,有限公司,,0980501,生產中,25金屬製品製造業  ,254金屬加工處理  
11508.csv,永益承有限公司二廠,67003535,,臺南市永康區塩洲里洲工街156號,臺南市永康區塩洲里,黃聰萍,24265445,有限公司,,1120308,生產中,25金屬製品製造業  ,254金屬加工處理  
11508.csv,永興食品廠,99624169,06610000056418,桃園市大園區北港里潮音二路196巷35號,桃園市大園區北港里,劉美華,43765259,獨資,0660419,0670609,生產中,08食品製造業  ,089其他食品  
11508.csv,猛展鋼鐵工業股份有限公司雲林廠,09001165,,雲林縣大埤鄉嘉興村豐田路51之1號,雲林縣大埤鄉嘉興村,沈通富,86273303,股份有限公司,,1101209,生產中,25金屬製品製造業、25金屬製品製造業  ,254金屬加工處理  
11508.csv,猛進工業股份有限公司,99650241,07510007054541,彰化縣溪湖鎮西寮里員鹿路四段三０三巷五一號,彰化縣溪湖鎮西寮里,巫松昀,60246577,股份有限公司,0750531,0750804,生產中,31其他運輸工具及其零件製造業  ,313自行車及其零件  
11508.csv,献茂橡膠工業有限公司,99656070,06210000081082,嘉義縣民雄鄉興南村工業三路３０號,嘉義縣民雄鄉興南村,陳宗緯,24267540,有限公司,0580101,0630323,生產中,21橡膠製品製造業  ,210橡膠製品  
11508.csv,玄耕科技股份有限公司,99638181,08810006024194,臺中市神岡區新庄里和睦路一段524巷80號,臺中市神岡區新庄里,許榮裕,16681452,股份有限公司,0880128,0880206,生產中,21橡膠製品製造業、31其他運輸工具及其零件製造業、27電腦、電子產品及光學製品製造業、33其他製造業  ,210橡膠製品、313自行車及其零件、275量測、導航、控制設備及鐘錶、331育樂用品  
11508.csv,玉光實業社台南廠,S6700223,,臺南市安南區東和里長和路一段823巷570號,臺南市安南區東和里,楊鳳娟,21902429,獨資,,1090708,生產中,30汽車及其零件製造業、31其他運輸工具及其零件製造業  ,303汽車零件、312機車及其零件  
11508.csv,玉山木業有限公司,66012413,,臺中市太平區德隆里華安街50、56號,臺中市太平區德隆里,鍾孟修,60342569,有限公司,,1150514,生產中,14木竹製品製造業  ,140木竹製品  
11508.csv,春達企業有限公司,65007743,,新北市樹林區潭底里大安路111巷26弄2號(1樓),新北市樹林區潭底里,周上逸,22432609,有限公司,,1080514,生產中,28電力設備及配備製造業、29機械設備製造業  ,289其他電力設備及配備、293通用機械設備  
11508.csv,昱成生物科技股份有限公司,99699858,,屏東縣鹽埔鄉新圍村德二街206號,屏東縣鹽埔鄉新圍村,劉德順,24247432,股份有限公司,,0990406,生產中,08食品製造業  ,087動物飼品  
11508.csv,昶太興業有限公司,S1000043,,嘉義縣水上鄉柳鄉村柳子林189之7號,嘉義縣水上鄉柳鄉村,洋惠美,24276225,有限公司,,1090509,生產中,25金屬製品製造業  ,254金屬加工處理  
11508.csv,昶太興業有限公司一之一廠,S1000272,,嘉義縣水上鄉柳鄉村柳子林189之7號,嘉義縣水上鄉柳鄉村,洋惠美,24276225,有限公司,,1150610,生產中,25金屬製品製造業  ,254金屬加工處理  
11508.csv,晉詮塑膠企業股份有限公司二廠,S0703242,,彰化縣線西鄉寓埔村中央路三段119巷50號,彰化縣線西鄉寓埔村,鄭國宏,86995322,股份有限公司,,1140820,生產中,11紡織業、22塑膠製品製造業  ,115紡織品、220塑膠製品  
11508.csv,原成汽車有限公司,07003242,,彰化縣二林鎮華崙里文明路7號,彰化縣二林鎮華崙里,楊錫城,42772886,有限公司,,1080719,生產中,30汽車及其零件製造業  ,303汽車零件  
11508.csv,原承企業有限公司,99622413,07810003059461,桃園市龜山區南上里南上路二九○巷一九號,桃園市龜山區南上里,林振達,23269696,有限公司,0780619,0780627,生產中,29機械設備製造業、25金屬製品製造業、30汽車及其零件製造業、31其他運輸工具及其零件製造業  ,292其他專用機械設備、293通用機械設備、303汽車零件、312機車及其零件、259其他金屬製品  
11508.csv,友力科技股份有限公司本廠,S6602180,,臺中市神岡區豐洲里東洲路205巷8之1號,臺中市神岡區豐洲里,姬慶明,80242509,股份有限公司,,1130924,生產中,25金屬製品製造業、29機械設備製造業  ,251金屬刀具、手工具及模具、291金屬加工用機械設備  
11508.csv,友助鑄造有限公司,99606342,07310000129433,新北市淡水區興仁里牛埔子一之六號,新北市淡水區興仁里,林國寶,86591721,有限公司,0730630,0750516,生產中,24基本金屬製造業、25金屬製品製造業  ,241鋼鐵、254金屬加工處理、242鋁、243銅  
11508.csv,友勝工業股份有限公司,99639546,06610006156870,臺中市烏日區光明里五光路501號,臺中市烏日區光明里,潘文良,55762729,股份有限公司,0660101,0661125,生產中,24基本金屬製造業、25金屬製品製造業  ,241鋼鐵、254金屬加工處理  
11508.csv,双德金屬有限公司,66002349,,臺中市大雅區四德里中清路三段969號,臺中市大雅區四德里,蔡德勝,24203429,有限公司,,1021205,生產中,25金屬製品製造業  ,252金屬結構及建築組件  
11508.csv,双德金屬有限公司二廠,S6602534,,臺中市大雅區橫山里永和路11之10號,臺中市大雅區橫山里,蔡德勝,24203429,有限公司,,1140702,生產中,25金屬製品製造業  ,252金屬結構及建築組件  
11508.csv,台兆塑膠有限公司,99661366,07410012111617,高雄市湖內區太爺里中山路二段26號,高雄市湖內區太爺里,杜聰誠,62243312,有限公司,0791231,0791231,生產中,22塑膠製品製造業  ,220塑膠製品  
11508.csv,台兆精密工業股份有限公司,99624929,07110000121217,桃園市蘆竹區坑口里海山路598、600號,桃園市蘆竹區坑口里,劉守禮,69635561,股份有限公司,0710802,0740110,生產中,24基本金屬製造業  ,243銅  
11508.csv,台光事業有限公司,99617976,08810001109352,新北市中和區員山里中山路三段一一四巷四三號四樓,新北市中和區員山里,王志成,89652412,有限公司,0880426,0880517,生產中,33其他製造業、22塑膠製品製造業  ,220塑膠製品、339未分類其他製品  
11508.csv,台康實業社,99628772,08910003322843,桃園市八德區茄苳里國聯街六一號,桃園市八德區茄苳里,王瑞德,87709972,獨資,0890301,0890307,生產中,24基本金屬製造業  ,241鋼鐵  
11508.csv,台灣噴筆器材股份有限公司,99624143,08010003214385,桃園市楊梅區永寧里校前路988號,桃園市楊梅區永寧里,林豐國　　,86415627,股份有限公司,0801217,0810228,生產中,33其他製造業  ,331育樂用品  
11508.csv,台灣彎管工業有限公司,99664624,07410012044004,高雄市橋頭區仕豐里仕豐路溝尾巷３０號,高雄市橋頭區仕豐里,王麗珠,88683015,有限公司,0791231,0791231,生產中,24基本金屬製造業、25金屬製品製造業、29機械設備製造業  ,241鋼鐵、252金屬結構及建築組件、259其他金屬製品、292其他專用機械設備  
11508.csv,台灣椿本股份有限公司,99623816,05810000002410,桃園市龜山區楓福里1鄰自強北路17巷33號,桃園市龜山區楓福里,玉木政治,11015682,股份有限公司,0580101,0590301,生產中,25金屬製品製造業、29機械設備製造業、31其他運輸工具及其零件製造業  ,259其他金屬製品、293通用機械設備、312機車及其零件  
11508.csv,台灣福雷電子股份有限公司三廠,90N00836,,高雄市楠梓區創意北路1號6樓、科技路2號3、4、7樓,高雄市楠梓區,吳田玉,22100242,股份有限公司,,1041008,生產中,26電子零組件製造業  ,261半導體  
11508.csv,台灣福雷電子股份有限公司,90N00627,,高雄市楠梓區西五街10號、內環北路109號13、14樓,高雄市楠梓區,吳田玉,22100242,股份有限公司,,0770407,生產中,26電子零組件製造業  ,261半導體  
11508.csv,台灣福雷電子股份有限公司二廠,90N00770,,高雄市楠梓區新經一路11號1、5、6、7樓,高雄市楠梓區,吳田玉,22100242,股份有限公司,,0940808,生產中,26電子零組件製造業  ,261半導體  
11508.csv,台灣福雷電子股份有限公司大社廠,64009643,,高雄市大社區三奶里三中路385號,高雄市大社區三奶里,吳田玉,22100242,股份有限公司,,1120802,生產中,26電子零組件製造業  ,261半導體  
11508.csv,台灣禮藍動保股份有限公司(中壢廠),99622898,06710000303648,桃園市中壢區忠福里東園二路12號,桃園市中壢區忠福里,吳秋逸,24347397,股份有限公司,0580101,0690322,生產中,20藥品及醫用化學製品製造業  ,200藥品及醫用化學製品  
11508.csv,智楊企業股份有限公司,99692242,,新北市中和區員山里中山路三段一一０號六樓之一,新北市中和區員山里,楊淑玲,04916912,股份有限公司,,0930312,生產中,26電子零組件製造業、27電腦、電子產品及光學製品製造業  ,264光電材料及元件、269其他電子零組件、275量測、導航、控制設備及鐘錶  
11508.csv,朝和鋼鐵有限公司工廠,S0700285,,彰化縣二林鎮西庄里二溪路七段二巷306號,彰化縣二林鎮西庄里,魏朝陽,24358555,有限公司,,1090520,生產中,25金屬製品製造業  ,252金屬結構及建築組件  
11508.csv,杰霖科技有限公司,66010772,,臺中市龍井區忠和里海尾路256巷16號,臺中市龍井區忠和里,黃駿杰,24229835,有限公司,,1120824,生產中,23非金屬礦物製品製造業  ,231玻璃及其製品  
11508.csv,杰鼎有限公司,99718921,,新北市新莊區瓊林里瓊林南路101巷18號,新北市新莊區瓊林里,李秀鸞,24252552,有限公司,,0971212,生產中,25金屬製品製造業  ,254金屬加工處理  
11508.csv,東泰興實業股份有限公司中壢廠,03000591,,桃園市中壢區文化里北園路31之3號,桃園市中壢區文化里,陳威榮,89789753,股份有限公司,,1000815,生產中,18化學材料及肥料製造業、24基本金屬製造業  ,181化學原材料、243銅、249其他基本金屬  
11508.csv,東泰行,S1300029,,屏東縣九如鄉玉泉村三和街35巷9號,屏東縣九如鄉玉泉村,高暐淇,98924111,獨資,,1090624,生產中,08食品製造業  ,087動物飼品  
11508.csv,東錦開發有限公司桃園廠,99629945,08510000402006,桃園市新屋區永安里永田路35號1樓,桃園市新屋區永安里,黃如俊　　,84924323,有限公司,0850223,0850415,生產中,08食品製造業  ,089其他食品  
11508.csv,榮展企業社,S0200116,,宜蘭縣冬山鄉丸山村溪心一路93號,宜蘭縣冬山鄉丸山村,陳楷勳,02435889,獨資,,1150414,生產中,25金屬製品製造業  ,254金屬加工處理  
11508.csv,榮展工業社,99649222,07310007043199,彰化縣鹿港鎮頂番里鹿和路４段１５５巷６８弄６號,彰化縣鹿港鎮頂番里,施昆男　,05941071,獨資,0730418,0750310,生產中,24基本金屬製造業、25金屬製品製造業、29機械設備製造業  ,243銅、259其他金屬製品、293通用機械設備  
11508.csv,榮耀原型有限公司,65011242,,新北市新莊區化成里化成路11巷97號1樓,新北市新莊區化成里,羅韶瑋,83519590,有限公司,,1120704,生產中,25金屬製品製造業、22塑膠製品製造業  ,254金屬加工處理、220塑膠製品  
11508.csv,榮興工業股份有限公司,99659242,07510011061275,臺南市歸仁區南興里中山路三段452號,臺南市歸仁區南興里,吳勝豐,68566242,股份有限公司,0750531,0750725,生產中,30汽車及其零件製造業、31其他運輸工具及其零件製造業、29機械設備製造業  ,303汽車零件、312機車及其零件、292其他專用機械設備  
11508.csv,榮興工業股份有限公司二廠,67002238,,臺南市歸仁區南興里中山路三段646號B棟,臺南市歸仁區南興里,吳勝豐,68566242,股份有限公司,,1071207,生產中,29機械設備製造業、30汽車及其零件製造業、31其他運輸工具及其零件製造業、33其他製造業  ,292其他專用機械設備、303汽車零件、312機車及其零件、332醫療器材及用品  
11508.csv,欣建工業股份有限公司,99664623,07210012064983,高雄市橋頭區芋寮里芋林路３０１號,高雄市橋頭區芋寮里,李永清,28042430,股份有限公司,0791231,0720201,生產中,24基本金屬製造業  ,241鋼鐵  
11508.csv,欣彤欣實業股份有限公司,99631312,08910004307362,新竹縣湖口鄉波羅村華豐街3號,新竹縣湖口鄉波羅村,劉秋蘭,86663344,股份有限公司,0890615,0890622,生產中,24基本金屬製造業、25金屬製品製造業、28電力設備及配備製造業  ,241鋼鐵、249其他基本金屬、254金屬加工處理、259其他金屬製品、283電線及配線器材  
11508.csv,欣能金屬表面化學股份有限公司龍潭廠,99625242,,桃園市龍潭區高平里高楊南路368號,桃園市龍潭區高平里,蔡振桂,22392590,股份有限公司,,0910806,生產中,19其他化學製品製造業、29機械設備製造業  ,199未分類其他化學製品、293通用機械設備  
11508.csv,歐克利企業有限公司,99713595,,臺中市龍井區忠和里工業路１７３巷５６號,臺中市龍井區忠和里,洪瑞雄,24281233,有限公司,,0990324,生產中,25金屬製品製造業、29機械設備製造業  ,251金屬刀具、手工具及模具、259其他金屬製品、293通用機械設備  
11508.csv,正合工業有限公司,67002882,,臺南市永康區永明里中山北路186號1樓,臺南市永康區永明里,吳柏賢,83162424,有限公司,,1091221,生產中,33其他製造業  ,332醫療器材及用品  
11508.csv,正合興重工業股份有限公司路竹二廠,99664622,08110012126299,高雄市路竹區竹南里中山路１９００巷１９８號,高雄市路竹區竹南里,陳莊美本,86464062,股份有限公司,0810901,0830503,生產中,24基本金屬製造業、25金屬製品製造業、29機械設備製造業  ,241鋼鐵、252金屬結構及建築組件、293通用機械設備、291金屬加工用機械設備、292其他專用機械設備  
11508.csv,正合興重工業股份有限公司路竹廠,99664742,08110012126298,高雄市路竹區竹南里中山路１９００巷１９６號,高雄市路竹區竹南里,陳莊美本,86464062,股份有限公司,0810902,0830207,生產中,24基本金屬製造業、25金屬製品製造業、29機械設備製造業  ,241鋼鐵、252金屬結構及建築組件、293通用機械設備、291金屬加工用機械設備、292其他專用機械設備  
11508.csv,正昇企業社,99631708,07410000025859,苗栗縣竹南鎮崎頂里一五鄰和誠街三五號,苗栗縣竹南鎮崎頂里,蔡榮寶,49712147,獨資,0740217,0760316,生產中,24基本金屬製造業  ,241鋼鐵  
11508.csv,正昊精密有限公司,04000238,,新竹縣新豐鄉新豐村紅毛23-21號,新竹縣新豐鄉新豐村,鄭敦仁,54241836,有限公司,,1020607,生產中,25金屬製品製造業、30汽車及其零件製造業  ,251金屬刀具、手工具及模具、252金屬結構及建築組件、303汽車零件  
11508.csv,正興精密有限公司,99726130,,新北市樹林區圳生里三俊街六五巷一一弄八號,新北市樹林區圳生里,洪士勛,24242268,有限公司,,0991001,生產中,25金屬製品製造業  ,259其他金屬製品  
11508.csv,永喆鋼鐵有限公司,65009700,,新北市樹林區東園里柑園街1段1之19號,新北市樹林區東園里,陳怡文,22501458,有限公司,,1100817,生產中,25金屬製品製造業  ,259其他金屬製品  
11508.csv,永固金屬建材有限公司,99702305,,臺中市南區樹德里大慶街二段４９之３５號,臺中市南區樹德里,洪麗玲,23257185,有限公司,,0950904,生產中,24基本金屬製造業、25金屬製品製造業  ,241鋼鐵、254金屬加工處理、252金屬結構及建築組件  
11508.csv,永山實業股份有限公司埤頭廠,07001830,,彰化縣埤頭鄉豐崙村彰水路四段82巷69號,彰化縣埤頭鄉豐崙村,鄭西明,24172690,股份有限公司,,1050628,生產中,25金屬製品製造業  ,259其他金屬製品  
11508.csv,永山實業股份有限公司,S0701384,,彰化縣埤頭鄉陸嘉村中華路650巷32號,彰化縣埤頭鄉陸嘉村,鄭西明,24172690,股份有限公司,,1091113,生產中,25金屬製品製造業  ,259其他金屬製品  
11508.csv,永欣鋁業股份有限公司楊梅廠,99626538,07610000268563,桃園市楊梅區高榮里13鄰高榮路841號及榮平路323號,桃園市楊梅區高榮里,林廷勲,33937872,股份有限公司,0760925,0770307,生產中,24基本金屬製造業、25金屬製品製造業  ,242鋁、259其他金屬製品  
11508.csv,永芳造紙廠股份有限公司,99650495,06810000223173,彰化縣溪州鄉尾厝村文化路１６７號,彰化縣溪州鄉尾厝村,黃晴輝　,24164734,股份有限公司,0580101,0720201,生產中,15紙漿、紙及紙製品製造業  ,159其他紙製品  
11508.csv,永鈦鋼鐵工業股份有限公司二廠,S0700037,,彰化縣花壇鄉花壇村明德街48巷76號,彰化縣花壇鄉花壇村,賴紹洧,22506411,股份有限公司,,1090423,生產中,25金屬製品製造業  ,259其他金屬製品、254金屬加工處理  
11508.csv,玉秀股份有限公司中壢二廠,03002439,,桃園市中壢區忠義里自強一路10號,桃園市中壢區忠義里,周智慧,27907338,股份有限公司,,1030915,生產中,29機械設備製造業  ,293通用機械設備  
11508.csv,王石鑫實業股份有限公司,99662697,07410012093456,高雄市大寮區潮寮里田單七街24號,高雄市大寮區潮寮里,黃博雅,81272945,股份有限公司,0791231,0791231,生產中,24基本金屬製造業  ,241鋼鐵  
11508.csv,春雨工廠股份有限公司,99663679,07610012124692,高雄市岡山區岡山里大寶街１００號,高雄市岡山區岡山里,翁重鈞,88187108,股份有限公司,0791231,0791231,生產中,24基本金屬製造業、25金屬製品製造業  ,241鋼鐵、254金屬加工處理  
11508.csv,双鎰興業股份有限公司二廠,S6600243,,臺中市大雅區員林里6鄰大林路351巷29號,臺中市大雅區員林里,張江碧昭,23967812,股份有限公司,,1090609,生產中,28電力設備及配備製造業、29機械設備製造業、31其他運輸工具及其零件製造業、32家具製造業  ,285家用電器、292其他專用機械設備、313自行車及其零件、320家具  
11508.csv,台灣積體電路製造股份有限公司二十二廠一期,94P00001,,南部科學園區高雄市楠梓區宏南里園區北路1號,高雄市楠梓區宏南里,魏哲家,22099131,股份有限公司,,1131107,生產中,26電子零組件製造業、24基本金屬製造業  ,261半導體、243銅  
11508.csv,台灣艾恩司股份有限公司,S6600626,,臺中市烏日區南里里溪南路三段418巷133號,臺中市烏日區南里里,張啟耀,22034243,股份有限公司,,1090721,生產中,29機械設備製造業  ,293通用機械設備  
11508.csv,晟有企業有限公司,99624349,07210003046810,桃園市八德區高明里高城七街一四號　　　　　　　　　　　　　　,桃園市八德區高明里,關清祥　　　,43865665,有限公司,0720516,0730131,生產中,28電力設備及配備製造業、29機械設備製造業、25金屬製品製造業  ,289其他電力設備及配備、259其他金屬製品、293通用機械設備、251金屬刀具、手工具及模具  
11508.csv,晟業鋁業有限公司,99685616,,高雄市大寮區內坑里內坑路９之４３號,高雄市大寮區內坑里,黃團賓,16006260,有限公司,,0930906,生產中,24基本金屬製造業  ,242鋁  
11508.csv,景振有限公司,66012424,,臺中市后里區后里里三豐路四段352巷46號,臺中市后里區后里里,李建國,60408225,有限公司,,1150512,生產中,14木竹製品製造業、32家具製造業  ,140木竹製品、320家具  
11508.csv,景新木器行,99624317,07710003096416,桃園市大溪區一心里中華路一二一巷二一弄五號,桃園市大溪區一心里,李衍華,02714051,獨資,0770714,0770802,生產中,32家具製造業  ,320家具  
11508.csv,景新木器行,99624326,08610003302031,桃園市大溪區一心里信義路一九０號,桃園市大溪區一心里,李衍華　　　,02714051,獨資,0860226,0861210,生產中,32家具製造業  ,320家具  
11508.csv,晶晏國際企業有限公司神岡廠,66010321,,臺中市神岡區庄後里中車路13-20號,臺中市神岡區庄後里,楊涵戎,24244168,有限公司,,1111118,生產中,33其他製造業  ,332醫療器材及用品  
11508.csv,智盛裝訂股份有限公司,99719128,,新北市土城區永豐路一七一之一號,新北市土城區,丁清池,24289621,股份有限公司,,0980311,生產中,16印刷及資料儲存媒體複製業  ,160印刷及資料儲存媒體複製  
11508.csv,智祥有限公司,99652540,07510008000093,南投縣南投市永豐里彰南路三段七○二號一樓,南投縣南投市永豐里,石玉明,22414709,有限公司,0750129,0760407,生產中,33其他製造業  ,339未分類其他製品、331育樂用品  
11508.csv,曜伸實業有限公司,64010489,,高雄市岡山區本洲里本工六路106號,高雄市岡山區本洲里,吳遵智,89571495,有限公司,,1150814,生產中,24基本金屬製造業  ,241鋼鐵  
11508.csv,有春電線股份有限公司,99626484,07710003055848,桃園市平鎮區平南里中豐路南勢二段460巷112號,桃園市平鎮區平南里,游源坤,22519339,股份有限公司,0770701,0780111,生產中,24基本金屬製造業、28電力設備及配備製造業  ,243銅、283電線及配線器材  
11508.csv,朝山企業股份有限公司,99668706,00010018015612,新竹市香山區朝山里新竹市朝山里大湖路７號,新竹市香山區朝山里,鄭曾好　　　,46401844,股份有限公司,0610102,0601201,生產中,24基本金屬製造業、25金屬製品製造業  ,241鋼鐵、254金屬加工處理  
11508.csv,杉成木材行,99641243,06210006099930,臺中市大里區樹王里樹王路50號,臺中市大里區樹王里,陳阿敏,97565778,獨資,0621015,0620930,生產中,14木竹製品製造業  ,140木竹製品  
11508.csv,東和鋼鐵企業股份有限公司大業廠,64006807,,高雄市小港區山明里大業南路54號,高雄市小港區山明里,曾榮墘,75280209,股份有限公司,,1020614,生產中,24基本金屬製造業、25金屬製品製造業  ,241鋼鐵、254金屬加工處理  
11508.csv,東和鋼鐵企業股份有限公司台中港廠,99712580,,臺中市梧棲區草湳里臨港路三段455、457號,臺中市梧棲區草湳里,侯傑騰,75280209,股份有限公司,,0970124,生產中,25金屬製品製造業  ,254金屬加工處理  
11508.csv,東和鋼鐵企業股份有限公司桃園加工廠,68005024,,桃園市觀音區保障里8鄰草漯49-6號,桃園市觀音區保障里,張慶樟,75280209,股份有限公司,,1110811,生產中,25金屬製品製造業  ,254金屬加工處理  
11508.csv,東和鋼鐵企業股份有限公司桃園廠,99722433,,桃園市觀音區保障里8鄰草漯116號,桃園市觀音區保障里,蔡增祿,75280209,股份有限公司,,0990420,生產中,24基本金屬製造業  ,241鋼鐵  
11508.csv,東和鋼鐵企業股份有限公司苗栗廠,99632045,08010005090367,苗栗縣西湖鄉二湖村坪頂二二號,苗栗縣西湖鄉二湖村,蕭耀楹,84707108,股份有限公司,0800119,0821129,生產中,24基本金屬製造業、25金屬製品製造業  ,241鋼鐵、254金屬加工處理  
11508.csv,東和鋼鐵企業股份有限公司高雄廠,64000452,626486963,高雄市小港區店鎮里嘉興街８號,高雄市小港區店鎮里,曾榮墘,75280209,股份有限公司,0620705,0671006,生產中,24基本金屬製造業、25金屬製品製造業  ,241鋼鐵、252金屬結構及建築組件、254金屬加工處理  
11508.csv,東鐿石材有限公司,99642422,08310006223227,臺中市后里區墩南里南村路八０號,臺中市后里區墩南里,陳宋春媚,89222878,有限公司,0830926,0831004,生產中,23非金屬礦物製品製造業、11紡織業、24基本金屬製造業  ,239其他非金屬礦物製品、259其他金屬製品  
11508.csv,東鑫車業股份有限公司,66004974,,臺中市豐原區鎌村里鎌村路326巷23之10號,臺中市豐原區鎌村里,陳清裕,24273851,股份有限公司,,1051031,生產中,25金屬製品製造業、31其他運輸工具及其零件製造業  ,254金屬加工處理、313自行車及其零件  
11508.csv,桂林青草行,S0900398,,雲林縣斗六市八德里引善路241號,雲林縣斗六市八德里,吳瑞宜,06177588,獨資,,1140617,生產中,08食品製造業、08食品製造業  ,089其他食品  
11508.csv,桂明工業有限公司,99632434,08510005067871,苗栗縣造橋鄉龍昇村八鄰潭內一八之四號,苗栗縣造橋鄉龍昇村,周桂龍,86197474,有限公司,0850613,0850619,生產中,25金屬製品製造業、29機械設備製造業  ,259其他金屬製品、292其他專用機械設備  
11508.csv,森全鋼鐵股份有限公司新埤廠,99666002,07610013090788,屏東縣新埤鄉建功村中興路96號,屏東縣新埤鄉建功村,蔡森成,84442780,股份有限公司,0760902,0771203,生產中,25金屬製品製造業、30汽車及其零件製造業  ,254金屬加工處理、303汽車零件  
11508.csv,森勇汽車股份有限公司二廠,S0702168,,彰化縣彰化市三村里彰興路一段165巷32號,彰化縣彰化市三村里,黃明維,24395432,股份有限公司,,1121031,生產中,30汽車及其零件製造業  ,302車體  
11508.csv,楠成鐵工廠有限公司,99663267,06710012054915,高雄市仁武區竹後里鳳仁路３７８號,高雄市仁武區竹後里,蔣乙成,85813823,有限公司,0791231,0791231,生產中,24基本金屬製造業、25金屬製品製造業  ,241鋼鐵、252金屬結構及建築組件  
11508.csv,楠華機械工業股份有限公司,99711849,,臺南市永康區尚頂里中正南路349巷2號,臺南市永康區尚頂里,沈進華　　　,22512429,股份有限公司,,0981124,生產中,29機械設備製造業  ,292其他專用機械設備  
11508.csv,楠華機械工業股份有限公司二廠,99661039,07610011086226,臺南市永康區尚頂里中正南路349巷9號,臺南市永康區尚頂里,沈進華　　　,22512429,股份有限公司,0760725,0770819,生產中,29機械設備製造業、25金屬製品製造業、31其他運輸工具及其零件製造業  ,291金屬加工用機械設備、293通用機械設備、292其他專用機械設備、251金屬刀具、手工具及模具、312機車及其零件  
11508.csv,榮展精密企業有限公司,99612005,07510001128748,新北市三重區仁華里仁華街八０巷八弄五號,新北市三重區仁華里,陳榮嘉,22921304,有限公司,0750512,0770625,生產中,25金屬製品製造業、29機械設備製造業、24基本金屬製造業  ,259其他金屬製品、293通用機械設備、243銅、241鋼鐵  
11508.csv,榮茂鋼鐵產業有限公司新屋廠,99686433,,桃園市新屋區埔頂里12鄰埔工路150、152號,桃園市新屋區埔頂里,黃明智,14016221,有限公司,,0920313,生產中,29機械設備製造業  ,293通用機械設備  
11508.csv,橡王股份有限公司,99718995,,新北市中和區中原里中山路2段568巷38號,新北市中和區中原里,陳建忠,24251575,股份有限公司,,0980113,生產中,21橡膠製品製造業、33其他製造業  ,210橡膠製品、332醫療器材及用品  
11508.csv,歐可林股份有限公司,07002032,,彰化縣員林市南興里南潭路33號1樓,彰化縣員林市南興里,詹蓓玲,24276689,股份有限公司,,1060123,生產中,11紡織業  ,115紡織品  
11508.csv,歐可林股份有限公司二廠,S0702551,,彰化縣埔心鄉太平村太平路716巷56號,彰化縣埔心鄉太平村,林宏仁,24276689,股份有限公司,,1130828,生產中,11紡織業  ,115紡織品  
11508.csv,正和鋼鐵股份有限公司,99622720,07810003106535,桃園市龜山區大華里頂湖路47號,桃園市龜山區大華里,陳建帆,11166999,股份有限公司,0780811,0790703,生產中,25金屬製品製造業  ,254金屬加工處理  
11508.csv,正昌鐵工所,99657850,08510011309405,臺南市新營區中營里東山三路79號,臺南市新營區中營里,籃永全　　,67924376,獨資,0850821,0870630,生產中,25金屬製品製造業  ,252金屬結構及建築組件  
11508.csv,正昕工業有限公司,99687697,,桃園市桃園區中德里桃德路49巷38號1樓,桃園市桃園區中德里,江芸如,80742498,有限公司,,0930601,生產中,29機械設備製造業、25金屬製品製造業、24基本金屬製造業  ,292其他專用機械設備、293通用機械設備、251金屬刀具、手工具及模具、242鋁  
11508.csv,正芯實業有限公司,99610955,07310001065991,新北市新莊區西盛里民安東路一三九巷九號,新北市新莊區西盛里,陳瑞春,36260866,有限公司,0730402,0730418,生產中,24基本金屬製造業、25金屬製品製造業  ,241鋼鐵、254金屬加工處理  
11508.csv,永塑精密工業股份有限公司,99722376,,桃園市龍潭區九龍里中興路九龍段129巷175弄8號,桃園市龍潭區九龍里,李麗珠,24206116,股份有限公司,,0990308,生產中,22塑膠製品製造業  ,220塑膠製品  
11508.csv,永帥企業有限公司新營廠,99684957,,臺南市鹽水區橋南里五福路146號,臺南市鹽水區橋南里,葉育睿,30920709,有限公司,,0950125,生產中,22塑膠製品製造業、24基本金屬製造業  ,220塑膠製品、241鋼鐵  
11508.csv,永昇行歸仁廠,S6700295,,臺南市歸仁區七甲里南丁路401號,臺南市歸仁區七甲里,蘇聖傑,14992425,獨資,,1090723,生產中,22塑膠製品製造業  ,220塑膠製品  
11508.csv,永昇製帽釣具有限公司盈仁工廠,99674736,07810021000418,臺南市安平區華平里永華路2段724號,臺南市安平區華平里,陳建雄,69597243,有限公司,0780426,0800429,生產中,12成衣及服飾品製造業、22塑膠製品製造業  ,123服飾品、220塑膠製品  
11508.csv,永河木業有限公司,64009148,,高雄市燕巢區安招里安林三街23號,高雄市燕巢區安招里,侯國政,16482411,有限公司,,1101102,生產中,14木竹製品製造業  ,140木竹製品  
11508.csv,永河興生技工廠有限公司,99702427,,臺中市東區樂成里振興路297號,臺中市東區樂成里,陳成祿,28787141,有限公司,,0961120,生產中,08食品製造業  ,086碾榖、磨粉及澱粉製品、089其他食品  
11508.csv,玉錦鋼鐵有限公司第二廠,S0900055,,雲林縣斗六市榴中里工業路8號,雲林縣斗六市榴中里,張阿勤,70740751,有限公司,,1090421,生產中,25金屬製品製造業  ,252金屬結構及建築組件  
11508.csv,玉錦鋼鐵有限公司,99653788,08110009029824,雲林縣斗六市榴中里石榴路三八號,雲林縣斗六市榴中里,張阿勤,70740751,有限公司,0810328,0810504,生產中,25金屬製品製造業  ,252金屬結構及建築組件  
11508.csv,玉騰鋁業科技股份有限公司,67004165,,臺南市永康區三民里和平東路158號,臺南市永康區三民里,白大中,90295188,股份有限公司,,1140923,生產中,24基本金屬製造業  ,242鋁  
11508.csv,王派精密企業有限公司,99694893,,新北市八里區頂罟里仁愛路205號,新北市八里區頂罟里,高錦當,22810124,有限公司,,0941205,生產中,24基本金屬製造業  ,242鋁、243銅、249其他基本金屬  
11508.csv,王記鋼鐵有限公司,S6500511,,新北市五股區更寮里中興路3段190號之8,新北市五股區更寮里,林志芬,27715280,有限公司,,1100219,生產中,25金屬製品製造業  ,252金屬結構及建築組件  
11508.csv,王雲慶企業股份有限公司,99659859,07610011038206,臺南市永康區南灣里南興路48巷5號,臺南市永康區南灣里,王雲慶　　　,22416642,股份有限公司,0760409,0760605,生產中,26電子零組件製造業  ,263印刷電路板  
11508.csv,王雲慶企業股份有限公司工廠,99659889,08010011158572,臺南市永康區南灣里南興路48巷7號,臺南市永康區南灣里,王雲慶　　　,22416642,股份有限公司,0801206,0811028,生產中,26電子零組件製造業  ,264光電材料及元件、269其他電子零組件  
11508.csv,玖利鋼鐵有限公司,66002972,,臺中市龍井區忠和里工業路182巷5之1號,臺中市龍井區忠和里,楊龍旺,97008561,有限公司,,1030821,生產中,25金屬製品製造業  ,252金屬結構及建築組件  
11508.csv,玖岱木材行,99654241,06910000193622,雲林縣古坑鄉古坑村中華路二五巷一號,雲林縣古坑鄉古坑村,張碧蓉,63322009,獨資,0691018,0691018,生產中,14木竹製品製造業  ,140木竹製品  
11508.csv,玖隆寵物生活有限公司淡水廠,99718629,,新北市淡水區忠寮里破瓦厝子1-10號1樓、2樓,新北市淡水區忠寮里,蕭松和,24203194,有限公司,,0970822,生產中,12成衣及服飾品製造業  ,121成衣、123服飾品  
11508.csv,春雨工廠股份有限公司岡山二廠,99663471,07910012151124,高雄市岡山區岡山里大寶街100-1號,高雄市岡山區岡山里,翁重鈞,88187108,股份有限公司,0791231,0791231,生產中,24基本金屬製造業、25金屬製品製造業  ,241鋼鐵、254金屬加工處理、259其他金屬製品  
11508.csv,春雨工廠股份有限公司嘉興廠,99663678,00010012007683,高雄市岡山區嘉興里嘉華路279號,高雄市岡山區嘉興里,翁重鈞,88187108,股份有限公司,0791231,0791231,生產中,24基本金屬製造業、25金屬製品製造業、29機械設備製造業  ,241鋼鐵、259其他金屬製品、291金屬加工用機械設備  
11508.csv,春雨工廠股份有限公司岡山一廠,99663527,07610012102898,高雄市岡山區岡山里大寶街７７、１００號,高雄市岡山區岡山里,翁重鈞,88187108,股份有限公司,0791231,0791231,生產中,24基本金屬製造業  ,241鋼鐵  
11508.csv,春雨工廠股份有限公司岡山五廠,64006329,,高雄市岡山區岡山里新樂街191號,高雄市岡山區岡山里,翁重鈞,88187108,股份有限公司,,1000721,生產中,24基本金屬製造業  ,241鋼鐵  
11508.csv,春霖機械有限公司,99626149,07410003035243,桃園市桃園區龍岡里龍壽街二七三巷一五號,桃園市桃園區龍岡里,李碧珠　　　,44035230,有限公司,0740501,0740725,生產中,29機械設備製造業  ,293通用機械設備  
11508.csv,晉頡機械股份有限公司,99689216,07510001252073,新北市蘆洲區中路里中山二路二二二巷二一弄二二號,新北市蘆洲區中路里,陳韋良,36136591,股份有限公司,0750827,0750911,生產中,24基本金屬製造業、25金屬製品製造業、29機械設備製造業  ,243銅、293通用機械設備、251金屬刀具、手工具及模具  
11508.csv,原榮鋼鐵企業股份有限公司仁美廠,99663074,08410012073825,高雄市鳥松區仁美里美山路４９號,高雄市鳥松區仁美里,林秀枝,22094157,股份有限公司,0840425,0840821,生產中,25金屬製品製造業  ,252金屬結構及建築組件  
11508.csv,受興鋁業股份有限公司永康廠,67000771,,臺南市永康區王行里永科七路151、153號,臺南市永康區王行里,羅崇仁,22911066,股份有限公司,,1021230,生產中,24基本金屬製造業、25金屬製品製造業、29機械設備製造業、30汽車及其零件製造業、31其他運輸工具及其零件製造業  ,242鋁、252金屬結構及建築組件、254金屬加工處理、293通用機械設備、303汽車零件、312機車及其零件  
11508.csv,受興鋁業股份有限公司,99658049,07710000261311,臺南市仁德區保安里開發六路10號,臺南市仁德區保安里,羅崇仁,22911066,股份有限公司,0770611,0780425,生產中,24基本金屬製造業、25金屬製品製造業、30汽車及其零件製造業、31其他運輸工具及其零件製造業、33其他製造業、32家具製造業、29機械設備製造業  ,242鋁、252金屬結構及建築組件、293通用機械設備、303汽車零件、312機車及其零件、339未分類其他製品、320家具  
11508.csv,台全電機股份有限公司龍潭廠,99686049,06410000018727,桃園市龍潭區高原里福源路138、138-1號,桃園市龍潭區高原里,鍾慧靜,11824327,股份有限公司,0640101,0671120,生產中,29機械設備製造業、28電力設備及配備製造業、30汽車及其零件製造業  ,293通用機械設備、292其他專用機械設備、283電線及配線器材、289其他電力設備及配備、303汽車零件  
11508.csv,台成鋼鐵實業有限公司,02000383,,宜蘭縣冬山鄉香和村慈愛路80號,宜蘭縣冬山鄉香和村,陳有哲,54951049,有限公司,,1090512,生產中,25金屬製品製造業  ,254金屬加工處理  
11508.csv,台成壓縮機有限公司,64008610,,高雄市前鎮區信義里千富街241巷6號,高雄市前鎮區信義里,楊玲月,85084374,有限公司,,1081227,生產中,30汽車及其零件製造業、29機械設備製造業  ,303汽車零件、293通用機械設備  
11508.csv,台灣悅盛鋁業股份有限公司,66007854,,臺中市龍井區忠和里台西南路222號1、2樓,臺中市龍井區忠和里,陳怡君,42664681,股份有限公司,,1081104,生產中,24基本金屬製造業  ,242鋁  
11508.csv,台灣武杉股份有限公司,99663772,08310012194920,高雄市仁武區竹後里鳳仁路287-4號1樓,高雄市仁武區竹後里,李正富,83531243,股份有限公司,0831124,0831212,生產中,25金屬製品製造業  ,251金屬刀具、手工具及模具  
11508.csv,台灣比力耐球材有限公司,99622431,,桃園市平鎮區新安里太平西路一００號,桃園市平鎮區新安里,何壽雄,84595666,有限公司,,0901107,生產中,33其他製造業  ,331育樂用品  
11508.csv,台灣積體電路製造股份有限公司二十廠二期,95Q00098,,新竹科學園區新竹縣寶山鄉科環路1號(二期區域),新竹縣寶山鄉,魏哲家,22099131,股份有限公司,,1140227,生產中,26電子零組件製造業、25金屬製品製造業、24基本金屬製造業  ,261半導體、259其他金屬製品、243銅  
11508.csv,台灣積體電路製造股份有限公司先進封測五廠,93D00070,,臺中市大雅區橫山里13鄰科雅西路5號,臺中市大雅區橫山里,魏哲家,22099131,股份有限公司,,1060424,生產中,26電子零組件製造業、26電子零組件製造業、24基本金屬製造業  ,261半導體、243銅  
11508.csv,晶歐包裝工業股份有限公司桃園廠,68002704,,桃園市八德區永豐里永豐路416巷32號(1樓),桃園市八德區永豐里,李佳琪,24279383,股份有限公司,,1080513,生產中,22塑膠製品製造業  ,220塑膠製品  
11508.csv,智譽企業股份有限公司,03002416,,桃園市楊梅區富豐里富豐南路109巷110號,桃園市楊梅區富豐里,蕭水芋,22058693,股份有限公司,,1030904,生產中,30汽車及其零件製造業  ,303汽車零件  
11508.csv,曜弘工具有限公司,99678242,07510007050700,彰化縣福興鄉大崙村大崙街二０之二號,彰化縣福興鄉大崙村,郭月珠,22122702,有限公司,0750123,0751027,生產中,25金屬製品製造業  ,251金屬刀具、手工具及模具  
11508.csv,朝強生技股份有限公司龍潭廠,99688239,,桃園市龍潭區九龍里中興路九龍段６６之２號２樓,桃園市龍潭區九龍里,林芳如,80722079,股份有限公司,,0940222,生產中,15紙漿、紙及紙製品製造業、24基本金屬製造業  ,159其他紙製品、242鋁  
11508.csv,朝揚金屬有限公司,S0702791,,彰化縣秀水鄉下崙村民生街臨243號,彰化縣秀水鄉下崙村,林朝欽,42592245,有限公司,,1140109,生產中,25金屬製品製造業  ,259其他金屬製品  
11508.csv,東亞鑄造股份有限公司,99662540,07110012049080,高雄市岡山區前峰里前峰路２４４號,高雄市岡山區前峰里,蔡元鐘,85752425,股份有限公司,0791231,0791231,生產中,23非金屬礦物製品製造業、24基本金屬製造業、25金屬製品製造業  ,239其他非金屬礦物製品、241鋼鐵、259其他金屬製品  
11508.csv,東亮電機廠,99674783,07410021002241,臺南市北區正覺里正覺街69號,臺南市北區正覺里,莊暉明,68329831,獨資,0741114,0741121,生產中,28電力設備及配備製造業  ,285家用電器  
11508.csv,東員鋼鐵門窗有限公司鶯歌廠,99617055,08910001044150,新北市鶯歌區二橋里中正三路四七０號一樓,新北市鶯歌區二橋里,李錫桂,16938382,有限公司,0890309,0890331,生產中,25金屬製品製造業  ,252金屬結構及建築組件  
11508.csv,東喬機械工業有限公司一廠,S6603241,,臺中市烏日區光明里五光路復光六巷169號,臺中市烏日區光明里,賴文龍,96888069,有限公司,,1150519,生產中,28電力設備及配備製造業  ,281發電、輸電及配電機械  
11508.csv,東昇空調有限公司,65012428,,新北市中和區中原里橋和路118號(2樓),新北市中和區中原里,吳文英,22021275,有限公司,,1140106,生產中,28電力設備及配備製造業  ,285家用電器  
11508.csv,松敬木業有限公司,99664773,07610012031391,高雄市林園區頂厝里沿海路４段１０３號,高雄市林園區頂厝里,蕭清輝,79846241,有限公司,0620625,0620625,生產中,14木竹製品製造業  ,140木竹製品  
11508.csv,松敬木業有限公司羅東工廠,99620859,06210000132513,宜蘭縣冬山鄉太和村冬山路二段二三五號,宜蘭縣冬山鄉太和村,蕭清輝　　　,79846241,有限公司,0580101,0700103,生產中,14木竹製品製造業  ,140木竹製品  
11508.csv,松鼎工業股份有限公司,17000039,,基隆市安樂區內寮里武訓街96號,基隆市安樂區內寮里,葉長松,86526047,股份有限公司,,1020703,生產中,24基本金屬製造業、25金屬製品製造業、29機械設備製造業  ,241鋼鐵、251金屬刀具、手工具及模具、293通用機械設備  
11508.csv,林三榮工業有限公司,99634571,06210006012423,臺中市豐原區陽明里中興路15號,臺中市豐原區陽明里,林勝輝,55123414,有限公司,0620202,0610828,生產中,31其他運輸工具及其零件製造業  ,313自行車及其零件  
11508.csv,桃園塑膠工業社,99625295,05810000003564,桃園市桃園區建國里建明街三○號,桃園市桃園區建國里,許楊勉　　　,43242529,獨資,0580101,0581130,生產中,22塑膠製品製造業  ,220塑膠製品  
11508.csv,桃一電機工業有限公司,99706661,,桃園市蘆竹區長興里南崁路２段６６之１１號１樓,桃園市蘆竹區長興里,楊登日,43801662,有限公司,,0951025,生產中,25金屬製品製造業、24基本金屬製造業  ,252金屬結構及建築組件、242鋁、241鋼鐵  
11508.csv,森宙工業股份有限公司,99669265,08810000811212,臺中市南屯區寶山里工業區二十五路17號,臺中市南屯區寶山里,陳金森,22239549,股份有限公司,0881013,0891205,生產中,24基本金屬製造業  ,242鋁  
11508.csv,森岳企業有限公司,12000006,,高雄市大寮區大寮里裕民街１２之１號,高雄市大寮區大寮里,蔣岳峰,86917375,有限公司,,0991006,生產中,24基本金屬製造業、25金屬製品製造業  ,241鋼鐵、242鋁、243銅、254金屬加工處理  
11508.csv,業升企業股份有限公司,66001979,,臺中市神岡區豐洲里豐工中路63號,臺中市神岡區豐洲里,張文忠,02949867,股份有限公司,,1020711,生產中,22塑膠製品製造業、24基本金屬製造業  ,220塑膠製品、242鋁  
11508.csv,榮德紙器股份有限公司,99620478,07610000200051,宜蘭縣宜蘭市梅洲里梅洲二路17號,宜蘭縣宜蘭市梅洲里,林申法　,40655243,股份有限公司,0760521,0760625,生產中,15紙漿、紙及紙製品製造業  ,152瓦楞紙板及紙容器  
11508.csv,榮德鋼鐵材料行,S0200114,,宜蘭縣冬山鄉珍珠村珍珠一路423號,宜蘭縣冬山鄉珍珠村,李陽洲,40586366,合夥,,1150206,生產中,25金屬製品製造業  ,254金屬加工處理  
11508.csv,樹林廢棄物處理有限公司,99613487,08310001365449,新北市樹林區圳安里俊英街八十號,新北市樹林區圳安里,王雅凌,89243108,有限公司,0831121,0831206,生產中,33其他製造業  ,339未分類其他製品  
11508.csv,樹林機械工業社,99619085,07510001167572,新北市樹林區樹南里中山路一段三八八號一樓,新北市樹林區樹南里,王鳳嬌,33419630,獨資,0750606,0750627,生產中,24基本金屬製造業、25金屬製品製造業、29機械設備製造業  ,293通用機械設備、251金屬刀具、手工具及模具、241鋼鐵、254金屬加工處理  
11508.csv,樹森開發股份有限公司台中廠,99669486,08210000084243,臺中市西屯區協和里工業區32路28號,臺中市西屯區協和里,周易,23148363,股份有限公司,0821015,0840109,生產中,08食品製造業  ,081肉類加工、083蔬果加工、089其他食品  
11508.csv,欣懋塑膠股份有限公司,07000956,,彰化縣鹿港鎮溝墘里鹿和路三段478號1樓,彰化縣鹿港鎮溝墘里,陳雅雲,24261813,股份有限公司,,1020909,生產中,22塑膠製品製造業  ,220塑膠製品  
11508.csv,欣懋塑膠股份有限公司二廠,S0703585,,彰化縣鹿港鎮溝墘里環河南路3段12號,彰化縣鹿港鎮溝墘里,陳雅雲,24261813,股份有限公司,,1150121,生產中,22塑膠製品製造業  ,220塑膠製品  
11508.csv,欣捷工業有限公司,99713012,,臺中市太平區建國里精美路４２８號,臺中市太平區建國里,邱孟烘,24200014,有限公司,,0971017,生產中,25金屬製品製造業  ,259其他金屬製品  
11508.csv,歐必勝有限公司工廠,66002183,,臺中市大肚區新興里沙田路二段2巷26號1樓,臺中市大肚區新興里,楊雅慧,27472431,有限公司,,1020918,生產中,25金屬製品製造業、29機械設備製造業、30汽車及其零件製造業、31其他運輸工具及其零件製造業  ,251金屬刀具、手工具及模具、259其他金屬製品、293通用機械設備、303汽車零件、312機車及其零件  
11508.csv,正規電線電纜工業股份有限公司,99658746,07610000200167,臺南市新市區港墘里國際路16號,臺南市新市區港墘里,高徐規　　　,22412940,股份有限公司,0760527,0771011,生產中,28電力設備及配備製造業、21橡膠製品製造業、22塑膠製品製造業  ,283電線及配線器材、210橡膠製品、220塑膠製品  
11508.csv,永昊有限公司,99624227,08310003007285,桃園市龜山區南上里民生北路一段五四巷二弄一五號一樓,桃園市龜山區南上里,呂芳標　　　,84679314,有限公司,0830315,0830512,生產中,26電子零組件製造業  ,263印刷電路板  
11508.csv,永泰富有限公司,64009850,,高雄市燕巢區安招里安林二街5號,高雄市燕巢區安招里,陳濬毅,53243316,有限公司,,1130521,生產中,25金屬製品製造業  ,252金屬結構及建築組件、259其他金屬製品  
11508.csv,永泰發金屬有限公司,67003552,,臺南市西港區南海里南慶街68巷9號,臺南市西港區南海里,胡睿宏,83284242,有限公司,,1120417,生產中,25金屬製品製造業  ,252金屬結構及建築組件  
11508.csv,永華鋁業股份有限公司,99673178,06410000141108,臺南市南區彰南里新孝路194、196號,臺南市南區彰南里,高進春,69559070,股份有限公司,0641008,0670724,生產中,24基本金屬製造業  ,242鋁  
11508.csv,玖鈺資本投資股份有限公司,08000434,,南投縣竹山鎮延和里鹿山路167號,南投縣竹山鎮延和里,白祥廷,54981347,股份有限公司,,1110418,生產中,24基本金屬製造業  ,241鋼鐵  
11508.csv,玖鋼工程有限公司,S6601574,,臺中市后里區公館里13鄰重劃西路651號,臺中市后里區公館里,吳建明,70524395,有限公司,,1091026,生產中,25金屬製品製造業  ,252金屬結構及建築組件  
11508.csv,玠峰有限公司,S0702439,,彰化縣鹿港鎮海埔里南橋巷臨243號,彰化縣鹿港鎮海埔里,林岳霆,53153980,有限公司,,1130619,生產中,32家具製造業  ,320家具  
11508.csv,珈展工業有限公司一廠,66005190,,臺中市霧峰區五福里五福西路306之3號,臺中市霧峰區五福里,李莉溱,24360905,有限公司,,1060124,生產中,25金屬製品製造業  ,259其他金屬製品  
11508.csv,珈陞鋼鐵有限公司蘆竹廠,S6800299,,桃園市蘆竹區宏竹里宏竹路145號1樓,桃園市蘆竹區宏竹里,蕭連發,24235246,有限公司,,1090602,生產中,25金屬製品製造業  ,254金屬加工處理  
11508.csv,珍泰興食品股份有限公司,67003200,,臺南市學甲區新榮里南興街9號,臺南市學甲區新榮里,黃建華,42924357,股份有限公司,,1101125,生產中,08食品製造業  ,081肉類加工  
11508.csv,理威鋼鐵股份有限公司,07002006,,彰化縣鹿港鎮東石里鹿工南五路10號,彰化縣鹿港鎮東石里,翁存義,89433780,股份有限公司,,1060105,生產中,25金屬製品製造業、32家具製造業、24基本金屬製造業  ,254金屬加工處理、320家具、241鋼鐵  
11508.csv,昭伸企業股份有限公司,99717566,,桃園市蘆竹區海湖里１７鄰海山中街２８９號,桃園市蘆竹區海湖里,張振聲,36092411,股份有限公司,,0980223,生產中,29機械設備製造業  ,292其他專用機械設備  
11508.csv,昭伸企業股份有限公司,S6500285,,新北市林口區寶斗厝坑42號,新北市林口區,張振聲 ,36092411,股份有限公司,,1090602,生產中,25金屬製品製造業  ,254金屬加工處理  
11508.csv,昱暐工業股份有限公司,99622422,07510003171860,桃園市桃園區玉山里玉山街一八三巷一三弄六號,桃園市桃園區玉山里,謝文聰　　　,22387344,有限公司,0751231,0770307,生產中,29機械設備製造業  ,293通用機械設備、292其他專用機械設備  
11508.csv,昱森科技有限公司,04001243,,新竹縣竹北市泰和里環北路1段269巷67弄18號,新竹縣竹北市泰和里,江育志,91000079,有限公司,,1140320,生產中,29機械設備製造業  ,292其他專用機械設備  
11508.csv,晉利鋼鐵股份有限公司三廠,S6602764,,臺中市霧峰區五福里五福路489號,臺中市霧峰區五福里,黃明利,28563515,股份有限公司,,1140930,生產中,25金屬製品製造業  ,252金屬結構及建築組件  
11508.csv,晉利鋼鐵股份有限公司,S0700188,,彰化縣線西鄉頂犁村草豐路502巷37號,彰化縣線西鄉頂犁村,黃明利,28563515,股份有限公司,,1090507,生產中,25金屬製品製造業  ,252金屬結構及建築組件、254金屬加工處理  
11508.csv,晉利鋼鐵股份有限公司二廠,S0702315,,彰化縣埔鹽鄉打廉村埔打路1巷9-19號,彰化縣埔鹽鄉打廉村,黃明利,28563515,股份有限公司,,1130311,生產中,25金屬製品製造業  ,252金屬結構及建築組件  
11508.csv,晉鼎股份有限公司汐止廠,99690902,07910000174256,新北市汐止區白雲里水源路二段二一七之一號,新北市汐止區白雲里,黃玉慧,14093161,股份有限公司,0790907,0790925,生產中,24基本金屬製造業、25金屬製品製造業、23非金屬礦物製品製造業、33其他製造業  ,241鋼鐵、254金屬加工處理、232耐火、黏土建材及其他陶瓷製品、239其他非金屬礦物製品、339未分類其他製品  
11508.csv,卜鼎企業有限公司,S6401226,,高雄市大寮區會結里華中南路1038-1號,高雄市大寮區會結里,蔡西昌,89985241,有限公司,,1140423,生產中,25金屬製品製造業、25金屬製品製造業  ,259其他金屬製品、254金屬加工處理  
11508.csv,原琦股份有限公司大園廠,99624142,08510000401816,桃園市大園區內海里中山北路268巷17號,桃園市大園區內海里,廖延平,22481832,股份有限公司,0850215,0890831,生產中,25金屬製品製造業  ,254金屬加工處理  
11508.csv,友德鋼鐵有限公司,68005685,,桃園市桃園區汴洲里春日路1651巷36弄5號(1樓),桃園市桃園區汴洲里,李土杉,12763137,有限公司,,1120918,生產中,25金屬製品製造業  ,254金屬加工處理  
11508.csv,友懋金屬股份有限公司大甲廠,99703804,,臺中市大甲區日南里工九路7號,臺中市大甲區日南里,何裕祥,27588003,股份有限公司,,0950831,生產中,24基本金屬製造業  ,242鋁  
11508.csv,台利化學工業股份有限公司,99620457,05810000004874,宜蘭縣蘇澳鎮永春里永春路78號,宜蘭縣蘇澳鎮永春里,蔡傳明,41882436,股份有限公司,0580101,0590601,生產中,23非金屬礦物製品製造業  ,239其他非金屬礦物製品  
11508.csv,台灣愛德克股份有限公司,99662428,07210012101230,高雄市仁武區竹後里水管路８７號,高雄市仁武區竹後里,白庭瑋,85922316,股份有限公司,0791231,0791231,生產中,22塑膠製品製造業、25金屬製品製造業、29機械設備製造業、26電子零組件製造業  ,220塑膠製品、251金屬刀具、手工具及模具、293通用機械設備、269其他電子零組件  
11508.csv,台灣氟材料股份有限公司,03000598,,桃園市龜山區大華里頂湖路60號,桃園市龜山區大華里,紀華東,24296361,股份有限公司,,1000818,生產中,21橡膠製品製造業  ,210橡膠製品  
11508.csv,台灣積體電路製造股份有限公司十二廠八期,95N00098,,新竹科學園區新竹縣寶山鄉科環路168號,新竹縣寶山鄉,魏哲家,22099131,股份有限公司,,1100823,生產中,26電子零組件製造業、25金屬製品製造業、24基本金屬製造業、18化學材料及肥料製造業  ,261半導體、259其他金屬製品、243銅、181化學原材料  
11508.csv,台灣積體電路製造股份有限公司十二廠六期,95J00098,,新竹科學園區新竹縣寶山鄉園區二路166號,新竹縣寶山鄉,魏哲家,22099131,股份有限公司,,1010712,生產中,26電子零組件製造業、25金屬製品製造業、24基本金屬製造業、18化學材料及肥料製造業  ,261半導體、259其他金屬製品、243銅、181化學原材料  
11508.csv,台灣積體電路製造股份有限公司十五廠,93A00070,,中部科學園區臺中市大雅區橫山里科雅6路1號,臺中市大雅區橫山里,魏哲家,22099131,股份有限公司,,1000621,生產中,26電子零組件製造業、25金屬製品製造業、24基本金屬製造業、18化學材料及肥料製造業  ,261半導體、259其他金屬製品、243銅、181化學原材料、183肥料及氮化合物  
11508.csv,台灣積體電路製造股份有限公司十八廠一期,94F00001,,臺南市安定區蘇林里北園二路8號,臺南市安定區蘇林里,魏哲家,22099131,股份有限公司,,1071211,生產中,26電子零組件製造業、18化學材料及肥料製造業、24基本金屬製造業  ,261半導體、181化學原材料、243銅、249其他基本金屬  
11508.csv,普利士工業有限公司,99631580,08010005324204,苗栗縣銅鑼鄉銅鑼村二三鄰民有路五號,苗栗縣銅鑼鄉銅鑼村,邱義勝,80404594,有限公司,0801226,0821012,生產中,24基本金屬製造業  ,241鋼鐵  
11508.csv,晶盛材料股份有限公司,63022116,,臺北市內湖區港墘里瑞光路二五八巷五十三號三樓、五十五號三樓、五十五號三樓之一,臺北市內湖區港墘里,蔡爾賢,28008242,股份有限公司,,0980710,生產中,27電腦、電子產品及光學製品製造業  ,277光學儀器及設備  
11508.csv,曜森照明股份有限公司,64010428,,高雄市燕巢區角宿里寶頂巷40號,高雄市燕巢區角宿里,范見安,62243354,股份有限公司,,1150603,生產中,28電力設備及配備製造業  ,284照明設備及配備  
11508.csv,有澤金屬股份有限公司,68002997,,桃園市平鎮區新安里太平東路2之8號,桃園市平鎮區新安里,李寶順,16664474,股份有限公司,,1081021,生產中,24基本金屬製造業  ,241鋼鐵  
11508.csv,有發鋼鐵有限公司,03000075,,桃園市大溪區南興里仁和路2段37巷25號1樓,桃園市大溪區南興里,呂學訂,22200636,有限公司,,0991105,生產中,25金屬製品製造業  ,254金屬加工處理  
11508.csv,有發鋼鐵有限公司大溪二廠,68000153,,桃園市大溪區南興里仁和路二段37巷66號,桃園市大溪區南興里,呂學訂,22200636,有限公司,,1040623,生產中,25金屬製品製造業  ,254金屬加工處理  
11508.csv,李明源鋼鐵有限公司料羅廠,80000042,,金門縣金湖鎮料羅里料羅140-1號,金門縣金湖鎮料羅里,呂秀華,89404928,有限公司,,1100413,生產中,25金屬製品製造業  ,252金屬結構及建築組件  
11508.csv,李明源鋼鐵有限公司蓮庵廠,96300048,,金門縣金湖鎮蓮庵里庵邊二之四號,金門縣金湖鎮蓮庵里,呂秀華,89404928,股份有限公司,,0920502,生產中,25金屬製品製造業  ,252金屬結構及建築組件  
11508.csv,東士達工業有限公司,99719142,,新北市土城區日新里日新街二九巷一三號一樓,新北市土城區日新里,張達生,24274562,有限公司,,0980318,生產中,25金屬製品製造業、26電子零組件製造業、27電腦、電子產品及光學製品製造業、30汽車及其零件製造業、31其他運輸工具及其零件製造業  ,251金屬刀具、手工具及模具、259其他金屬製品、269其他電子零組件、271電腦及其週邊設備、303汽車零件、312機車及其零件、313自行車及其零件  
11508.csv,東昇鋼鐵企業社,S1300089,,屏東縣竹田鄉永豐村永豐路41-22號,屏東縣竹田鄉永豐村,鍾炳輝,90965573,合夥,,1090608,生產中,25金屬製品製造業  ,254金屬加工處理  
11508.csv,東昇鋼鐵有限公司,99704757,,高雄市鳳山區北門里鳳仁路２００號,高雄市鳳山區北門里,陳宣銘,13184255,有限公司,,0940713,生產中,25金屬製品製造業  ,254金屬加工處理  
11508.csv,東陽工業社,99671241,07210000187867,臺中市東區東信里振興路４１２巷８６弄１號,臺中市東區東信里,薛淑惠,06042421,獨資,0721005,0721021,生產中,29機械設備製造業  ,293通用機械設備  
11508.csv,松暉電機工業股份有限公司,64004849,8264122439,高雄市前鎮區信義里新衙路２８８之７號４樓之１,高雄市前鎮區信義里,李美淑,22829475,股份有限公司,0820811,0820627,生產中,26電子零組件製造業  ,269其他電子零組件  
11508.csv,柏芊有限公司,04000311,,新竹縣竹北市聯興里環北路三段256號1樓,新竹縣竹北市聯興里,韋陳麗芬,24382725,有限公司,,1030331,生產中,22塑膠製品製造業  ,220塑膠製品  
11508.csv,柏舟國際股份有限公司,68006128,,桃園市蘆竹區新興里中興路53號(1樓),桃園市蘆竹區新興里,許慧敏,53841241,股份有限公司,,1130618,生產中,08食品製造業  ,089其他食品  
11508.csv,桃金鋼鐵有限公司,S6800387,,桃園市中壢區內定里合圳北路二段633號,桃園市中壢區內定里,洪士顓,22795382,有限公司,,1120807,生產中,25金屬製品製造業  ,254金屬加工處理  
11508.csv,森暉環保有限公司,65006620,,新北市鶯歌區八德路2巷37弄6號,新北市鶯歌區,藍淑貞,24206761,有限公司,,1070124,生產中,25金屬製品製造業、30汽車及其零件製造業  ,259其他金屬製品、302車體、303汽車零件  
11508.csv,榮記鋼鐵企業有限公司,68002208,,桃園市觀音區保障里大觀路1段221號,桃園市觀音區保障里,楊順閔,27264399,有限公司,,1070907,生產中,25金屬製品製造業  ,259其他金屬製品  
11508.csv,榮記鐵工廠,99670289,07410019002040,臺中市西屯區大河里甘河路８１號,臺中市西屯區大河里,張清雄,52410032,獨資,0740703,0750716,生產中,25金屬製品製造業  ,259其他金屬製品  
11508.csv,榮豐特殊厚管有限公司新莊二廠,65000404,,新北市新莊區化成里化成路83巷48號1樓及夾層,新北市新莊區化成里,劉震飛,04468294,有限公司,,1000516,生產中,24基本金屬製造業、25金屬製品製造業  ,241鋼鐵、249其他基本金屬、252金屬結構及建築組件、254金屬加工處理  
11508.csv,榮豐特殊厚管有限公司樹林廠,65000092,,新北市樹林區圳民里中正路248巷3之1號1樓,新北市樹林區圳民里,劉震飛,04468294,有限公司,,1000125,生產中,24基本金屬製造業、25金屬製品製造業  ,241鋼鐵、249其他基本金屬、252金屬結構及建築組件、254金屬加工處理  
11508.csv,樹欣企業股份有限公司高雄廠,99661927,08810000813108,高雄市大寮區過溪里華中路２１號,高雄市大寮區過溪里,黃文福,34585853,股份有限公司,0881224,0881227,生產中,24基本金屬製造業  ,241鋼鐵  
11508.csv,樹牌機械有限公司,67003264,,臺南市永康區尚頂里中正南路242巷28號A棟,臺南市永康區尚頂里,張文樹,45128100,有限公司,,1110304,生產中,30汽車及其零件製造業  ,302車體、303汽車零件  
11508.csv,樹盛金屬有限公司二廠,99662517,08110012076820,高雄市仁武區竹後里竹業巷１０號,高雄市仁武區竹後里,王德輝,06725804,有限公司,0810528,0830530,生產中,24基本金屬製造業  ,243銅、249其他基本金屬  
11508.csv,樹育企業有限公司,99712625,,臺中市大里區仁化里仁美路137巷6號,臺中市大里區仁化里,何仁成,89810242,有限公司,,0970305,生產中,13皮革、毛皮及其製品製造業、21橡膠製品製造業  ,130皮革、毛皮及其製品、210橡膠製品  
11508.csv,櫻豐工業股份有限公司,99640049,06610006000000,臺中市神岡區溪洲里豐洲路1208號,臺中市神岡區溪洲里,劉醇裕,55904945,股份有限公司,0660301,0660301,生產中,24基本金屬製造業、29機械設備製造業  ,241鋼鐵、292其他專用機械設備、293通用機械設備  
11508.csv,欣新揚企業股份有限公司,20000029,,嘉義市東區後湖里保忠三街３８號,嘉義市東區後湖里,藍陳定,16693008,股份有限公司,,1020515,生產中,24基本金屬製造業  ,241鋼鐵  
11508.csv,正大沖網有限公司本廠,66008987,,臺中市太平區太平里永成路109號,臺中市太平區太平里,陳仁忠,24240959,有限公司,,1100419,生產中,25金屬製品製造業、29機械設備製造業  ,251金屬刀具、手工具及模具、259其他金屬製品、293通用機械設備  
11508.csv,永祿實業有限公司,99640241,,臺中市大里區健民里仁化路125巷8弄5號,臺中市大里區健民里,劉書宏,12710821,有限公司,,0920110,生產中,21橡膠製品製造業  ,210橡膠製品  
11508.csv,永福橡膠股份有限公司,99679241,,彰化縣福興鄉三汴村番花路１段３８號,彰化縣福興鄉三汴村,黃建嘉,89239836,股份有限公司,,0921209,生產中,21橡膠製品製造業  ,210橡膠製品  
11508.csv,永裕興剪鐵工廠有限公司烏日廠,99712833,,臺中市烏日區三和里學田路２４５號,臺中市烏日區三和里,郭李麗卿,86365648,有限公司,,0970702,生產中,24基本金屬製造業、25金屬製品製造業、29機械設備製造業  ,241鋼鐵、259其他金屬製品、293通用機械設備  
11508.csv,永裕興鐵材行,S0703690,,彰化縣溪湖鎮番婆里美溪路一段31號,彰化縣溪湖鎮番婆里,楊松文,82424049,獨資,,1150311,生產中,25金屬製品製造業  ,252金屬結構及建築組件  
11508.csv,永裕鋼鐵工程股份有限公司龜山廠,99622715,07010000165892,桃園市龜山區大華里頂湖路三號,桃園市龜山區大華里,陳秋江　　,35004734,股份有限公司,0580101,0701111,生產中,24基本金屬製造業、25金屬製品製造業、29機械設備製造業  ,241鋼鐵、252金屬結構及建築組件、253金屬容器、293通用機械設備  
11508.csv,永鎮企業股份有限公司,99659916,99910099000581,臺南市仁德區一甲里中正路3段242巷26號,臺南市仁德區一甲里,許惠美,72082867,股份有限公司,0610901,0610901,生產中,25金屬製品製造業、22塑膠製品製造業、28電力設備及配備製造業、27電腦、電子產品及光學製品製造業、26電子零組件製造業  ,220塑膠製品、259其他金屬製品、251金屬刀具、手工具及模具、269其他電子零組件、275量測、導航、控制設備及鐘錶、284照明設備及配備  
11508.csv,珀昌工業有限公司工廠,S0701243,,彰化縣員林市中央里中央路337巷200號,彰化縣員林市中央里,劉恒志,27621122,有限公司,,1090907,生產中,30汽車及其零件製造業、31其他運輸工具及其零件製造業  ,303汽車零件、312機車及其零件  
11508.csv,珍品軒食品有限公司,99619616,08910000905957,新北市中和區中原里立德街一一二號地下一樓,新北市中和區中原里,王蘇淑貞,24394588,有限公司,0890921,0891206,生產中,08食品製造業  ,089其他食品  
11508.csv,珙展科技有限公司,03002236,,桃園市蘆竹區內厝里長興路一段119號,桃園市蘆竹區內厝里,林明輝,24205616,有限公司,,1030414,生產中,29機械設備製造業  ,292其他專用機械設備  
11508.csv,珨澺電鍍廠,99669640,06210000040020,臺中市東區東信里振興路４１０巷３１號,臺中市東區東信里,郭國年,52432768,合夥,0580101,0620606,生產中,25金屬製品製造業  ,254金屬加工處理  
11508.csv,永龍翔科技有限公司,99713179,,臺中市烏日區光明里五光路５９８號,臺中市烏日區光明里,陳良弼,24353398,有限公司,,0980302,生產中,22塑膠製品製造業  ,220塑膠製品  
11508.csv,永龍翔科技有限公司二廠,S6602430,,臺中市烏日區光明里五光路復光一巷22號,臺中市烏日區光明里,陳良弼,24353398,有限公司,,1140529,生產中,22塑膠製品製造業  ,220塑膠製品  
11508.csv,汎亞機械工業有限公司,99624125,08910003324795,桃園市蘆竹區內厝里六福路三六九號,桃園市蘆竹區內厝里,簡家瑋,86411875,有限公司,0890715,0890721,生產中,29機械設備製造業、25金屬製品製造業  ,293通用機械設備、259其他金屬製品  
11508.csv,汎美有限公司,04001121,,新竹縣竹北市新社里新工二路158號1、2、3樓,新竹縣竹北市新社里,陳弘明,22412532,有限公司,,1120309,生產中,22塑膠製品製造業  ,220塑膠製品  
11508.csv,汎諠有限公司,07003151,,彰化縣和美鎮中圍里彰新路三段636巷23號1樓,彰化縣和美鎮中圍里,姚品豪,24220671,有限公司,,1080528,生產中,25金屬製品製造業  ,259其他金屬製品  
11508.csv,汐紫股份有限公司內湖廠,63021588,08763000024330,臺北市內湖區內湖路一段三六０巷十五號八樓之四,臺北市內湖區,尤士猛,86617320,股份有限公司,0870820,0870921,生產中,22塑膠製品製造業  ,220塑膠製品  
11508.csv,江益鋼管有限公司,99650125,07210000055854,彰化縣花壇鄉長沙村中正東街２９號,彰化縣花壇鄉長沙村,劉江益　　,60322119,有限公司,0720517,0730320,生產中,24基本金屬製造業  ,241鋼鐵  
11508.csv,江華股份有限公司,99602147,06610000085368,新北市土城區沛陂里中山路七九號,新北市土城區沛陂里,陳天機,34224346,股份有限公司,0580101,0671220,生產中,24基本金屬製造業、25金屬製品製造業、32家具製造業、28電力設備及配備製造業  ,241鋼鐵、254金屬加工處理、320家具、285家用電器  
11508.csv,昱欣特殊鋼鐵材股份有限公司,99646272,08310007015562,彰化縣彰化市興北里和平路１８９號,彰化縣彰化市興北里,嚴賴翠美,23937064,股份有限公司,0830221,0830309,生產中,25金屬製品製造業  ,259其他金屬製品  
11508.csv,昱欣特殊鋼鐵材股份有限公司二廠,S0701084,,彰化縣福興鄉大崙村大崙街52-25號,彰化縣福興鄉大崙村,嚴賴翠美,23937064,股份有限公司,,1130207,生產中,25金屬製品製造業  ,251金屬刀具、手工具及模具  
11508.csv,昶昇工業社,S6700813,,臺南市仁德區新田里勝利路231號,臺南市仁德區新田里,張明龍,56940096,獨資,,1120309,生產中,24基本金屬製造業  ,242鋁  
11508.csv,昶昕實業股份有限公司大園廠,99624240,,桃園市大園區北港里大工路二三號,桃園市大園區北港里,陳國金,23509611,股份有限公司,,0910416,生產中,18化學材料及肥料製造業、19其他化學製品製造業、26電子零組件製造業、29機械設備製造業、24基本金屬製造業  ,181化學原材料、199未分類其他化學製品、263印刷電路板、269其他電子零組件、292其他專用機械設備、249其他基本金屬、243銅  
11508.csv,晉嚮工業股份有限公司,09000538,,雲林縣斗六市溪洲里科加二路5號,雲林縣斗六市溪洲里,朱三都,24357795,股份有限公司,,1041208,生產中,25金屬製品製造業  ,254金屬加工處理、251金屬刀具、手工具及模具  
11508.csv,晏裕貿易有限公司台中廠,99672475,,臺中市西屯區協和里工業區32路７０號,臺中市西屯區協和里,陳永霖,52439447,有限公司,,0920929,生產中,29機械設備製造業  ,293通用機械設備  
11508.csv,卡勒金屬有限公司,99603562,06410000184350,新北市土城區沛陂里土城工業區自強街14號,新北市土城區沛陂里,江顯中,33967087,有限公司,0580101,0670710,生產中,24基本金屬製造業、25金屬製品製造業  ,242鋁  
11508.csv,古河銅箔股份有限公司,09000214,,雲林縣斗六市長安里科加路25號,雲林縣斗六市長安里,平泉敦嗣,53372182,股份有限公司,,1010727,生產中,24基本金屬製造業  ,243銅  
11508.csv,台日古河銅箔股份有限公司,99654056,08610000804405,雲林縣斗六市榴南里斗六工業區斗工二路８號,雲林縣斗六市榴南里,平泉 敦嗣,97168665,股份有限公司,0860528,0870803,生產中,18化學材料及肥料製造業、24基本金屬製造業  ,181化學原材料、243銅  
11508.csv,台日精密鋼板材料科技股份有限公司,67001672,,臺南市永康區三民里民東路35號A棟,臺南市永康區三民里,鄭佳勇,45896559,股份有限公司,,1051208,生產中,24基本金屬製造業  ,241鋼鐵  
11508.csv,台旺企業有限公司,99656534,06810000146207,臺南市仁德區仁義里義林路140號,臺南市仁德區仁義里,李承泰,69555975,有限公司,0680912,0701104,生產中,24基本金屬製造業、30汽車及其零件製造業、31其他運輸工具及其零件製造業  ,303汽車零件、312機車及其零件、242鋁、249其他基本金屬  
11508.csv,台灣懷霖工業股份有限公司,66001440,,臺中市西屯區協和里工業區37路32號,臺中市西屯區協和里,劉華宮,16072417,股份有限公司,,1011026,生產中,25金屬製品製造業  ,254金屬加工處理、259其他金屬製品  
11508.csv,台灣懷霖工業股份有限公司,93A00016,,中部科學園區臺中市西屯區林厝里科園2路20號,臺中市西屯區林厝里,劉華宮,16072417,股份有限公司,,0951229,生產中,25金屬製品製造業、31其他運輸工具及其零件製造業  ,259其他金屬製品、319未分類其他運輸工具及其零件  
11508.csv,台灣振亞金屬股份有限公司,99667932,06410000063271,新竹市香山區埔前里牛埔東路568巷20號,新竹市香山區埔前里,卓政男　　　,47129554,股份有限公司,0640519,0650517,生產中,24基本金屬製造業、25金屬製品製造業  ,241鋼鐵、254金屬加工處理  
11508.csv,台灣積體電路製造股份有限公司十八廠四期,94I00001,,臺南市安定區蘇林里北園二路8號(四期區域),臺南市安定區,魏哲家,22099131,股份有限公司,,1100324,生產中,26電子零組件製造業、24基本金屬製造業、18化學材料及肥料製造業  ,261半導體、243銅、181化學原材料  
11508.csv,台灣積體電路製造股份有限公司十四廠七期,94E00001,,臺南市善化區南關里三抱竹路1號,臺南市善化區南關里,魏哲家,22099131,股份有限公司,,1031120,生產中,26電子零組件製造業、24基本金屬製造業、18化學材料及肥料製造業  ,261半導體、243銅、181化學原材料  
11508.csv,台灣衆順工業有限公司,03000428,,桃園市八德區大湳里和平路621巷48弄1號,桃園市八德區大湳里,簡碧月,24337665,有限公司,,1000525,生產中,22塑膠製品製造業  ,220塑膠製品  
11508.csv,曜瑋興業股份有限公司,04000968,,新竹縣竹東鎮仁愛里沿河街537號3樓,新竹縣竹東鎮仁愛里,郭哲瑋,24389754,股份有限公司,,1100607,生產中,25金屬製品製造業、27電腦、電子產品及光學製品製造業  ,254金屬加工處理、275量測、導航、控制設備及鐘錶  
11508.csv,曜總企業有限公司,65000467,,新北市土城區清化里青雲路669之3號1樓,新北市土城區清化里,洪燦淙,16913988,有限公司,,1000609,生產中,25金屬製品製造業、29機械設備製造業、24基本金屬製造業  ,254金屬加工處理、293通用機械設備、241鋼鐵、242鋁、243銅  
11508.csv,有益鋼鐵股份有限公司,99661500,08510000431614,高雄市永安區維新里永工十路２號,高雄市永安區維新里,劉憲同,96862363,股份有限公司,0851101,0860922,生產中,25金屬製品製造業  ,254金屬加工處理、259其他金屬製品  
11508.csv,有益綠能工業有限公司,13000869,,屏東縣屏東市清溪里和生路三段600號,屏東縣屏東市清溪里,黃合賢,93552415,有限公司,,1130122,生產中,22塑膠製品製造業、33其他製造業  ,220塑膠製品、339未分類其他製品  
11508.csv,有益鋼鐵股份有限公司二廠,99661498,08610000831659,高雄市永安區維新里永工十路2號,高雄市永安區維新里,劉憲同,96862363,股份有限公司,0860903,0880305,生產中,25金屬製品製造業  ,259其他金屬製品  
11508.csv,有盛塑膠工業有限公司,66002007,,臺中市大里區新仁里新仁二街66號1樓,臺中市大里區新仁里,賴瑋孺,24394124,有限公司,,1020712,生產中,22塑膠製品製造業  ,220塑膠製品  
11508.csv,李白工業股份有限公司,68006756,,桃園市龍潭區三和里楊銅路二段538之1號,桃園市龍潭區三和里,吳榮昌,36216243,股份有限公司,,1140516,生產中,25金屬製品製造業  ,259其他金屬製品  
11508.csv,李白工業股份有限公司,99612913,08910001000383,新北市樹林區圳生里俊安街五二號,新北市樹林區圳生里,吳榮昌,36216243,股份有限公司,0890119,0890301,生產中,29機械設備製造業、25金屬製品製造業、27電腦、電子產品及光學製品製造業、26電子零組件製造業、28電力設備及配備製造業、16印刷及資料儲存媒體複製業  ,293通用機械設備、251金屬刀具、手工具及模具、271電腦及其週邊設備、272通訊傳播設備、275量測、導航、控制設備及鐘錶、269其他電子零組件  
11508.csv,李進企業股份有限公司,99704802,,高雄市林園區溪州里工業二路２５０巷３６號,高雄市林園區溪州里,李義芳,86948932,股份有限公司,,0940919,生產中,24基本金屬製造業、21橡膠製品製造業、22塑膠製品製造業、25金屬製品製造業  ,241鋼鐵、210橡膠製品、220塑膠製品、242鋁、243銅、254金屬加工處理  
11508.csv,李進企業股份有限司科技廠,99709812,,高雄市林園區潭頭里工業二路２５０巷３２號,高雄市林園區潭頭里,李義芳,86948932,股份有限公司,,0951201,生產中,24基本金屬製造業、25金屬製品製造業  ,241鋼鐵、254金屬加工處理  
11508.csv,東奕工業股份有限公司,99646108,07510000209104,彰化縣和美鎮詔安里彰和路２段２２６巷１４弄１１號,彰化縣和美鎮詔安里,陳燈楠　　,22579482,股份有限公司,0750730,0750730,生產中,24基本金屬製造業  ,241鋼鐵  
11508.csv,東昌工業社,99652424,07410008000464,南投縣南投市振興里南鄉路217號,南投縣南投市振興里,高文聯,61913128,獨資,0740523,0750228,生產中,25金屬製品製造業  ,252金屬結構及建築組件  
11508.csv,東昌織帶企業有限公司,07002525,,彰化縣鹿港鎮海埔里海明街299號,彰化縣鹿港鎮海埔里,王鉦淙,24376977,有限公司,,1070409,生產中,11紡織業  ,115紡織品  
11508.csv,東明企業社,S6700727,,臺南市仁德區新田里崑崙路1389號,臺南市仁德區新田里,吳東昇,74964057,獨資,,1100607,生產中,24基本金屬製造業  ,242鋁  
11508.csv,東隆國際股份有限公司龍德廠,99620873,,宜蘭縣冬山鄉大興村德興九路1之1號,宜蘭縣冬山鄉大興村,楊維圖　　,86201322,股份有限公司,,0841212,生產中,24基本金屬製造業  ,241鋼鐵、249其他基本金屬  
11508.csv,東隆興業股份有限公司桃園廠,99625530,06010000092423,桃園市桃園區西埔里富國路859號,桃園市桃園區西埔里,游志成　,18770509,股份有限公司,0600927,0620911,生產中,11紡織業  ,111紡紗  
11508.csv,林家香食品有限公司斗南廠,09000537,,雲林縣斗南鎮小東里公論路1號,雲林縣斗南鎮小東里,林庭禾,24363065,有限公司,,1041209,生產中,08食品製造業  ,081肉類加工、089其他食品  
11508.csv,桐德鋼鐵股份有限公司,99607799,06210000131810,新北市汐止區東勢里同德巷一號,新北市汐止區東勢里,李永桐,31243024,股份有限公司,0580101,0630906,生產中,24基本金屬製造業  ,241鋼鐵  
11508.csv,榮豐精密科技有限公司,08000097,,南投縣南投市平山里自強二路4號,南投縣南投市平山里,張眞瑞,24397728,有限公司,,1020905,生產中,24基本金屬製造業  ,242鋁  
11508.csv,榮豐鋼鐵企業股份有限公司,64007241,,高雄市小港區龍鳳里中亨街46號,高雄市小港區龍鳳里,黎泉錦,35839453,股份有限公司,,1040311,生產中,25金屬製品製造業  ,254金屬加工處理  
11508.csv,榮豐鋼鐵企業股份有限公司新莊廠,99604660,08710001583406,新北市新莊區福營里建國一路一０六號,新北市新莊區福營里,黎泉錦,35839453,股份有限公司,0871224,0880802,生產中,25金屬製品製造業、29機械設備製造業  ,259其他金屬製品、293通用機械設備  
11508.csv,榮賦有限公司楊梅廠,99621537,08910003324122,桃園市楊梅區水美里楊湖路一段367巷200弄20號,桃園市楊梅區水美里,劉昭佑,44954519,有限公司,0890526,0890711,生產中,26電子零組件製造業  ,269其他電子零組件  
11508.csv,樺一工業股份有限公司,99652291,08110000071658,南投縣南投市平山里自強二路八號,南投縣南投市平山里,胡立威,61959670,股份有限公司,0810411,0810504,生產中,24基本金屬製造業  ,241鋼鐵  
11508.csv,權利鐵材行,99668335,07710018120744,新竹市埔前里浸水街１４號,新竹市香山區埔前里,彭明權　　　,66868045,合夥,0770822,0781013,生產中,24基本金屬製造業  ,241鋼鐵  
11508.csv,欣昌塑膠股份有限公司,99624138,07810000162031,桃園市蘆竹區海湖里二０鄰海湖北路三六號,桃園市蘆竹區海湖里,杜哲雄　　　,22014014,有限公司,0780210,0790724,生產中,22塑膠製品製造業  ,220塑膠製品  
11508.csv,歐樺應用材料股份有限公司,99623929,08310003065477,桃園市楊梅區三湖里楊湖路二段645號,桃園市楊梅區三湖里,陳輝煌　　　,12435655,股份有限公司,0830608,0840704,生產中,22塑膠製品製造業、33其他製造業  ,220塑膠製品、331育樂用品  
11508.csv,歐源電子有限公司,99609686,08910001159389,新北市中和區員山里中山路三段一一０號三樓之六、之七,新北市中和區員山里,張震虞,84242896,有限公司,0890609,0890713,生產中,26電子零組件製造業、28電力設備及配備製造業、27電腦、電子產品及光學製品製造業  ,264光電材料及元件、269其他電子零組件、262被動電子元件、283電線及配線器材、289其他電力設備及配備、275量測、導航、控制設備及鐘錶  
11508.csv,正威鋼鐵有限公司,S0703493,,彰化縣員林市南東里員草路926號、934號,彰化縣員林市南東里,曾威統,90204482,有限公司,,1141107,生產中,25金屬製品製造業  ,252金屬結構及建築組件  
11508.csv,正欣企業社,99638266,08610006324155,臺中市太平區平安里精美路１１６巷６號,臺中市太平區平安里,黃榮造,90955126,獨資,0861215,0861223,生產中,29機械設備製造業  ,293通用機械設備  
11508.csv,正欣精密工業股份有限公司,99695451,,新北市新莊區西盛里民安路三九六巷一八號,新北市新莊區西盛里,樊宏昌,70624107,股份有限公司,,0950509,生產中,29機械設備製造業、25金屬製品製造業  ,293通用機械設備、251金屬刀具、手工具及模具  
11508.csv,正豐工業有限公司彰濱廠,07005003,,彰化縣線西鄉溝內村線平路19號,彰化縣線西鄉溝內村,黃美媛,53783066,有限公司,,1111215,生產中,24基本金屬製造業  ,241鋼鐵  
11508.csv,永湖複合材料股份有限公司本廠,99704243,,臺中市神岡區三角里大富路156巷17-2號2樓,臺中市神岡區三角里,廖國廷,27491541,股份有限公司,,0960426,生產中,33其他製造業  ,339未分類其他製品  
11508.csv,永鎰銅鋁五金材料行,99610021,08910001299782,新北市新莊區化成里化成路一六二之一號,新北市新莊區化成里,林淑惠,18083642,獨資,0890829,0890921,生產中,24基本金屬製造業、25金屬製品製造業  ,241鋼鐵、254金屬加工處理、242鋁、243銅  
11508.csv,永鏵鋼鐵企業股份有限公司,99685563,,高雄市仁武區烏林里仁林路２１５號,高雄市仁武區烏林里,駱林桂珠,16471821,股份有限公司,,0930706,生產中,25金屬製品製造業  ,252金屬結構及建築組件  
11508.csv,球鼎有限公司,99634565,08710006140261,臺中市大里區仁化里仁福街８９號,臺中市大里區仁化里,魏碧瑩,16333243,有限公司,0870618,0890819,生產中,25金屬製品製造業、29機械設備製造業、30汽車及其零件製造業、31其他運輸工具及其零件製造業  ,252金屬結構及建築組件、293通用機械設備、303汽車零件、312機車及其零件  
11508.csv,琦仲企業有限公司,99633697,08710006243999,臺中市潭子區潭秀里潭富路一段八七巷二一號,臺中市潭子區潭秀里,陳宗琦,12901547,股份有限公司,0870919,0870924,生產中,33其他製造業  ,339未分類其他製品  
11508.csv,永鵬鋼鐵企業有限公司,99664125,08410012141523,高雄市鳳山區鎮北里鳳仁路１０２之２６、２７、２９號,高雄市鳳山區鎮北里,林志隆,84864774,有限公司,0840724,0840729,生產中,24基本金屬製造業  ,241鋼鐵  
11508.csv,永鵬鋼鐵企業有限公司二廠,64006345,,高雄市鳥松區仁美里美山路３號,高雄市鳥松區仁美里,林志隆,84864774,有限公司,,1000812,生產中,25金屬製品製造業  ,252金屬結構及建築組件、254金屬加工處理  
11508.csv,江力企業股份有限公司,99674464,08210021000697,臺南市安南區海西里海環街126號,臺南市安南區海西里,吳進池,69724310,股份有限公司,0820826,0820831,生產中,25金屬製品製造業  ,259其他金屬製品、252金屬結構及建築組件、251金屬刀具、手工具及模具  
11508.csv,汯順企業有限公司,07001243,,彰化縣福興鄉三和村南興街85號,彰化縣福興鄉三和村,許聖烽,54808614,有限公司,,1030701,生產中,21橡膠製品製造業  ,210橡膠製品  
11508.csv,汰暉有限公司,66012438,,臺中市龍井區忠和里西濱路三段233之6號,臺中市龍井區忠和里,陳暉燁,82915642,有限公司,,1150525,生產中,08食品製造業  ,081肉類加工  
11508.csv,琭毅有限公司,65012431,,新北市鶯歌區建國里建國路405巷18號(1樓),新北市鶯歌區建國里,林祐民,00101735,有限公司,,1140107,生產中,11紡織業、32家具製造業  ,115紡織品、320家具  
11508.csv,晉宏鋼鐵有限公司,99673405,08010000090756,臺南市南區彰南里新樂路36之2號,臺南市南區彰南里,汪敬志,27649521,有限公司,0800211,0800314,生產中,25金屬製品製造業  ,254金屬加工處理  
11508.csv,晉寬電機有限公司工廠,99645954,08510007088088,彰化縣秀水鄉安東村安樂街２７號,彰化縣秀水鄉安東村,王桂卿　,89242403,有限公司,0850529,0860213,生產中,26電子零組件製造業、28電力設備及配備製造業  ,262被動電子元件、281發電、輸電及配電機械  
11508.csv,原興工業股份有限公司,S0700241,,彰化縣彰化市磚磘里水尾一路503巷136及138號,彰化縣彰化市磚磘里,彭貴輝,27875194,股份有限公司,,1090512,生產中,25金屬製品製造業、30汽車及其零件製造業、31其他運輸工具及其零件製造業  ,259其他金屬製品、303汽車零件、312機車及其零件、313自行車及其零件  
11508.csv,召翊有限公司,99717576,,桃園市蘆竹區長興里南崁路２段２２６巷１５號,桃園市蘆竹區長興里,吳德修,89338049,有限公司,,0980227,生產中,24基本金屬製造業  ,241鋼鐵、243銅  
11508.csv,台灣穗高科技股份有限公司擠型三廠,94B00095,,臺南市新市區三舍里大業一路5號,臺南市新市區三舍里,張晉益,80347834,股份有限公司,,1040604,生產中,24基本金屬製造業、18化學材料及肥料製造業  ,242鋁、181化學原材料  
11508.csv,台灣穗高科技股份有限公司,94A00095,,臺南科學園區臺南市新市區社內里環東路一段2號,臺南市新市區社內里,邱銘賜,80347834,股份有限公司,,0930304,生產中,24基本金屬製造業  ,242鋁  
11508.csv,台灣穗高科技股份有限公司二廠,94C00095,,臺南市新市區豐華里環西路1段2號,臺南市新市區豐華里,吳重宇,80347834,股份有限公司,,1050603,生產中,24基本金屬製造業  ,242鋁  
11508.csv,台灣穗高科技股份有限公司四廠,94E00095,,臺南市善化區頂街里西善一路8號,臺南市善化區頂街里,曾煥傑,80347834,股份有限公司,,1080124,生產中,24基本金屬製造業  ,242鋁  
11508.csv,台灣端板鋼鐵企業股份有限公司,99607383,05810000005398,新北市三重區頂崁里光復路二段一０二巷三二號,新北市三重區頂崁里,曾正文,35501212,股份有限公司,0580101,0590701,生產中,25金屬製品製造業、29機械設備製造業  ,252金屬結構及建築組件、253金屬容器、259其他金屬製品、293通用機械設備、251金屬刀具、手工具及模具  
11508.csv,台灣記茂科技股份有限公司,99662745,07810012098496,高雄市大寮區大寮里大有一街２０號,高雄市大寮區大寮里,吳玉婷,24251955,股份有限公司,0791231,0791231,生產中,32家具製造業、22塑膠製品製造業、26電子零組件製造業、30汽車及其零件製造業、31其他運輸工具及其零件製造業、33其他製造業  ,320家具、220塑膠製品、269其他電子零組件、303汽車零件、312機車及其零件、331育樂用品  
11508.csv,晟翔欣業有限公司,S6602437,,臺中市大里區大里里大里路469之6號,臺中市大里區大里里,王偉昌,42687761,有限公司,,1140529,生產中,29機械設備製造業  ,293通用機械設備  
11508.csv,普多貿易有限公司,09000930,10810009600098,雲林縣口湖鄉口湖村2鄰崇文路二段359、361號,雲林縣口湖鄉口湖村,黃惠美,24205539,有限公司,1081014,1081024,生產中,08食品製造業  ,082水產加工  
11508.csv,晶英廚具行新莊廠,65013486,,新北市新莊區頭前里化成路339之1號(1樓),新北市新莊區頭前里,戴世鈿,02424285,獨資,,1150420,生產中,32家具製造業  ,320家具  
11508.csv,晶英鋼鐵有限公司,99664768,07110012086494,高雄市大寮區中庄里鳳屏一路８號,高雄市大寮區中庄里,朱立模,28393266,有限公司,0791231,0791231,生產中,24基本金屬製造業  ,241鋼鐵  
11508.csv,有程布業有限公司二廠,65012242,,新北市樹林區北園里民權街5巷19弄1號(1樓),新北市樹林區北園里,林書正,29134865,有限公司,,1131024,生產中,11紡織業、32家具製造業  ,115紡織品、320家具  
11508.csv,朝盛鋼鐵有限公司二廠,S6700173,,臺南市歸仁區西埔里西埔一街50號,臺南市歸仁區西埔里,蔡寶珠,12775393,有限公司,,1090716,生產中,25金屬製品製造業  ,252金屬結構及建築組件  
11508.csv,東信輕金屬股份有限公司,99660274,05810099000548,臺南市仁德區仁義里義林路166號,臺南市仁德區仁義里,林彥伯　　,73127671,股份有限公司,0580101,0600907,生產中,24基本金屬製造業  ,242鋁  
11508.csv,東明鋁材股份有限公司,99660070,06910000240615,臺南市仁德區一甲里太乙路65號,臺南市仁德區一甲里,吳宗勳,73669444,股份有限公司,0691127,0700522,生產中,24基本金屬製造業  ,242鋁  
11508.csv,東源金屬工業股份有限公司,99663434,06610012043927,高雄市仁武區烏林里仁心路２５２號,高雄市仁武區烏林里,陳源東,85909377,股份有限公司,0791231,0791231,生產中,24基本金屬製造業、28電力設備及配備製造業  ,241鋼鐵、243銅、283電線及配線器材  
11508.csv,東瀛建材有限公司,99699868,,屏東縣新園鄉新園村媽祖路408－3號,屏東縣新園鄉新園村,曾水金,24283909,有限公司,,0990727,生產中,23非金屬礦物製品製造業  ,239其他非金屬礦物製品  
11508.csv,東薪科技有限公司大里廠,66008549,,臺中市大里區大元里大衛路43之3號1樓,臺中市大里區大元里,魏惠蘭,24219203,有限公司,,1090928,生產中,25金屬製品製造業  ,251金屬刀具、手工具及模具、259其他金屬製品  
11508.csv,東薪科技有限公司神岡廠,S6603458,,臺中市神岡區山皮里光復路215巷42號,臺中市神岡區山皮里,魏惠蘭,24219203,有限公司,,1150804,生產中,25金屬製品製造業、29機械設備製造業  ,251金屬刀具、手工具及模具、259其他金屬製品、293通用機械設備  
11508.csv,東雅食品有限公司,99719402,,新北市三重區中興里中興北街一五三之五號,新北市三重區中興里,江濱,24359914,有限公司,,0980709,生產中,08食品製造業  ,081肉類加工  
11508.csv,松標企業有限公司工廠,99661186,09010011300103,臺南市永康區尚頂里尚頂路59巷7號,臺南市永康區尚頂里,呂俊良,84077663,有限公司,0900115,0900207,生產中,24基本金屬製造業  ,242鋁  
11508.csv,松欣鋼鐵有限公司二廠,S6500245,,新北市泰山區大科里大科一路9號,新北市泰山區大科里,朱冠臻,84224412,有限公司,,1090522,生產中,25金屬製品製造業  ,254金屬加工處理  
11508.csv,柏隆鋼鐵股份有限公司大園廠,99624487,,桃園市大園區內海里中山北路二八０巷一四號,桃園市大園區內海里,陳秀娟,23777073,股份有限公司,,0910503,生產中,25金屬製品製造業  ,254金屬加工處理、259其他金屬製品  
11508.csv,柏隆鋼鐵股份有限公司平安廠,S6800119,,桃園市大園區橫峰里平安路10號,桃園市大園區橫峰里,陳秀娟,23777073,股份有限公司,,1090514,生產中,25金屬製品製造業  ,254金屬加工處理  
11508.csv,柏霖木材木箱行二廠,S0703765,,彰化縣溪湖鎮東溪里成功路7號,彰化縣溪湖鎮東溪里,陳漢鵬,82413964,獨資,,1150604,生產中,14木竹製品製造業  ,140木竹製品  
11508.csv,桓和實業有限公司,17000048,,基隆市七堵區永安里俊賢路37號6樓,基隆市七堵區永安里,余沁杭,24207142,有限公司,,1030508,生產中,09飲料製造業  ,092非酒精飲料  
11508.csv,桓宇鋼鐵有限公司,07000898,,彰化縣秀水鄉馬興村彰馬街97巷26弄9號1樓,彰化縣秀水鄉馬興村,林志誠,27279772,有限公司,,1020731,生產中,25金屬製品製造業  ,259其他金屬製品  
11508.csv,桓宇鋼鐵有限公司和美廠,S0702075,,彰化縣和美鎮嘉犁里東原路241巷68號,彰化縣和美鎮嘉犁里,林志誠,27279772,有限公司,,1120724,生產中,25金屬製品製造業  ,254金屬加工處理  
11508.csv,極星國際航電股份有限公司土城廠,65000090,,新北市土城區大安里忠承路93號12樓、97號12樓,新北市土城區大安里,楊健源,24255143,股份有限公司,,1000124,生產中,26電子零組件製造業、27電腦、電子產品及光學製品製造業  ,269其他電子零組件、271電腦及其週邊設備、272通訊傳播設備、273視聽電子產品、275量測、導航、控制設備及鐘錶、276輻射及電子醫學設備  
11508.csv,榮星鎖業有限公司,99674670,06810000135243,臺南市中西區文賢里和善街60號,臺南市中西區文賢里,陳昆武,69796616,有限公司,0680718,0680925,生產中,25金屬製品製造業  ,251金屬刀具、手工具及模具  
11508.csv,榮達精密企業有限公司,07000805,,彰化縣福興鄉頂粘村頂粘街80號,彰化縣福興鄉頂粘村,粘沛勛,54241293,有限公司,,1020503,生產中,29機械設備製造業、25金屬製品製造業  ,293通用機械設備、259其他金屬製品  
11508.csv,榮達鑄造有限公司,99605319,06310000105229,新北市三峽區二鬮里中正路三段176號,新北市三峽區二鬮里,李慧如,34125280,有限公司,0580101,0630831,生產中,24基本金屬製造業、25金屬製品製造業、29機械設備製造業  ,241鋼鐵、259其他金屬製品、293通用機械設備  
11508.csv,欣明鑄造股份有限公司,99625545,06910000141568,桃園市蘆竹區中福里福興一街268號,桃園市蘆竹區中福里,楊茂聰　　　,43875349,股份有限公司,0690627,0710429,生產中,29機械設備製造業、24基本金屬製造業  ,293通用機械設備、241鋼鐵  
11508.csv,欣昶鋼鐵企業有限公司,99712154,,高雄市岡山區灣裡里岡山北路１９６號,高雄市岡山區灣裡里,王正道,83607860,有限公司,,0970409,生產中,25金屬製品製造業  ,252金屬結構及建築組件、253金屬容器  
11508.csv,正泰特殊金屬股份有限公司台中廠,99669131,07610000265822,臺中市西屯區協和里工業區八路１３號,臺中市西屯區協和里,張向主,04343324,股份有限公司,0760821,0780825,生產中,24基本金屬製造業  ,241鋼鐵  
11508.csv,正泰精密工業有限公司,99662645,08710012242474,高雄市鳳山區鎮北里鎮北北巷２２之７號,高雄市鳳山區鎮北里,吳銀雄,22551549,有限公司,0871221,0880121,生產中,25金屬製品製造業、29機械設備製造業  ,251金屬刀具、手工具及模具、293通用機械設備  
11508.csv,正輝五金有限公司,65002865,,新北市板橋區廣福里信義路89號,新北市板橋區廣福里,詹孟傑,27601759,有限公司,,1030224,生產中,24基本金屬製造業、25金屬製品製造業、28電力設備及配備製造業、29機械設備製造業、30汽車及其零件製造業  ,241鋼鐵、259其他金屬製品、285家用電器、292其他專用機械設備、303汽車零件  
11508.csv,永立詮精密工業股份有限公司中壢廠,68006038,,桃園市中壢區永福里中福路二段4號,桃園市中壢區永福里,魏建堂,28354496,股份有限公司,,1130422,生產中,24基本金屬製造業、25金屬製品製造業  ,242鋁、253金屬容器  
11508.csv,永誠亞太有限公司觀音廠,03000907,,桃園市觀音區草漯里成功路一段502號,桃園市觀音區草漯里,張賢銘,29111743,有限公司,,1010118,生產中,24基本金屬製造業  ,241鋼鐵、242鋁  
11508.csv,永誠興業股份有限公司,99664968,06810012056693,高雄市仁武區烏林里仁林路３１１號,高雄市仁武區烏林里,駱和裕,85909144,股份有限公司,0791231,0791231,生產中,23非金屬礦物製品製造業、24基本金屬製造業  ,239其他非金屬礦物製品、241鋼鐵  
11508.csv,永長昇企業有限公司,64006881,,高雄市湖內區田尾里中山路一段805號,高雄市湖內區田尾里,王育民,24222523,有限公司,,1020913,生產中,29機械設備製造業、30汽車及其零件製造業、31其他運輸工具及其零件製造業  ,292其他專用機械設備、303汽車零件、312機車及其零件  
11508.csv,永陛實業有限公司,65009243,,新北市樹林區三龍里三俊街65巷13號1樓,新北市樹林區三龍里,莫玲琳,12659649,有限公司,,1100303,生產中,22塑膠製品製造業  ,220塑膠製品  
11508.csv,汎球行有限公司,99625674,07810003146608,桃園市蘆竹區錦興里錦順街四六號,桃園市蘆竹區錦興里,彭廖嬡婷　　,43741243,有限公司,0781028,0781107,生產中,28電力設備及配備製造業  ,281發電、輸電及配電機械、289其他電力設備及配備、284照明設備及配備  
11508.csv,沅亞有限公司,S0703619,,彰化縣和美鎮犁盛里彰新路二段243巷186號,彰化縣和美鎮犁盛里,黃乃垣,84676739,有限公司,,1150115,生產中,22塑膠製品製造業  ,220塑膠製品  
11508.csv,瑋中事業有限公司,99615603,08710001514773,新北市中和區中原里立德街一四八巷三八號六樓,新北市中和區中原里,游金洲,89242298,有限公司,0870310,0870403,生產中,28電力設備及配備製造業、29機械設備製造業、25金屬製品製造業  ,281發電、輸電及配電機械、283電線及配線器材、289其他電力設備及配備、293通用機械設備、251金屬刀具、手工具及模具  
11508.csv,瑋欣鋼纜工業有限公司,99632878,08710005007968,苗栗縣通霄鎮坪頂里一四鄰一三三之八號,苗栗縣通霄鎮坪頂里,林金蘭,16390460,有限公司,0870331,0870701,生產中,24基本金屬製造業  ,241鋼鐵  
11508.csv,瑞寶精密鑄造工業股份有限公司,65010904,,新北市樹林區金寮里光武街34巷8號1樓,新北市樹林區金寮里,林孟鋒,24294856,股份有限公司,,1120111,生產中,25金屬製品製造業、29機械設備製造業  ,251金屬刀具、手工具及模具、293通用機械設備  
11508.csv,昶浩企業有限公司,07000020,,彰化縣溪湖鎮中山里大溪路一段619巷33弄32號1樓,彰化縣溪湖鎮中山里,吳昆澤,89822438,有限公司,,0991029,生產中,14木竹製品製造業  ,140木竹製品  
11508.csv,昶浩企業有限公司埔鹽廠,S0702995,,彰化縣埔鹽鄉崑崙村彰水路一段63號之3,彰化縣埔鹽鄉崑崙村,吳昆澤,89822438,有限公司,,1140429,生產中,14木竹製品製造業  ,140木竹製品  
11508.csv,昶浩企業有限公司工廠,S0700258,,彰化縣埔鹽鄉豐澤村埔打路54-18號,彰化縣埔鹽鄉豐澤村,吳昆澤,89822438,有限公司,,1090515,生產中,14木竹製品製造業  ,140木竹製品  
11508.csv,晉強橡塑膠廠股份有限公司,63020270,05763000000295,臺北市內湖區蘆洲里安康路一二一、一二三號,臺北市內湖區蘆洲里,施育琦,24101008,股份有限公司,0570504,0570704,生產中,21橡膠製品製造業、22塑膠製品製造業  ,210橡膠製品、220塑膠製品  
11508.csv,晉得益精密鑄造股份有限公司二廠,66005886,,臺中市太平區宜欣里宜昌東路15號,臺中市太平區宜欣里,石傑,70650006,股份有限公司,,1060922,生產中,24基本金屬製造業、25金屬製品製造業、29機械設備製造業  ,241鋼鐵、259其他金屬製品、293通用機械設備  
11508.csv,卡羅國際企業股份有限公司,65000530,,新北市汐止區北山里康寧街157、159、161號7樓,新北市汐止區北山里,高秀華,14015243,股份有限公司,,1000701,生產中,08食品製造業  ,086碾榖、磨粉及澱粉製品、089其他食品  
11508.csv,原裕股份有限公司,99662688,07410000026327,高雄市大寮區潮寮里富民街１號,高雄市大寮區潮寮里,吳賢銘,22827379,股份有限公司,0740125,0791217,生產中,24基本金屬製造業  ,241鋼鐵  
11508.csv,友泰鋼鐵有限公司,99612425,07410001395154,新北市三重區永發里中正北路193巷43號,新北市三重區永發里,王祝,36056549,有限公司,0741119,0750701,生產中,25金屬製品製造業  ,254金屬加工處理  
11508.csv,台合企業社太平廠,66008949,,臺中市太平區太平里永豐路123巷15號,臺中市太平區太平里,劉貴香,45324378,合夥,,1100315,生產中,25金屬製品製造業  ,251金屬刀具、手工具及模具、254金屬加工處理、259其他金屬製品  
11508.csv,台易鐵工廠,99641853,05810000009488,臺中市豐原區翁子里豐勢路二段四八０巷八五號,臺中市豐原區翁子里,李淑卿,55337653,獨資,0580101,0610203,生產中,24基本金屬製造業  ,243銅  
11508.csv,台灣浩壹股份有限公司,99652385,08010000081985,南投縣南投市永豐里工業南五路六號,南投縣南投市永豐里,齊藤浩史,23224158,股份有限公司,0800524,0821106,生產中,22塑膠製品製造業、29機械設備製造業、27電腦、電子產品及光學製品製造業、33其他製造業  ,292其他專用機械設備  
11508.csv,台灣浩壹股份有限公司仁和廠,08000132,,南投縣南投市永豐里仁和路153號,南投縣南投市永豐里,齊藤浩史,23224158,股份有限公司,,1030626,生產中,25金屬製品製造業  ,254金屬加工處理、259其他金屬製品  
11508.csv,台灣端板鋼鐵企業股份有限公司高雄廠,99661496,06810012059367,高雄市永安區維新里永工一路１２號,高雄市永安區維新里,曾正文,88664586,股份有限公司,0791231,0791231,生產中,29機械設備製造業、25金屬製品製造業  ,292其他專用機械設備、293通用機械設備、252金屬結構及建築組件  
11508.csv,台灣精品鑄造股份有限公司,99677801,,苗栗縣竹南鎮大厝里二三鄰獅山七０之一七號,苗栗縣竹南鎮大厝里,林裕森,24404024,股份有限公司,,0990430,生產中,24基本金屬製造業  ,241鋼鐵  
11508.csv,晟豐鋼鐵工業有限公司,S1000207,,嘉義縣民雄鄉大崎村十四甲811號,嘉義縣民雄鄉大崎村,謝宏毅,24881145,有限公司,,1130819,生產中,25金屬製品製造業、25金屬製品製造業  ,254金屬加工處理  
11508.csv,普廣興業社官田廠,S6700240,,臺南市官田區官田里中脇13之1號,臺南市官田區官田里,蕭莉蓮,21655243,獨資,,1090714,生產中,08食品製造業  ,089其他食品  
11508.csv,普惠醫工股份有限公司,99647673,07910000161138,彰化縣北斗鎮大新里新工一路１００號,彰化縣北斗鎮大新里,許國基,23243578,股份有限公司,0790319,0800701,生產中,33其他製造業  ,332醫療器材及用品  
11508.csv,景盛食品有限公司,99717670,,桃園市平鎮區建安里平東路１段１７８巷３３號,桃園市平鎮區建安里,林震宇,24244955,有限公司,,0980506,生產中,08食品製造業  ,089其他食品  
11508.csv,晶贊企業股份有限公司二廠,67002874,,臺南市永康區塩行里正南三路231、233號,臺南市永康區塩行里,黃龍山,54560850,股份有限公司,,1091208,生產中,24基本金屬製造業  ,242鋁、249其他基本金屬  
11508.csv,曜鑫工程行麥寮廠,09001166,11010009600215,雲林縣麥寮鄉麥豐村泰順路155號1樓,雲林縣麥寮鄉麥豐村,許錕鐿,72419877,獨資,1101202,1101220,生產中,25金屬製品製造業  ,259其他金屬製品  
11508.csv,曜隆光電有限公司新店廠,65002563,,新北市新店區寶福里寶橋路235巷3號7樓,新北市新店區寶福里,崔昶緯,24386551,有限公司,,1021023,生產中,26電子零組件製造業、27電腦、電子產品及光學製品製造業、28電力設備及配備製造業  ,262被動電子元件、269其他電子零組件、272通訊傳播設備、283電線及配線器材  
11508.csv,曜鴻金屬有限公司,S0700375,,彰化縣永靖鄉崙子村九分路366巷21號,彰化縣永靖鄉崙子村,徐玉池,24230376,有限公司,,1090525,生產中,25金屬製品製造業  ,251金屬刀具、手工具及模具  
11508.csv,朝英股份有限公司,99614827,07510000139313,新北市林口區東林里工三路1號,新北市林口區東林里,吳炳輝,05251666,股份有限公司,0750625,0751023,生產中,24基本金屬製造業  ,243銅  
11508.csv,東寶冷凍廠,99620752,06510000213627,宜蘭縣羅東鎮大新里民生東路二六、二八號,宜蘭縣羅東鎮大新里,呂學聰　　　,41822424,獨資,0580101,0660503,生產中,33其他製造業  ,339未分類其他製品  
11508.csv,東昕機器鑄造股份有限公司,99713511,,臺中市太平區太平里永成路１３４號,臺中市太平區太平里,賴東裕,23104061,股份有限公司,,0981231,生產中,24基本金屬製造業  ,241鋼鐵  
11508.csv,東饌實業有限公司,66001504,,臺中市大里區大元里國中路3巷11、13號,臺中市大里區大元里,張韋柏,24266578,有限公司,,1011123,生產中,08食品製造業  ,081肉類加工  
11508.csv,松河工業社,99679274,,彰化縣鹿港鎮頭崙里頭崙巷一二八號,彰化縣鹿港鎮頭崙里,郭泉興,05944345,獨資,,0930119,生產中,24基本金屬製造業  ,243銅  
11508.csv,松泰精密工業有限公司,65003242,,新北市樹林區東山里東順街16號1樓,新北市樹林區東山里,鄭鐙坡,84810010,有限公司,,1030711,生產中,25金屬製品製造業  ,251金屬刀具、手工具及模具  
11508.csv,榮晉機械有限公司,68004752,,桃園市龜山區大坑里南上路520巷28弄9號,桃園市龜山區大坑里,黃世傑,24624364,有限公司,,1110301,生產中,25金屬製品製造業  ,259其他金屬製品  
11508.csv,榮晟工業社,99631100,08710004200146,新竹縣竹北市泰和里中和街62巷17弄11號,新竹縣竹北市泰和里,彭淑枝,19654681,獨資,0870417,0871119,生產中,24基本金屬製造業  ,241鋼鐵  
11508.csv,榮銓鋁業股份有限公司,99704831,,高雄市大寮區琉球里農場路２０２、２０６號,高雄市大寮區琉球里,王順德,23493462,股份有限公司,,0941027,生產中,24基本金屬製造業、25金屬製品製造業  ,242鋁、254金屬加工處理  
11508.csv,樺嶸有限公司,99640858,08410006262642,臺中市豐原區社皮里社皮路185巷50號,臺中市豐原區社皮里,張謝阿蕊,23242711,有限公司,0841102,0850122,生產中,13皮革、毛皮及其製品製造業  ,130皮革、毛皮及其製品  
11508.csv,樺嶸有限公司二廠,S6600466,,臺中市神岡區岸裡里大圳路13-2、13-3號,臺中市神岡區岸裡里,張謝阿蕊,23242711,有限公司,,1090724,生產中,13皮革、毛皮及其製品製造業  ,130皮革、毛皮及其製品  
11508.csv,樺嶺企業股份有限公司,99657653,06910000136026,臺南市鹽水區岸內里蔦松腳13之6號,臺南市鹽水區岸內里,曾秀香,33956722,股份有限公司,0690530,0710731,生產中,24基本金屬製造業、25金屬製品製造業  ,242鋁、252金屬結構及建築組件  
11508.csv,欣久田貿易有限公司,S0703570,,彰化縣和美鎮鎮平里輝南路臨137之52號,彰化縣和美鎮鎮平里,洪希律,55924127,有限公司,,1141230,生產中,16印刷及資料儲存媒體複製業、22塑膠製品製造業  ,160印刷及資料儲存媒體複製、220塑膠製品  
11508.csv,正道工業股份有限公司,99660218,06210000135158,臺南市仁德區大甲里中正西路1015號,臺南市仁德區大甲里,謝麗雲,68193807,股份有限公司,0621018,0650601,生產中,24基本金屬製造業、25金屬製品製造業、29機械設備製造業、30汽車及其零件製造業、31其他運輸工具及其零件製造業、32家具製造業  ,242鋁、259其他金屬製品、293通用機械設備、303汽車零件、312機車及其零件、313自行車及其零件、320家具  
11508.csv,永豐企業社,S0701353,,彰化縣鹿港鎮溝墘里溝墘巷53號,彰化縣鹿港鎮溝墘里,王家豐,59180318,獨資,,1091013,生產中,24基本金屬製造業  ,243銅  
11508.csv,永豐機械有限公司,99679435,,彰化縣彰化市和調里中山路３段１２１巷１３８號１樓,彰化縣彰化市和調里,張豐猷　,80124279,有限公司,,0930726,生產中,29機械設備製造業、30汽車及其零件製造業、31其他運輸工具及其零件製造業  ,291金屬加工用機械設備、293通用機械設備、303汽車零件、312機車及其零件  
11508.csv,沅勳工業股份有限公司,99608383,07910001305243,新北市樹林區坡內里光明街二九號,新北市樹林區坡內里,蘇淑華,23831246,股份有限公司,0791030,0791109,生產中,25金屬製品製造業、30汽車及其零件製造業、31其他運輸工具及其零件製造業  ,251金屬刀具、手工具及模具、303汽車零件、312機車及其零件  
11508.csv,琪達科技有限公司,65012427,,新北市三峽區龍恩里隆恩街178巷20號5樓,新北市三峽區龍恩里,趙苡翔,93685409,有限公司,,1140106,生產中,25金屬製品製造業  ,251金屬刀具、手工具及模具  
11508.csv,瑋德鋼鐵股份有限公司,S6800421,,桃園市平鎮區高雙里賦梅北路199之1號,桃園市平鎮區高雙里,林為斌,84520244,股份有限公司,,1130916,生產中,25金屬製品製造業  ,254金屬加工處理  
11508.csv,瑋瑞鋼鐵有限公司,65004827,,新北市汐止區環河里環河街153號,新北市汐止區環河里,陳瑞偉,42713199,有限公司,,1050329,生產中,25金屬製品製造業  ,252金屬結構及建築組件、254金屬加工處理、259其他金屬製品  
11508.csv,瑋祥科技股份有限公司,66009545,,臺中市西屯區協和里工業區37路12-1號,臺中市西屯區協和里,彭梓育,24293370,股份有限公司,,1101013,生產中,29機械設備製造業  ,293通用機械設備  
11508.csv,瑋祥科技股份有限公司,66012304,,臺中市后里區后里里泉州路25之12號,臺中市后里區后里里,彭梓育,24293370,股份有限公司,,1150226,生產中,29機械設備製造業  ,293通用機械設備  
11508.csv,瑞傳科技股份有限公司,99719922,,新北市樹林區樹東里博愛街242號2、4、5樓,新北市樹林區樹東里,劉明源,84153795,股份有限公司,,0990203,生產中,27電腦、電子產品及光學製品製造業、25金屬製品製造業、29機械設備製造業、26電子零組件製造業  ,271電腦及其週邊設備、273視聽電子產品、251金屬刀具、手工具及模具、292其他專用機械設備、264光電材料及元件、269其他電子零組件  
11508.csv,瑞億纖維有限公司二廠,S0702431,,彰化縣和美鎮鎮平里彰草路二段653-1號,彰化縣和美鎮鎮平里,黃俊銘,80736138,有限公司,,1130614,生產中,11紡織業  ,111紡紗  
11508.csv,瑞億貨櫃有限公司梧棲廠,66012421,,臺中市梧棲區草湳里自立路57號,臺中市梧棲區草湳里,蔡銘鋒,89653828,有限公司,,1150512,生產中,30汽車及其零件製造業  ,302車體、303汽車零件  
11508.csv,瑞峰銑床加工廠,67000021,,臺南市永康區尚頂里正南一街92巷19號,臺南市永康區尚頂里,江吳鎂里,26424284,獨資,,1000221,生產中,29機械設備製造業、29機械設備製造業  ,291金屬加工用機械設備、293通用機械設備  
11508.csv,瑞峰鐵材股份有限公司,99678156,06710000083179,彰化縣彰化市莿桐里彰秀路５６號,彰化縣彰化市莿桐里,戴子鈞,59240033,股份有限公司,0670522,0680510,生產中,24基本金屬製造業  ,241鋼鐵  
11508.csv,瑞弘精密工業股份有限公司,04000450,,新竹縣竹北市泰和里環北路二段243巷16號1樓,新竹縣竹北市泰和里,李柏翰,28512137,股份有限公司,,1040915,生產中,22塑膠製品製造業、29機械設備製造業  ,220塑膠製品、292其他專用機械設備  
11508.csv,瑞得林國際股份有限公司,67001747,,臺南市永康區塩行里正南三路96號,臺南市永康區塩行里,陳冠廷,24393321,股份有限公司,,1060331,生產中,11紡織業  ,115紡織品  
11508.csv,瑞德克科技有限公司,S6800577,,桃園市蘆竹區中福里文中路一段265巷9號(通訊地址)(廠址：桃園市蘆竹區福興段793-1地號),桃園市蘆竹區中福里,劉美容,24365508,有限公司,,1141204,生產中,29機械設備製造業  ,293通用機械設備  
11508.csv,瑞慶鋼業有限公司,99616544,07810001216747,新北市土城區大安里承天路七一巷四弄八號,新北市土城區大安里,陳仁弘,34387122,有限公司,0780810,0780904,生產中,24基本金屬製造業、25金屬製品製造業  ,241鋼鐵、254金屬加工處理  
11508.csv,昭群不銹鋼有限公司,S0702748,,彰化縣田中鎮大崙里興酪路二段645號,彰化縣田中鎮大崙里,卓家詳,89291071,有限公司,,1131218,生產中,24基本金屬製造業  ,241鋼鐵  
11508.csv,昭輝實業股份有限公司一廠,99681243,,彰化縣鹿港鎮東石里興業路7號、5號,彰化縣鹿港鎮東石里,林宜宏,22078327,股份有限公司,,0990727,生產中,25金屬製品製造業  ,251金屬刀具、手工具及模具  
11508.csv,昶發工業社,99651243,07910007074548,彰化縣和美鎮犁盛里東平路５１號,彰化縣和美鎮犁盛里,葉烘禎　　　,78623290,獨資,0791018,0810803,生產中,25金屬製品製造業  ,259其他金屬製品  
11508.csv,晉昇企業廠,99637991,,臺中市沙鹿區斗抵里沙田路13之5號,臺中市沙鹿區斗抵里,陳樂潭,76624300,獨資,,0790125,生產中,24基本金屬製造業  ,242鋁  
11508.csv,晟嘉有限公司,99697158,,新北市新莊區思源里中正路四六巷三七號一樓,新北市新莊區思源里,柯育宗,80255243,有限公司,,0961108,生產中,25金屬製品製造業  ,251金屬刀具、手工具及模具  
11508.csv,卯利企業有限公司,99663279,07610012095118,高雄市大寮區潮寮里田單六街１６號,高雄市大寮區潮寮里,陳褔生,22145418,有限公司,0791231,0791231,生產中,24基本金屬製造業  ,241鋼鐵  
11508.csv,可密特興業有限公司,99690916,,新北市汐止區北山里康寧街一六九巷二九之一號六樓之三,新北市汐止區北山里,莊吉棣,12426683,有限公司,,0920616,生產中,27電腦、電子產品及光學製品製造業、26電子零組件製造業、28電力設備及配備製造業  ,272通訊傳播設備、273視聽電子產品、269其他電子零組件、264光電材料及元件、285家用電器  
11508.csv,可成科技股份有限公司南科工廠,67000538,,臺南市安南區塩田里本田路二段500號,臺南市安南區塩田里,洪水樹,69905810,股份有限公司,,1011226,生產中,24基本金屬製造業、25金屬製品製造業、26電子零組件製造業、27電腦、電子產品及光學製品製造業、33其他製造業  ,242鋁、249其他基本金屬、251金屬刀具、手工具及模具、254金屬加工處理、259其他金屬製品、269其他電子零組件、271電腦及其週邊設備、332醫療器材及用品  
11508.csv,台同儀器有限公司台南廠,S6700242,,臺南市歸仁區七甲里南丁路73巷89號,臺南市歸仁區七甲里,蔡美雲,23497832,有限公司,,1090709,生產中,33其他製造業  ,332醫療器材及用品  
11508.csv,台暉鋁業股份有限公司,99656694,07110000078939,臺南市官田區二鎮里工業路18號,臺南市官田區二鎮里,黃東燦　　　,69728717,股份有限公司,0710503,0741223,生產中,24基本金屬製造業  ,242鋁  
11508.csv,台暉鋁業股份有限公司官田二廠,67000212,,臺南市官田區二鎮里工業路5號,臺南市官田區二鎮里,黃東燦,69728717,股份有限公司,,1001014,生產中,24基本金屬製造業  ,242鋁  
11508.csv,台灣優杏生物科技股份有限公司,99635334,08410006224217,臺中市太平區建國里鵬儀路三二０巷三弄一號,臺中市太平區建國里,陳明進,86393861,股份有限公司,0840925,0841102,生產中,08食品製造業  ,089其他食品  
11508.csv,台灣日亞化學股份有限公司,99630039,07610000105317,新竹縣湖口鄉湖南村光復北路６號,新竹縣湖口鄉湖南村,戴圳家,47297242,股份有限公司,0760113,0780616,生產中,19其他化學製品製造業、26電子零組件製造業  ,192塗料、染料及顏料、264光電材料及元件  
11508.csv,台灣精碳有限公司永康廠,67000406,,臺南市永康區尚頂里中正南路306巷12號,臺南市永康區尚頂里,劉建新,24389826,有限公司,,1010810,生產中,33其他製造業  ,332醫療器材及用品  
11508.csv,台灣農林股份有限公司苗栗分公司,99632003,06910005245764,苗栗縣三義鄉勝興村水美三０七巷一五五號,苗栗縣三義鄉勝興村,徐珮雯,27243748,股份有限公司,0691227,0691231,生產中,08食品製造業  ,089其他食品  
11508.csv,晟達精密壓鑄股份有限公司,99658117,07810000281852,臺南市官田區二鎮里成功街56號,臺南市官田區二鎮里,黃澤霖,23400128,股份有限公司,0780715,0791204,生產中,24基本金屬製造業、25金屬製品製造業  ,242鋁、249其他基本金屬、251金屬刀具、手工具及模具  
11508.csv,晶遠光學工程股份有限公司,99702421,,臺中市西屯區協和里工業區三十八路１８３號,臺中市西屯區協和里,李宏德,89819285,股份有限公司,,0961025,生產中,27電腦、電子產品及光學製品製造業、22塑膠製品製造業、25金屬製品製造業  ,277光學儀器及設備、220塑膠製品、251金屬刀具、手工具及模具  
11508.csv,暉華工業股份有限公司,99663097,07010012018742,高雄市仁武區仁武里工業一路10號,高雄市仁武區仁武里,盧福淇,75926566,股份有限公司,0791231,0680403,生產中,24基本金屬製造業、25金屬製品製造業、29機械設備製造業、30汽車及其零件製造業、31其他運輸工具及其零件製造業  ,242鋁、259其他金屬製品、293通用機械設備、303汽車零件、312機車及其零件  
11508.csv,暉達齒輪股份有限公司,S0800156,,南投縣草屯鎮石川里碧興路2段1221巷72號,南投縣草屯鎮石川里,江孟莉,24281629,股份有限公司,,1140715,生產中,25金屬製品製造業  ,259其他金屬製品  
11508.csv,更新企業有限公司,99659443,08610011303565,臺南市仁德區仁義里中山路95巷8之1號,臺南市仁德區仁義里,許瑞竹　　　,97241504,有限公司,0860516,0861013,生產中,12成衣及服飾品製造業  ,121成衣、123服飾品  
11508.csv,有謚有限公司,99624222,08710000905068,桃園市龍潭區烏林里工二路七０巷二一弄三號一樓,桃園市龍潭區烏林里,廖有來　　　,16489462,有限公司,0870609,0870709,生產中,22塑膠製品製造業、29機械設備製造業  ,293通用機械設備、220塑膠製品  
11508.csv,東山模具有限公司,S6701248,,臺南市歸仁區西埔里智慧科學大道二段747號,臺南市歸仁區西埔里,薛振雄,24255426,有限公司,,1150416,生產中,25金屬製品製造業  ,251金屬刀具、手工具及模具、259其他金屬製品  
11508.csv,東特興業有限公司,66002825,,臺中市霧峰區本鄉里林森路949巷46號,臺中市霧峰區本鄉里,張登弘,24350435,有限公司,,1030620,生產中,25金屬製品製造業、29機械設備製造業  ,259其他金屬製品、293通用機械設備  
11508.csv,東琳興業股份有限公司,99722017,,南投縣南投市永豐里工業北路40號,南投縣南投市永豐里,蕭瑞明,28924341,股份有限公司,,0980813,生產中,18化學材料及肥料製造業  ,181化學原材料  
11508.csv,東瑞鋼鐵有限公司,S6800293,,桃園市中壢區山東里4鄰山東路157巷21號,桃園市中壢區山東里,李淑娟,80631654,有限公司,,1090529,生產中,25金屬製品製造業  ,254金屬加工處理  
11508.csv,東豐交通工業股份有限公司新巿廠,99658711,06910000243001,臺南市新市區港墘里興業路1號,臺南市新市區港墘里,吳三仁　　　,06386543,股份有限公司,0691210,0740701,生產中,30汽車及其零件製造業、31其他運輸工具及其零件製造業、21橡膠製品製造業  ,303汽車零件、312機車及其零件、210橡膠製品  
11508.csv,松源五金工廠股份有限公司,99657997,06010000104263,臺南市仁德區保安里開發二路1號,臺南市仁德區保安里,陳發源　　　,73129685,股份有限公司,0601109,0620824,生產中,25金屬製品製造業、24基本金屬製造業  ,242鋁、259其他金屬製品  
11508.csv,林華泰茶行有限公司,63021758,04363000001062,臺北市大同區民權里重慶北路二段一九三號一樓,臺北市大同區民權里,林秀峯,07241026,有限公司,0430721,0590415,生產中,08食品製造業  ,089其他食品  
11508.csv,梁宇鋼鐵有限公司,07006259,,彰化縣福興鄉元中村復興路5-5號1樓,彰化縣福興鄉元中村,梁宇廷,12745814,有限公司,,1141211,生產中,25金屬製品製造業  ,259其他金屬製品  
11508.csv,森立鋼索廠股份有限公司,99652863,08210000084332,南投縣南投市平山里自強二路15號,南投縣南投市平山里,張坤林,97751082,股份有限公司,0821016,0830801,生產中,24基本金屬製造業、25金屬製品製造業  ,241鋼鐵  
11508.csv,森耀實業有限公司,99687125,,桃園市蘆竹區新興里中興路106號,桃園市蘆竹區新興里,葉寶環,89553243,有限公司,,0920820,生產中,25金屬製品製造業、31其他運輸工具及其零件製造業、22塑膠製品製造業  ,251金屬刀具、手工具及模具、319未分類其他運輸工具及其零件、220塑膠製品  
11508.csv,楷翔科技有限公司,68003514,,桃園市觀音區大堀里5鄰大富路253巷36號,桃園市觀音區大堀里,陳宏貴,24266774,有限公司,,1090714,生產中,29機械設備製造業  ,293通用機械設備  
11508.csv,楷豐科技股份有限公司竹北廠,04001309,,新竹縣竹北市聯興里環北路3段236號,新竹縣竹北市聯興里,顏慧貞,24391077,股份有限公司,,1141029,生產中,29機械設備製造業、29機械設備製造業  ,292其他專用機械設備  
11508.csv,樺智有限公司,64007521,,高雄市大寮區潮寮里富民街2-1號,高雄市大寮區潮寮里,吳順智,80376984,有限公司,,1050414,生產中,22塑膠製品製造業、24基本金屬製造業、25金屬製品製造業  ,220塑膠製品、241鋼鐵、242鋁、243銅、249其他基本金屬、254金屬加工處理  
11508.csv,欣佳泰鋼鐵材有限公司,99650924,08610007222093,彰化縣埤頭鄉永豐村東西路７４９巷２１號,彰化縣埤頭鄉永豐村,薛淑品　,89529434,有限公司,0861205,0871026,生產中,24基本金屬製造業  ,241鋼鐵  
11508.csv,欣佳泰鋼鐵材有限公司二廠,S0700213,,彰化縣埤頭鄉永豐村東西路541巷2號,彰化縣埤頭鄉永豐村,薛淑品,89529434,有限公司,,1090508,生產中,25金屬製品製造業  ,254金屬加工處理  
11508.csv,欣桂實業股份有限公司,99673364,08610000802426,臺南市南區彰南里新義南路46號,臺南市南區彰南里,董欣杰,69537153,股份有限公司,0860327,0860604,生產中,32家具製造業、18化學材料及肥料製造業  ,320家具、181化學原材料  
11508.csv,正展鋼鐵有限公司樹林廠,99602792,08910001000359,新北市樹林區彭厝里八德街332號,新北市樹林區彭厝里,林惠玲,89356480,有限公司,0890117,0891220,生產中,24基本金屬製造業、25金屬製品製造業  ,249其他基本金屬、259其他金屬製品  
11508.csv,正源博電子股份有限公司,99624241,08810003329071,桃園市龜山區南上里南上路290巷21弄7號,桃園市龜山區南上里,曲志仁,89381713,股份有限公司,0880917,0881002,生產中,26電子零組件製造業  ,263印刷電路板  
11508.csv,正瀛鋼鐵企業有限公司,13000775,,屏東縣新園鄉田洋村22鄰巖仔路1-68號,屏東縣新園鄉田洋村,張簡正文,28042163,有限公司,,1111123,生產中,25金屬製品製造業  ,254金屬加工處理  
11508.csv,正瀛鋼鐵企業有限公司,S6401536,,高雄市大寮區會結里營後街3號,高雄市大寮區會結里,張簡正文,28042163,有限公司,,1150828,生產中,25金屬製品製造業  ,254金屬加工處理  
11508.csv,正遠工程企業有限公司大發廠,99662499,07410012092582,高雄市大寮區潮寮里富民街１４號,高雄市大寮區潮寮里,黃月琴,23667646,有限公司,0791231,0791231,生產中,24基本金屬製造業  ,241鋼鐵  
11508.csv,瑋聖鋼鐵有限公司,07003680,,彰化縣彰化市西興里彰草路45巷9之1號1樓,彰化縣彰化市西興里,趙杰豐,86787767,有限公司,,1090525,生產中,25金屬製品製造業  ,259其他金屬製品  
11508.csv,瑞克大衛國際有限公司,13000911,,屏東縣屏東市橋南里工業二路28號,屏東縣屏東市橋南里,黃春暉,24219267,有限公司,,1130807,生產中,25金屬製品製造業  ,251金屬刀具、手工具及模具、252金屬結構及建築組件  
11508.csv,瑞成銅器股份有限公司彰濱廠,99679659,,彰化縣鹿港鎮海埔里工業東三路９號,彰化縣鹿港鎮海埔里,郭獻居　,22133855,股份有限公司,,0940401,生產中,24基本金屬製造業  ,243銅  
11508.csv,瑞新化學材料股份有限公司,03000260,,桃園市龜山區南上里南祥路30巷5號,桃園市龜山區南上里,游象和,24295525,股份有限公司,,1000216,生產中,19其他化學製品製造業  ,199未分類其他化學製品  
11508.csv,瑞欣電腦股份有限公司,65010690,,新北市汐止區樟樹里大同路1段306之3號9樓,新北市汐止區樟樹里,鄒良韜,24335391,股份有限公司,,1111004,生產中,26電子零組件製造業、27電腦、電子產品及光學製品製造業  ,269其他電子零組件、271電腦及其週邊設備  
11508.csv,瑞欣電腦股份有限公司一廠,65013401,,新北市汐止區樟樹里大同路1段306之3號11樓,新北市汐止區樟樹里,鄒良韜,24335391,股份有限公司,,1150306,生產中,26電子零組件製造業、27電腦、電子產品及光學製品製造業  ,269其他電子零組件、271電腦及其週邊設備  
11508.csv,瑞茂金屬有限公司,65000548,,新北市樹林區三龍里中正路693號1.2.3樓,新北市樹林區三龍里,劉秀勤,27480517,有限公司,,1000707,生產中,29機械設備製造業、25金屬製品製造業、24基本金屬製造業、28電力設備及配備製造業、30汽車及其零件製造業、31其他運輸工具及其零件製造業  ,293通用機械設備、251金屬刀具、手工具及模具、242鋁、285家用電器、303汽車零件、312機車及其零件  
11508.csv,昶緣興化學工業股份有限公司,99601791,06810000224161,新北市土城區廷寮里永豐路一九五巷一九號,新北市土城區廷寮里,陳國山,34281486,股份有限公司,0580101,0710802,生產中,19其他化學製品製造業、18化學材料及肥料製造業  ,181化學原材料、183肥料及氮化合物、199未分類其他化學製品、192塗料、染料及顏料、193清潔用品及化粧品  
11508.csv,晟宏鑄造廠股份有限公司,99671451,06910000130121,臺中市西屯區港尾里同志巷６３號,臺中市西屯區港尾里,廖志岳,52820731,股份有限公司,0690502,0690502,生產中,24基本金屬製造業  ,241鋼鐵  
11508.csv,晟寶鑄造股份有限公司二廠,S6601677,,臺中市神岡區庄後里大圳路31號,臺中市神岡區庄後里,周志昇,23402625,股份有限公司,,1100201,生產中,24基本金屬製造業  ,241鋼鐵  
11508.csv,晟展精密工業股份有限公司,65000656,,新北市新莊區西盛里大安路30巷10號1樓,新北市新莊區西盛里,陳建宏,80712136,股份有限公司,,1000810,生產中,24基本金屬製造業、25金屬製品製造業、29機械設備製造業  ,242鋁、251金屬刀具、手工具及模具、291金屬加工用機械設備  
11508.csv,印隆興業股份有限公司,99685240,07510012094251,高雄市大寮區潮寮里田單七街１０號,高雄市大寮區潮寮里,戴月照,75959453,股份有限公司,0791231,0791231,生產中,24基本金屬製造業  ,241鋼鐵  
11508.csv,原陽實業股份有限公司,99632759,07510005083545,苗栗縣通霄鎮坪頂里14鄰坪頂133之9號,苗栗縣通霄鎮坪頂里,黃文平,22203438,股份有限公司,0750912,0750912,生產中,24基本金屬製造業  ,241鋼鐵、242鋁、249其他基本金屬  
11508.csv,友祥金屬有限公司,99609327,08010001125396,新北市五股區興珍里國道路3段8巷5號,新北市五股區興珍里,張秀蘭,23952418,有限公司,0800515,0800614,生產中,25金屬製品製造業、29機械設備製造業、30汽車及其零件製造業  ,259其他金屬製品、293通用機械設備、291金屬加工用機械設備、303汽車零件  
11508.csv,可拉利樂器社,66011204,,臺中市神岡區社南里中山路851巷35弄41號1樓,臺中市神岡區社南里,余志男,21466242,獨資,,1130506,生產中,33其他製造業  ,331育樂用品  
11508.csv,台嘉林實業有限公司,10000243,,嘉義縣大林鎮明華里15鄰湖底65號,嘉義縣大林鎮明華里,楊孟錫,54837738,有限公司,,1060119,生產中,24基本金屬製造業、22塑膠製品製造業  ,249其他基本金屬、220塑膠製品  
11508.csv,台暐企業有限公司,99601165,,新北市三重區大有里中正北路五三二號九樓,新北市三重區大有里,簡順益,31342426,有限公司,,0900910,生產中,11紡織業  ,115紡織品  
11508.csv,台東縣新港區漁會水產品加工廠,14000052,,臺東縣成功鎮忠仁里港邊路1-7號,臺東縣成功鎮忠仁里,陳俊銘,93332428,漁會,,1110427,生產中,08食品製造業  ,082水產加工  
11508.csv,台灣先進手術醫療器材股份有限公司,95A00959,,新竹科學園區新竹縣竹北市東海里生醫路2段12號3樓,新竹縣竹北市東海里,林美華,53242203,股份有限公司,,1010601,生產中,33其他製造業  ,332醫療器材及用品  
11508.csv,台灣安西工業股份有限公司,99619607,07810001033875,新北市汐止區環河里環河街八八巷四號一、二樓,新北市汐止區環河里,賴志明,23224137,股份有限公司,0780216,0780710,生產中,29機械設備製造業  ,292其他專用機械設備  
11508.csv,台灣安麗莎醫療器材科技股份有限公司,63022428,,臺北市南港區東新里重陽路二一八之二號,臺北市南港區東新里,連炎,54365575,股份有限公司,,1060926,生產中,27電腦、電子產品及光學製品製造業  ,276輻射及電子醫學設備、272通訊傳播設備  
11508.csv,台灣連興綿織股份有限公司,99651850,06910000146716,彰化縣田尾鄉溪頂村三溪路１段３０１巷６號、８號,彰化縣田尾鄉溪頂村,顏招明,24151941,股份有限公司,0690716,0710203,生產中,11紡織業  ,111紡紗、114染整  
11508.csv,台灣連興綿織股份有限公司三廠,S0701424,,彰化縣田尾鄉新厝村光明巷臨56號,彰化縣田尾鄉新厝村,顏招明,24151941,股份有限公司,,1091126,生產中,11紡織業  ,111紡紗  
11508.csv,晟鈦股份有限公司蘆二廠,99722658,,桃園市蘆竹區瓦窯里南山路一段280號,桃園市蘆竹區瓦窯里,莊明理,22570840,股份有限公司,,0990920,生產中,24基本金屬製造業  ,243銅  
11508.csv,暐宇貿易有限公司,99614634,08110001062423,新北市新店區江陵里民生路一七號一樓,新北市新店區江陵里,李秀娟,22359311,有限公司,0810310,0810324,生產中,29機械設備製造業、25金屬製品製造業、22塑膠製品製造業  ,293通用機械設備、251金屬刀具、手工具及模具、220塑膠製品  
11508.csv,暐忠工業股份有限公司,99611769,08010001308903,新北市三重區中興里中興北街五四之二號,新北市三重區中興里,陳美珍,84431242,股份有限公司,0801011,0801018,生產中,29機械設備製造業、25金屬製品製造業  ,293通用機械設備、251金屬刀具、手工具及模具  
11508.csv,有進工程有限公司,68006492,,桃園市平鎮區鎮興里興隆路242號,桃園市平鎮區鎮興里,陳明松,86012820,有限公司,,1131226,生產中,25金屬製品製造業  ,254金屬加工處理、259其他金屬製品  
11508.csv,有長工業股份有限公司,99648002,07310000025528,彰化縣彰化市牛埔里一德南路35號,彰化縣彰化市牛埔里,吳有長　,22382410,股份有限公司,0730123,0760714,生產中,29機械設備製造業、31其他運輸工具及其零件製造業  ,293通用機械設備、319未分類其他運輸工具及其零件  
11508.csv,朝陽鋼鐵工業股份有限公司,64005071,8464126071,高雄市小港區店鎮里光陽街１號,高雄市小港區店鎮里,謝石坤鷹,82012193,股份有限公司,0840816,0840825,生產中,25金屬製品製造業  ,259其他金屬製品  
11508.csv,朝順國際有限公司,S0701220,,彰化縣線西鄉溝內村復興路240巷30號,彰化縣線西鄉溝內村,許宏裕,24278645,有限公司,,1090903,生產中,11紡織業  ,115紡織品  
11508.csv,東晉鋼鐵實業股份有限公司台中廠,99669108,07610000195679,臺中市西屯區協和里工業區八路２５號,臺中市西屯區協和里,陳价裕,12502669,股份有限公司,0760527,0771104,生產中,24基本金屬製造業  ,241鋼鐵  
11508.csv,東鼎企業社,99668988,,新竹市香山區埔前里牛埔東路508巷17號1樓,新竹市香山區埔前里,汪詠傑,78782424,合夥,,0950921,生產中,25金屬製品製造業、24基本金屬製造業、25金屬製品製造業、30汽車及其零件製造業  ,242鋁、259其他金屬製品、303汽車零件  
11508.csv,元鴻興有限公司,66009210,,臺中市龍井區忠和里台西南路251巷41號,臺中市龍井區忠和里,林達立,24203912,有限公司,,1100618,生產中,25金屬製品製造業、30汽車及其零件製造業、31其他運輸工具及其零件製造業  ,251金屬刀具、手工具及模具、259其他金屬製品、303汽車零件、312機車及其零件、313自行車及其零件  
11508.csv,光政鋼纜工業股份有限公司南投廠,99652267,07710000000421,南投縣南投市永豐里成功三路一三四號,南投縣南投市,林淑嬌,22559280,股份有限公司,0770512,0770512,生產中,24基本金屬製造業、25金屬製品製造業  ,241鋼鐵、254金屬加工處理  
11508.csv,光昇實業股份有限公司,99607409,07410000028630,新北市鶯歌區大湖里大湖路四五二號,新北市鶯歌區大湖里,蔡春三,02631159,股份有限公司,0740214,0760413,生產中,24基本金屬製造業、25金屬製品製造業、29機械設備製造業、26電子零組件製造業  ,242鋁、259其他金屬製品、293通用機械設備、264光電材料及元件、269其他電子零組件  
11508.csv,全興鋼鐵企業有限公司工廠,S0700901,,彰化縣線西鄉頂犁村中央路一段125號,彰化縣線西鄉頂犁村,潘秀怡,24437284,有限公司,,1090713,生產中,25金屬製品製造業  ,252金屬結構及建築組件  
11508.csv,全舜光學科技有限公司,67000748,,臺南市永康區塩行里28鄰中正三街129號1樓、2樓,臺南市永康區塩行里,吳玉盞,24240796,有限公司,,1021126,生產中,33其他製造業  ,332醫療器材及用品  
11508.csv,公成企業股份有限公司,99625482,07610003102450,桃園市龜山區南上里民生北路一段372號,桃園市龜山區南上里,沈雪梅　,11105608,股份有限公司,0760807,0780303,生產中,24基本金屬製造業、25金屬製品製造業  ,243銅、259其他金屬製品  
11508.csv,六和機械股份有限公司,99626632,06010000082264,桃園市中壢區水尾里新生路二段334號,桃園市中壢區水尾里,宗緒順　　　,44528635,股份有限公司,0580101,0610607,生產中,32家具製造業、24基本金屬製造業、29機械設備製造業、30汽車及其零件製造業、31其他運輸工具及其零件製造業  ,320家具、241鋼鐵、292其他專用機械設備、293通用機械設備、303汽車零件、319未分類其他運輸工具及其零件  
11508.csv,六合鋁業股份有限公司,99659191,07910000172412,臺南市關廟區深坑里南雄路1段100號,臺南市關廟區深坑里,林耀文,23519054,股份有限公司,0790609,0810422,生產中,25金屬製品製造業  ,254金屬加工處理  
11508.csv,共輪金屬工業股份有限公司,99654831,07710000266108,嘉義縣民雄鄉北斗村成功街３６號,嘉義縣民雄鄉北斗村,邱聰安,22950742,股份有限公司,0770809,0780707,生產中,24基本金屬製造業  ,241鋼鐵  
11508.csv,元宙化學製藥股份有限公司,99652181,06810000268241,南投縣南投市永豐里南崗三路272號,南投縣南投市永豐里,廖麗玉,61923456,股份有限公司,0580101,0580101,生產中,20藥品及醫用化學製品製造業  ,200藥品及醫用化學製品  
11508.csv,元盈鋼鐵股份有限公司,S6800534,,桃園市蘆竹區新莊里新生路48號(通訊地址)（廠址：桃園市蘆竹區新庄子段1646-7地號）,桃園市蘆竹區新莊里,陳美雲,86179665,股份有限公司,,1140926,生產中,25金屬製品製造業  ,254金屬加工處理  
11508.csv,元盈鋼鐵股份有限公司蘆竹廠,S6800013,,桃園市蘆竹區新莊里新生路48號,桃園市蘆竹區新莊里,陳美雲,86179665,股份有限公司,,1090514,生產中,25金屬製品製造業  ,254金屬加工處理  
11508.csv,光明鑄造工廠,99640370,06410006042905,臺中市烏日區光明里五光路六九七號,臺中市烏日區光明里,黃金木,55729335,獨資,0580101,0891218,生產中,29機械設備製造業、31其他運輸工具及其零件製造業、24基本金屬製造業  ,292其他專用機械設備、312機車及其零件、241鋼鐵  
11508.csv,光明鑄造工廠一廠,S6601693,,臺中市烏日區光明里五光路復光一巷55號,臺中市烏日區光明里,黃金木,55729335,獨資,,1100406,生產中,24基本金屬製造業、29機械設備製造業  ,241鋼鐵、293通用機械設備  
11508.csv,光陽工業股份有限公司第二廠,64000379,6464034317,高雄市三民區灣興里灣興街６１號,高雄市三民區灣興里,柯俊斌,75195800,股份有限公司,0640423,0661116,生產中,31其他運輸工具及其零件製造業、24基本金屬製造業、25金屬製品製造業  ,241鋼鐵、254金屬加工處理、242鋁、312機車及其零件、251金屬刀具、手工具及模具  
11508.csv,全大威企業有限公司,66001522,,臺中市龍井區忠和里工業路246巷23號,臺中市龍井區忠和里,吳江川,24378659,有限公司,,1011203,生產中,30汽車及其零件製造業  ,302車體、303汽車零件  
11508.csv,全威鋼鐵工業股份有限公司,99649942,07510007056954,彰化縣埔心鄉埔心村員鹿路３段１５６號,彰化縣埔心鄉埔心村,陳陸訓,23952851,股份有限公司,0750808,0780320,生產中,24基本金屬製造業  ,241鋼鐵  
11508.csv,全威鋼鐵工業股份有限公司二廠,S0701886,,彰化縣埔心鄉二重村柳橋西路773號及770號,彰化縣埔心鄉二重村,陳陸訓,23952851,股份有限公司,,1120213,生產中,24基本金屬製造業  ,241鋼鐵  
11508.csv,全芯鋼鐵製品廠有限公司,07000742,,彰化縣溪湖鎮中山里大溪路一段606巷9號1樓,彰化縣溪湖鎮中山里,蔡漢銘,53983894,有限公司,,1020221,生產中,25金屬製品製造業  ,254金屬加工處理  
11508.csv,全茂紙器社,S0700478,,彰化縣鹿港鎮詔安里詔安巷96號,彰化縣鹿港鎮詔安里,許家銘,24156896,合夥,,1090601,生產中,15紙漿、紙及紙製品製造業  ,152瓦楞紙板及紙容器  
11508.csv,六健工程有限公司,S1000235,,嘉義縣水上鄉寬士村2鄰崎子頭51之12號,嘉義縣水上鄉寬士村,陳献庚,24282789,有限公司,,1140508,生產中,28電力設備及配備製造業、28電力設備及配備製造業  ,283電線及配線器材  
11508.csv,六福鋼鐵股份有限公司,99639675,06410006022056,臺中市大肚區王田里沙田路一段320巷36之6號,臺中市大肚區王田里,黃義雄,55726169,股份有限公司,0640305,0640305,生產中,25金屬製品製造業  ,254金屬加工處理  
11508.csv,冠宣有限公司,99664749,08910012800505,高雄市梓官區梓平里和平路１３之１２號,高雄市梓官區梓平里,鄭水德,24376316,有限公司,0890515,0890518,生產中,25金屬製品製造業  ,254金屬加工處理  
11508.csv,允茂展業有限公司,65004265,,新北市新莊區西盛里新樹路234巷20號1樓,新北市新莊區西盛里,陳雅惠,24220644,有限公司,,1040811,生產中,22塑膠製品製造業、25金屬製品製造業  ,220塑膠製品、251金屬刀具、手工具及模具  
11508.csv,元展汽車股份有限公司,03002488,,桃園市龜山區山頂里山鶯路163號(1樓),桃園市龜山區山頂里,程寶明,24280987,股份有限公司,,1031007,生產中,30汽車及其零件製造業  ,303汽車零件  
11508.csv,元山五金工業股份有限公司,99603911,06410000163502,新北市土城區頂埔里中央路4段29號,新北市土城區頂埔里,吳錡洋,33031525,股份有限公司,0580101,0660716,生產中,24基本金屬製造業、25金屬製品製造業、29機械設備製造業  ,249其他基本金屬、259其他金屬製品、293通用機械設備、241鋼鐵  
11508.csv,元祥金屬工業股份有限公司,99647521,06810000110964,彰化縣彰化市莿桐里彰水路１７５號,彰化縣彰化市莿桐里,張慶修,59246402,股份有限公司,0680319,0710104,生產中,24基本金屬製造業  ,243銅、249其他基本金屬  
11508.csv,元祥金屬工業股份有限公司第二廠,99647566,08710007027504,彰化縣彰化市莿桐里彰水路１８３巷３５號,彰化縣彰化市莿桐里,張慶修,59246402,股份有限公司,0870310,0890320,生產中,24基本金屬製造業  ,243銅  
11508.csv,兆亮科技股份有限公司,67003643,,臺南市南區彰南里新愛路23號,臺南市南區彰南里,劉義明,24256656,股份有限公司,,1120815,生產中,25金屬製品製造業  ,259其他金屬製品  
11508.csv,兆領企業股份有限公司,99606380,08510001225764,新北市樹林區南園里佳園路三段一二九號一樓,新北市樹林區南園里,呂惠清,96882419,股份有限公司,0850708,0850723,生產中,22塑膠製品製造業、28電力設備及配備製造業  ,220塑膠製品、283電線及配線器材  
11508.csv,兆鴻印刷科技有限公司三峽廠,99718846,,新北市三峽區添福里添福一四之三八號,新北市三峽區添福里,蔡葉秀妹,24260624,有限公司,,0971114,生產中,16印刷及資料儲存媒體複製業  ,160印刷及資料儲存媒體複製  
11508.csv,光昰企業有限公司一廠,99669599,08210019002421,臺中市南區樹義里復興路一段１５２巷６弄１６號,臺中市南區樹義里,張銘塗,52875496,有限公司,0821108,0850206,生產中,30汽車及其零件製造業、31其他運輸工具及其零件製造業  ,303汽車零件、312機車及其零件  
11508.csv,光本科技股份有限公司,68000242,,桃園市龍潭區烏林里工一路150巷26號(1樓),桃園市龍潭區烏林里,黃世炫,28811450,股份有限公司,,1040818,生產中,26電子零組件製造業  ,269其他電子零組件  
11508.csv,光隆股份有限公司,99633605,06110006080709,臺中市大雅區西寶里雅潭路三段472號,臺中市大雅區西寶里,張武隆,51234115,股份有限公司,0610816,0610816,生產中,24基本金屬製造業  ,241鋼鐵  
11508.csv,光隆鋼鐵股份有限公司,05000868,,苗栗縣三義鄉西湖村14鄰伯公坑40之33號1樓,苗栗縣三義鄉西湖村,陳世峯,25150315,股份有限公司,,1140102,生產中,25金屬製品製造業  ,252金屬結構及建築組件、254金屬加工處理  
11508.csv,光隆鋼鐵股份有限公司通霄廠,05000903,,苗栗縣通霄鎮通灣里10鄰通灣101之7號,苗栗縣通霄鎮通灣里,陳世峯,25150315,股份有限公司,,1140708,生產中,25金屬製品製造業  ,252金屬結構及建築組件、254金屬加工處理  
11508.csv,全宏生醫有限公司,99711824,,臺南市西港區西港里中山路480號,臺南市西港區西港里,鄭德勝,24383219,有限公司,,0981001,生產中,19其他化學製品製造業  ,193清潔用品及化粧品  
11508.csv,全漢企業股份有限公司桃園廠,99624106,08810000063586,桃園市桃園區大林里建國東路二二號,桃園市桃園區大林里,鄭雅仁,84239055,股份有限公司,0880507,0891220,生產中,26電子零組件製造業  ,269其他電子零組件  
11508.csv,全瀅企業有限公司,99675286,07610000118189,臺南市南區佛壇里興南街344號,臺南市南區佛壇里,葉碧琴,22413722,有限公司,0760320,0761111,生產中,25金屬製品製造業、22塑膠製品製造業  ,254金屬加工處理、220塑膠製品  
11508.csv,六成功五金科技股份有限公司八里廠,99695025,,新北市八里區埤頭里忠孝路四九六號一、二樓,新北市八里區埤頭里,邱子烈,36226018,股份有限公司,,0950104,生產中,24基本金屬製造業、25金屬製品製造業、29機械設備製造業  ,241鋼鐵、254金屬加工處理、259其他金屬製品、293通用機械設備、251金屬刀具、手工具及模具  
11508.csv,六造企業有限公司,99685451,,高雄市岡山區本洲里本洲路９３巷１號,高雄市岡山區本洲里,洪三奇,81254290,有限公司,,0930115,生產中,24基本金屬製造業、29機械設備製造業  ,241鋼鐵、293通用機械設備  
11508.csv,冠美綜合特殊印刷有限公司,99613976,07310001211946,新北市新莊區雙鳳里鳳山街二四巷一號,新北市新莊區雙鳳里,洪正男,12428710,有限公司,0730828,0750407,生產中,16印刷及資料儲存媒體複製業  ,160印刷及資料儲存媒體複製  
11508.csv,冠肥股份有限公司,08000136,,南投縣南投市軍功里中興路229巷8號,南投縣南投市軍功里,李美慧,54243969,股份有限公司,,1031029,生產中,18化學材料及肥料製造業  ,183肥料及氮化合物  
11508.csv,冠華塑膠企業有限公司,65002079,,新北市樹林區中華路379巷78弄7號1、2樓,新北市樹林區,林俊麟,34124260,有限公司,,1020320,生產中,22塑膠製品製造業  ,220塑膠製品  
11508.csv,兆勁科技股份有限公司竹南分公司,99632995,08710000912434,苗栗縣竹南鎮公義里一一鄰友義路七七號,苗栗縣竹南鎮公義里,紀政孝,16130774,本國公司之分公司,0871231,0890503,生產中,27電腦、電子產品及光學製品製造業  ,271電腦及其週邊設備、272通訊傳播設備  
11508.csv,全家寶工業有限公司,99624948,08410003224158,桃園市觀音區上大里福恩路一段69號（1樓）,桃園市觀音區上大里,許長甲　　　,16014000,有限公司,0841020,0841027,生產中,28電力設備及配備製造業  ,285家用電器  
11508.csv,全烽鋼鐵有限公司,S0500105,,苗栗縣後龍鎮南龍里勝利街二二八之一一號,苗栗縣後龍鎮南龍里,杜秀燕,84541590,有限公司,,1090629,生產中,25金屬製品製造業  ,252金屬結構及建築組件  
11508.csv,全球儀器科技股份有限公司,68004345,,桃園市桃園區汴洲里春日路1492號9樓、1492-1號9樓,桃園市桃園區汴洲里,李建賢,24395524,股份有限公司,,1100726,生產中,29機械設備製造業  ,293通用機械設備  
11508.csv,冠軍工程行,07006089,11410007800222,彰化縣埤頭鄉中和村廟前路19巷2號1樓,彰化縣埤頭鄉中和村,陳國忠,82422794,獨資,1140618,1140627,生產中,25金屬製品製造業  ,259其他金屬製品  
11508.csv,冠達製模企業社,S0703241,,彰化縣和美鎮南佃里大佃路255巷202弄18號,彰化縣和美鎮南佃里,蔡國中,78166414,獨資,,1140731,生產中,25金屬製品製造業  ,251金屬刀具、手工具及模具  
11508.csv,允順工程行工廠,07004134,,彰化縣彰化市平和里平安街66巷32號1樓,彰化縣彰化市平和里,丁友崧,94935242,合夥,,1100311,生產中,23非金屬礦物製品製造業  ,234石材製品  
11508.csv,元緯科技股份有限公司土城廠,99602523,,新北市土城區沛陂里復興街六號,新北市土城區沛陂里,黃慧貞,84243641,股份有限公司,,0820601,生產中,22塑膠製品製造業  ,220塑膠製品  
11508.csv,兆宏精密股份有限公司,S6602393,,臺中市神岡區神洲里溪洲路99巷12號,臺中市神岡區神洲里,林書仲,24387593,股份有限公司,,1140424,生產中,25金屬製品製造業  ,251金屬刀具、手工具及模具  
11508.csv,光泓股份有限公司,99657290,07610011132438,臺南市永康區塩洲里洲工街151號,臺南市永康區塩洲里,劉嘉仁　　　,69850006,股份有限公司,0761109,0770506,生產中,32家具製造業、29機械設備製造業  ,320家具、293通用機械設備、292其他專用機械設備  
11508.csv,光泰工業股份有限公司,99686241,07610003103736,桃園市平鎮區雙連里民族路雙連二段一六三號,桃園市平鎮區雙連里,翁世璿　,33099587,股份有限公司,0761009,0761024,生產中,21橡膠製品製造業、22塑膠製品製造業  ,210橡膠製品、220塑膠製品  
11508.csv,全富農業生技有限公司,07003959,,彰化縣彰化市國聖里國聖路175巷121弄69-2號,彰化縣彰化市國聖里,王慈瑋,83762428,有限公司,,1091201,生產中,18化學材料及肥料製造業  ,183肥料及氮化合物  
11508.csv,全瑋塑膠企業社,07003415,,彰化縣彰化市茄南里茄苳路一段242號1樓,彰化縣彰化市茄南里,陳均瑋,26931140,獨資,,1081028,生產中,25金屬製品製造業  ,259其他金屬製品  
11508.csv,冠鋐汽車有限公司一廠,64010363,,高雄市燕巢區鳳雄里鳳東路243號,高雄市燕巢區鳳雄里,陳建宏,45140343,有限公司,,1150306,生產中,30汽車及其零件製造業  ,302車體  
11508.csv,凃三泰有限公司,99692489,,新北市新莊區瓊林里瓊林南路75之16號1樓,新北市新莊區瓊林里,凃泓宇,70525606,有限公司,,0930504,生產中,24基本金屬製造業、25金屬製品製造業  ,241鋼鐵、254金屬加工處理  
11508.csv,元一實業股份有限公司,99656788,06310000080789,臺南市仁德區二行里二仁路1段193號,臺南市仁德區二行里,曾俊仁　　,72050149,股份有限公司,0630614,0630706,生產中,24基本金屬製造業、25金屬製品製造業  ,242鋁、249其他基本金屬、252金屬結構及建築組件、259其他金屬製品  
11508.csv,元成興企業有限公司潭子廠,66000186,,臺中市潭子區潭秀里潭富路一段64巷15號,臺中市潭子區潭秀里,張婉瑩,27480241,有限公司,,1000425,生產中,29機械設備製造業  ,293通用機械設備  
11508.csv,先統企業社,S6701290,,臺南市安南區總頭里總安街二段241號之1,臺南市安南區總頭里,蔡慧杰,10195659,獨資,,1150618,生產中,22塑膠製品製造業  ,220塑膠製品  
11508.csv,先豐有限公司,67003702,,臺南市永康區塩行里正南三路241號,臺南市永康區塩行里,林忠遠,42928059,有限公司,,1121115,生產中,29機械設備製造業、30汽車及其零件製造業、31其他運輸工具及其零件製造業  ,292其他專用機械設備、293通用機械設備、303汽車零件、312機車及其零件  
11508.csv,光洋應用材料科技股份有限公司光科園區,99711856,,臺南市柳營區大農里環園東路二段1號A區、2號、3號、3之1號、3之2號、3之3號、3之5號、3之6號,臺南市柳營區大農里,黄啓峰,43787872,股份有限公司,,0981203,生產中,18化學材料及肥料製造業、19其他化學製品製造業、24基本金屬製造業、25金屬製品製造業  ,181化學原材料、199未分類其他化學製品、243銅、249其他基本金屬、254金屬加工處理、259其他金屬製品  
11508.csv,克珍企業股份有限公司三義廠,99677572,,苗栗縣三義鄉西湖村一四鄰伯公坑四０之三０號,苗栗縣三義鄉西湖村,張燁芛,23265164,股份有限公司,,0951023,生產中,24基本金屬製造業  ,243銅  
11508.csv,全峯機械有限公司中壢廠,99686516,08410003071594,桃園市中壢區過嶺里一二鄰民族路六段二五八號,桃園市中壢區過嶺里,黃梅英,22241475,有限公司,0840621,0840629,生產中,29機械設備製造業  ,292其他專用機械設備、293通用機械設備  
11508.csv,全崴精密有限公司,67002601,,臺南市永康區尚頂里中正南路242巷14號1樓3樓,臺南市永康區尚頂里,李惠雯,28142183,有限公司,,1090102,生產中,25金屬製品製造業  ,251金屬刀具、手工具及模具  
11508.csv,凌陽科技股份有限公司,95A00242,,新竹科學園區新竹縣寶山鄉雙溪村創新一路19、19-1號,新竹縣寶山鄉雙溪村,黃洲杰,23821182,股份有限公司,,0821230,生產中,26電子零組件製造業  ,261半導體  
11508.csv,凡曦股份有限公司,63022685,,臺北市內湖區西康里內湖路一段九十一巷二十三弄七號二樓,臺北市內湖區西康里,蕭凱仁,90124158,股份有限公司,,1150728,生產中,08食品製造業  ,089其他食品  
11508.csv,凡立閥器有限公司,99652299,08010000000150,南投縣南投市永豐里工業北五路一０號,南投縣南投市永豐里,劉文耀,23072413,有限公司,0800126,0800126,生產中,25金屬製品製造業  ,259其他金屬製品  
11508.csv,凡葳有限公司,66007435,,臺中市西屯區協和里工業區四十路59之2號,臺中市西屯區協和里,林淑靜,16922425,有限公司,,1080517,生產中,33其他製造業  ,332醫療器材及用品  
11508.csv,元振木業股份有限公司,99645172,08110000083983,彰化縣伸港鄉溪底村興工路６８號,彰化縣伸港鄉溪底村,陳振源　,52423022,股份有限公司,0810721,0821012,生產中,14木竹製品製造業  ,140木竹製品  
11508.csv,元能股份有限公司,99676955,,臺南市安南區鹽田里科技三路36號,臺南市安南區,魏子夏,89565917,股份有限公司,,0940518,生產中,24基本金屬製造業  ,241鋼鐵  
11508.csv,元至有限公司,99650849,05810000013969,彰化縣芬園鄉芬園村美華路一０四號,彰化縣芬園鄉芬園村,林秋妤　,24222066,股份有限公司,0620425,0630104,生產中,22塑膠製品製造業、29機械設備製造業  ,220塑膠製品、293通用機械設備  
11508.csv,先金有限公司,05000735,,苗栗縣竹南鎮大厝里13鄰獅山81之5號,苗栗縣竹南鎮大厝里,陳谷祥,90026993,有限公司,,1120104,生產中,25金屬製品製造業、24基本金屬製造業  ,254金屬加工處理、259其他金屬製品、241鋼鐵  
11508.csv,光焱科技股份有限公司,94A00280,,南部科學園區高雄市路竹區北嶺里路科五路96號1樓、92號1樓、100號4樓,高雄市路竹區北嶺里,柯歷亞,24362164,股份有限公司,,0990908,生產中,27電腦、電子產品及光學製品製造業  ,277光學儀器及設備  
11508.csv,光焱科技股份有限公司(二廠),94B00280,,南部科學園區高雄市路竹區北嶺里路科二路55號3樓,高雄市路竹區北嶺里,柯歷亞,24362164,股份有限公司,,1150428,生產中,27電腦、電子產品及光學製品製造業  ,277光學儀器及設備  
11508.csv,全益工業社,S6700286,,臺南市北區六甲里和緯路2段30巷132號,臺南市北區六甲里,黃益淮,69592423,獨資,,1090817,生產中,25金屬製品製造業、31其他運輸工具及其零件製造業  ,259其他金屬製品、312機車及其零件  
11508.csv,全達工業股份有限公司五廠,65006513,,新北市土城區沛陂里復興街17號(2樓),新北市土城區沛陂里,古換和,22413075,股份有限公司,,1061214,生產中,25金屬製品製造業  ,254金屬加工處理  
11508.csv,全達工業股份有限公司三廠,65006511,,新北市土城區沛陂里復興街17號(1樓),新北市土城區沛陂里,古換和,22413075,股份有限公司,,1061214,生產中,25金屬製品製造業、29機械設備製造業  ,251金屬刀具、手工具及模具、254金屬加工處理、259其他金屬製品、293通用機械設備  
11508.csv,全酋紙業有限公司,99719560,,新北市土城區大安里承天路七一巷四弄六號（一樓）,新北市土城區大安里,潘世璿,24360068,有限公司,,0980917,生產中,15紙漿、紙及紙製品製造業  ,152瓦楞紙板及紙容器  
11508.csv,冠葆工業股份有限公司一廠,67002411,,臺南市仁德區太子里太子路689巷22號,臺南市仁德區太子里,陳震哲,23390466,股份有限公司,,1080618,生產中,21橡膠製品製造業  ,210橡膠製品  
11508.csv,冠評企業有限公司,99675782,,嘉義縣義竹鄉東光村東後寮１６５號,嘉義縣義竹鄉東光村,陳冠評,89811241,有限公司,,0920704,生產中,29機械設備製造業、25金屬製品製造業  ,293通用機械設備、251金屬刀具、手工具及模具  
11508.csv,冠誠鋼模有限公司,99718714,,新北市新莊區福基里化成路三七五巷五號,新北市新莊區福基里,張志瑋,24212047,有限公司,,0970925,生產中,25金屬製品製造業  ,251金屬刀具、手工具及模具、254金屬加工處理  
11508.csv,冠德光電科技股份有限公司,95A00243,,新竹科學園區新竹市東區科園里研發二路23號1樓,新竹市東區科園里,黃棟鈞,23639543,股份有限公司,,0830317,生產中,27電腦、電子產品及光學製品製造業  ,272通訊傳播設備  
11508.csv,元茂金屬工程行,65012434,,新北市新莊區西盛里瓊林南路114號(1樓),新北市新莊區西盛里,涂元菘,92754146,獨資,,1140107,生產中,25金屬製品製造業、32家具製造業  ,252金屬結構及建築組件、320家具  
11508.csv,兆昌翊科技股份有限公司,99702415,,臺中市南區樹德里大慶街二段４９之３７號１樓,臺中市南區樹德里,黃明源,28784741,股份有限公司,,0961011,生產中,25金屬製品製造業  ,251金屬刀具、手工具及模具  
11508.csv,光生金綠能股份有限公司,07006377,,彰化縣鹿港鎮東石里工業西一路22號,彰化縣鹿港鎮東石里,黃秀環,94052748,股份有限公司,,1150402,生產中,24基本金屬製造業、25金屬製品製造業  ,242鋁、259其他金屬製品  
11508.csv,光璧企業股份有限公司斗六廠,99653040,06510000105983,雲林縣斗六市虎溪里興農路650號,雲林縣斗六市虎溪里,施信行,59243931,股份有限公司,0650707,0660707,生產中,08食品製造業  ,089其他食品  
11508.csv,全彰精密模具股份有限公司,99680929,,彰化縣花壇鄉北口村中山路二段７７５號,彰化縣花壇鄉北口村,吳景達,24299326,股份有限公司,,0980424,生產中,25金屬製品製造業  ,251金屬刀具、手工具及模具  
11508.csv,冠成鋼鐵有限公司,S6600879,,臺中市神岡區大社里大洲路123巷123號,臺中市神岡區大社里,潘仕爵,23685052,有限公司,,1091013,生產中,25金屬製品製造業  ,252金屬結構及建築組件  
11508.csv,冠承企業社,66010919,,臺中市神岡區岸裡里中山路241巷11號1樓,臺中市神岡區岸裡里,劉冠伶,82477170,獨資,,1121204,生產中,25金屬製品製造業  ,254金屬加工處理  
11508.csv,冠捷電機有限公司,99718562,,新北市鶯歌區中湖里大湖路一八五巷九弄一三號二樓,新北市鶯歌區中湖里,高輔聲,24201301,有限公司,,0970804,生產中,28電力設備及配備製造業  ,281發電、輸電及配電機械、283電線及配線器材、284照明設備及配備  
11508.csv,允利榮資源有限公司,11000041,,臺南市山上區明和里北勢洲30之10號,臺南市山上區明和里,高進發,24244809,有限公司,,0991223,生產中,23非金屬礦物製品製造業、23非金屬礦物製品製造業  ,231玻璃及其製品  
11508.csv,元健大和直販事業股份有限公司宜科廠,95A01243,,新竹科學園區宜蘭縣宜蘭市宜科南路11號,宜蘭縣宜蘭市,吳少暉,24379144,股份有限公司,,1150324,生產中,33其他製造業  ,332醫療器材及用品  
11508.csv,兆榆工業股份有限公司,99611388,07610001171707,新北市樹林區三龍里三俊街六五巷一四號,新北市樹林區三龍里,陳松結,22578765,股份有限公司,0760616,0760706,生產中,25金屬製品製造業、29機械設備製造業、24基本金屬製造業  ,243銅、259其他金屬製品、293通用機械設備  
11508.csv,光益實業社,99674443,06210000110006,臺南市東區虎尾里富農街1段146號,臺南市東區虎尾里,柯蔡娥,68242808,股份有限公司,0620817,0630802,生產中,22塑膠製品製造業  ,220塑膠製品  
11508.csv,全慶寵物用品有限公司,S6700937,,臺南市仁德區上崙里中正路1段656巷167號,臺南市仁德區上崙里,盧俊達,24362538,有限公司,,1130828,生產中,08食品製造業  ,087動物飼品  
11508.csv,全盛鋼鐵製品廠有限公司,99679747,,彰化縣溪湖鎮中竹里大溪路１段９２巷２３號,彰化縣溪湖鎮中竹里,蔡美雯,27794995,有限公司,,0940719,生產中,25金屬製品製造業  ,252金屬結構及建築組件、259其他金屬製品  
11508.csv,全盛鋼鐵製品廠有限公司二廠,S0702160,,彰化縣溪湖鎮中山里大溪路一段200巷88號,彰化縣溪湖鎮中山里,蔡美雯,27794995,有限公司,,1121017,生產中,25金屬製品製造業  ,252金屬結構及建築組件、259其他金屬製品  
11508.csv,全鎧鋁業股份有限公司,99665124,,高雄市湖內區太爺里中山路二段74號,高雄市湖內區太爺里,彭如櫻,89990883,股份有限公司,,0910606,生產中,24基本金屬製造業  ,242鋁  
11508.csv,全鑫精密工業股份有限公司二廠,66012426,,臺中市大肚區社腳里沙田路一路854巷69-26弄15號,臺中市大肚區社腳里,吳信毅,42669399,股份有限公司,,1150513,生產中,29機械設備製造業  ,291金屬加工用機械設備、292其他專用機械設備  
11508.csv,冠洲環保科技股份有限公司,99623578,,桃園市蘆竹區長興里南崁路二段228巷235號,桃園市蘆竹區長興里,陳訓悉,12908627,股份有限公司,,0910319,生產中,18化學材料及肥料製造業、24基本金屬製造業  ,181化學原材料、243銅  
11508.csv,冠源工業有限公司,99607101,07310000028368,新北市土城區廷寮里永豐路一九五巷三一號,新北市土城區廷寮里,張紘彰,36075243,有限公司,0730302,0730321,生產中,22塑膠製品製造業  ,220塑膠製品  
11508.csv,冠發鋼鐵股份有限公司大埔美廠,10000354,,嘉義縣大林鎮中坑里大埔美園區一路6號、6-1號、6-2號、6-3號,嘉義縣大林鎮中坑里,張明順,52648916,股份有限公司,,1071224,生產中,25金屬製品製造業  ,254金屬加工處理  
11508.csv,冠發鋼鐵股份有限公司精科廠,66000706,,臺中市南屯區春社里精科東路6號、6-1號、8號,臺中市南屯區春社里,張明順 ,52648916,有限公司,,1001129,生產中,25金屬製品製造業  ,254金屬加工處理  
11508.csv,冠群鋼鐵有限公司,S0702556,,彰化縣田中鎮大崙里興酪路二段臨689號,彰化縣田中鎮大崙里,卓銀墩,53866782,有限公司,,1130903,生產中,24基本金屬製造業  ,241鋼鐵  
11508.csv,允升工業股份有限公司,99663165,07210012035223,高雄市橋頭區芋寮里芋林路９７號,高雄市橋頭區芋寮里,陸平皆,85745993,股份有限公司,0791231,0720501,生產中,22塑膠製品製造業、24基本金屬製造業、29機械設備製造業  ,220塑膠製品、241鋼鐵、292其他專用機械設備、293通用機械設備  
11508.csv,允嘉工業股份有限公司大里廠,S6601877,,臺中市大里區西湖里草堤路241號,臺中市大里區西湖里,鄭仲希,22312317,股份有限公司,,1120529,生產中,22塑膠製品製造業  ,220塑膠製品  
11508.csv,元晟壓鑄股份有限公司,99651477,07810007055610,彰化縣北斗鎮大道里中山路二段５１９巷２２號,彰化縣北斗鎮大道里,林昆賢　　　,22058434,股份有限公司,0780202,0800108,生產中,24基本金屬製造業  ,242鋁、243銅、249其他基本金屬  
11508.csv,元誠鋼模有限公司,99610194,08510001179235,新北市新莊區頭前里化成路29巷59號,新北市新莊區頭前里,陳美,89242972,有限公司,0850601,0850612,生產中,29機械設備製造業、25金屬製品製造業  ,293通用機械設備、251金屬刀具、手工具及模具  
11508.csv,元誠鋼鐵有限公司,S6401146,,高雄市大寮區溪寮里溪寮路10-33號,高雄市大寮區溪寮里,林慧雯,28302054,有限公司,,1131007,生產中,25金屬製品製造業  ,254金屬加工處理  
11508.csv,元豐金屬有限公司新莊廠,99617771,06710000034004,新北市新莊區福營里後港一路189號,新北市新莊區福營里,連黃碧雲,35052284,有限公司,0580101,0670309,生產中,25金屬製品製造業、29機械設備製造業、24基本金屬製造業  ,242鋁、259其他金屬製品、293通用機械設備  
11508.csv,兆田精密工業股份有限公司秀水廠,S0701230,,彰化縣秀水鄉曾厝村曾福巷111號,彰化縣秀水鄉曾厝村,黃英哲,22413960,股份有限公司,,1090916,生產中,29機械設備製造業、31其他運輸工具及其零件製造業  ,292其他專用機械設備、313自行車及其零件  
11508.csv,光勛工業股份有限公司,99631373,08010004024190,新竹縣新豐鄉鳳坑村坑子口697號,新竹縣新豐鄉鳳坑村,曾韋綸　　,86672385,股份有限公司,0800702,0800724,生產中,29機械設備製造業  ,293通用機械設備  
11508.csv,全井企業有限公司,65012439,,新北市汐止區拱北里八連路1段1巷42號,新北市汐止區拱北里,陳士寶,97444178,有限公司,,1140108,生產中,32家具製造業  ,320家具  
11508.csv,全伊工業股份有限公司,03001079,,桃園市觀音區樹林里經建四路2-23號,桃園市觀音區樹林里,林志遠,97462421,股份有限公司,,1010523,生產中,19其他化學製品製造業、23非金屬礦物製品製造業  ,192塗料、染料及顏料、233水泥及其製品  
11508.csv,其朋半導體股份有限公司,99610243,08010000329277,新北市新莊區福興里五權二路二六號四樓之三,新北市新莊區福興里,張文華,21248534,股份有限公司,0801114,0801204,生產中,26電子零組件製造業  ,261半導體  
11508.csv,典威鋼鐵有限公司,S6401367,,高雄市仁武區考潭里仁心路199巷77弄2-8號,高雄市仁武區考潭里,郭榮豐,23342107,有限公司,,1141212,生產中,25金屬製品製造業  ,254金屬加工處理  
11508.csv,典志企業有限公司,99665204,08010012024251,高雄市大樹區小坪里友隆路７１號,高雄市大樹區小坪里,蘇秀美,81254778,有限公司,0800307,0800413,生產中,22塑膠製品製造業  ,220塑膠製品  
11508.csv,允大鋁業股份有限公司,99659128,07810011031968,臺南市仁德區保安里保安路1段39號,臺南市仁德區保安里,郭澄棠　　　,73689568,股份有限公司,0780328,0780527,生產中,24基本金屬製造業  ,242鋁  
11508.csv,元利鋼纜股份有限公司,99630943,06910000199140,新竹縣新豐鄉鳳坑村坑子口６６９之１號,新竹縣新豐鄉鳳坑村,邱忠義　　　,47096701,股份有限公司,0691127,0721011,生產中,24基本金屬製造業  ,241鋼鐵  
11508.csv,元創智動股份有限公司,68007400,,桃園市楊梅區中山里中山北路一段199巷116號7樓,桃園市楊梅區中山里,陳俊元,82892417,股份有限公司,,1150309,生產中,25金屬製品製造業、29機械設備製造業  ,252金屬結構及建築組件、292其他專用機械設備  
11508.csv,元業企業社,99696431,,新北市三重區福隆里三和路四段八九巷四號一樓,新北市三重區福隆里,陳正雄,01997242,獨資,,0960309,生產中,25金屬製品製造業、26電子零組件製造業、29機械設備製造業  ,259其他金屬製品、262被動電子元件、291金屬加工用機械設備  
11508.csv,兆盈紙業有限公司,68004235,,桃園市龜山區樂善里文明路62號(1樓),桃園市龜山區樂善里,張錦哲,24291133,有限公司,,1100618,生產中,15紙漿、紙及紙製品製造業  ,151紙漿、紙、紙板  
11508.csv,光南鋼鐵股份有限公司,99662854,08310012060373,高雄市路竹區後鄉里順安路２７５巷１７２、１７４號,高雄市路竹區後鄉里,林豪池,84723705,股份有限公司,0830420,0850205,生產中,24基本金屬製造業、25金屬製品製造業  ,241鋼鐵、254金屬加工處理  
11508.csv,光美鋼鐵廠有限公司,99623173,07610000253350,桃園市觀音區樹林里經建五路２６號２樓,桃園市觀音區樹林里,張茂庸　　　,22463356,有限公司,0760722,0821126,生產中,25金屬製品製造業  ,259其他金屬製品  
11508.csv,全俊有色金屬股份有限公司觀音廠,68004299,,桃園市觀音區樹林里成功路二段925號,桃園市觀音區樹林里,蕭敏敏,54005349,股份有限公司,,1100709,生產中,24基本金屬製造業  ,243銅  
11508.csv,全順鋼鐵有限公司,66006247,,臺中市梧棲區頂寮里大仁路二段345巷33號,臺中市梧棲區頂寮里,陳錦雲,45884224,有限公司,,1070223,生產中,25金屬製品製造業  ,252金屬結構及建築組件、259其他金屬製品  
11508.csv,全順鋼鐵有限公司通霄廠,S0500278,,苗栗縣通霄鎮通南里3鄰中山路2之22號,苗栗縣通霄鎮通南里,陳錦雲,45884224,有限公司,,1140514,生產中,25金屬製品製造業  ,259其他金屬製品  
11508.csv,典益銅品股份有限公司,99649164,07910007071728,彰化縣鹿港鎮頭崙里頂草路２段２２之１號,彰化縣鹿港鎮頭崙里,張志誠　　　,86653578,股份有限公司,0790504,0790504,生產中,24基本金屬製造業、25金屬製品製造業、29機械設備製造業  ,243銅、259其他金屬製品、293通用機械設備  
11508.csv,典錞鋼鐵工程有限公司,64009865,,高雄市燕巢區瓊林里瓊招路16巷20弄48號,高雄市燕巢區瓊林里,陳佩琪,90082967,有限公司,,1130701,生產中,25金屬製品製造業  ,252金屬結構及建築組件  
11508.csv,允強實業股份有限公司(埔心廠),99646023,06210000015568,彰化縣埔心鄉舊舘村員鹿路４段３３號,彰化縣埔心鄉舊舘村,王川銘,59068700,股份有限公司,0580101,0630626,生產中,24基本金屬製造業、25金屬製品製造業、29機械設備製造業、31其他運輸工具及其零件製造業  ,241鋼鐵、254金屬加工處理、291金屬加工用機械設備、293通用機械設備、312機車及其零件、313自行車及其零件  
11508.csv,允強實業股份有限公司(溪州廠),99646018,08910007300243,彰化縣溪州鄉舊眉村中山路４段２７０號,彰化縣溪州鄉舊眉村,王川銘,59068700,股份有限公司,0890222,0891113,生產中,24基本金屬製造業  ,241鋼鐵  
11508.csv,允強實業股份有限公司斗六一廠,99709432,,雲林縣斗六市長安里科加路29號,雲林縣斗六市長安里,王川銘,59068700,股份有限公司,,0970201,生產中,24基本金屬製造業、25金屬製品製造業  ,241鋼鐵、254金屬加工處理  
11508.csv,元勝工業股份有限公司神岡廠,S6601701,,臺中市神岡區山皮里和平路34-10號,臺中市神岡區山皮里,林益成,56806632,股份有限公司,,1100512,生產中,24基本金屬製造業  ,241鋼鐵  
11508.csv,元毅工業股份有限公司,99645332,07010000252411,彰化縣福興鄉萬豐村福工路１６號,彰化縣福興鄉萬豐村,許桂松,59279971,股份有限公司,0580101,0710422,生產中,31其他運輸工具及其零件製造業、33其他製造業  ,312機車及其零件、313自行車及其零件、331育樂用品  
11508.csv,全億金屬工業股份有限公司,99628273,07610000127859,桃園市大園區南港里許厝港二九之一二號,桃園市大園區南港里,陳庚龍　　　,22411251,股份有限公司,0760420,0761118,生產中,30汽車及其零件製造業、31其他運輸工具及其零件製造業、27電腦、電子產品及光學製品製造業  ,303汽車零件、312機車及其零件、273視聽電子產品  
11508.csv,全億鋼構有限公司二廠,S0701958,,彰化縣埔鹽鄉彰水路二段149巷242號,彰化縣埔鹽鄉,陳坤德,53810042,有限公司,,1120419,生產中,25金屬製品製造業  ,252金屬結構及建築組件  
11508.csv,全新機械有限公司,99718979,,新北市新莊區福基里化成路八一四巷三一號一樓,新北市新莊區福基里,魏韻軒,24274275,有限公司,,0980105,生產中,25金屬製品製造業、29機械設備製造業  ,251金屬刀具、手工具及模具、293通用機械設備  
11508.csv,全方位精密模具股份有限公司,65002991,,新北市三重區頂崁里中興北街153-9號1樓,新北市三重區頂崁里,郭添宗,24238026,股份有限公司,,1030415,生產中,25金屬製品製造業  ,251金屬刀具、手工具及模具、259其他金屬製品  
11508.csv,再聯企業股份有限公司二廠,99665698,07010099168613,屏東縣屏東市橋南里工業路12號,屏東縣屏東市橋南里,鄭仁浩,90767089,股份有限公司,0580101,0710619,生產中,24基本金屬製造業  ,241鋼鐵  
11508.csv,冠偉有限公司汐止廠,99693865,,新北市汐止區環河里福德一路三八一巷一五號（一樓）,新北市汐止區環河里,張偉定,12413717,有限公司,,0940325,生產中,19其他化學製品製造業  ,199未分類其他化學製品  
11508.csv,冠傑真空包裝機械實業社,66002423,,臺中市大雅區四德里龍善二街6號,臺中市大雅區四德里,張崇益,15670908,獨資,,1030107,生產中,29機械設備製造業  ,293通用機械設備  
11508.csv,冠億壓鑄工業股份有限公司,66007381,,臺中市大甲區日南里青年路115號,臺中市大甲區日南里,鄭明崑,66642027,股份有限公司,,1080502,生產中,24基本金屬製造業  ,242鋁、249其他基本金屬  
11508.csv,允承團膳有限公司台南廠,67001242,,臺南市新市區永就里中華路33號,臺南市新市區永就里,劉國成,28086056,有限公司,,1040701,生產中,08食品製造業  ,083蔬果加工、089其他食品  
11508.csv,元和工業股份有限公司,65010234,,新北市新莊區瓊林里瓊林南路103巷6號(1樓),新北市新莊區瓊林里,江志坪,90214051,股份有限公司,,1110316,生產中,24基本金屬製造業  ,242鋁  
11508.csv,元和精密工業股份有限公司,99627319,08310003064275,桃園市八德區茄苳里永興街三七巷二二弄九號,桃園市八德區茄苳里,溫士賢　　　,23241277,股份有限公司,0830418,0830428,生產中,29機械設備製造業、25金屬製品製造業、22塑膠製品製造業、30汽車及其零件製造業  ,220塑膠製品、259其他金屬製品、293通用機械設備、292其他專用機械設備、303汽車零件  
11508.csv,元泰豐科技股份有限公司,66007242,,臺中市梧棲區草湳里自立四街23號,臺中市梧棲區草湳里,張家瑋,50837686,股份有限公司,,1080222,生產中,23非金屬礦物製品製造業、18化學材料及肥料製造業  ,233水泥及其製品、183肥料及氮化合物  
11508.csv,元邦開發有限公司,99704755,,高雄市仁武區竹後里鳳仁路３６９巷４５弄５號,高雄市仁武區竹後里,孫秀蕊,70402421,有限公司,,0940711,生產中,29機械設備製造業  ,293通用機械設備  
11508.csv,光威精密科技有限公司,66002937,,臺中市霧峰區吉峰里吉峰路67巷1號1樓,臺中市霧峰區吉峰里,洪英凱,53288241,有限公司,,1030805,生產中,25金屬製品製造業、29機械設備製造業  ,251金屬刀具、手工具及模具、259其他金屬製品、291金屬加工用機械設備、292其他專用機械設備、293通用機械設備  
11508.csv,全日新企業有限公司,67003101,,臺南市永康區新樹里中山北路572號,臺南市永康區新樹里,鄭錦宗,42921555,有限公司,,1100817,生產中,24基本金屬製造業、30汽車及其零件製造業、31其他運輸工具及其零件製造業  ,242鋁、303汽車零件、312機車及其零件  
11508.csv,全旺企業有限公司龜山廠,99628423,05810000003529,桃園市龜山區龍壽里萬壽路一段六六六號,桃園市龜山區龍壽里,褚宗德　　　,84346029,有限公司,0580101,0590501,生產中,22塑膠製品製造業、28電力設備及配備製造業、24基本金屬製造業、27電腦、電子產品及光學製品製造業、30汽車及其零件製造業  ,289其他電力設備及配備、220塑膠製品、243銅、272通訊傳播設備、303汽車零件、281發電、輸電及配電機械  
11508.csv,全昌股份有限公司,99634766,08210006086524,臺中市大甲區日南里幼獅路73號,臺中市大甲區日南里,王碩熙,55698500,股份有限公司,0821209,0710604,生產中,24基本金屬製造業  ,241鋼鐵  
11508.csv,全維工業股份有限公司,99649889,07110000128611,彰化縣員林市崙雅里員水路１段５８０巷１０７號,彰化縣員林市崙雅里,鄭維裕　,59077736,股份有限公司,0710821,0720811,生產中,24基本金屬製造業、25金屬製品製造業、30汽車及其零件製造業、31其他運輸工具及其零件製造業  ,241鋼鐵、251金屬刀具、手工具及模具、303汽車零件、312機車及其零件、313自行車及其零件  
11508.csv,兩昇鋼鐵股份有限公司,99632681,06410005116000,苗栗縣竹南鎮營盤里十六鄰大營路二五六號,苗栗縣竹南鎮營盤里,林定吉,49718607,股份有限公司,0640823,0640823,生產中,25金屬製品製造業  ,254金屬加工處理  
11508.csv,冠億精密鑄造工業股份有限公司,66003855,,臺中市大甲區日南里幼三路3號,臺中市大甲區日南里,鄭郁陵,24579017,股份有限公司,,1040804,生產中,24基本金屬製造業、25金屬製品製造業  ,241鋼鐵、259其他金屬製品  
11508.csv,元焜有限公司彰濱廠,07001351,,彰化縣線西鄉線西村線安路115號,彰化縣線西鄉線西村,許丁元,24280044,有限公司,,1031105,生產中,24基本金屬製造業  ,241鋼鐵  
11508.csv,元鋒鋼鐵有限公司,S1500054,,花蓮縣吉安鄉仁安村南海七街185號,花蓮縣吉安鄉仁安村,呂軍翰,42605332,有限公司,,1150106,生產中,25金屬製品製造業  ,254金屬加工處理  
11508.csv,元鎧紙器有限公司,S6700271,,臺南市永康區正強里自強路188巷46弄24號,臺南市永康區正強里,楊文達,24243695,有限公司,,1090720,生產中,15紙漿、紙及紙製品製造業  ,152瓦楞紙板及紙容器  
11508.csv,光展玻璃廠,99654426,08710009057241,雲林縣西螺鎮福田里社口68之43號,雲林縣西螺鎮福田里,蕭進典,78913354,獨資,0870629,0871202,生產中,23非金屬礦物製品製造業  ,231玻璃及其製品  
11508.csv,光裕交通器材有限公司,66001301,,臺中市太平區建國里鵬儀路370號1、2樓,臺中市太平區建國里,陳忠志,52434528,有限公司,,1010823,生產中,30汽車及其零件製造業  ,303汽車零件  
11508.csv,光譜電工股份有限公司,99623014,08410000204519,桃園市中壢區忠福里東園路38之1號(1、2樓),桃園市中壢區忠福里,凃俊光　,86332422,股份有限公司,0840426,0841013,生產中,26電子零組件製造業、25金屬製品製造業、14木竹製品製造業  ,263印刷電路板、254金屬加工處理、140木竹製品  
11508.csv,全勝鋼鐵有限公司,99634627,08410006203371,臺中市太平區中興里永義路45號,臺中市太平區中興里,黃以杰,28014672,有限公司,0840815,0851017,生產中,24基本金屬製造業、25金屬製品製造業  ,241鋼鐵、254金屬加工處理  
11508.csv,八城有限公司崙背廠,09001333,11210009600126,雲林縣崙背鄉大有村大有49之8號1樓,雲林縣崙背鄉大有村,陳宇文,24258818,有限公司,1121027,1121120,生產中,25金屬製品製造業  ,259其他金屬製品  
11508.csv,八億鋼鐵工程行,S6600614,,臺中市大雅區員林里大林路164巷22號,臺中市大雅區員林里,林金泉,25265230,獨資,,1090820,生產中,25金屬製品製造業  ,252金屬結構及建築組件  
11508.csv,八度吸化粧品有限公司,99720508,,臺中市中區公園里成功路１３１號,臺中市中區公園里,李家蓉,24214447,有限公司,,0970930,生產中,19其他化學製品製造業  ,193清潔用品及化粧品  
11508.csv,冠好科技股份有限公司成功廠,08000242,,南投縣南投市新興里成功三路235、239號 南投市新興里自強三路36號 南投市新興里自強二路26號,南投縣南投市新興里,楊淇筠,86779099,股份有限公司,,1060930,生產中,15紙漿、紙及紙製品製造業  ,159其他紙製品  
11508.csv,冠威國際企業有限公司蘆竹廠,68007542,,桃園市蘆竹區中福里龍壽街一段69號之3(4樓),桃園市蘆竹區中福里,李柏億,24240228,有限公司,,1150428,生產中,30汽車及其零件製造業  ,303汽車零件  
11508.csv,冠昇金屬股份有限公司,99656986,06810000113885,臺南市柳營區士林里長榮路六段527號,臺南市柳營區士林里,涂志詠,72164712,股份有限公司,0680410,0681107,生產中,24基本金屬製造業  ,241鋼鐵  
11508.csv,冠昌不銹鋼有限公司,S6701315,,臺南市西港區新復里中港55之6號,臺南市西港區新復里,徐良河,24276055,有限公司,,1150826,生產中,25金屬製品製造業  ,259其他金屬製品  
11508.csv,冠東鋼鐵股份有限公司,12000004,,高雄市燕巢區角宿里四林路１１６號,高雄市燕巢區角宿里,黃志成,75925335,股份有限公司,,0991005,生產中,25金屬製品製造業  ,254金屬加工處理、293通用機械設備  
11508.csv,冠東鋼鐵股份有限公司,64000594,6464188458,高雄市三民區灣興里自由一路２２５號,高雄市三民區灣興里,黃志成,75925335,股份有限公司,0641210,0660823,生產中,24基本金屬製造業  ,241鋼鐵  
11508.csv,允正行,99670383,07310000295812,臺中市西屯區何厝里大洲街１１３號,臺中市西屯區何厝里,廖上寶,52410820,獨資,0731219,0741120,生產中,08食品製造業  ,086碾榖、磨粉及澱粉製品  
11508.csv,元隆五金有限公司,07005677,,彰化縣鹿港鎮頭南里南勢巷1-22號1樓,彰化縣鹿港鎮頭南里,許沛渝,24233444,有限公司,,1130823,生產中,11紡織業  ,115紡織品  
11508.csv,兆遠鋼鐵股份有限公司,S6600180,,臺中市神岡區豐洲里國豐路一段200巷13號,臺中市神岡區豐洲里,蕭志政,16046066,股份有限公司,,1140109,生產中,25金屬製品製造業  ,254金屬加工處理  
11508.csv,兆邑實業有限公司,11000035,,臺南市安定區安加里安定258之75號,臺南市安定區安加里,詹文聰,25050456,有限公司,,0991210,生產中,24基本金屬製造業  ,242鋁  
11508.csv,光輝電鍍工廠,99672002,07110000195237,臺中市東區東門里東光園路６４巷５６號,臺中市東區東門里,魏榮輝,52439100,獨資,0580101,0711211,生產中,25金屬製品製造業  ,254金屬加工處理  
11508.csv,光連企業有限公司,99663485,07010012083626,高雄市岡山區竹圍里新庄路１１之９號,高雄市岡山區竹圍里,劉俊麟,88699425,有限公司,0791231,0791231,生產中,22塑膠製品製造業、24基本金屬製造業  ,220塑膠製品、242鋁、243銅、249其他基本金屬  
11508.csv,全協工業股份有限公司,99656747,08810000922634,臺南市佳里區海澄里萊芊寮12之17號,臺南市佳里區海澄里,馬永銘　　　,16731473,股份有限公司,0880303,0881014,生產中,24基本金屬製造業、25金屬製品製造業、29機械設備製造業  ,241鋼鐵、259其他金屬製品、293通用機械設備  
11508.csv,全協工業股份有限公司二廠,67002421,,臺南市佳里區海澄里萊芉寮17之30、17之39號,臺南市佳里區海澄里,馬永銘,16731473,股份有限公司,,1080711,生產中,25金屬製品製造業  ,254金屬加工處理  
11508.csv,全榮食品有限公司,64006988,,高雄市鳳山區北門里鳳仁路242巷20號,高雄市鳳山區北門里,梁慈榮,28500701,有限公司,,1030310,生產中,08食品製造業  ,081肉類加工  
11508.csv,冠毅精密企業有限公司,07002738,,彰化縣鹿港鎮海埔里鹿工路10-2號,彰化縣鹿港鎮海埔里,李金呈,53161898,有限公司,,1070820,生產中,24基本金屬製造業、25金屬製品製造業  ,243銅、259其他金屬製品  
11508.csv,冠煜企業有限公司,13000500,,屏東縣里港鄉鐵店村里港路387-2號,屏東縣里港鄉鐵店村,侯明賢,23348279,有限公司,,1070813,生產中,24基本金屬製造業、25金屬製品製造業、29機械設備製造業  ,241鋼鐵、252金屬結構及建築組件、253金屬容器、293通用機械設備  
11508.csv,冠球彩色印刷股份有限公司本廠,66010615,,臺中市南屯區寶山里工業區22路25號,臺中市南屯區寶山里,趙年豐,52439713,股份有限公司,,1120531,生產中,15紙漿、紙及紙製品製造業、16印刷及資料儲存媒體複製業  ,159其他紙製品、160印刷及資料儲存媒體複製  
11508.csv,冠神機械工業股份有限公司秀水廠,S0702433,,彰化縣秀水鄉鶴鳴村彰鹿路661號,彰化縣秀水鄉鶴鳴村,楊昌明,16213211,股份有限公司,,1130617,生產中,28電力設備及配備製造業、29機械設備製造業  ,281發電、輸電及配電機械、292其他專用機械設備  
11508.csv,允登實業有限公司彰濱廠,07003873,,彰化縣鹿港鎮海埔里鹿科路5號,彰化縣鹿港鎮海埔里,陳文斌,89384021,有限公司,,1091005,生產中,24基本金屬製造業  ,243銅  
11508.csv,允盛交通工業股份有限公司,99624422,07710000281957,桃園市八德區福興里廣興路３１６巷２０號,桃園市八德區福興里,陳嘉星　　　,34362425,股份有限公司,0771101,0781004,生產中,30汽車及其零件製造業  ,303汽車零件  
11508.csv,允盛交通工業股份有限公司三廠,99707616,,桃園市八德區瑞發里民權街６８、７０號,桃園市八德區瑞發里,陳嘉星,34362425,股份有限公司,,0970522,生產中,24基本金屬製造業  ,242鋁  
11508.csv,允盛交通工業股份有限公司二廠,99688359,,桃園市八德區福興里廣興路３１６巷１７、１９號,桃園市八德區福興里,陳嘉星,34362425,股份有限公司,,0940506,生產中,30汽車及其零件製造業  ,303汽車零件  
11508.csv,元太金屬股份有限公司,10000184,,嘉義縣六腳鄉正義村15鄰大橋頭161-26號,嘉義縣六腳鄉正義村,陳春陸,80736616,股份有限公司,,1041016,生產中,24基本金屬製造業  ,242鋁  
11508.csv,元生實業股份有限公司,99626505,07410003007517,桃園市中壢區三民里中正路1274巷58號,桃園市中壢區三民里,劉連生,34580359,股份有限公司,0740408,0750203,生產中,24基本金屬製造業  ,242鋁  
11508.csv,元發五金工廠,99642426,06310000134487,臺中市清水區文昌里西寧路四０號,臺中市清水區文昌里,施火樹,56033313,獨資,0580101,0631030,生產中,29機械設備製造業  ,292其他專用機械設備  
11508.csv,元皓能源股份有限公司臨廣加工區廠,90H00075,,高雄市前鎮區明孝里新生路248-26號4樓、248-32號4樓,高雄市前鎮區明孝里,吳志賢,24379192,股份有限公司,,0990928,生產中,28電力設備及配備製造業、33其他製造業  ,281發電、輸電及配電機械、284照明設備及配備、332醫療器材及用品  
11508.csv,光達磁性工業有限公司二廠,S6602425,,臺中市北屯區東光里東山路一段123巷41號,臺中市北屯區東光里,江文炫,22405997,有限公司,,1140507,生產中,29機械設備製造業  ,291金屬加工用機械設備  
11508.csv,光里科技有限公司工廠,07006026,,彰化縣員林市崙雅里員水路一段449巷臨55之9號,彰化縣員林市崙雅里,陳詠恩,27602413,有限公司,,1140509,生產中,25金屬製品製造業  ,254金屬加工處理  
11508.csv,全民土石方加工處理廠,04000160,,新竹縣新豐鄉埔和村19鄰埔頂237之5號,新竹縣新豐鄉埔和村,許鴻江,13497242,合夥,,1010522,生產中,23非金屬礦物製品製造業  ,239其他非金屬礦物製品  
11508.csv,全興工業社,18000485,,新竹市北區南勢里延平路一段317巷3弄91號(第一層),新竹市北區南勢里,陳品欣,46124243,獨資,,1130124,生產中,25金屬製品製造業  ,259其他金屬製品  
11508.csv,八貫企業股份有限公司宜蘭一廠,99706242,,宜蘭縣冬山鄉大興村德興四路６號,宜蘭縣冬山鄉大興村,劉宗熹,12386676,股份有限公司,,0970729,生產中,22塑膠製品製造業  ,220塑膠製品  
11508.csv,八豐機械有限公司,67003265,,臺南市永康區尚頂里中正南路242巷28號B棟,臺南市永康區尚頂里,陳宥薰,42933216,有限公司,,1110304,生產中,30汽車及其零件製造業  ,303汽車零件  
11508.csv,八通關股份有限公司中埔廠,99655543,08110010000728,嘉義縣中埔鄉和睦村２３鄰中華路３０２號,嘉義縣中埔鄉和睦村,邱秀英,23242135,股份有限公司,0810502,0810629,生產中,25金屬製品製造業、29機械設備製造業  ,259其他金屬製品、293通用機械設備  
11508.csv,冠鋒鋼品股份有限公司,99644960,,臺中市大里區仁德里仁化路337號,臺中市大里區仁德里,蔡源承,13065820,股份有限公司,,0870227,生產中,25金屬製品製造業、24基本金屬製造業  ,252金屬結構及建築組件、259其他金屬製品、241鋼鐵  
11508.csv,冶釗鑄造有限公司,99656849,07310011021684,臺南市永康區尚頂里塩信街146巷46號,臺南市永康區尚頂里,張勝翔　　　,73716538,有限公司,0730312,0730827,生產中,24基本金屬製造業  ,241鋼鐵  
11508.csv,伍暘紙業有限公司,07005241,,彰化縣社頭鄉里仁村員集路一段151之6號1樓,彰化縣社頭鄉里仁村,劉倢萌,90151773,有限公司,,1120727,生產中,15紙漿、紙及紙製品製造業  ,159其他紙製品  
11508.csv,休斯頓有限公司,17000093,,基隆市七堵區六堵里工建路5之2號(1樓),基隆市七堵區六堵里,林亞頡,24352721,有限公司,,1071016,生產中,23非金屬礦物製品製造業、25金屬製品製造業  ,231玻璃及其製品、232耐火、黏土建材及其他陶瓷製品、252金屬結構及建築組件、254金屬加工處理  
11508.csv,伯丞實業有限公司,99720027,,南投縣草屯鎮南埔里青宅巷28之11號,南投縣草屯鎮南埔里,陳正倫,80242846,有限公司,,0970626,生產中,29機械設備製造業、29機械設備製造業  ,293通用機械設備  
11508.csv,伯鎔鑄造股份有限公司,99654754,07710000172858,嘉義縣太保市南新里仁愛路６號,嘉義縣太保市南新里,游林金蓮,86413769,股份有限公司,0770209,0770209,生產中,24基本金屬製造業  ,241鋼鐵  
11508.csv,伯鎔鑄造股份有限公司二廠,S1000144,,嘉義縣太保市南新里仁愛路6號,嘉義縣太保市南新里,游林金蓮,86413769,股份有限公司,,1091116,生產中,24基本金屬製造業  ,241鋼鐵  
11508.csv,九洲冷凍食品有限公司,03000643,,桃園市龜山區南上里民生北路一段99號,桃園市龜山區南上里,彭源彬,60572436,有限公司,,1000916,生產中,08食品製造業  ,081肉類加工  
11508.csv,九湖工業股份有限公司二廠,65001227,,新北市鶯歌區鳳鳴里福安街36-1號1樓,新北市鶯歌區鳳鳴里,游芳春,86956242,股份有限公司,,1010328,生產中,29機械設備製造業  ,293通用機械設備  
11508.csv,九龍鋼鐵股份有限公司烏日廠,99641966,06610006020378,臺中市烏日區前竹里中山路一段229巷22弄1號,臺中市烏日區前竹里,高林雅子,52462045,股份有限公司,0660212,0670805,生產中,25金屬製品製造業  ,254金屬加工處理  
11508.csv,五達科技有限公司,99712455,,高雄市大樹區九曲里４鄰瓦厝街３巷１１號,高雄市大樹區九曲里,劉哲宏,24290182,有限公司,,0980610,生產中,25金屬製品製造業  ,259其他金屬製品  
11508.csv,五鑫機械股份有限公司,99653242,08710000907507,雲林縣斗六市榴南里斗工九路二號,雲林縣斗六市榴南里,邱啟成,89850460,股份有限公司,0870814,0880511,生產中,29機械設備製造業  ,293通用機械設備  
11508.csv,亞伺電機有限公司,65011576,,新北市樹林區三龍里三俊街5之6號 ,新北市樹林區三龍里,李福音,24266747,有限公司,,1121227,生產中,29機械設備製造業  ,292其他專用機械設備  
11508.csv,亞佳精密工業股份有限公司,S6602439,,臺中市潭子區大富里民族路三段99巷68號,臺中市潭子區大富里,蕭信榕,16941295,股份有限公司,,1140512,生產中,22塑膠製品製造業  ,220塑膠製品  
11508.csv,亞光應用材料科技股份有限公司,99709730,,臺南市柳營區大農里工一路18號,臺南市柳營區大農里,柯啟聖,27905900,股份有限公司,,0960215,生產中,24基本金屬製造業、18化學材料及肥料製造業  ,249其他基本金屬、242鋁、181化學原材料  
11508.csv,亞基精密股份有限公司,99719159,,新北市新莊區福基里化成路三八九巷一號一樓,新北市新莊區福基里,曾馨源,24352877,股份有限公司,,0980325,生產中,26電子零組件製造業、25金屬製品製造業  ,269其他電子零組件、264光電材料及元件、251金屬刀具、手工具及模具、254金屬加工處理  
11508.csv,亞多夢股份有限公司,65002431,,新北市三重區大有里中正北路508巷77號1樓,新北市三重區大有里,岡田裕輝,53724216,股份有限公司,,1020819,生產中,08食品製造業  ,081肉類加工  
11508.csv,亞多夢股份有限公司五股廠,65006751,,新北市五股區五權七路77號,新北市五股區,岡田裕輝,53724216,股份有限公司,,1070402,生產中,08食品製造業  ,081肉類加工  
11508.csv,亞式股份有限公司國慶廠,99611026,08710001530242,新北市板橋區重慶里國慶路四九巷三、五號,新北市板橋區重慶里,賴麗雲,22224200,股份有限公司,0870502,0870521,生產中,26電子零組件製造業  ,262被動電子元件、264光電材料及元件、269其他電子零組件  
11508.csv,亞強科技有限公司楊梅廠,99621784,,桃園市楊梅區梅溪里新農街二段209巷93弄5號,桃園市楊梅區梅溪里,林佾增,24216732,有限公司,,0900827,生產中,26電子零組件製造業  ,263印刷電路板  
11508.csv,亞律渼企業有限公司,66008451,,臺中市潭子區栗林里弘智街39巷39號1樓,臺中市潭子區栗林里,詹芮綺,54072439,有限公司,,1090813,生產中,24基本金屬製造業、25金屬製品製造業  ,242鋁、254金屬加工處理  
11508.csv,亞特力士股份有限公司,05000152,,苗栗縣公館鄉五谷村2鄰五谷二路42號,苗栗縣公館鄉五谷村,劉世明,24290401,股份有限公司,,1020723,生產中,12成衣及服飾品製造業  ,123服飾品、121成衣  
11508.csv,亞獵士科技股份有限公司壓延廠,67002535,,臺南市山上區明和里北勢洲21號,臺南市山上區明和里,陳威瑾,86524717,股份有限公司,,1081028,生產中,24基本金屬製造業  ,242鋁  
11508.csv,亨利工廠股份有限公司,99623887,08410003008195,桃園市龍潭區烏林里工一路１３４號,桃園市龍潭區烏林里,黃伯霞　　,33126108,股份有限公司,0840113,0851205,生產中,25金屬製品製造業、29機械設備製造業、24基本金屬製造業  ,259其他金屬製品、293通用機械設備、241鋼鐵、254金屬加工處理、251金屬刀具、手工具及模具  
11508.csv,亨穩實業股份有限公司,99649775,07510000276241,彰化縣線西鄉下犁村下犁路１５８之２號,彰化縣線西鄉下犁村,柯慶安　,89658422,股份有限公司,0751017,0751017,生產中,11紡織業  ,115紡織品、114染整  
11508.csv,亨鑫鋼纜股份有限公司,99631614,08910000902398,苗栗縣銅鑼鄉銅鑼村民治路二七號,苗栗縣銅鑼鄉銅鑼村,洪美娥,70679973,股份有限公司,0890425,0890707,生產中,24基本金屬製造業  ,241鋼鐵  
11508.csv,亨順實業有限公司,64000350,6364024391,高雄市三民區灣興里民族一路３３５巷４４號,高雄市三民區灣興里,鄭澤清,76546918,有限公司,0630301,0630305,生產中,28電力設備及配備製造業  ,283電線及配線器材  
11508.csv,享想看企業社,67003375,,臺南市麻豆區埤頭里麻學路一段183號,臺南市麻豆區埤頭里,黃聖達,47824217,獨資,,1110726,生產中,08食品製造業  ,081肉類加工  
11508.csv,京元電子股份有限公司封裝廠,99677575,,苗栗縣竹南鎮頂埔里中華路一一八號一樓,苗栗縣竹南鎮頂埔里,謝其俊,22507241,股份有限公司,,0951026,生產中,26電子零組件製造業  ,261半導體  
11508.csv,京元電子股份有限公司楊梅一廠,68007361,,桃園市楊梅區中山里行善路120號(2層、3層、4層),桃園市楊梅區中山里,謝其俊,22507241,股份有限公司,,1150211,生產中,26電子零組件製造業  ,261半導體  
11508.csv,京凱企業有限公司,99627042,08910003323945,桃園市平鎮區雙連里民族路雙連二段118巷49弄12、14、17號,桃園市平鎮區雙連里,李春明,89832787,有限公司,0890511,0890516,生產中,28電力設備及配備製造業、24基本金屬製造業  ,243銅、281發電、輸電及配電機械、289其他電力設備及配備、285家用電器  
11508.csv,京展光學股份有限公司,99614418,08910001300241,新北市板橋區廣福里信義路一一七號七樓,新北市板橋區廣福里,鄭朝旭,84599614,股份有限公司,0890913,0890929,生產中,33其他製造業  ,332醫療器材及用品  
11508.csv,人川金屬工業有限公司,99601390,07310000257250,新北市土城區沛陂里大同街16號,新北市土城區沛陂里,余珮嘉,34507689,有限公司,0731114,0731214,生產中,24基本金屬製造業、25金屬製品製造業、29機械設備製造業、30汽車及其零件製造業、31其他運輸工具及其零件製造業  ,242鋁、259其他金屬製品、293通用機械設備、303汽車零件、312機車及其零件  
11508.csv,人豪鋁業股份有限公司,99652518,,南投縣南投市永豐里工業北六路5號,南投縣南投市永豐里,江國豪,16851857,股份有限公司,,0910830,生產中,24基本金屬製造業  ,242鋁  
11508.csv,人隆有限公司,99611642,07610001010243,新北市新莊區頭前里化成路五五四巷五號,新北市新莊區頭前里,楊世宇,14085704,有限公司,0760121,0761207,生產中,29機械設備製造業、25金屬製品製造業、28電力設備及配備製造業  ,293通用機械設備、251金屬刀具、手工具及模具、281發電、輸電及配電機械、283電線及配線器材、289其他電力設備及配備  
11508.csv,仁仁食品有限公司,99624167,08910000905460,桃園市桃園區建國里林森路六八巷二０弄二號一樓,桃園市桃園區建國里,蔡明坤,70607402,有限公司,0890829,0891106,生產中,08食品製造業  ,089其他食品  
11508.csv,仁傑食品有限公司,99624332,08810000809811,桃園市大溪區一心里中華路１４４號１樓,桃園市大溪區一心里,廖健良,70593075,有限公司,0880802,0881231,生產中,08食品製造業  ,083蔬果加工  
11508.csv,仁利豆腐廠,99644433,06110006049241,臺中市東勢區中寧里第五橫街中和巷一之五號,臺中市東勢區中寧里,張添丁,55800651,獨資,0610530,0610613,生產中,09飲料製造業  ,089其他食品  
11508.csv,仁太塑膠有限公司,99615149,08110001256068,新北市土城區員仁里亞洲路一一巷一弄六號,新北市土城區員仁里,莊德明,23412433,有限公司,0810827,0811103,生產中,22塑膠製品製造業  ,220塑膠製品  
11508.csv,仁宏印刷企業社,99672851,07610020089068,嘉義市西區西榮里蘭井街３６７號,嘉義市西區西榮里,蕭仲祥　,06243406,獨資,0760303,0760622,生產中,16印刷及資料儲存媒體複製業  ,160印刷及資料儲存媒體複製  
11508.csv,仁瑩有限公司,99721016,,宜蘭縣冬山鄉大興村德興六路６２號,宜蘭縣冬山鄉大興村,謝國信,16585401,有限公司,,0980323,生產中,24基本金屬製造業  ,242鋁  
11508.csv,今晨企業有限公司二廠,S0703662,,彰化縣大村鄉大橋村中山路三段225巷42號,彰化縣大村鄉大橋村,吳銘國,16921241,有限公司,,1150203,生產中,30汽車及其零件製造業  ,303汽車零件  
11508.csv,今晨企業有限公司,99679420,,彰化縣大村鄉大橋村中山路３段２２５巷１５８號,彰化縣大村鄉大橋村,吳銘國,16921241,有限公司,,0930713,生產中,30汽車及其零件製造業  ,303汽車零件  
11508.csv,今谷實業有限公司,S6603400,,臺中市豐原區東湳里三豐路二段272巷191弄41號,臺中市豐原區東湳里,張林素紫,23241396,有限公司,,1150723,生產中,31其他運輸工具及其零件製造業  ,313自行車及其零件  
11508.csv,今達食品有限公司,99614495,08010000324329,新北市五股區興珍里國道路3段8巷10號,新北市五股區興珍里,徐俊生,23911894,有限公司,0801223,0810114,生產中,08食品製造業  ,089其他食品  
11508.csv,今騰工業股份有限公司鹿港廠,07002356,,彰化縣鹿港鎮海埔里工業東四路10號,彰化縣鹿港鎮海埔里,游讚福,36091481,股份有限公司,,1061031,生產中,24基本金屬製造業  ,241鋼鐵  
11508.csv,仕楙有限公司,99713241,,臺中市神岡區社南里中山路６６７巷３４－１號,臺中市神岡區社南里,楊崇裕,80324092,有限公司,,0980430,生產中,25金屬製品製造業、29機械設備製造業  ,251金屬刀具、手工具及模具、293通用機械設備  
11508.csv,仕樺鑄造廠股份有限公司,99664179,07210012047740,高雄市岡山區竹圍里新庄路７０號,高雄市岡山區竹圍里,吳琦鍟,85747845,股份有限公司,0791231,0791231,生產中,24基本金屬製造業、29機械設備製造業  ,241鋼鐵、293通用機械設備  
11508.csv,仟亞精密有限公司二廠,S6600518,,臺中市神岡區三角里三社路241巷53號,臺中市神岡區三角里,李立群,24585186,有限公司,,1090714,生產中,25金屬製品製造業、29機械設備製造業  ,251金屬刀具、手工具及模具、259其他金屬製品、293通用機械設備  
11508.csv,仟佑有限公司,99649242,08510007222566,彰化縣鹿港鎮詔安里某旦巷７２號,彰化縣鹿港鎮詔安里,鄭雅芬　,97204803,有限公司,0851217,0860121,生產中,25金屬製品製造業、29機械設備製造業  ,259其他金屬製品、293通用機械設備  
11508.csv,代岱食品工廠,99609940,06910000243370,新北市板橋區東丘里中山路二段一四八巷三四號,新北市板橋區東丘里,林哲旭,33976733,獨資,0580101,0700501,生產中,08食品製造業  ,089其他食品  
11508.csv,仲凱雷射有限公司二廠,99704242,,臺中市大里區瑞城里中興路一段26巷20之1號1樓,臺中市大里區瑞城里,林滋茵,27790724,有限公司,,0960426,生產中,25金屬製品製造業、29機械設備製造業  ,254金屬加工處理、259其他金屬製品、293通用機械設備  
11508.csv,仲群維企業有限公司,99656385,07710000264477,臺南市鹽水區橋南里五福路152號,臺南市鹽水區橋南里,洪頎瑋,89649775,有限公司,0770714,0780703,生產中,24基本金屬製造業、25金屬製品製造業、32家具製造業、33其他製造業  ,242鋁、254金屬加工處理、320家具、332醫療器材及用品  
11508.csv,仲奕鋼鐵股份有限公司,99634218,08310006285241,臺中市潭子區栗林里中山路三段三０五巷六九號,臺中市潭子區栗林里,張甚,84876315,股份有限公司,0831130,0831216,生產中,25金屬製品製造業、29機械設備製造業  ,251金屬刀具、手工具及模具、293通用機械設備  
11508.csv,仲興企業有限公司,64005543,8464125221,高雄市前鎮區仁愛里新都路２７號,高雄市前鎮區仁愛里,林煊舜,22379800,有限公司,0840504,0880118,生產中,24基本金屬製造業  ,241鋼鐵  
11508.csv,伊麗莎白化粧品生化科技工廠二廠,99717895,,桃園市桃園區中信里中山路１０００號１３樓之２,桃園市桃園區中信里,魯憲謄,24398228,獨資,,0981106,生產中,19其他化學製品製造業  ,193清潔用品及化粧品  
11508.csv,伸潮股份有限公司第二廠,67001500,,臺南市安南區新順里安和路2段318巷137號,臺南市安南區新順里,高瑋彤,89243917,股份有限公司,,1050525,生產中,25金屬製品製造業  ,259其他金屬製品  
11508.csv,伸潮股份有限公司台南廠,99673558,08510021000060,臺南市安南區佃東里十二佃路10巷9號,臺南市安南區佃東里,高瑋彤,89243917,股份有限公司,0850313,0850401,生產中,25金屬製品製造業、29機械設備製造業  ,259其他金屬製品、293通用機械設備  
11508.csv,伸長彩色印刷股份有限公司,99662424,08010012147553,高雄市仁武區竹後里竹楠路15、17號,高雄市仁武區竹後里,林育君,23333965,股份有限公司,0801014,0810218,生產中,15紙漿、紙及紙製品製造業、16印刷及資料儲存媒體複製業  ,152瓦楞紙板及紙容器、159其他紙製品、160印刷及資料儲存媒體複製  
11508.csv,伸隆成鑄造股份有限公司,99636554,06310006122092,臺中市潭子區大豐里潭富路二段16號,臺中市潭子區大豐里,陳德全,89883315,股份有限公司,0630902,0630902,生產中,24基本金屬製造業  ,241鋼鐵  
11508.csv,九兆金屬工業股份有限公司二廠,68001195,,桃園市龍潭區烏林里中豐路533巷160號,桃園市龍潭區烏林里,陳裕宣,22563691,股份有限公司,,1060413,生產中,24基本金屬製造業  ,241鋼鐵  
11508.csv,乾佑工業股份有限公司嘉義二廠,99655936,07710000284388,嘉義縣民雄鄉興南村工業三路７號,嘉義縣民雄鄉興南村,李明達,66376800,股份有限公司,0771128,0780308,生產中,24基本金屬製造業、25金屬製品製造業、29機械設備製造業、30汽車及其零件製造業、31其他運輸工具及其零件製造業  ,241鋼鐵、254金屬加工處理、253金屬容器、292其他專用機械設備、293通用機械設備、251金屬刀具、手工具及模具、301汽車、302車體、303汽車零件、319未分類其他運輸工具及其零件  
11508.csv,伸昌鋼鐵工業股份有限公司大發廠,64007409,,高雄市大寮區大寮里興業路19號,高雄市大寮區大寮里,曹立政,00803599,股份有限公司,,1041106,生產中,25金屬製品製造業  ,251金屬刀具、手工具及模具、254金屬加工處理、259其他金屬製品  
11508.csv,伸暐股份有限公司,99612440,,新北市新莊區西盛里大安路七號,新北市新莊區西盛里,洪文傑,22418352,股份有限公司,,0911118,生產中,22塑膠製品製造業  ,220塑膠製品  
11508.csv,伸樺工業社,S6701167,,臺南市歸仁區七甲里中正北路二段319巷216號,臺南市歸仁區七甲里,郭瑞華,06393241,獨資,,1141106,生產中,25金屬製品製造業  ,259其他金屬製品  
11508.csv,九如工業社,99613787,08910001252411,新北市樹林區三多里三俊街九０巷五六弄二七號,新北市樹林區三多里,許俊龍,98240829,獨資,0890710,0890721,生產中,29機械設備製造業、25金屬製品製造業  ,293通用機械設備、251金屬刀具、手工具及模具  
11508.csv,九羽企業有限公司,99624231,06710000227994,桃園市觀音區富源里新富路825號,桃園市觀音區富源里,王大岡　　　,44983129,有限公司,0671107,0680919,生產中,25金屬製品製造業、29機械設備製造業、28電力設備及配備製造業  ,251金屬刀具、手工具及模具、291金屬加工用機械設備、281發電、輸電及配電機械  
11508.csv,九良易鋼鐵有限公司,99646558,08810007065298,彰化縣埔鹽鄉出水村埔港路５２號,彰化縣埔鹽鄉出水村,方瑜祐　　,16708369,有限公司,0880409,0880422,生產中,25金屬製品製造業  ,254金屬加工處理  
11508.csv,乾煇企業有限公司,99625319,08610003302676,桃園市蘆竹區中福里龍壽街一段九五巷二弄一七號一樓,桃園市蘆竹區中福里,彭桂英　　　,86969274,其他,0860407,0860421,生產中,24基本金屬製造業  ,241鋼鐵  
11508.csv,于大鋼鐵工業股份有限公司,99605581,06710000018092,新北市三重區大有里中正北路530巷12之1號,新北市三重區大有里,楊璨豪,35932583,股份有限公司,0670201,0671123,生產中,24基本金屬製造業  ,241鋼鐵  
11508.csv,互生有限公司,S6401242,,高雄市大寮區新厝里光明路一段121巷7號,高雄市大寮區新厝里,張簡豐益,16010383,有限公司,,1140527,生產中,25金屬製品製造業  ,251金屬刀具、手工具及模具  
11508.csv,五福氣體有限公司,99722539,,桃園市蘆竹區坑口里海湖東路202巷89號,桃園市蘆竹區坑口里,何世傑,24355537,有限公司,,0990701,生產中,18化學材料及肥料製造業  ,181化學原材料  
11508.csv,井親電機股份有限公司,99631079,07810004056243,新竹縣竹北市麻園里４鄰麻園五街３３６之２號,新竹縣竹北市麻園里,葉詹桂玉　　,22991151,股份有限公司,0780705,0781021,生產中,29機械設備製造業、28電力設備及配備製造業  ,293通用機械設備、281發電、輸電及配電機械、283電線及配線器材、289其他電力設備及配備  
11508.csv,亘盈實業股份有限公司,64003243,6864018053,高雄市三民區灣興里灣興街３８號,高雄市三民區灣興里,張永興,75955344,股份有限公司,0681114,0690919,生產中,25金屬製品製造業、33其他製造業  ,259其他金屬製品、332醫療器材及用品  
11508.csv,亙祥企業有限公司,S6700776,,臺南市官田區社子里社子1之32號,臺南市官田區社子里,徐君儀,24368006,有限公司,,1110721,生產中,29機械設備製造業  ,293通用機械設備  
11508.csv,亙陽建材有限公司,S6601243,,臺中市豐原區南村里豐原大道五段100號,臺中市豐原區南村里,吳保宗,70698114,有限公司,,1090924,生產中,23非金屬礦物製品製造業  ,234石材製品  
11508.csv,亞力電機股份有限公司新莊廠,99612427,06210000097202,新北市新莊區西盛里瓊林南路317號、新樹路645號,新北市新莊區西盛里,宋和業,03213392,股份有限公司,0580101,0630415,生產中,24基本金屬製造業、28電力設備及配備製造業、29機械設備製造業、31其他運輸工具及其零件製造業  ,242鋁、281發電、輸電及配電機械、283電線及配線器材、289其他電力設備及配備、293通用機械設備、319未分類其他運輸工具及其零件  
11508.csv,亞太隆剛鋼鐵股份有限公司,64000264,6164023510,高雄市前鎮區鎮北里鎮港路７號,高雄市前鎮區鎮北里,顏惠珍,16083218,股份有限公司,0610316,0610627,生產中,24基本金屬製造業、25金屬製品製造業、31其他運輸工具及其零件製造業  ,241鋼鐵、254金屬加工處理、259其他金屬製品、319未分類其他運輸工具及其零件、311船舶及浮動設施、249其他基本金屬  
11508.csv,亞威精密工業股份有限公司太平廠,66008508,,臺中市太平區聖和里長龍路1段330號1樓,臺中市太平區聖和里,黃豪瑋,53832432,股份有限公司,,1090921,生產中,29機械設備製造業、30汽車及其零件製造業、31其他運輸工具及其零件製造業  ,293通用機械設備、303汽車零件、312機車及其零件、313自行車及其零件  
11508.csv,亞東預拌混凝土股份有限公司台中廠,99669384,08010000084271,臺中市西屯區協和里工業區35路38號,臺中市西屯區協和里,徐育澤,17562433,股份有限公司,0801204,0830311,生產中,23非金屬礦物製品製造業  ,233水泥及其製品  
11508.csv,亞洲自黏商標有限公司,67000922,,臺南市仁德區新田里勝利路140號,臺南市仁德區新田里,蘇俊麟,24228420,有限公司,,1030625,生產中,16印刷及資料儲存媒體複製業  ,160印刷及資料儲存媒體複製  
11508.csv,亞獵士科技股份有限公司熔煉廠,99711357,,臺南市山上區明和里北勢洲21之9號,臺南市山上區明和里,陳威瑾,86524717,股份有限公司,,0961225,生產中,24基本金屬製造業  ,242鋁、249其他基本金屬  
11508.csv,亞獵士科技股份有限公司第三廠,99711521,,臺南市山上區明和里北勢洲25之5號,臺南市山上區明和里,陳威瑾,86524717,股份有限公司,,0970729,生產中,24基本金屬製造業  ,242鋁  
11508.csv,亞璋工業股份有限公司,99655402,08010000092184,嘉義縣朴子市竹村里橫一街11號,嘉義縣朴子市竹村里,呂金順,22136620,股份有限公司,0800429,0810320,生產中,24基本金屬製造業、25金屬製品製造業、29機械設備製造業、30汽車及其零件製造業、31其他運輸工具及其零件製造業  ,241鋼鐵、251金屬刀具、手工具及模具、291金屬加工用機械設備、303汽車零件、319未分類其他運輸工具及其零件  
11508.csv,亞鉑化工股份有限公司,64005663,08964004185242,高雄市楠梓區五常里經建路５之１巷７號,高雄市楠梓區五常里,陳憲明,06668108,股份有限公司,0890612,0890701,生產中,24基本金屬製造業、19其他化學製品製造業  ,249其他基本金屬、199未分類其他化學製品  
11508.csv,亨友實業有限公司,S0500016,,苗栗縣後龍鎮南港里六鄰南北坑四八之一０號,苗栗縣後龍鎮南港里,洪美娥,22915204,有限公司,,1090512,生產中,24基本金屬製造業  ,241鋼鐵  
11508.csv,亨叡股份有限公司,99676744,,臺南市南區彰南里新樂路19號,臺南市南區彰南里,黃清樹,89842434,股份有限公司,,0920909,生產中,22塑膠製品製造業  ,220塑膠製品  
11508.csv,亨諭實業股份有限公司,99632689,07310005008806,苗栗縣通霄鎮白東里二一鄰白東一三七之一、一三七之五號,苗栗縣通霄鎮白東里,詹秀英,49804758,股份有限公司,0730124,0730511,生產中,24基本金屬製造業  ,241鋼鐵、243銅  
11508.csv,亞致企業社,65010554,,新北市土城區員仁里大安路138巷30號(1樓),新北市土城區員仁里,胡銘賢,91242055,獨資,,1110803,生產中,21橡膠製品製造業  ,210橡膠製品  
11508.csv,亞頓鋼鐵有限公司,99633781,08210006316051,臺中市太平區德隆里工業十六路1號,臺中市太平區德隆里,黃智溢,27585097,有限公司,0821228,0860107,生產中,25金屬製品製造業  ,259其他金屬製品  
11508.csv,亦辰企業有限公司,99706596,,桃園市蘆竹區上竹里大竹路２８８巷１２號,桃園市蘆竹區上竹里,李來榮,16391284,有限公司,,0950918,生產中,24基本金屬製造業、25金屬製品製造業、29機械設備製造業  ,241鋼鐵、254金屬加工處理、242鋁、243銅、252金屬結構及建築組件、291金屬加工用機械設備  
11508.csv,享峻有限公司樹林廠,65013386,,新北市樹林區三龍里三俊街65巷18弄36號(1樓),新北市樹林區三龍里,林宏祥,24241113,有限公司,,1150302,生產中,25金屬製品製造業  ,251金屬刀具、手工具及模具  
11508.csv,享泰鋼鐵有限公司二廠,S6601724,,臺中市烏日區五光里環河路一段862巷56號,臺中市烏日區五光里,籃秋全,84664516,有限公司,,1100830,生產中,25金屬製品製造業  ,254金屬加工處理  
11508.csv,享泰鋼鐵有限公司一廠,66004256,,臺中市烏日區螺潭里溪南路二段325號1樓,臺中市烏日區螺潭里,籃秋全,84664516,有限公司,,1041229,生產中,25金屬製品製造業  ,254金屬加工處理  
11508.csv,京元電子股份有限公司第三廠,99667449,,新竹市東區埔頂里公道五路二段八一號三至五樓,新竹市東區埔頂里,李金恭,22507241,股份有限公司,,0900814,生產中,26電子零組件製造業  ,261半導體  
11508.csv,京元電子股份有限公司楊梅二廠,68007372,,桃園市楊梅區中山里行善路80號(2層、3層、4層),桃園市楊梅區中山里,謝其俊,22507241,股份有限公司,,1150213,生產中,26電子零組件製造業  ,261半導體  
11508.csv,京元電子股份有限公司竹南分公司中華廠,99631967,08810005107598,苗栗縣竹南鎮頂埔里中華路118號、中華路228巷8號,苗栗縣竹南鎮頂埔里,張高薰,22507241,股份有限公司,0881215,0890111,生產中,26電子零組件製造業  ,261半導體  
11508.csv,京元電子股份有限公司第六廠,99667803,08810018130284,新竹市東區埔頂里公道五路二段八一號,新竹市東區埔頂里,謝其俊,22507241,股份有限公司,0880415,0890809,生產中,26電子零組件製造業  ,261半導體  
11508.csv,京元電子股份有限公司銅鑼分公司廠,95A01030,,新竹科學園區苗栗縣銅鑼鄉九湖村銅科北路8號,苗栗縣銅鑼鄉九湖村,張高薰,22507241,股份有限公司,,1030120,生產中,26電子零組件製造業  ,261半導體、269其他電子零組件  
11508.csv,京元電子股份有限公司頭份一廠,05000887,,苗栗縣頭份市東庄里自強路2段215號,苗栗縣頭份市東庄里,謝其俊,22507241,股份有限公司,,1140418,生產中,26電子零組件製造業  ,261半導體、269其他電子零組件  
11508.csv,京兆塑膠股份有限公司三豐廠,S6601192,,臺中市豐原區東湳里三豐路二段20巷242號,臺中市豐原區東湳里,易美惠,22920591,股份有限公司,,1090918,生產中,22塑膠製品製造業  ,220塑膠製品  
11508.csv,京河科技股份有限公司,99624150,07510000334800,桃園市楊梅區高山里獅四路6號,桃園市楊梅區高山里,黃河東　　　,93616902,股份有限公司,0751215,0760225,生產中,31其他運輸工具及其零件製造業、25金屬製品製造業、29機械設備製造業  ,312機車及其零件、293通用機械設備、259其他金屬製品  
11508.csv,仁親銅導體股份有限公司,99632422,08010005121628,苗栗縣竹南鎮新南里七鄰三角店二九之一號,苗栗縣竹南鎮新南里,彭慶祥,23687853,有限公司,0801102,0810909,生產中,28電力設備及配備製造業  ,281發電、輸電及配電機械、283電線及配線器材、289其他電力設備及配備  
11508.csv,仁里實業股份有限公司,99651857,07010000152520,彰化縣北斗鎮文昌里後溪巷７號,彰化縣北斗鎮文昌里,李勝敦　,24152250,股份有限公司,0700812,0710322,生產中,32家具製造業  ,320家具  
11508.csv,今元製模股份有限公司二廠,S6601043,,臺中市西屯區永安里福雅路256巷20-1號,臺中市西屯區永安里,張舜雄,86102414,股份有限公司,,1090904,生產中,25金屬製品製造業  ,251金屬刀具、手工具及模具  
11508.csv,介勝有限公司,66002410,,臺中市太平區中興里太平26街9號1樓,臺中市太平區中興里,賴杰智,53040635,有限公司,,1030103,生產中,25金屬製品製造業  ,251金屬刀具、手工具及模具  
11508.csv,仕翔工程工業有限公司,S6400036,,高雄市阿蓮區玉庫里玉崑十街178號,高雄市阿蓮區玉庫里,歐苓娟,28056243,有限公司,,1090605,生產中,29機械設備製造業  ,293通用機械設備  
11508.csv,仙蒂爾照明設備有限公司,65008705,,新北市五股區興珍里中興路1段18號1樓,新北市五股區興珍里,賴科嘉,24361405,有限公司,,1090702,生產中,25金屬製品製造業、28電力設備及配備製造業  ,259其他金屬製品、284照明設備及配備  
11508.csv,以勒鋼鐵股份有限公司,13000959,,屏東縣萬丹鄉廣安村廣維路108號,屏東縣萬丹鄉廣安村,杜志漢,54620626,股份有限公司,,1140423,生產中,25金屬製品製造業  ,254金屬加工處理  
11508.csv,伍冠興業有限公司,99722355,,桃園市觀音區保障里12鄰保障二路645號,桃園市觀音區保障里,鄧家祥,12988620,有限公司,,0990211,生產中,24基本金屬製造業、25金屬製品製造業  ,241鋼鐵、259其他金屬製品  
11508.csv,伍豪工業有限公司,99603749,08310001059241,新北市新莊區化成里化成路四三巷八六號,新北市新莊區化成里,林炳宏,36054057,有限公司,0830307,0830408,生產中,25金屬製品製造業、29機械設備製造業、28電力設備及配備製造業、30汽車及其零件製造業、31其他運輸工具及其零件製造業、26電子零組件製造業  ,259其他金屬製品、293通用機械設備、264光電材料及元件、269其他電子零組件、303汽車零件、312機車及其零件、285家用電器  
11508.csv,伯崇科技股份有限公司,99655795,07710000266583,嘉義縣民雄鄉北斗村民雄工業區中正路３３號,嘉義縣民雄鄉北斗村,李鎮修,16856488,股份有限公司,0770816,0790317,生產中,22塑膠製品製造業、24基本金屬製造業、25金屬製品製造業、29機械設備製造業、27電腦、電子產品及光學製品製造業、26電子零組件製造業、30汽車及其零件製造業、31其他運輸工具及其零件製造業  ,220塑膠製品、243銅、251金屬刀具、手工具及模具、259其他金屬製品、291金屬加工用機械設備、293通用機械設備、271電腦及其週邊設備、252金屬結構及建築組件、272通訊傳播設備、273視聽電子產品、269其他電子零組件、303汽車零件、311船舶及浮動設施、312機車及其零件、319未分類其他運輸工具及其零件  
11508.csv,伯悅有限公司,66004559,,臺中市后里區后里里后科南路35巷100號1、2樓,臺中市后里區后里里,范端妹,24370066,有限公司,,1050506,生產中,25金屬製品製造業、27電腦、電子產品及光學製品製造業  ,251金屬刀具、手工具及模具、259其他金屬製品、273視聽電子產品、275量測、導航、控制設備及鐘錶、277光學儀器及設備  
11508.csv,伯悅有限公司一廠,66005341,,臺中市后里區后里里后科南路35巷100號3樓,臺中市后里區后里里,范端妹,24370066,有限公司,,1060406,生產中,27電腦、電子產品及光學製品製造業  ,273視聽電子產品、275量測、導航、控制設備及鐘錶、277光學儀器及設備  
11508.csv,仨昌企業有限公司,99636393,08010006002632,臺中市龍井區山腳里中山二路一段西巷32號,臺中市龍井區山腳里,林時民,23370243,有限公司,0800212,0800320,生產中,15紙漿、紙及紙製品製造業  ,152瓦楞紙板及紙容器  
11508.csv,仲申砂心有限公司蘆竹廠,99622444,08410000652694,桃園市蘆竹區海湖里海山東街一五號,桃園市蘆竹區海湖里,蔡興旺　　　,22467450,有限公司,0841002,0890313,生產中,24基本金屬製造業、25金屬製品製造業  ,241鋼鐵、259其他金屬製品  
11508.csv,任成企業有限公司,99608955,07210000192395,新北市土城區貨饒里中華路一段九四號,新北市土城區貨饒里,陳文雄,34082873,有限公司,0720920,0721102,生產中,32家具製造業、28電力設備及配備製造業、24基本金屬製造業、25金屬製品製造業、29機械設備製造業  ,320家具、285家用電器、242鋁、243銅、259其他金屬製品、293通用機械設備  
11508.csv,伍錦企業股份有限公司,99662136,07410012092445,高雄市大寮區潮寮里田單三街１３號,高雄市大寮區潮寮里,黃雅慧,81231993,有限公司,0791231,0791231,生產中,24基本金屬製造業  ,241鋼鐵  
11508.csv,伸協興製網股份有限公司三廠,07004966,,彰化縣線西鄉線西村彰濱東十路8號,彰化縣線西鄉線西村,柯結義,89700879,股份有限公司,,1111115,生產中,24基本金屬製造業、25金屬製品製造業  ,241鋼鐵、254金屬加工處理  
11508.csv,伸和鋼鐵有限公司,S6401361,,高雄市大寮區過溪里華六街51-6號,高雄市大寮區過溪里,蘇錦菊,16688568,有限公司,,1141118,生產中,25金屬製品製造業  ,254金屬加工處理  
11508.csv,伸坪鋼鐵股份有限公司,99704032,,臺中市大肚區王田里沙田路一段320巷35之6號,臺中市大肚區王田里,陳琨淇,22120444,股份有限公司,,0951226,生產中,24基本金屬製造業、25金屬製品製造業、30汽車及其零件製造業、31其他運輸工具及其零件製造業  ,241鋼鐵、251金屬刀具、手工具及模具、303汽車零件、312機車及其零件  
11508.csv,伸奇冰店,99713250,,臺中市太平區宜欣里中山路三段１巷５６弄８號,臺中市太平區宜欣里,賴傳旺,45623241,獨資,,0980507,生產中,33其他製造業  ,339未分類其他製品  
11508.csv,九川實業股份有限公司,99641429,08410006222436,臺中市大雅區員林里神林路一段一九三之一號,臺中市大雅區員林里,張德成,84415876,股份有限公司,0840907,0840926,生產中,31其他運輸工具及其零件製造業  ,312機車及其零件、313自行車及其零件  
11508.csv,九州鋁業股份有限公司一廠,04000034,,新竹縣新豐鄉上坑村坑子口439號,新竹縣新豐鄉上坑村,鍾賜璟,23394723,股份有限公司,,0991231,生產中,24基本金屬製造業、25金屬製品製造業  ,242鋁、249其他基本金屬、252金屬結構及建築組件、259其他金屬製品  
11508.csv,九德鋼索工業股份有限公司,99664932,06910012057584,高雄市大社區大社里大社路３５１號,高雄市大社區大社里,李宏仁,85909355,股份有限公司,0791231,0791231,生產中,24基本金屬製造業、25金屬製品製造業  ,241鋼鐵、254金屬加工處理  
11508.csv,五吉工業股份有限公司,68005545,,桃園市蘆竹區錦興里錦華路69號1樓,桃園市蘆竹區錦興里,呂紹弘,22410099,股份有限公司,,1120629,生產中,29機械設備製造業  ,293通用機械設備  
11508.csv,五笠米廠,99651184,07110000190147,彰化縣竹塘鄉竹塘村中興街四十一巷二十一號,彰化縣竹塘鄉竹塘村,莊伯義　,24165380,獨資,0710823,0720406,生產中,08食品製造業  ,086碾榖、磨粉及澱粉製品  
11508.csv,五綸織造股份有限公司三廠,07002044,,彰化縣埤頭鄉崙子村彰水路三段859號,彰化縣埤頭鄉崙子村,謝敬賢,24172946,股份有限公司,,1060214,生產中,11紡織業、12成衣及服飾品製造業  ,112織布、121成衣  
11508.csv,五綸織造股份有限公司二廠,99650727,08910007300551,彰化縣埤頭鄉崙子村彰水路四段二一號,彰化縣埤頭鄉崙子村,謝敬賢,24172946,股份有限公司,0890510,0890520,生產中,11紡織業  ,112織布  
11508.csv,五綸織造股份有限公司五廠,07003416,10810007800491,彰化縣芳苑鄉後寮村工區路43號,彰化縣芳苑鄉後寮村,謝敬賢,24172946,股份有限公司,1081017,1081028,生產中,11紡織業  ,112織布  
11508.csv,五綸織造股份有限公司工廠,99650699,07410007050244,彰化縣埤頭鄉埤頭村埤頭路二二九號,彰化縣埤頭鄉埤頭村,吳世澤　　　,24172946,股份有限公司,0740318,0740827,生產中,11紡織業  ,112織布  
11508.csv,伸豐不銹鋼股份有限公司,99658242,07410000026512,臺南市安定區中沙里中崙169號,臺南市安定區中沙里,張至欽,24382112,股份有限公司,0740129,0760307,生產中,25金屬製品製造業  ,253金屬容器  
11508.csv,九春工業股份有限公司,99663321,07910012151102,高雄市大寮區中庄里四維路３８１號,高雄市大寮區中庄里,邱明傑,81228857,股份有限公司,0791231,0791231,生產中,29機械設備製造業、24基本金屬製造業  ,241鋼鐵、293通用機械設備  
11508.csv,九鑫鋼鐵有限公司,99712110,,高雄市岡山區本洲里本工五路２６、２６之１號,高雄市岡山區本洲里,鄭琬于,80047251,有限公司,,0970116,生產中,25金屬製品製造業  ,254金屬加工處理  
11508.csv,九順酒業股份有限公司,07004902,,彰化縣二水鄉文化村田仔二巷6-1號1樓,彰化縣二水鄉文化村,游志民,24218274,股份有限公司,,1110913,生產中,09飲料製造業  ,091酒精飲料  
11508.csv,乾達工業社,S6601759,,臺中市霧峰區丁台里丁台路478號,臺中市霧峰區丁台里,魏存應,21853052,獨資,,1110224,生產中,24基本金屬製造業  ,241鋼鐵  
11508.csv,二信工業股份有限公司淡水廠,99600236,06310000092380,新北市淡水區義山里淡金路三段四六一巷二０號,新北市淡水區義山里,蔡兆順,12241686,股份有限公司,0580101,0650414,生產中,22塑膠製品製造業  ,220塑膠製品  
11508.csv,云長科技股份有限公司,95A00904,,新竹科學園區新竹市東區科園里研發二路24、26號2樓,新竹市東區科園里,李敏軒,24265901,股份有限公司,,1010809,生產中,28電力設備及配備製造業  ,284照明設備及配備  
11508.csv,五菘企業有限公司,07000109,,彰化縣福興鄉橋頭村彰鹿路七段330巷1弄28號,彰化縣福興鄉橋頭村,許家華,24256403,有限公司,,1000218,生產中,12成衣及服飾品製造業  ,121成衣  
11508.csv,亞仕塑膠工業有限公司,06000032,,臺中市霧峰區四德里北豐路25號,臺中市霧峰區四德里,林金生,24272207,有限公司,,0991015,生產中,22塑膠製品製造業  ,220塑膠製品  
11508.csv,亞帕科技有限公司,68004633,,桃園市桃園區汴洲里春日路1651巷55號,桃園市桃園區汴洲里,宋俍宏,24297185,有限公司,,1101223,生產中,29機械設備製造業  ,291金屬加工用機械設備  
11508.csv,亞景企業有限公司,99685216,08210000072940,高雄市鳳山區武漢里輜汽南路３號,高雄市鳳山區武漢里,陳劉福蓮,85829276,有限公司,0820422,0820508,生產中,24基本金屬製造業  ,241鋼鐵、242鋁  
11508.csv,亞立森實業股份有限公司,99711823,,臺南市永康區三民里和平東路159、161號,臺南市永康區三民里,陳育婕,28025426,股份有限公司,,0980930,生產中,24基本金屬製造業  ,241鋼鐵  
11508.csv,亞西亞企業有限公司樹林廠,99610062,08810001024210,新北市樹林區圳生里俊安街二九號,新北市樹林區圳生里,陳雙文,84694265,有限公司,0880222,0880310,生產中,16印刷及資料儲存媒體複製業  ,160印刷及資料儲存媒體複製  
11508.csv,交盛螺絲有限公司岡山廠,99662195,08910012800938,高雄市岡山區台上里成功路４６０巷１０之１號,高雄市岡山區台上里,朱月鳳,23337786,有限公司,0890824,0890911,生產中,24基本金屬製造業、25金屬製品製造業  ,241鋼鐵、259其他金屬製品  
11508.csv,交通鋼鐵股份有限公司,S6601650,,臺中市烏日區北里里2鄰太明路2巷1弄16號,臺中市烏日區北里里,廖顯臨,97235263,股份有限公司,,1091117,生產中,25金屬製品製造業  ,254金屬加工處理  
11508.csv,亦仕企業股份有限公司,99680571,,彰化縣大村鄉貢旗村貢旗二巷６之１號,彰化縣大村鄉貢旗村,賴榮潭,80224191,股份有限公司,,0961231,生產中,32家具製造業  ,320家具  
11508.csv,億玖工程有限公司平鎮廠,68004632,,桃園市平鎮區平南里中豐路南勢二段460巷131號,桃園市平鎮區平南里,蔣昌成,24369053,有限公司,,1101222,生產中,25金屬製品製造業、29機械設備製造業  ,259其他金屬製品、293通用機械設備  
11508.csv,億瑞工業股份有限公司燕巢廠,99685415,08110012162812,高雄市燕巢區橫山里大仁路８３號,高雄市燕巢區橫山里,林明隆,83449080,股份有限公司,0811110,0820312,生產中,22塑膠製品製造業、24基本金屬製造業  ,220塑膠製品、241鋼鐵  
11508.csv,億瑞工業股份有限公司高雄廠,99665085,06510012046847,高雄市仁武區烏林里仁心路２６２號,高雄市仁武區烏林里,林明隆,83449080,股份有限公司,0791231,0791231,生產中,24基本金屬製造業、28電力設備及配備製造業  ,241鋼鐵、243銅、283電線及配線器材  
11508.csv,億瑩鋁業有限公司,02000168,,宜蘭縣冬山鄉大興村德興十路14號,宜蘭縣冬山鄉大興村,謝玉蘭,54099704,有限公司,,1040205,生產中,24基本金屬製造業  ,242鋁  
11508.csv,允信工業有限公司,63020325,06663000011312,臺北市士林區永倫里延平北路六段四七二號,臺北市士林區永倫里,李重信,31235283,有限公司,0660311,0670428,生產中,25金屬製品製造業、29機械設備製造業、24基本金屬製造業  ,252金屬結構及建築組件、291金屬加工用機械設備、241鋼鐵  
11508.csv,凰瑋金屬工業股份有限公司,07000342,,彰化縣田中鎮沙崙里新工三路53號,彰化縣田中鎮沙崙里,莊景源,24297404,股份有限公司,,1001102,生產中,24基本金屬製造業  ,241鋼鐵  
11508.csv,凱上鋼鐵股份有限公司,99717673,,桃園市大園區五權里17鄰五青路183巷51號,桃園市大園區五權里,簡金潭,89777187,股份有限公司,,0980511,生產中,24基本金屬製造業  ,241鋼鐵  
11508.csv,力大鋼鐵工業股份有限公司中華廠,S6400794,,高雄市湖內區海埔里中華街74巷18號,高雄市湖內區海埔里,薛麗娥,69534748,股份有限公司,,1091006,生產中,25金屬製品製造業  ,252金屬結構及建築組件  
11508.csv,力大鋼鐵工業股份有限公司二廠,S6401086,,高雄市湖內區公舘里福生一街65-1號,高雄市湖內區公舘里,薛麗娥,69534748,股份有限公司,,1130808,生產中,25金屬製品製造業  ,252金屬結構及建築組件、254金屬加工處理  
11508.csv,力英電子股份有限公司,99614935,07710001242706,新北市三峽區礁溪里介壽路1段311巷29號,新北市三峽區礁溪里,劉德發,22299193,股份有限公司,0770808,0771003,生產中,26電子零組件製造業、27電腦、電子產品及光學製品製造業、28電力設備及配備製造業  ,269其他電子零組件、271電腦及其週邊設備、289其他電力設備及配備  
11508.csv,加捷生醫股份有限公司,64005431,08764009130076,高雄市前鎮區鎮北里擴建路１之３０號９樓,高雄市前鎮區鎮北里,溫原堂,89415241,股份有限公司,0870212,0870505,生產中,08食品製造業  ,089其他食品  
11508.csv,加捷生醫股份有限公司美濃廠,99661261,09010012800075,高雄市美濃區中圳里泰安路345號2、3、4樓,高雄市美濃區中圳里,溫原堂,89415241,股份有限公司,0900201,0900219,生產中,08食品製造業  ,089其他食品  
11508.csv,勝騠金屬企業有限公司,S6601674,,臺中市大雅區西寶里昌平路四段282南13巷48弄52號,臺中市大雅區西寶里,錢瑩珍,22397321,有限公司,,1100121,生產中,24基本金屬製造業  ,243銅  
11508.csv,勵螢企業有限公司,99663305,07610012960063,高雄市大寮區潮寮里田單五街３號,高雄市大寮區潮寮里,蘇秀媚,22072837,有限公司,0791231,0791231,生產中,24基本金屬製造業  ,241鋼鐵  
11508.csv,北和企業股份有限公司,99650391,06610000198055,彰化縣秀水鄉馬興村雅興街三０五巷一二號,彰化縣秀水鄉馬興村,王憶萍,59201670,股份有限公司,0661129,0670131,生產中,24基本金屬製造業、25金屬製品製造業  ,243銅、259其他金屬製品  
11508.csv,北易大工業有限公司,63020895,08763000024111,臺北市內湖區西康里內湖路一段九一巷二四弄十號,臺北市內湖區西康里,練百城,86718404,有限公司,0870626,0870706,生產中,25金屬製品製造業  ,252金屬結構及建築組件  
11508.csv,匯汎企業股份有限公司,99660586,07610011106301,臺南市永康區尚頂里尚頂路92號,臺南市永康區尚頂里,郭玉霞　　　,22924338,股份有限公司,0760905,0770702,生產中,29機械設備製造業  ,293通用機械設備  
11508.csv,千兆機械廠,99669627,06510000092852,臺中市南屯區文山里保安一街１８１號,臺中市南屯區文山里,何賴淑娥,52420989,獨資,0580101,0670816,生產中,25金屬製品製造業  ,251金屬刀具、手工具及模具  
11508.csv,千朋興業有限公司,99650312,07710007060285,彰化縣社頭鄉新厝村崙饒路二八五號,彰化縣社頭鄉新厝村,江璧君,24215918,有限公司,0770820,0770916,生產中,25金屬製品製造業、29機械設備製造業  ,259其他金屬製品、293通用機械設備  
11508.csv,低碳鋁材科技股份有限公司,66006316,,臺中市龍井區三德里工業路173巷9號,臺中市龍井區三德里,鄭敏,90282846,股份有限公司,,1070409,生產中,24基本金屬製造業  ,242鋁  
11508.csv,低碳鋁材科技股份有限公司二廠,66011163,,臺中市梧棲區草湳里自立路431、433號,臺中市梧棲區草湳里,鄭敏,90282846,股份有限公司,,1130419,生產中,24基本金屬製造業  ,242鋁  
11508.csv,佳億紙器廠,S0702425,,彰化縣秀水鄉莊雅村秀中街70-4號,彰化縣秀水鄉莊雅村,林佳佑,59027096,合夥,,1130606,生產中,15紙漿、紙及紙製品製造業  ,152瓦楞紙板及紙容器  
11508.csv,佶育企業有限公司,99627568,08810003324522,桃園市觀音區塔腳里三鄰塔子腳72之1號1樓,桃園市觀音區塔腳里,楊富松　,16341243,有限公司,0880119,0880423,生產中,11紡織業  ,112織布  
11508.csv,佶興工業有限公司,99702806,,臺中市大雅區四德里中清路三段800號,臺中市大雅區四德里,廖本為,27612926,有限公司,,0940223,生產中,24基本金屬製造業、25金屬製品製造業  ,241鋼鐵、252金屬結構及建築組件  
11508.csv,俊來金屬股份有限公司台中廠,99669949,07610000318666,臺中市南屯區寶山里工業區二十五路26號,臺中市南屯區寶山里,潘仲良,36156131,股份有限公司,0761029,0800408,生產中,24基本金屬製造業  ,241鋼鐵  
11508.csv,俊儒企業有限公司,66012441,,臺中市太平區平安里鵬儀路242巷3號,臺中市太平區平安里,賴張雪峯,97347730,有限公司,,1150522,生產中,25金屬製品製造業、29機械設備製造業、31其他運輸工具及其零件製造業  ,259其他金屬製品、293通用機械設備、313自行車及其零件  
11508.csv,保泰實業股份有限公司淡水廠,99618963,06310000098241,新北市淡水區義山里下圭柔山70之14號,新北市淡水區義山里,林育正,03315911,股份有限公司,0580101,0631005,生產中,18化學材料及肥料製造業  ,181化學原材料、183肥料及氮化合物  
11508.csv,保發鋼鐵股份有限公司,08000466,,南投縣竹山鎮延和里大和街389號,南投縣竹山鎮延和里,黃柏榮,90719714,股份有限公司,,1111207,生產中,24基本金屬製造業、25金屬製品製造業  ,241鋼鐵、254金屬加工處理  
11508.csv,信孚壓鑄企業股份有限公司基隆廠,99667244,07510000265674,基隆市安樂區中崙里武訓街１０號,基隆市安樂區中崙里,陳吉輝,45097824,股份有限公司,0750901,0751204,生產中,25金屬製品製造業、24基本金屬製造業  ,254金屬加工處理、259其他金屬製品、241鋼鐵、242鋁、243銅、249其他基本金屬、251金屬刀具、手工具及模具、252金屬結構及建築組件、253金屬容器  
11508.csv,信孚產業股份有限公司嘉義廠,99655658,06210000001096,嘉義縣水上鄉寬士村崎子頭1之9號,嘉義縣水上鄉寬士村,洪維憶,11459242,股份有限公司,0580101,0620612,生產中,30汽車及其零件製造業、25金屬製品製造業、33其他製造業、31其他運輸工具及其零件製造業、29機械設備製造業、27電腦、電子產品及光學製品製造業、22塑膠製品製造業  ,259其他金屬製品、313自行車及其零件、301汽車、331育樂用品、303汽車零件、293通用機械設備、275量測、導航、控制設備及鐘錶、332醫療器材及用品、220塑膠製品、319未分類其他運輸工具及其零件  
11508.csv,信安紙業有限公司,99676636,08110000084815,臺南市南區彰南里新孝路190號,臺南市南區彰南里,蘇宗基,86624292,有限公司,0810829,0820226,生產中,16印刷及資料儲存媒體複製業  ,160印刷及資料儲存媒體複製  
11508.csv,信皇彈簧工業社,S0703281,,彰化縣福興鄉同安村同安巷臨25之17號,彰化縣福興鄉同安村,許秀蘭,82422561,獨資,,1140825,生產中,25金屬製品製造業  ,254金屬加工處理、259其他金屬製品  
11508.csv,偉鴻鋼鐵有限公司新屋廠,68007089,,桃園市新屋區頭洲里新榮路592號,桃園市新屋區頭洲里,黃發炫,69685169,有限公司,,1141007,生產中,25金屬製品製造業  ,254金屬加工處理  
11508.csv,偉鴻鋼鐵有限公司觀音廠,S6800400,,桃園市觀音區草漯里忠孝路637-1號,桃園市觀音區草漯里,黃發炫,69685169,有限公司,,1130130,生產中,25金屬製品製造業  ,254金屬加工處理  
11508.csv,偉鴻鋼鐵有限公司龜山廠,68002878,,桃園市龜山區嶺頂里振興路58巷5弄6號2樓,桃園市龜山區嶺頂里,黃發炫,69685169,有限公司,,1080813,生產中,25金屬製品製造業、29機械設備製造業  ,259其他金屬製品、293通用機械設備  
11508.csv,健鋐有限公司,99651343,,彰化縣永靖鄉獨鰲村一村巷十號,彰化縣永靖鄉獨鰲村,陳毓賢,13072435,有限公司,,0910612,生產中,25金屬製品製造業  ,259其他金屬製品  
11508.csv,傳裕企業股份有限公司,99644647,06710006017825,臺中市龍井區忠和里工業路177巷18號,臺中市龍井區忠和里,楊錦明,56625576,股份有限公司,0670210,0671205,生產中,24基本金屬製造業  ,241鋼鐵  
11508.csv,傳說企業有限公司,S1300285,,屏東縣南州鄉七塊村七塊路5號,屏東縣南州鄉七塊村,林建誌,24364959,有限公司,,1100804,生產中,23非金屬礦物製品製造業、23非金屬礦物製品製造業  ,233水泥及其製品  
11508.csv,億築企業股份有限公司,99662204,07110012066841,高雄市永安區維新里永工一路１６號,高雄市永安區維新里,林煊舜,69643979,股份有限公司,0791231,0791231,生產中,24基本金屬製造業  ,241鋼鐵  
11508.csv,優力格傢俱事業有限公司,65012932,,新北市中和區中原里立德街308號,新北市中和區中原里,朱淑琴,24390366,有限公司,,1140807,生產中,32家具製造業、14木竹製品製造業  ,320家具、140木竹製品  
11508.csv,優名化學工業股份有限公司光榮廠,99620016,08910000908041,宜蘭縣羅東鎮東安里光榮路三四０巷十六號,宜蘭縣羅東鎮東安里,陳新峰,02422300,股份有限公司,0891229,0900420,生產中,19其他化學製品製造業  ,193清潔用品及化粧品  
11508.csv,凱佑鋼鐵股份有限公司工廠,66006371,,臺中市沙鹿區斗抵里沙田路2之13號,臺中市沙鹿區斗抵里,蔡伯鍵,89345935,股份有限公司,,1070424,生產中,25金屬製品製造業  ,252金屬結構及建築組件、254金屬加工處理  
11508.csv,凱耀工業股份有限公司,99628753,07710000252502,桃園市大園區南港里環區西路266巷23號,桃園市大園區南港里,黃哲男,22925907,股份有限公司,0770629,0781114,生產中,25金屬製品製造業、24基本金屬製造業  ,259其他金屬製品、249其他基本金屬、241鋼鐵  
11508.csv,利安鑫食品有限公司,99712298,,高雄市岡山區為隨里為隨東路58巷27、29號,高雄市岡山區為隨里,謝維展,24224418,有限公司,,0971001,生產中,08食品製造業  ,082水產加工  
11508.csv,加泓鋼鐵股份有限公司,99673257,06710000097392,臺南市南區彰南里新平路5號,臺南市南區彰南里,林永昌,69571406,股份有限公司,0670614,0680829,生產中,24基本金屬製造業、25金屬製品製造業  ,241鋼鐵、252金屬結構及建築組件  
11508.csv,加泓鋼鐵股份有限公司二廠,99705909,,臺南市南區彰南里新平路1號、1之1號,臺南市南區彰南里,林永昌,69571406,股份有限公司,,0970304,生產中,25金屬製品製造業  ,252金屬結構及建築組件、254金屬加工處理  
11508.csv,勁群工業股份有限公司,99600494,07710001337891,新北市汐止區八連里八連路一段五三Ｏ巷四號,新北市汐止區八連里,闕河仁,22637716,股份有限公司,0770204,0780724,生產中,24基本金屬製造業、25金屬製品製造業  ,241鋼鐵、254金屬加工處理  
11508.csv,勝鴻鋼鐵工業有限公司二廠,S6603236,,臺中市大安區西安里東西八路二段181號,臺中市大安區西安里,陳麗如,86638367,有限公司,,1150424,生產中,25金屬製品製造業  ,252金屬結構及建築組件  
11508.csv,勝鴻鋼鐵工業有限公司,99635856,07710006082200,臺中市大甲區岷山里中山路一段９０８巷１２２號,臺中市大甲區岷山里,陳麗如,86638367,有限公司,0770602,0770706,生產中,25金屬製品製造業  ,252金屬結構及建築組件  
11508.csv,勝鴻鋼鐵工業有限公司三廠,66011430,,臺中市大甲區武曲里大安港路180號1樓,臺中市大甲區武曲里,陳麗如,86638367,有限公司,,1130913,生產中,25金屬製品製造業  ,252金屬結構及建築組件、259其他金屬製品  
11508.csv,北極星精密機具廠股份有限公司龍潭廠,68005553,,桃園市龍潭區烏林里工二路一段93號,桃園市龍潭區烏林里,林世仁,12854241,股份有限公司,,1120703,生產中,25金屬製品製造業  ,259其他金屬製品  
11508.csv,北橋工業股份有限公司,99602418,08010000329584,新北市五股區興珍里五權三路1號,新北市五股區興珍里,陳俊昀,86180760,股份有限公司,0801128,0810121,生產中,11紡織業  ,115紡織品、114染整  
11508.csv,北部鋼鐵有限公司,S6500534,,新北市土城區永寧里永安街79號之1,新北市土城區永寧里,徐慧如,97040767,有限公司,,1120224,生產中,25金屬製品製造業  ,254金屬加工處理  
11508.csv,匯軒股份有限公司斗六廠,09000041,,雲林縣斗六市榴中里斗工二路37號,雲林縣斗六市榴中里,唐鈺熹,24205741,股份有限公司,,1000201,生產中,08食品製造業  ,087動物飼品  
11508.csv,協宏精密有限公司,66010824,,臺中市潭子區潭秀里潭富路一段87巷15號,臺中市潭子區潭秀里,蘇基溢,24251195,有限公司,,1120921,生產中,25金屬製品製造業、29機械設備製造業  ,251金屬刀具、手工具及模具、291金屬加工用機械設備  
11508.csv,佐岡鋼鐵有限公司工廠,07000319,,彰化縣秀水鄉鶴鳴村永豐巷70之1號,彰化縣秀水鄉鶴鳴村,施進興,97487921,有限公司,,1001005,生產中,25金屬製品製造業  ,252金屬結構及建築組件  
11508.csv,佳昱捲門有限公司,04000932,,新竹縣湖口鄉長嶺村中平路二段162號1樓,新竹縣湖口鄉長嶺村,陳志明,24399964,有限公司,,1091210,生產中,25金屬製品製造業  ,254金屬加工處理  
11508.csv,保羅帆船國際服飾有限公司,07005606,,彰化縣埔鹽鄉太平村大新路1巷二橫巷2號之2,彰化縣埔鹽鄉太平村,楊鈞皓,25052433,有限公司,,1130626,生產中,12成衣及服飾品製造業  ,121成衣  
11508.csv,信睦股份有限公司三重廠,99692418,,新北市三重區頂崁里中興北街二七一號,新北市三重區頂崁里,蔡樹根,35824368,股份有限公司,,0930419,生產中,25金屬製品製造業、29機械設備製造業、26電子零組件製造業、30汽車及其零件製造業、31其他運輸工具及其零件製造業  ,259其他金屬製品、293通用機械設備、251金屬刀具、手工具及模具、264光電材料及元件、269其他電子零組件、303汽車零件、312機車及其零件  
11508.csv,信睦股份有限公司,99601417,08610001228118,新北市新莊區頭前里化成路二九三巷三三號,新北市新莊區頭前里,蔡樹根,35824368,股份有限公司,0860703,0860906,生產中,24基本金屬製造業、25金屬製品製造業  ,249其他基本金屬、254金屬加工處理、251金屬刀具、手工具及模具  
11508.csv,傳豐機械電器工業股份有限公司,99673045,06610000117639,臺南市南區彰南里新信路28號,臺南市南區彰南里,王隆機,69600471,股份有限公司,0660723,0690310,生產中,29機械設備製造業、24基本金屬製造業、28電力設備及配備製造業  ,241鋼鐵、292其他專用機械設備、289其他電力設備及配備  
11508.csv,傳貴宏業生機有限公司,S6800274,,桃園市大溪區美華里美山路一段601巷255號,桃園市大溪區美華里,詹文炯,24288475,有限公司,,1090911,生產中,08食品製造業  ,083蔬果加工  
11508.csv,億群農業資材行,S0900241,,雲林縣元長鄉下寮村東興路316號,雲林縣元長鄉下寮村,邱鉦翔,72401659,獨資,,1111129,生產中,29機械設備製造業  ,292其他專用機械設備  
11508.csv,利岱興業有限公司,99681235,,彰化縣福興鄉頂粘村頂粘街４４０號,彰化縣福興鄉頂粘村,粘春源,16243313,有限公司,,0990722,生產中,22塑膠製品製造業  ,220塑膠製品  
11508.csv,利岱興業有限公司二廠,S0700627,,彰化縣鹿港鎮埔崙里埔腳巷73號,彰化縣鹿港鎮埔崙里,粘春源,16243313,有限公司,,1090615,生產中,22塑膠製品製造業  ,220塑膠製品  
11508.csv,利通開發股份有限公司,99687574,,桃園市中壢區忠義里自強一路一二號二樓,桃園市中壢區忠義里,王清水,80452265,股份有限公司,,0930409,生產中,29機械設備製造業、24基本金屬製造業、28電力設備及配備製造業  ,293通用機械設備、243銅、242鋁、285家用電器  
11508.csv,創暉鐵工廠有限公司,99670503,07710019000584,臺中市北區建成里東光路292號,臺中市北區建成里,朱昶昇,23243177,有限公司,0770315,0770502,生產中,25金屬製品製造業、29機械設備製造業、31其他運輸工具及其零件製造業  ,259其他金屬製品、293通用機械設備、319未分類其他運輸工具及其零件  
11508.csv,力巨特殊金屬股份有限公司,99600668,07110000127854,新北市林口區東林里工二工業區工二路五號,新北市林口區東林里,林程興,20826487,股份有限公司,0710818,0740924,生產中,25金屬製品製造業、24基本金屬製造業  ,241鋼鐵、259其他金屬製品  
11508.csv,加發氣體有限公司,13000908,,屏東縣屏東市前進里大溪路319-3號,屏東縣屏東市前進里,簡士勛,28298241,有限公司,,1130801,生產中,18化學材料及肥料製造業  ,181化學原材料  
11508.csv,勝前五金有限公司,67003849,,臺南市永康區尚頂里中正南路242巷4弄79號,臺南市永康區尚頂里,鄭人豪,69749570,有限公司,,1130606,生產中,25金屬製品製造業  ,259其他金屬製品  
11508.csv,勝申機械有限公司,99617518,06310000083600,新北市汐止區環河里環河街一五七號,新北市汐止區環河里,王三華,04768715,有限公司,0630622,0640822,生產中,25金屬製品製造業、29機械設備製造業、30汽車及其零件製造業、24基本金屬製造業  ,259其他金屬製品、292其他專用機械設備、303汽車零件、251金屬刀具、手工具及模具、241鋼鐵  
11508.csv,勝龍機械有限公司,02000147,,宜蘭縣冬山鄉大興村自強路28-1號,宜蘭縣冬山鄉大興村,買秀梅,54242151,有限公司,,1031111,生產中,29機械設備製造業  ,292其他專用機械設備  
11508.csv,勝龍機械有限公司龍德二廠,02000394,,宜蘭縣冬山鄉大興村自強路28號,宜蘭縣冬山鄉大興村,買秀梅,54242151,有限公司,,1090914,生產中,29機械設備製造業  ,292其他專用機械設備  
11508.csv,勞斯丹頓實業有限公司,68006008,,桃園市八德區瑞泰里介壽路二段901巷49弄86號(1樓),桃園市八德區瑞泰里,蔡秉泓,24360807,有限公司,,1130402,生產中,11紡織業、32家具製造業  ,115紡織品、320家具  
11508.csv,勤仲企業有限公司,99662096,07410012092440,高雄市大寮區潮寮里田單二街３號、田單三街５號,高雄市大寮區潮寮里,馬毓翔,23683300,有限公司,0791231,0791231,生產中,21橡膠製品製造業、22塑膠製品製造業、24基本金屬製造業、25金屬製品製造業  ,249其他基本金屬、254金屬加工處理、210橡膠製品、220塑膠製品、241鋼鐵、242鋁、243銅  
11508.csv,勤仲企業有限公司大發二廠,99662098,08810000810284,高雄市大寮區潮寮里建民街1號,高雄市大寮區潮寮里,馬毓翔,23683300,有限公司,0880826,0880907,生產中,24基本金屬製造業、25金屬製品製造業、24基本金屬製造業、21橡膠製品製造業、22塑膠製品製造業  ,254金屬加工處理、249其他基本金屬、242鋁、243銅、210橡膠製品、220塑膠製品  
11508.csv,千城鋼鐵有限公司,99712036,,高雄市大寮區過溪里莒光二街１２號,高雄市大寮區過溪里,郭錦添,75982644,有限公司,,0961024,生產中,25金屬製品製造業  ,259其他金屬製品  
11508.csv,千奧有限公司,65003873,,新北市林口區東林里工七路13號2樓,新北市林口區東林里,彭煥青,24251907,有限公司,,1040306,生產中,19其他化學製品製造業  ,193清潔用品及化粧品  
11508.csv,佐岡鋼鐵有限公司馬鳴廠,S0700056,,彰化縣秀水鄉鶴鳴村馬鳴路351巷21號,彰化縣秀水鄉鶴鳴村,施進興,97487921,有限公司,,1090424,生產中,25金屬製品製造業  ,252金屬結構及建築組件  
11508.csv,佐明金屬科技股份有限公司,99684966,,臺南市永康區王行里環工路36之2號,臺南市永康區王行里,温崇佑,79963107,股份有限公司,,0950220,生產中,24基本金屬製造業  ,242鋁  
11508.csv,佑能科技有限公司,68001289,,桃園市蘆竹區坑口里21鄰三德街15巷14弄21號,桃園市蘆竹區坑口里,蔡金進,69568824,有限公司,,1060606,生產中,24基本金屬製造業  ,243銅  
11508.csv,佳東鋼鐵有限公司,99605594,08210001002942,新北市五股區興珍里中興路一段一六０號,新北市五股區興珍里,賴璜璋,36162767,有限公司,0820428,0820512,生產中,24基本金屬製造業、25金屬製品製造業  ,241鋼鐵、254金屬加工處理  
11508.csv,佳東鋼鐵有限公司台中二廠,66005475,,臺中市大肚區王田里王福街750巷10號,臺中市大肚區王田里,賴璜璋,36162767,有限公司,,1060511,生產中,25金屬製品製造業  ,254金屬加工處理  
11508.csv,佳東鋼鐵有限公司台中廠,66005400,,臺中市大肚區王田里王福街750巷6號,臺中市大肚區王田里,賴璜璋,36162767,有限公司,,1060426,生產中,24基本金屬製造業、25金屬製品製造業  ,241鋼鐵、254金屬加工處理  
11508.csv,佳誠塑膠有限公司二廠,65012416,,新北市泰山區楓樹里明志路1段122巷53號,新北市泰山區楓樹里,曾原炫,80255497,有限公司,,1131230,生產中,22塑膠製品製造業  ,220塑膠製品  
11508.csv,佳誠永業有限公司,66003384,,臺中市西屯區大河里福上巷173號,臺中市西屯區大河里,許博堯,24251033,有限公司,,1040109,生產中,08食品製造業  ,089其他食品  
11508.csv,佳誠股份有限公司,68004243,,桃園市大園區南港里長發路226號(1樓),桃園市大園區南港里,曾彥霖,83204281,股份有限公司,,1100625,生產中,08食品製造業  ,081肉類加工  
11508.csv,佺承科技企業有限公司,99713078,,臺中市梧棲區永寧里永興路一段４０２巷９１號,臺中市梧棲區永寧里,鄭百合,29122214,有限公司,,0971209,生產中,24基本金屬製造業、25金屬製品製造業  ,241鋼鐵、252金屬結構及建築組件、259其他金屬製品  
11508.csv,保証責任南投縣農產加工生產合作社,99652777,,南投縣名間鄉新光村虎坑巷六一號,南投縣名間鄉新光村,楊長維,19243702,合作社,,0920211,生產中,08食品製造業  ,089其他食品  
11508.csv,信富鋼鐵股份有限公司第一廠,99700360,,新竹縣竹北市泰和里沿河街３６號(部分使用),新竹縣竹北市泰和里,黃信仁,22791999,股份有限公司,,0951120,生產中,25金屬製品製造業  ,259其他金屬製品  
11508.csv,健信科技工業股份有限公司彰濱廠,99645227,08210000077436,彰化縣線西鄉塭仔村彰濱東一路3號,彰化縣線西鄉塭仔村,吳明燦,55878947,股份有限公司,0820811,0861008,生產中,30汽車及其零件製造業、24基本金屬製造業、25金屬製品製造業  ,242鋁、254金屬加工處理、303汽車零件  
11508.csv,僑保實業股份有限公司,99653072,07010000085147,雲林縣元長鄉下寮村經建街二九號,雲林縣元長鄉下寮村,吳振嘉,84524184,股份有限公司,0700528,0700626,生產中,22塑膠製品製造業  ,220塑膠製品  
11508.csv,億聲鋼鐵有限公司,99700556,,新竹縣竹北市新社里新工二路１７６號１、２樓,新竹縣竹北市新社里,許榮先,84578511,有限公司,,0980223,生產中,25金屬製品製造業  ,254金屬加工處理、259其他金屬製品  
11508.csv,凱諾科技股份有限公司,95A01366,,新竹科學園區苗栗縣竹南鎮科中路16號1、5樓,苗栗縣竹南鎮,黃俊凱,82924234,股份有限公司,,1110607,生產中,29機械設備製造業  ,292其他專用機械設備  
11508.csv,力常鋼鐵股份有限公司觀音廠,99621907,07610000102593,桃園市觀音區草漯里榮工北路一五號,桃園市觀音區草漯里,黃煥傑　　,22335986,股份有限公司,0760110,0770407,生產中,24基本金屬製造業  ,241鋼鐵  
11508.csv,力建鋼鐵股份有限公司,64004912,8364143206,高雄市小港區山明里東林路９號,高雄市小港區山明里,廖胤斐,86437896,股份有限公司,0830426,0830520,生產中,25金屬製品製造業  ,259其他金屬製品  
11508.csv,力彬實業股份有限公司,S0701529,,彰化縣鹿港鎮溝墘里鹿和路三段498巷242號,彰化縣鹿港鎮溝墘里,施順孝,89340544,股份有限公司,,1101020,生產中,22塑膠製品製造業  ,220塑膠製品  
11508.csv,勁銳精機有限公司,67001369,,臺南市新市區永就里光華街5之81號,臺南市新市區永就里,林麗雯,24398613,有限公司,,1041204,生產中,29機械設備製造業  ,292其他專用機械設備  
11508.csv,勝皇五金企業有限公司,99612142,08910001159129,新北市三重區中興里光復路1段130巷8號,新北市三重區中興里,葉榮富,23435702,有限公司,0890530,0890622,生產中,24基本金屬製造業  ,241鋼鐵  
11508.csv,勝益砂石行有限公司,08000392,,南投縣集集鎮八張里名水路2段120號,南投縣集集鎮八張里,許文昌,24387637,有限公司,,1091225,生產中,23非金屬礦物製品製造業  ,239其他非金屬礦物製品  
11508.csv,勤億蛋品科技股份有限公司,99672558,07610000122431,嘉義市西區紅瓦里新民路３７號,嘉義市西區紅瓦里,古榮海　　　,66557154,股份有限公司,0760320,0770615,生產中,08食品製造業  ,089其他食品  
11508.csv,匯宏科技股份有限公司,68004565,,桃園市龜山區樂善里文茂路88號(5樓),桃園市龜山區樂善里,曾一士,24337222,股份有限公司,,1101119,生產中,27電腦、電子產品及光學製品製造業  ,272通訊傳播設備、275量測、導航、控制設備及鐘錶  
11508.csv,十全鋼鐵有限公司仁武一廠,S6400921,,高雄市仁武區八卦里八德一路16-6號,高雄市仁武區八卦里,陳東鎮,22849155,有限公司,,1091030,生產中,25金屬製品製造業  ,254金屬加工處理  
11508.csv,十全鋼鐵有限公司仁武廠,S6400938,,高雄市仁武區八卦里八德一路92-16號,高雄市仁武區八卦里,陳東鎮,22849155,有限公司,,1091204,生產中,25金屬製品製造業  ,254金屬加工處理  
11508.csv,南北興鋼品企業有限公司,S6401514,,高雄市旗山區東平里延平二路180-1號,高雄市旗山區東平里,邱澄宏,84332762,有限公司,,1150811,生產中,25金屬製品製造業  ,252金屬結構及建築組件  
11508.csv,南台配電盤股份有限公司,99660241,08310011140081,臺南市永康區王行里永科南路169號,臺南市永康區王行里,陳榮川　　　,23699540,股份有限公司,0830825,0841003,生產中,28電力設備及配備製造業  ,281發電、輸電及配電機械、289其他電力設備及配備  
11508.csv,南展金屬工業股份有限公司,99658282,06910000133801,臺南市下營區賀建里洲仔55號,臺南市下營區賀建里,劉尚堯,72175133,股份有限公司,0690522,0700804,生產中,24基本金屬製造業  ,241鋼鐵  
11508.csv,南投縣名間鄉農會,99652426,05810000004699,南投縣名間鄉中正村彰南路二六號,南投縣名間鄉中正村,謝添興,61111302,農會組織,0580101,0580101,生產中,08食品製造業  ,083蔬果加工、089其他食品  
11508.csv,佳豐鋁業股份有限公司,99664863,08110000070231,高雄市湖內區太爺里中山路二段2巷15號、湖內區中山路二段6號,高雄市湖內區太爺里,莊黃月美,22583140,股份有限公司,0810120,0811021,生產中,24基本金屬製造業  ,242鋁  
11508.csv,佳豐鋼鐵股份有限公司全興廠,99679145,,彰化縣伸港鄉溪底村工西二路6號,彰化縣伸港鄉溪底村,許漢庚,22521476,股份有限公司,,0920808,生產中,24基本金屬製造業、25金屬製品製造業  ,241鋼鐵、242鋁、254金屬加工處理、259其他金屬製品  
11508.csv,佳貿鋼鐵科技有限公司大園廠,99707389,,桃園市大園區內海里民權路２之３號,桃園市大園區內海里,周子傑,80393793,有限公司,,0970103,生產中,25金屬製品製造業  ,254金屬加工處理  
11508.csv,佾陞有限公司,65006629,,新北市樹林區中正路357號1樓,新北市樹林區,蘇淑娟,68024205,有限公司,,1070126,生產中,21橡膠製品製造業、22塑膠製品製造業、25金屬製品製造業  ,210橡膠製品、220塑膠製品、251金屬刀具、手工具及模具、259其他金屬製品  
11508.csv,偉晟企業社,13000529,,屏東縣長治鄉繁昌村中山路156號,屏東縣長治鄉繁昌村,蘇晋瑩,40799797,獨資,,1071217,生產中,24基本金屬製造業  ,241鋼鐵  
11508.csv,偉晟工業股份有限公司,99641924,06510006119913,臺中市大甲區頂店里中山路一段1630-2號,臺中市大甲區頂店里,黃俊龍,22921402,股份有限公司,0650920,0650920,生產中,24基本金屬製造業  ,241鋼鐵  
11508.csv,健冠精密有限公司中壢廠,99627636,,桃園市中壢區忠義里中華路二段一八九巷一八五號一樓,桃園市中壢區忠義里,溫吉強,89385534,有限公司,,0911017,生產中,25金屬製品製造業、29機械設備製造業、24基本金屬製造業  ,241鋼鐵、293通用機械設備、259其他金屬製品  
11508.csv,凱威紙業有限公司,68006618,,桃園市龍潭區高原里龍新路竹窩段181巷73之36號,桃園市龍潭區高原里,王帛帷,24261172,有限公司,,1140317,生產中,15紙漿、紙及紙製品製造業  ,152瓦楞紙板及紙容器  
11508.csv,創睿企業股份有限公司,17000065,,基隆市七堵區瑪南里大華二路33-9號3樓,基隆市七堵區瑪南里,廖進錄,24321903,股份有限公司,,1040604,生產中,33其他製造業  ,332醫療器材及用品  
11508.csv,力鋼工業股份有限公司平鎮廠,99622125,06910000146736,桃園市平鎮區東勢里快速路一段２４６巷１５８號,桃園市平鎮區東勢里,陳葉春江,31235657,股份有限公司,0580101,0710302,生產中,25金屬製品製造業、29機械設備製造業、24基本金屬製造業、28電力設備及配備製造業、30汽車及其零件製造業、31其他運輸工具及其零件製造業  ,241鋼鐵、254金屬加工處理、253金屬容器、259其他金屬製品、293通用機械設備、291金屬加工用機械設備、292其他專用機械設備、289其他電力設備及配備、319未分類其他運輸工具及其零件、303汽車零件  
11508.csv,勁龍鋼鐵成型有限公司,66003250,,臺中市烏日區北里里太明路成豐巷51號,臺中市烏日區北里里,吳鵑如,28948842,有限公司,,1031118,生產中,25金屬製品製造業  ,252金屬結構及建築組件、259其他金屬製品  
11508.csv,勃宣有限公司,99696392,,新北市新莊區化成里化成路一一巷六七號一樓,新北市新莊區化成里,邱章芳,86224253,有限公司,,0960214,生產中,16印刷及資料儲存媒體複製業  ,160印刷及資料儲存媒體複製  
11508.csv,勃翔生物科技股份有限公司,65012060,,新北市板橋區和平里和平路15號5樓,新北市板橋區和平里,林煌欽,24333226,股份有限公司,,1130809,生產中,15紙漿、紙及紙製品製造業  ,152瓦楞紙板及紙容器  
11508.csv,勝奉工業有限公司,99643241,07710006155832,臺中市太平區宜欣里溪洲路77巷6號,臺中市太平區宜欣里,康龍根,89304224,有限公司,0770915,0781012,生產中,25金屬製品製造業、29機械設備製造業  ,251金屬刀具、手工具及模具、291金屬加工用機械設備、293通用機械設備  
11508.csv,勝睿工業社,07003203,,彰化縣彰化市介壽里介壽新村255號1樓,彰化縣彰化市介壽里,周婉如,82418953,合夥,,1080628,生產中,25金屬製品製造業  ,259其他金屬製品  
11508.csv,勝立工業社,66000206,,臺中市潭子區栗林里中山路三段493巷4弄30號,臺中市潭子區栗林里,黃瑞金,20304261,獨資,,1000502,生產中,24基本金屬製造業、25金屬製品製造業、29機械設備製造業  ,242鋁、259其他金屬製品、293通用機械設備  
11508.csv,南縣區漁會水產品綜合加工廠,67003026,,臺南市學甲區新榮里華宗路139號,臺南市學甲區新榮里,陳崇德,72122431,漁會,,1100604,生產中,08食品製造業  ,082水產加工  
11508.csv,南美製藥股份有限公司,99685458,,高雄市大寮區大寮里大有二街８號,高雄市大寮區大寮里,黃金英,91724356,股份有限公司,,0930202,生產中,08食品製造業、20藥品及醫用化學製品製造業  ,089其他食品、200藥品及醫用化學製品  
11508.csv,南群耀企業有限公司永康廠,11000037,,臺南市永康區甲頂里中正南路242巷4弄77號,臺南市永康區甲頂里,王明彬,28534527,有限公司,,0991216,生產中,29機械設備製造業  ,293通用機械設備  
11508.csv,佑達國際鋼管股份有限公司二廠,07000262,,彰化縣鹿港鎮東石里鹿工南三路8號,彰化縣鹿港鎮東石里,馬詩婷,12898732,股份有限公司,,1000811,生產中,24基本金屬製造業  ,241鋼鐵  
11508.csv,佳民鋼鐵企業有限公司工廠,S6700073,,臺南市善化區光文里建業路36號,臺南市善化區光文里,張志勝,84824892,有限公司,,1090618,生產中,25金屬製品製造業  ,254金屬加工處理  
11508.csv,保證責任雲林縣水林福壽魚生產合作社,99654144,08610000800759,雲林縣水林鄉尖山村頂尖山六十之三號,雲林縣水林鄉尖山村,陳郁允,88824275,合作社,0860121,0870928,生產中,08食品製造業  ,082水產加工  
11508.csv,信得生生技有限公司,99712393,,高雄市大社區保社里中正路３９１之１號,高雄市大社區保社里,趙浩翔,24289410,有限公司,,0980306,生產中,08食品製造業  ,089其他食品  
11508.csv,信德旺興業有限公司,S6401152,,高雄市鳥松區仁美里美山路32-2號,高雄市鳥松區仁美里,黃信誠,24351589,有限公司,,1131105,生產中,25金屬製品製造業  ,254金屬加工處理  
11508.csv,信翁五金股份有限公司,99648562,06810000140397,彰化縣彰化市和調里中山路３段１２１巷４號,彰化縣彰化市和調里,曾文彬　,59242784,股份有限公司,0580101,0681128,生產中,30汽車及其零件製造業  ,303汽車零件  
11508.csv,信翁五金股份有限公司二廠,S0700494,,彰化縣花壇鄉北口村彰花路450巷8號,彰化縣花壇鄉北口村,曾文彬,59242784,股份有限公司,,1090601,生產中,30汽車及其零件製造業  ,303汽車零件  
11508.csv,倡新科技股份有限公司,99614503,08810001024275,新北市新店區復興里中正路525號4樓,新北市新店區復興里,林采津,23839444,股份有限公司,0880128,0880219,生產中,27電腦、電子產品及光學製品製造業、26電子零組件製造業、28電力設備及配備製造業  ,271電腦及其週邊設備、272通訊傳播設備、275量測、導航、控制設備及鐘錶、269其他電子零組件、273視聽電子產品、289其他電力設備及配備、274資料儲存媒體、261半導體、264光電材料及元件、283電線及配線器材  
11508.csv,倡盟工業股份有限公司,99663861,07810012122222,高雄市仁武區竹後里竹工二巷２號,高雄市仁武區竹後里,邱金長,84679996,股份有限公司,0780927,0790723,生產中,24基本金屬製造業、25金屬製品製造業、29機械設備製造業  ,241鋼鐵、259其他金屬製品、293通用機械設備  
11508.csv,倡茂企業股份有限公司,99610635,07610001095450,新北市新莊區民安里民安西路三六四巷三號一樓,新北市新莊區民安里,沈瓊瑼,36242495,股份有限公司,0760411,0760518,生產中,22塑膠製品製造業、33其他製造業  ,220塑膠製品、339未分類其他製品  
11508.csv,倡隆企業有限公司,S6602226,,臺中市大肚區王田里興和路265巷19-1號,臺中市大肚區王田里,張坤裕,24248235,有限公司,,1131104,生產中,33其他製造業  ,339未分類其他製品  
11508.csv,健勝鋼鐵有限公司,S6401268,,高雄市鳥松區仁美里水管路23巷29-1號,高雄市鳥松區仁美里,黃慶農,83697594,有限公司,,1140710,生產中,25金屬製品製造業  ,254金屬加工處理  
11508.csv,健忠機械工業有限公司,66003768,,臺中市豐原區翁社里豐年路109巷41號1樓,臺中市豐原區翁社里,方碧,23241430,有限公司,,1040626,生產中,29機械設備製造業  ,292其他專用機械設備  
11508.csv,僑柏精密鑄造工業股份有限公司,99669880,07910000173640,臺中市西屯區協和里工業區一路132號,臺中市西屯區協和里,林水材,23809151,股份有限公司,0790809,0791018,生產中,24基本金屬製造業、29機械設備製造業  ,241鋼鐵、293通用機械設備  
11508.csv,億得企業有限公司,99663278,07710012096739,高雄市大寮區潮寮里田單六街５號,高雄市大寮區潮寮里,劉緯承,22704209,有限公司,0791231,0791231,生產中,24基本金屬製造業  ,241鋼鐵  
11508.csv,凱邁化學製藥股份有限公司中壢廠,99628819,06610000130906,桃園市中壢區忠福里東園二路19號,桃園市中壢區忠福里,翁上海　　　,22432713,股份有限公司,0580101,0670923,生產中,20藥品及醫用化學製品製造業、08食品製造業  ,200藥品及醫用化學製品、087動物飼品  
11508.csv,利昇金屬有限公司,S6800347,,桃園市中壢區內定里內定十街251巷62號,桃園市中壢區內定里,詹奕欽,54524356,有限公司,,1090710,生產中,25金屬製品製造業  ,252金屬結構及建築組件  
11508.csv,利銘工業社,66001308,,臺中市大里區新仁里新仁二街111號1樓,臺中市大里區新仁里,林銘彥,67957241,合夥,,1010830,生產中,25金屬製品製造業  ,251金屬刀具、手工具及模具  
11508.csv,利錡有限公司,99610730,08510001285994,新北市新莊區建安里建國一路288巷42號,新北市新莊區建安里,沈國相,12453750,有限公司,0850826,0850905,生產中,24基本金屬製造業  ,243銅  
11508.csv,力隆鋼鐵科技有限公司第二廠,18000347,,新竹市香山區埔前里牛埔南路5號,新竹市香山區埔前里,張文鈞,22291328,有限公司,,1081108,生產中,25金屬製品製造業、29機械設備製造業  ,254金屬加工處理、292其他專用機械設備  
11508.csv,加資有限公司水上廠,99655729,07510000267347,嘉義縣水上鄉寬士村崎子頭６０１號,嘉義縣水上鄉寬士村,余淑珍,22245303,有限公司,0750923,0750923,生產中,24基本金屬製造業、25金屬製品製造業  ,241鋼鐵、254金屬加工處理  
11508.csv,加郁企業有限公司大發廠,99663971,07410012093144,高雄市大寮區潮寮里富民街１７號,高雄市大寮區潮寮里,張文煌,97159315,有限公司,0791231,0791231,生產中,21橡膠製品製造業、22塑膠製品製造業、24基本金屬製造業、25金屬製品製造業  ,254金屬加工處理、210橡膠製品、220塑膠製品、241鋼鐵、242鋁、243銅、249其他基本金屬  
11508.csv,勤弘有限公司,03001064,,桃園市楊梅區員本里民隆路33號,桃園市楊梅區員本里,林閎凱,86034084,有限公司,,1010509,生產中,24基本金屬製造業、25金屬製品製造業  ,242鋁、254金屬加工處理  
11508.csv,勤旺輕金屬科技股份有限公司,99701928,,臺中市大甲區日南里東九街8號,臺中市大甲區日南里,劉達士,16061755,股份有限公司,,0930831,生產中,24基本金屬製造業  ,242鋁  
11508.csv,千倍機械股份有限公司八里廠,99601270,08510001285790,新北市八里區頂罟里中山路二段一０二號,新北市八里區頂罟里,陳錦洋,22771240,股份有限公司,0850826,0870421,生產中,24基本金屬製造業、25金屬製品製造業、29機械設備製造業  ,241鋼鐵、251金屬刀具、手工具及模具、259其他金屬製品、293通用機械設備  
11508.csv,南隆鋼鐵股份有限公司高雄廠,99662565,00010012011132,高雄市燕巢區安招里中安路３４４號,高雄市燕巢區安招里,李英造,24052702,股份有限公司,0791231,0791231,生產中,24基本金屬製造業、25金屬製品製造業  ,241鋼鐵、254金屬加工處理、259其他金屬製品  
11508.csv,博唯特科技有限公司,65008064,,新北市林口區東林里工二區工四路34號2樓,新北市林口區東林里,林宏達,24243631,有限公司,,1080923,生產中,25金屬製品製造業  ,259其他金屬製品  
11508.csv,佑佶工業有限公司,99699718,,屏東縣萬丹鄉四維村萬丹路227巷18號,屏東縣萬丹鄉四維村,陳淑玲,28160864,有限公司,,0951013,生產中,24基本金屬製造業、25金屬製品製造業  ,241鋼鐵、252金屬結構及建築組件  
11508.csv,佑錸股份有限公司,99699774,,屏東縣枋寮鄉東海村精進路36號,屏東縣枋寮鄉東海村,吳炎明,12919336,股份有限公司,,0970508,生產中,24基本金屬製造業  ,242鋁、249其他基本金屬  
11508.csv,佑鑫有限公司,65001186,,新北市土城區大安里亞洲路11巷1弄28號1樓,新北市土城區大安里,林俊昌,86637711,有限公司,,1010309,生產中,24基本金屬製造業、25金屬製品製造業  ,242鋁、259其他金屬製品  
11508.csv,佳和食品股份有限公司三廠,S0700243,,彰化縣北斗鎮大新里新工一路29號,彰化縣北斗鎮大新里,吳曜成,42753298,股份有限公司,,1090512,生產中,09飲料製造業  ,092非酒精飲料  
11508.csv,佳泰鋼鐵企業社,64010209,,高雄市大樹區九曲里瓦厝街6-159號,高雄市大樹區九曲里,潘惠子,14471044,獨資,,1140827,生產中,25金屬製品製造業、25金屬製品製造業  ,254金屬加工處理  
11508.csv,佳進實業股份有限公司,99709978,,高雄市大寮區琉球里農場路１８２號,高雄市大寮區琉球里,郭國龍,85640338,股份有限公司,,0960730,生產中,24基本金屬製造業、25金屬製品製造業  ,241鋼鐵、251金屬刀具、手工具及模具  
11508.csv,佳邦開發實業有限公司歸仁廠,S6701241,,臺南市歸仁區沙崙里成功九街203號,臺南市歸仁區沙崙里,陳慶國,28360650,有限公司,,1150413,生產中,30汽車及其零件製造業、33其他製造業  ,303汽車零件、331育樂用品  
11508.csv,俊益鋼鐵股份有限公司,99633233,08210006302865,臺中市大里區仁化里工業九路九號,臺中市大里區仁化里,李明學,52509386,股份有限公司,0821213,0850125,生產中,29機械設備製造業  ,293通用機械設備  
11508.csv,信興蛋品有限公司,13000761,,屏東縣九如鄉東寧村東寧路8號,屏東縣九如鄉東寧村,涂萬財,54203241,有限公司,,1111005,生產中,08食品製造業  ,089其他食品  
11508.csv,倢侑股份有限公司,64009241,,高雄市路竹區竹滬里華正路65號,高雄市路竹區竹滬里,謝明道,22245676,股份有限公司,,1110120,生產中,32家具製造業  ,320家具  
11508.csv,倢弘興業有限公司龍井廠,66008341,,臺中市龍井區忠和里台西南路268號,臺中市龍井區忠和里,沈景富,54892416,有限公司,,1090610,生產中,25金屬製品製造業  ,251金屬刀具、手工具及模具、259其他金屬製品  
11508.csv,傑多立企業有限公司,S1300148,,屏東縣南州鄉七塊村復興路1巷18號,屏東縣南州鄉七塊村,王傳賢,24356873,有限公司,,1090604,生產中,25金屬製品製造業  ,254金屬加工處理  
11508.csv,億豐金屬工業股份有限公司溪湖三廠,07002460,,彰化縣溪湖鎮東溪里員鹿路一段456、456-1號,彰化縣溪湖鎮東溪里,賴碧珍,59224266,股份有限公司,,1070202,生產中,25金屬製品製造業  ,254金屬加工處理  
11508.csv,億豐金屬工業股份有限公司溪湖二廠,07002459,,彰化縣溪湖鎮東溪里員鹿路一段452-1號,彰化縣溪湖鎮東溪里,賴碧珍,59224266,股份有限公司,,1070202,生產中,25金屬製品製造業  ,251金屬刀具、手工具及模具、259其他金屬製品  
11508.csv,億豐金屬工業股份有限公司溪湖廠,07000040,,彰化縣溪湖鎮東溪里員鹿路一段452號,彰化縣溪湖鎮東溪里,賴碧珍,59224266,股份有限公司,,0991124,生產中,25金屬製品製造業  ,254金屬加工處理  
11508.csv,利隆特殊鋼鐵材行,99646026,08910007301176,彰化縣和美鎮糖友里東萊路１６５號,彰化縣和美鎮糖友里,趙崇永,98619652,獨資,0890811,0901206,生產中,24基本金屬製造業  ,241鋼鐵  
11508.csv,利隆電機廠有限公司,99642416,08610006281999,臺中市清水區下湳里中山路五五一之八號,臺中市清水區下湳里,楊燕山,56624915,有限公司,0861024,0880421,生產中,29機械設備製造業、28電力設備及配備製造業  ,293通用機械設備、281發電、輸電及配電機械、291金屬加工用機械設備  
11508.csv,力旦實業有限公司,65005392,,新北市汐止區北山里康寧街169巷27號10樓之3,新北市汐止區北山里,范貴淵,05428242,有限公司,,1051026,生產中,28電力設備及配備製造業  ,281發電、輸電及配電機械、283電線及配線器材  
11508.csv,力高工業股份有限公司二廠,99685131,,高雄市大寮區大寮里興業路１９號,高雄市大寮區大寮里,洪居明,22773303,股份有限公司,,0920410,生產中,24基本金屬製造業、25金屬製品製造業  ,241鋼鐵、254金屬加工處理  
11508.csv,加銘鋼鐵工業股份有限公司和發一廠,64008774,,高雄市大寮區琉球里和業三路96號,高雄市大寮區琉球里,謝佩君,22098837,股份有限公司,,1090819,生產中,25金屬製品製造業  ,254金屬加工處理  
11508.csv,加銘鋼鐵工業股份有限公司,64004879,8264122705,高雄市左營區菜公里民族一路６５９之１號,高雄市左營區菜公里,謝佩君,22098837,股份有限公司,0821208,0830112,生產中,25金屬製品製造業、29機械設備製造業  ,252金屬結構及建築組件、253金屬容器、293通用機械設備  
11508.csv,加銘鋼鐵工業股份有限公司和發二廠,64009209,,高雄市大寮區琉球里和業三路75號,高雄市大寮區琉球里,謝佩君,22098837,股份有限公司,,1101220,生產中,25金屬製品製造業  ,254金屬加工處理  
11508.csv,千昊鋼鐵興業股份有限公司二廠,S6602828,,臺中市清水區海風里和睦路一段1005巷27號,臺中市清水區海風里,何有志,16948987,股份有限公司,,1141219,生產中,25金屬製品製造業  ,252金屬結構及建築組件  
11508.csv,千昊鋼鐵興業股份有限公司,66003318,,臺中市大里區新仁里新仁二街42號1樓,臺中市大里區新仁里,何有德,16948987,股份有限公司,,1031211,生產中,25金屬製品製造業  ,252金屬結構及建築組件  
11508.csv,千易鋼鐵興業有限公司,99679911,,彰化縣花壇鄉中庄村中山路１段１８之３號１樓,彰化縣花壇鄉中庄村,張文卿,23973498,有限公司,,0941124,生產中,25金屬製品製造業、24基本金屬製造業  ,241鋼鐵、252金屬結構及建築組件、253金屬容器  
11508.csv,千易鋼鐵興業有限公司工廠,S0702260,,彰化縣花壇鄉中庄村車路街23巷175號,彰化縣花壇鄉中庄村,張文卿,23973498,有限公司,,1130118,生產中,25金屬製品製造業  ,252金屬結構及建築組件  
11508.csv,南俠企業有限公司,99662495,07410012093149,高雄市大寮區潮寮里華東路７號,高雄市大寮區潮寮里,王文總,79381209,有限公司,0791231,0791231,生產中,24基本金屬製造業  ,241鋼鐵  
11508.csv,南僑鋁業股份有限公司,99626506,07410003094372,桃園市龜山區大華里頂湖路九號,桃園市龜山區大華里,陳恩村　　　,31187705,股份有限公司,0740718,0760630,生產中,24基本金屬製造業、25金屬製品製造業  ,242鋁、252金屬結構及建築組件  
11508.csv,協展車業股份有限公司,99646166,08010007072439,彰化縣和美鎮山犁里鹿和路六段一一二號,彰化縣和美鎮山犁里,李玲玲　,86110625,股份有限公司,0800624,0800702,生產中,31其他運輸工具及其零件製造業  ,313自行車及其零件  
11508.csv,協崎企業股份有限公司高雄廠,99663243,08710012145994,高雄市鳳山區鎮北里鳳仁路１００之９０號,高雄市鳳山區鎮北里,蔡招源,23657773,股份有限公司,0870819,0880515,生產中,24基本金屬製造業、25金屬製品製造業、29機械設備製造業  ,241鋼鐵、252金屬結構及建築組件、259其他金屬製品、293通用機械設備  
11508.csv,協懋化工原料有限公司,S6700973,,臺南市新化區唪口里中正路921號,臺南市新化區唪口里,吳佩萱,24201007,有限公司,,1131112,生產中,19其他化學製品製造業  ,193清潔用品及化粧品  
11508.csv,佑勁工業有限公司,65009265,,新北市土城區埤塘里忠承路29巷3號,新北市土城區埤塘里,朱淑芬,24237146,有限公司,,1100309,生產中,25金屬製品製造業、26電子零組件製造業、29機械設備製造業  ,259其他金屬製品、269其他電子零組件、291金屬加工用機械設備  
11508.csv,佑鑫鋁玻工程有限公司,07004258,,彰化縣伸港鄉全興村中興路三段711號1樓,彰化縣伸港鄉全興村,姚佑樺,27792429,有限公司,,1100519,生產中,25金屬製品製造業  ,252金屬結構及建築組件、259其他金屬製品  
11508.csv,佑隆工程行,09000461,10310009600094,雲林縣麥寮鄉橋頭村橋頭267-3號,雲林縣麥寮鄉橋頭村,陳秋賢,92824229,獨資,1031124,1031204,生產中,29機械設備製造業  ,293通用機械設備  
11508.csv,佑靖興有限公司,S0700731,,彰化縣埔鹽鄉南港村埔菜路34-16號,彰化縣埔鹽鄉南港村,陳健益,24260526,有限公司,,1090619,生產中,11紡織業  ,112織布  
11508.csv,佳埼鋼品有限公司,64007028,,高雄市路竹區社西里大仁路719號,高雄市路竹區社西里,蘇茂璿,84427155,有限公司,,1030505,生產中,24基本金屬製造業  ,241鋼鐵  
11508.csv,佳源工業股份有限公司,99602093,08110000076467,新北市五股區興珍里新北產業園區五權路五一號,新北市五股區興珍里,廖麗娟,22414829,有限公司,0811110,0811210,生產中,29機械設備製造業  ,292其他專用機械設備、293通用機械設備  
11508.csv,佳鄉實業有限公司,65003929,,新北市中和區中原里中山路2段366巷38號,新北市中和區中原里,廖麗芬,24724173,有限公司,,1040407,生產中,08食品製造業  ,081肉類加工、089其他食品  
11508.csv,佳鈤金屬股份有限公司第一廠,99701330,,臺中市潭子區潭秀里潭富路一段144巷36號,臺中市潭子區潭秀里,廖穎華,23974124,股份有限公司,,0921107,生產中,24基本金屬製造業  ,242鋁  
11508.csv,佳銓實業有限公司,99658341,08810000922430,臺南市佳里區海澄里萊芊寮1之121號,臺南市佳里區海澄里,林水銓　　　,16711152,有限公司,0880127,0880211,生產中,12成衣及服飾品製造業  ,121成衣、123服飾品  
11508.csv,來永實業股份有限公司,99637749,08110006042419,臺中市豐原區西湳里三豐路二段375巷66、67、82號,臺中市豐原區西湳里,陳柏滄,55667817,股份有限公司,0810414,0810507,生產中,25金屬製品製造業、28電力設備及配備製造業、29機械設備製造業、32家具製造業  ,259其他金屬製品、281發電、輸電及配電機械、284照明設備及配備、285家用電器、293通用機械設備、320家具  
11508.csv,俊誠實業有限公司,68001728,,桃園市觀音區樹林里經建一路46巷36號,桃園市觀音區樹林里,姜義誠,86724243,有限公司,,1070108,生產中,28電力設備及配備製造業、29機械設備製造業  ,284照明設備及配備、293通用機械設備  
11508.csv,俊谷碾米廠,99654079,07510000064702,雲林縣崙背鄉豐榮村豐榮360號,雲林縣崙背鄉豐榮村,林俊良,06212419,獨資,0750117,0750117,生產中,08食品製造業  ,086碾榖、磨粉及澱粉製品  
11508.csv,保障鋼鐵事業有限公司,68005631,,桃園市中壢區內定里內定二十街158巷31號(2樓),桃園市中壢區內定里,卓思函,54007748,有限公司,,1120818,生產中,25金屬製品製造業  ,252金屬結構及建築組件  
11508.csv,保雅資訊用品有限公司,99691109,,新北市汐止區中興里中興路一八三巷二八號一樓,新北市汐止區中興里,游進豐,16145241,有限公司,,0920721,生產中,16印刷及資料儲存媒體複製業  ,160印刷及資料儲存媒體複製  
11508.csv,信昆鋼鐵股份有限公司,99671505,06510000188605,臺中市東區東橋里建功街９２號,臺中市東區東橋里,蔡信雄,52430375,股份有限公司,0580101,0650122,生產中,29機械設備製造業  ,291金屬加工用機械設備、293通用機械設備  
11508.csv,信菖工業股份有限公司,99664250,08010012042428,高雄市岡山區程香里岡燕路485巷85號,高雄市岡山區程香里,宋金葉,22778428,股份有限公司,0800413,0810502,生產中,25金屬製品製造業  ,259其他金屬製品  
11508.csv,信華工業社,99624221,07810003146882,桃園市八德區瑞豐里友聯街五○號,桃園市八德區瑞豐里,黃敬信　　　,36424919,獨資,0781115,0800129,生產中,28電力設備及配備製造業、15紙漿、紙及紙製品製造業、33其他製造業  ,284照明設備及配備、159其他紙製品、339未分類其他製品  
11508.csv,偉登建材企業有限公司,S6602318,,臺中市潭子區嘉仁里福貴路877號,臺中市潭子區嘉仁里,黃國欽,24356120,有限公司,,1140116,生產中,11紡織業、22塑膠製品製造業、25金屬製品製造業  ,115紡織品、220塑膠製品、254金屬加工處理  
11508.csv,偉盟紙業有限公司,99711998,,臺南市仁德區一甲里太新路15號,臺南市仁德區一甲里,黃偉卿,24203407,有限公司,,0990705,生產中,15紙漿、紙及紙製品製造業  ,152瓦楞紙板及紙容器  
11508.csv,偉盟紙業有限公司第二廠,99711999,,臺南市仁德區一甲里太乙六街47號,臺南市仁德區一甲里,黃偉卿,24203407,有限公司,,0990705,生產中,15紙漿、紙及紙製品製造業  ,152瓦楞紙板及紙容器  
11508.csv,傑成鋼鐵有限公司,04000770,,新竹縣竹東鎮仁愛里沿河街229巷12弄5號,新竹縣竹東鎮仁愛里,彭勇傑,45102116,有限公司,,1080425,生產中,25金屬製品製造業  ,252金屬結構及建築組件  
11508.csv,僑豪模型開發有限公司,99718399,,新北市五股區興珍里中興路一段一一八巷六弄二三號一樓,新北市五股區興珍里,孫嘉祥,89552413,有限公司,,0970605,生產中,33其他製造業  ,339未分類其他製品  
11508.csv,億承配電箱有限公司,07002657,,彰化縣福興鄉番婆村番婆街57-50號1樓,彰化縣福興鄉番婆村,温李芳柔,24250560,有限公司,,1070709,生產中,28電力設備及配備製造業、25金屬製品製造業  ,283電線及配線器材、259其他金屬製品  
11508.csv,億揚金屬工業有限公司桃園廠,99622463,08210003208059,桃園市平鎮區東勢里太平西路二○七巷三七弄三、五號,桃園市平鎮區東勢里,余騵騰,34254278,有限公司,0821020,0840327,生產中,24基本金屬製造業、25金屬製品製造業  ,241鋼鐵、259其他金屬製品  
11508.csv,凱德精密工業股份有限公司,68006952,,桃園市龜山區文化里科技二路31號(1樓),桃園市龜山區文化里,陳柏穎,24272348,股份有限公司,,1140811,生產中,25金屬製品製造業  ,254金屬加工處理  
11508.csv,凱馺國際股份有限公司,66008242,,臺中市西屯區大河里長安路一段61之16號,臺中市西屯區大河里,莊智凱,28676320,股份有限公司,,1090424,生產中,33其他製造業  ,332醫療器材及用品  
11508.csv,利橋鋼鐵股份有限公司二廠,68007329,,桃園市龜山區南上里民生北路一段395巷6號(2樓),桃園市龜山區南上里,楊盛振,23279462,股份有限公司,,1150203,生產中,25金屬製品製造業  ,254金屬加工處理  
11508.csv,利隆電機廠有限公司一廠,99642417,06710006215906,臺中市清水區西社里海濱路一一八號,臺中市清水區西社里,楊燕山,56624915,有限公司,0670905,,生產中,29機械設備製造業、28電力設備及配備製造業  ,293通用機械設備、281發電、輸電及配電機械  
11508.csv,創鉅先進材料股份有限公司一廠,67004242,,臺南市安南區塩田里工業三路3號,臺南市安南區塩田里,鄭憲松,60772130,股份有限公司,,1150102,生產中,24基本金屬製造業  ,249其他基本金屬  
11508.csv,創鉅先進材料股份有限公司三廠,67004353,,臺南市柳營區大農里環園東路二段1號4樓C區,臺南市柳營區大農里,鄭憲松,60772130,股份有限公司,,1150616,生產中,18化學材料及肥料製造業、24基本金屬製造業、25金屬製品製造業  ,181化學原材料、243銅、254金屬加工處理  
11508.csv,力旭精密有限公司,66003075,,臺中市烏日區三和里中山路三段349號1樓,臺中市烏日區三和里,邱錩發,24593242,有限公司,,1030922,生產中,29機械設備製造業  ,293通用機械設備  
11508.csv,力春實業股份有限公司,03000458,,桃園市中壢區復興里自強一路7號,桃園市中壢區復興里,郭江城,04327669,股份有限公司,,1000613,生產中,24基本金屬製造業、24基本金屬製造業  ,241鋼鐵  
11508.csv,力麒發企業有限公司工廠,67001554,,臺南市仁德區保安里開發二路2號A區,臺南市仁德區保安里,呂進寶,28924258,有限公司,,1050727,生產中,22塑膠製品製造業  ,220塑膠製品  
11508.csv,加鴻鋼鐵有限公司,65008928,,新北市汐止區保新里保新街１５８號,新北市汐止區保新里,林星豪,42729848,有限公司,,1091021,生產中,25金屬製品製造業、29機械設備製造業  ,252金屬結構及建築組件、293通用機械設備  
11508.csv,加龍鋼業股份有限公司,99611698,07010000061952,新北市新莊區頭前里化成路六六Ｏ巷二二號,新北市新莊區頭前里,羅仕淼,36085930,股份有限公司,0580101,0701222,生產中,24基本金屬製造業、25金屬製品製造業、29機械設備製造業  ,241鋼鐵、254金屬加工處理、252金屬結構及建築組件、253金屬容器、259其他金屬製品、293通用機械設備、291金屬加工用機械設備  
11508.csv,勇展國際有限公司,S6602156,,臺中市太平區光隆里光德路375巷126號,臺中市太平區光隆里,蔡崧誌,24293456,有限公司,,1130827,生產中,32家具製造業  ,320家具  
11508.csv,勤正電子股份有限公司,65003071,,新北市汐止區保安里大同路3段214號8樓之1,新北市汐止區保安里,鄒怡泰,22243425,股份有限公司,,1030505,生產中,26電子零組件製造業、29機械設備製造業  ,262被動電子元件、269其他電子零組件、292其他專用機械設備  
11508.csv,勤正電子股份有限公司二廠,65005886,,新北市汐止區保安里大同路3段214號8樓,新北市汐止區保安里,鄒怡泰,22243425,股份有限公司,,1060427,生產中,29機械設備製造業  ,291金屬加工用機械設備、293通用機械設備  
11508.csv,勤毅鋼鐵股份有限公司,99630693,08110004027861,新竹縣竹北市泰和里3鄰環北路一段396號,新竹縣竹北市泰和里,黃崇添　　　,22803215,股份有限公司,0811111,0830307,生產中,25金屬製品製造業  ,252金屬結構及建築組件  
11508.csv,勤準科技股份有限公司,99668276,08710018130311,新竹巿綠水里東光路五五號六樓之五,新竹市東區綠水里,吳兆坤　　　,16424118,股份有限公司,0870527,0870603,生產中,27電腦、電子產品及光學製品製造業、26電子零組件製造業  ,271電腦及其週邊設備、269其他電子零組件  
11508.csv,協新鋼鐵股份有限公司,99627714,06310000170912,桃園市平鎮區鎮興里中興路五一八號,桃園市平鎮區鎮興里,劉讚輝　　　,44950582,股份有限公司,0580101,0650806,生產中,24基本金屬製造業、29機械設備製造業  ,241鋼鐵、293通用機械設備  
11508.csv,協昌鋼鐵有限公司,08000202,,南投縣草屯鎮上林里富林路三段79號,南投縣草屯鎮上林里,林淑美,27618490,有限公司,,1050829,生產中,25金屬製品製造業  ,252金屬結構及建築組件  
11508.csv,協昌鋼鐵有限公司二廠,S0800090,,南投縣草屯鎮上林里富林路三段18號,南投縣草屯鎮上林里,林炳峯,27618490,有限公司,,1130305,生產中,25金屬製品製造業  ,254金屬加工處理、252金屬結構及建築組件  
11508.csv,協明化工股份有限公司新光廠,68002429,,桃園市新屋區東明里中山西路一段411號,桃園市新屋區東明里,高國喆,07209709,股份有限公司,,1071217,生產中,29機械設備製造業  ,293通用機械設備  
11508.csv,協易機械工業股份有限公司,99624211,07010000153469,桃園市龜山區大坑里南上路四四六號,桃園市龜山區大坑里,郭雅慧　　　,36096704,股份有限公司,0580101,0720131,生產中,29機械設備製造業  ,293通用機械設備  
11508.csv,協永發漁具股份有限公司,99662793,07510012072242,高雄市大寮區三隆里三隆路601巷151號,高雄市大寮區三隆里,葉侢清,22783652,股份有限公司,0791231,0791231,生產中,18化學材料及肥料製造業  ,185人造纖維  
11508.csv,協治塑膠工業股份有限公司,99711814,,臺南市麻豆區寮廍里寮子廍166之7、166之9、167之7號,臺南市麻豆區寮廍里,劉郡峯,24370811,股份有限公司,,0980915,生產中,18化學材料及肥料製造業、22塑膠製品製造業  ,184塑膠及合成橡膠原料、220塑膠製品  
11508.csv,佑嘉精密實業有限公司,07003409,,彰化縣福興鄉福興村福三路四段381巷21號1樓,彰化縣福興鄉福興村,徐悉哲,24892419,有限公司,,1081028,生產中,25金屬製品製造業  ,259其他金屬製品  
11508.csv,佑宜自動化企業股份有限公司,66010009,,臺中市太平區永隆里園區路111號,臺中市太平區永隆里,廖大和,24252531,有限公司,,1110519,生產中,29機械設備製造業  ,291金屬加工用機械設備、292其他專用機械設備、293通用機械設備  
11508.csv,何昌鋼鐵有限公司,07004797,,彰化縣彰化市西安里曉陽路282號1樓,彰化縣彰化市西安里,何光明,22549690,有限公司,,1110607,生產中,25金屬製品製造業  ,252金屬結構及建築組件  
11508.csv,佳大世界股份有限公司,99660476,06210000171520,臺南市永康區蔦松里永運五路2號,臺南市永康區蔦松里,吳大和,72072615,股份有限公司,0621219,0631212,生產中,24基本金屬製造業、29機械設備製造業  ,293通用機械設備、241鋼鐵  
11508.csv,佳大世界股份有限公司林園廠,99663293,06810012038518,高雄市林園區溪州里溪州一路２２３巷８５號,高雄市林園區溪州里,吳大和,07864677,股份有限公司,0791231,0791231,生產中,24基本金屬製造業  ,241鋼鐵  
11508.csv,佳大世界股份有限公司永康二廠,99660474,08410011307537,臺南市永康區三民里中正北路965號,臺南市永康區三民里,吳大和,72072615,股份有限公司,0840720,0850619,生產中,24基本金屬製造業  ,241鋼鐵  
11508.csv,佳燁精密鑄造工業股份有限公司,99631589,07910005173017,苗栗縣銅鑼鄉中平村一八鄰愛興街四號,苗栗縣銅鑼鄉中平村,黃明輝,84628408,股份有限公司,0790705,0810302,生產中,24基本金屬製造業  ,241鋼鐵  
11508.csv,佳鋼鐵工廠股份有限公司,99632036,07610005042617,苗栗縣竹南鎮聖福里十二鄰建國路二八八巷一五號,苗栗縣竹南鎮聖福里,沈慶如,23497782,股份有限公司,0760514,0760514,生產中,29機械設備製造業、25金屬製品製造業  ,293通用機械設備、251金屬刀具、手工具及模具  
11508.csv,佳鍠工業股份有限公司,99640177,08410006239242,臺中市大里區東湖里草湖路144號,臺中市大里區東湖里,黃耀煌,89682154,股份有限公司,0841002,0841030,生產中,25金屬製品製造業、29機械設備製造業  ,259其他金屬製品、293通用機械設備、251金屬刀具、手工具及模具  
11508.csv,來緯實業股份有限公司,99624334,08110000085226,桃園市桃園區大林里興華路１０號,桃園市桃園區大林里,許炳耀,35412008,股份有限公司,0810916,0820629,生產中,11紡織業  ,114染整  
11508.csv,來群實業股份有限公司,99612145,07110000211631,新北市三重區永發里中正北路315巷6弄8-1號及8-2號(1樓),新北市三重區永發里,黃明輝,36000454,股份有限公司,0711116,0730831,生產中,25金屬製品製造業、29機械設備製造業、30汽車及其零件製造業、24基本金屬製造業  ,259其他金屬製品、293通用機械設備、303汽車零件、241鋼鐵、243銅  
11508.csv,俊鋼企業有限公司,99624263,08910003322983,桃園市楊梅區員林里環東路二九五巷五號一樓,桃園市楊梅區員林里,范光雄,70652068,有限公司,0890310,0890707,生產中,29機械設備製造業  ,293通用機械設備  
11508.csv,俊鑫鋼鐵有限公司楊梅廠,68007106,,桃園市楊梅區永平里永平路555號,桃園市楊梅區永平里,黃俊霖,25160539,有限公司,,1141127,生產中,11紡織業、12成衣及服飾品製造業、13皮革、毛皮及其製品製造業、22塑膠製品製造業  ,115紡織品、121成衣、130皮革、毛皮及其製品、220塑膠製品  
11508.csv,信誠工業有限公司,S0702661,,彰化縣鹿港鎮廖厝里學子巷100-8號,彰化縣鹿港鎮廖厝里,黃寶菱,90578242,有限公司,,1131101,生產中,25金屬製品製造業  ,251金屬刀具、手工具及模具  
11508.csv,偉祺電機股份有限公司,09000812,10710009600096,雲林縣虎尾鎮興南里興南1018號,雲林縣虎尾鎮興南里,鍾瑞益,12437181,股份有限公司,1071008,1071017,生產中,28電力設備及配備製造業  ,281發電、輸電及配電機械  
11508.csv,健得企業有限公司,65005130,,新北市樹林區彭厝里八德街286號1樓,新北市樹林區彭厝里,梁淼榮,24226730,有限公司,,1050722,生產中,22塑膠製品製造業  ,220塑膠製品  
11508.csv,健懋實業有限公司,S0700334,,彰化縣埤頭鄉豐崙村沙崙路439號,彰化縣埤頭鄉豐崙村,許俊龍,86243358,有限公司,,1090521,生產中,12成衣及服飾品製造業  ,121成衣  
11508.csv,僑隆實業股份有限公司,99645106,06210000071268,彰化縣員林市中央里中央路458號,彰化縣員林市中央里,郭炳墩,60244016,股份有限公司,0580101,0650311,生產中,24基本金屬製造業、25金屬製品製造業  ,241鋼鐵、259其他金屬製品  
11508.csv,僑隆實業股份有限公司二廠,07002416,,彰化縣員林市中央里中央路505號,彰化縣員林市中央里,郭炳墩,60244016,股份有限公司,,1061228,生產中,24基本金屬製造業  ,241鋼鐵  
11508.csv,億量企業股份有限公司,99645076,06710000300788,彰化縣彰化市福田里福田一路31號,彰化縣彰化市福田里,張民亭　,22928209,股份有限公司,0580101,0691016,生產中,24基本金屬製造業  ,241鋼鐵  
11508.csv,凱鴻環保科技股份有限公司汐止廠,99608113,08610001062426,新北市汐止區復興里新臺五路一段七七號一０樓之四,新北市汐止區復興里,林家泰,12277847,股份有限公司,0860227,0860722,生產中,29機械設備製造業、25金屬製品製造業  ,293通用機械設備、251金屬刀具、手工具及模具  
11508.csv,凱鴻鋼鐵股份有限公司,99657055,07110000120714,臺南市仁德區上崙里崑崙路162號,臺南市仁德區上崙里,林宏賓,73720744,股份有限公司,0710710,0740709,生產中,25金屬製品製造業  ,252金屬結構及建築組件  
11508.csv,凱鴻鋼鐵股份有限公司仁德二廠,99657054,08110000079278,臺南市仁德區保安里永德路40號,臺南市仁德區保安里,林宏賓,84391847,股份有限公司,0811222,0830524,生產中,25金屬製品製造業  ,254金屬加工處理  
11508.csv,凱鴻鋼鐵股份有限公司仁德廠,67002640,,臺南市仁德區保安里開發五路20號、開發六路29號,臺南市仁德區保安里,林宏賓,73720744,股份有限公司,,1090317,生產中,25金屬製品製造業  ,254金屬加工處理  
11508.csv,凱鴻鋼鐵股份有限公司柳科廠,67002445,,臺南市柳營區大農里環園西路1段2號,臺南市柳營區大農里,林宏賓,73720744,股份有限公司,,1080719,生產中,25金屬製品製造業  ,254金屬加工處理、252金屬結構及建築組件  
11508.csv,利欣工業有限公司,99718747,,新北市新莊區化成里化成路三一四巷一九號(一樓),新北市新莊區化成里,陳連春,24236786,有限公司,,0971007,生產中,22塑膠製品製造業  ,220塑膠製品  
11508.csv,利欣精密工業股份有限公司,66001709,,臺中市潭子區栗林里中山路三段305巷58號,臺中市潭子區栗林里,林秋盛,53062412,股份有限公司,,1020319,生產中,25金屬製品製造業、29機械設備製造業  ,251金屬刀具、手工具及模具、293通用機械設備  
11508.csv,利麟企業股份有限公司瑞芳廠,99690463,08910001087192,新北市瑞芳區傑魚里２５魚坑路二四五巷四號,新北市瑞芳區傑魚里,洪泛舟,24152771,股份有限公司,0890412,0890704,生產中,22塑膠製品製造業、33其他製造業  ,220塑膠製品、339未分類其他製品  
11508.csv,利龍工業有限公司,03002242,,桃園市蘆竹區海湖里中圳街18巷7弄33號,桃園市蘆竹區海湖里,許文愷,86813316,有限公司,,1030417,生產中,24基本金屬製造業  ,241鋼鐵  
11508.csv,制承有限公司,99722435,,桃園市大園區田心里２鄰國際路１段１００號,桃園市大園區田心里,陳家宗,24251929,有限公司,,0990421,生產中,25金屬製品製造業  ,251金屬刀具、手工具及模具  
11508.csv,制控電機股份有限公司,99619243,07910001162627,新北市樹林區潭底里大安路125巷13號,新北市樹林區潭底里,江萬地,23564640,股份有限公司,0790627,0790716,生產中,25金屬製品製造業、29機械設備製造業、28電力設備及配備製造業  ,259其他金屬製品、293通用機械設備、283電線及配線器材、289其他電力設備及配備  
11508.csv,力晶精密刀具有限公司,11000034,,臺南市永康區塩洲里國聖街167巷38號,臺南市永康區塩洲里,林南壯,24217319,有限公司,,0991208,生產中,29機械設備製造業  ,291金屬加工用機械設備  
11508.csv,力暉鋼鐵股份有限公司歸仁廠,99683159,08110011134237,臺南市歸仁區歸仁里中山路1段262號,臺南市歸仁區歸仁里,葉藹慧　　　,22679068,股份有限公司,0811001,0811028,生產中,25金屬製品製造業  ,254金屬加工處理  
11508.csv,功勝凡而工業股份有限公司台中廠,66001820,,臺中市大甲區日南里幼獅路68號,臺中市大甲區日南里,陳昭勝,33782785,股份有限公司,,1020507,生產中,24基本金屬製造業  ,241鋼鐵  
11508.csv,功原機械工業股份有限公司,63020228,06963000024313,臺北市北投區一德里立德路一二０巷十六弄三號一樓,臺北市北投區一德里,林大鈞,31214576,股份有限公司,0690515,0690530,生產中,29機械設備製造業  ,293通用機械設備  
11508.csv,功原機械工業股份有限公司第一分廠,63020216,06963000024319,臺北市北投區一德里立德路一二０巷十六弄五號一樓,臺北市北投區一德里,林大鈞,31214576,股份有限公司,0690515,0690602,生產中,29機械設備製造業  ,293通用機械設備  
11508.csv,勇欣鋼索有限公司,S0200089,,宜蘭縣冬山鄉永美村永興路一段7號,宜蘭縣冬山鄉永美村,許博翔,12914923,有限公司,,1140410,生產中,24基本金屬製造業  ,241鋼鐵  
11508.csv,勤發食品工業有限公司,99653600,06710000002423,雲林縣虎尾鎮新興里光復路２０９號,雲林縣虎尾鎮新興里,吳俐憓,64955918,有限公司,0670111,0670905,生產中,08食品製造業  ,089其他食品  
11508.csv,協益企業有限公司,66005474,,臺中市神岡區岸裡里岸裡一街66號1樓,臺中市神岡區岸裡里,劉椒棉,22413053,有限公司,,1060511,生產中,27電腦、電子產品及光學製品製造業  ,275量測、導航、控制設備及鐘錶  
11508.csv,協記精密工業股份有限公司霧峰廠,S6600707,,臺中市霧峰區本鄉里林森路947號,臺中市霧峰區本鄉里,張進雄,84430243,股份有限公司,,1090727,生產中,26電子零組件製造業、33其他製造業  ,269其他電子零組件、332醫療器材及用品  
11508.csv,協進建材行,S0800086,,南投縣南投市嘉興里大庄路52巷9號,南投縣南投市嘉興里,蕭東宜,12058694,獨資,,1121221,生產中,24基本金屬製造業  ,241鋼鐵  
11508.csv,協進米粉工廠,09000818,10710009600091,雲林縣水林鄉土厝村王厝寮23之1號,雲林縣水林鄉土厝村,郭乃恭,72418878,獨資,1070925,1071107,生產中,08食品製造業  ,089其他食品  
11508.csv,佑宸金屬工業有限公司工廠,07002284,,彰化縣線西鄉線西村線工路16號,彰化縣線西鄉線西村,施教源,24606577,有限公司,,1060829,生產中,24基本金屬製造業  ,241鋼鐵  
11508.csv,佳安鋼鐵有限公司一廠,S6400656,,高雄市岡山區大莊里大莊路60巷99號、101號,高雄市岡山區大莊里,蔡黃錦秀,28497184,有限公司,,1140911,生產中,25金屬製品製造業  ,254金屬加工處理  
11508.csv,佳瑩五金工業股份有限公司本廠,S0702417,,彰化縣彰化市磚磘里線東路一段600巷128號,彰化縣彰化市磚磘里,黃美卿,22089534,股份有限公司,,1130531,生產中,25金屬製品製造業  ,259其他金屬製品  
11508.csv,佳陞陶瓷股份有限公司,99624103,08310003064389,桃園市龍潭區三和里朝鳳路1-1號,桃園市龍潭區三和里,呂英欽　　,84660011,股份有限公司,0830426,0830720,生產中,23非金屬礦物製品製造業  ,232耐火、黏土建材及其他陶瓷製品  
11508.csv,信昌電子陶瓷股份有限公司桃園廠,99624149,07710003097426,桃園市蘆竹區內厝里南山路二段二二０之一號,桃園市蘆竹區內厝里,焦佑衡,23641338,股份有限公司,0770901,0780614,生產中,23非金屬礦物製品製造業、26電子零組件製造業  ,232耐火、黏土建材及其他陶瓷製品、262被動電子元件  
11508.csv,偉竣塑膠有限公司工廠,07005190,,彰化縣和美鎮仁愛里和順路170號1樓,彰化縣和美鎮仁愛里,黃偉豪,24279530,有限公司,,1120617,生產中,25金屬製品製造業  ,259其他金屬製品  
11508.csv,偉竣塑膠有限公司,S0702808,,彰化縣線西鄉德興村線東路二段13號,彰化縣線西鄉德興村,黃偉豪,24279530,有限公司,,1140114,生產中,22塑膠製品製造業  ,220塑膠製品  
11508.csv,健新精密機械有限公司竹北廠,04000969,,新竹縣竹北市泰和里環北路二段243巷20、22號1樓,新竹縣竹北市泰和里,徐文梁,53801402,有限公司,,1100617,生產中,29機械設備製造業  ,291金屬加工用機械設備、292其他專用機械設備、293通用機械設備  
11508.csv,傑檬企業股份有限公司,99643946,08110006213832,臺中市石岡區石岡里豐勢路一二二一號,臺中市石岡區石岡里,王綉萍,86809241,股份有限公司,0811028,0820110,生產中,21橡膠製品製造業  ,210橡膠製品  
11508.csv,僑雄實業股份有限公司,65007275,,新北市樹林區西圳街1段117號,新北市樹林區,朱耿鋒,84602272,股份有限公司,,1071018,生產中,24基本金屬製造業  ,241鋼鐵、242鋁  
11508.csv,僑雄實業股份有限公司二廠,65008803,,新北市樹林區彭厝里八德街372號1、2、3、4樓,新北市樹林區彭厝里,朱耿鋒,84602272,股份有限公司,,1090812,生產中,24基本金屬製造業  ,241鋼鐵、242鋁  
11508.csv,億昌勝企業有限公司一廠,66010677,,臺中市東區東信里振興路280巷39弄2號1樓,臺中市東區東信里,陳科百,24277322,有限公司,,1120629,生產中,25金屬製品製造業  ,259其他金屬製品  
11508.csv,億鋼鐵材行,S0200056,,宜蘭縣宜蘭市梅洲里雪峰路150號1樓,宜蘭縣宜蘭市梅洲里,洪錫煌,40640045,獨資,,1110412,生產中,25金屬製品製造業  ,254金屬加工處理  
11508.csv,列特博生技股份有限公司二廠,63022243,,臺北市士林區前港里承德路四段一五二號三樓之一,臺北市士林區前港里,戴極昇,82901149,股份有限公司,,1010504,生產中,20藥品及醫用化學製品製造業  ,200藥品及醫用化學製品  
11508.csv,則重有限公司,07005071,11210007800209,彰化縣大城鄉永和村吳厝巷11號,彰化縣大城鄉永和村,陳惠芳,24216233,有限公司,1120207,1120221,生產中,25金屬製品製造業  ,251金屬刀具、手工具及模具  
11508.csv,前安實業股份有限公司,99669967,07810019001646,臺中市南屯區鎮平里鎮平巷11號,臺中市南屯區鎮平里,朱家民,52612656,股份有限公司,0781009,0781204,生產中,24基本金屬製造業、29機械設備製造業、28電力設備及配備製造業  ,241鋼鐵、293通用機械設備、281發電、輸電及配電機械、289其他電力設備及配備  
11508.csv,劉義豐碾米廠,99642413,08910006000828,臺中市大甲區太白里通天路１１５號,臺中市大甲區太白里,劉東益,56370004,獨資,0890408,0611109,生產中,08食品製造業  ,086碾榖、磨粉及澱粉製品  
11508.csv,功山機械廠有限公司,99620849,06910000243561,宜蘭縣冬山鄉群英村冬山路三段491號,宜蘭縣冬山鄉群英村,吳開榮　　,40598980,有限公司,0580101,0700408,生產中,29機械設備製造業  ,293通用機械設備  
11508.csv,劦耀鋼鐵股份有限公司燕巢廠,99685483,,高雄市燕巢區安招里成大街２２號,高雄市燕巢區安招里,高振凱,22982619,股份有限公司,,0930309,生產中,25金屬製品製造業  ,259其他金屬製品、254金屬加工處理  
11508.csv,劦誠股份有限公司,65010021,,新北市三峽區弘道里弘道54之5號,新北市三峽區弘道里,竇憲宗,16052411,股份有限公司,,1101220,生產中,28電力設備及配備製造業  ,283電線及配線器材  
11508.csv,勇盛技研股份有限公司,10000238,,嘉義縣大林鎮中坑里大埔美園區三路22號,嘉義縣大林鎮中坑里,孫永良,80741499,股份有限公司,,1051222,生產中,24基本金屬製造業、25金屬製品製造業、29機械設備製造業  ,241鋼鐵、254金屬加工處理、293通用機械設備  
11508.csv,勝蜂企業有限公司仁武廠,99662724,08210012179434,高雄市仁武區竹後里鳳仁路３２９之１９號,高雄市仁武區竹後里,王裕仁,23329337,有限公司,0821020,0840327,生產中,24基本金屬製造業  ,241鋼鐵  
11508.csv,南誠企業股份有限公司,99660100,08310011119572,臺南市永康區正強里四維街89號壹樓,臺南市永康區正強里,陳義雄　　　,22386767,股份有限公司,0830723,0830730,生產中,24基本金屬製造業、21橡膠製品製造業、22塑膠製品製造業  ,241鋼鐵、210橡膠製品、220塑膠製品  
11508.csv,南豐鋼鐵股份有限公司,S0800134,,南投縣草屯鎮碧洲里碧峰路755之1號,南投縣草屯鎮碧洲里,陳乙臻,24438848,股份有限公司,,1140124,生產中,25金屬製品製造業、28電力設備及配備製造業  ,254金屬加工處理、289其他電力設備及配備  
11508.csv,千演精密工業股份有限公司,99610518,07910001009279,新北市新莊區化成里化成路六三巷二二弄二號五樓,新北市新莊區化成里,王寶昌,36242951,股份有限公司,0790210,0790821,生產中,29機械設備製造業、25金屬製品製造業、23非金屬礦物製品製造業、30汽車及其零件製造業、31其他運輸工具及其零件製造業  ,293通用機械設備、251金屬刀具、手工具及模具、259其他金屬製品、232耐火、黏土建材及其他陶瓷製品、303汽車零件、312機車及其零件  
11508.csv,千益不銹鋼有限公司,99686320,08110003059374,桃園市蘆竹區瓦窯里南山路一段一三四號,桃園市蘆竹區瓦窯里,曾淵明　　,23408711,有限公司,0810523,0810716,生產中,24基本金屬製造業、25金屬製品製造業  ,241鋼鐵、259其他金屬製品  
11508.csv,千興不銹鋼股份有限公司一貫作業廠,99657956,07510000280898,臺南市麻豆區小埤里工業路222號,臺南市麻豆區小埤里,魏福全,70005915,股份有限公司,0751114,0801022,生產中,24基本金屬製造業、28電力設備及配備製造業、31其他運輸工具及其零件製造業  ,241鋼鐵、282電池、312機車及其零件、313自行車及其零件  
11508.csv,佑彰企業社,07003210,,彰化縣彰化市安溪里安溪路328巷51號1樓,彰化縣彰化市安溪里,林永成,82419094,獨資,,1080704,生產中,25金屬製品製造業  ,259其他金屬製品  
11508.csv,佑懋鋼鐵股份有限公司,07000388,,彰化縣彰化市古夷里泰和路三段418號1樓,彰化縣彰化市古夷里,謝咨沂,28773337,股份有限公司,,1001215,生產中,25金屬製品製造業  ,252金屬結構及建築組件  
11508.csv,佑懋鋼鐵股份有限公司一廠,S0703759,,彰化縣彰化市三村里彰興路一段165巷79號1樓,彰化縣彰化市三村里,謝咨沂,28773337,股份有限公司,,1150525,生產中,25金屬製品製造業  ,252金屬結構及建築組件  
11508.csv,佳生砂石企業股份有限公司大雅廠,99634393,08210006266319,臺中市大雅區西寶里昌平路三段620巷27、29號,臺中市大雅區西寶里,鍾雲城,86799243,股份有限公司,0830110,0821215,生產中,23非金屬礦物製品製造業、23非金屬礦物製品製造業  ,233水泥及其製品  
11508.csv,佳生砂石企業股份有限公司神岡廠,S6601774,,臺中市神岡區神洲里神洲路506巷61號,臺中市神岡區神洲里,鍾雲城,86799243,股份有限公司,,1110426,生產中,23非金屬礦物製品製造業  ,233水泥及其製品  
11508.csv,佳隆農畜實業有限公司,99709481,,雲林縣西螺鎮漢光里中正路258號1樓,雲林縣西螺鎮漢光里,廖助盛,24233492,有限公司,,0971201,生產中,08食品製造業  ,083蔬果加工  
11508.csv,佳靚鋁業股份有限公司,99660244,08810011309749,臺南市永康區塩行里中正北路318巷66號,臺南市永康區塩行里,羅俊男,84184988,股份有限公司,0881019,0890510,生產中,24基本金屬製造業、25金屬製品製造業  ,242鋁、252金屬結構及建築組件  
11508.csv,侑廷鐵管股份有限公司一廠,07006398,11510007800101,彰化縣和美鎮柑井里美寮路一段232號,彰化縣和美鎮柑井里,蔡盈鑫,59325335,股份有限公司,1150417,1150423,生產中,24基本金屬製造業  ,241鋼鐵  
11508.csv,俐慶鋼鐵有限公司,99684846,,臺南市永康區王行里環工路16號,臺南市永康區王行里,黃榮俊,89896395,有限公司,,0940922,生產中,25金屬製品製造業  ,254金屬加工處理  
11508.csv,俐慶鋼鐵有限公司第一廠,99706325,,臺南市永康區王行里環工路23、25號,臺南市永康區王行里,黃榮俊,89896395,有限公司,,0950710,生產中,25金屬製品製造業  ,254金屬加工處理  
11508.csv,信億精密工業社,07003123,,彰化縣彰化市莿桐里彰水路183巷27弄10號1樓,彰化縣彰化市莿桐里,林美英,82417602,獨資,,1080517,生產中,25金屬製品製造業  ,259其他金屬製品  
11508.csv,信春股份有限公司岡山廠,99664205,07910012151106,高雄市燕巢區安招里安招路４５３號,高雄市燕巢區安招里,李玉柱,22096009,股份有限公司,0791231,0791231,生產中,24基本金屬製造業  ,241鋼鐵  
11508.csv,信昶機械工程行一廠,09001505,11510009600004,雲林縣麥寮鄉興華村忠興21之3號,雲林縣麥寮鄉興華村,宋任淵,72413310,獨資,1150122,1150212,生產中,25金屬製品製造業  ,259其他金屬製品  
11508.csv,信豪機械股份有限公司,99640959,06210006062424,臺中市太平區新福里振福路９５巷９號,臺中市太平區新福里,林明煌,84249498,股份有限公司,0620627,0620627,生產中,25金屬製品製造業  ,251金屬刀具、手工具及模具  
11508.csv,傑登生研股份有限公司,99702433,,臺中市西屯區協和里工業區38路210號7樓之2,臺中市西屯區協和里,林俊傑,12698729,股份有限公司,,0961214,生產中,08食品製造業  ,087動物飼品  
11508.csv,傑登股份有限公司,99694243,,新北市中和區平河里建六路七二號一樓,新北市中和區平河里,李傑華,84463139,股份有限公司,,0940627,生產中,33其他製造業  ,339未分類其他製品  
11508.csv,利乘鋼鐵有限公司,99707452,,桃園市蘆竹區內厝里南山路２段５巷６號,桃園市蘆竹區內厝里,簡美華,28874308,有限公司,,0970130,生產中,25金屬製品製造業  ,254金屬加工處理  
11508.csv,力中塑膠工業有限公司,99713121,,臺中市潭子區潭陽里潭興路二段３６巷９６號２樓,臺中市潭子區潭陽里,許明雄,24270783,有限公司,,0980108,生產中,21橡膠製品製造業、22塑膠製品製造業、29機械設備製造業  ,210橡膠製品、220塑膠製品、292其他專用機械設備、293通用機械設備  
11508.csv,力久精機有限公司,68002417,,桃園市蘆竹區中福里龍壽街一段12號(2樓),桃園市蘆竹區中福里,王春生,53783087,有限公司,,1071211,生產中,25金屬製品製造業  ,259其他金屬製品  
11508.csv,加一橡膠有限公司,S6602938,,臺中市大雅區西寶里昌平路四段282南七巷23號,臺中市大雅區西寶里,呂育昇,24399726,有限公司,,1141126,生產中,21橡膠製品製造業  ,210橡膠製品  
11508.csv,劦輝企業股份有限公司,99649195,07510007060477,彰化縣大村鄉貢旗村２巷８號,彰化縣大村鄉貢旗村,賴銘曉　　　,22243902,股份有限公司,0751203,0760108,生產中,25金屬製品製造業  ,259其他金屬製品  
11508.csv,劦輝企業股份有限公司南勢廠,S0700067,,彰化縣大村鄉南勢村南勢巷12-12號,彰化縣大村鄉南勢村,賴銘曉,22243902,股份有限公司,,1090504,生產中,25金屬製品製造業  ,259其他金屬製品  
11508.csv,劦輝企業股份有限公司壹廠,S0700068,,彰化縣大村鄉貢旗村貢旗二巷8-24、8-25、8-26號,彰化縣大村鄉貢旗村,賴銘曉,22243902,股份有限公司,,1090504,生產中,25金屬製品製造業  ,259其他金屬製品  
11508.csv,劦輝企業股份有限公司秀水廠,07000403,,彰化縣秀水鄉莊雅村溪心街328號1樓,彰化縣秀水鄉莊雅村,賴銘曉,22243902,股份有限公司,,1010106,生產中,25金屬製品製造業、28電力設備及配備製造業  ,259其他金屬製品、284照明設備及配備  
11508.csv,劦陶宛藝文事業股份有限公司,99704017,,臺中市新社區協成里興隆街２１－１號,臺中市新社區協成里,陳榮吉,55772439,股份有限公司,,0951218,生產中,23非金屬礦物製品製造業  ,232耐火、黏土建材及其他陶瓷製品  
11508.csv,勇興工業股份有限公司,99650659,08110000070774,彰化縣伸港鄉溪底村興工路三五號,彰化縣伸港鄉溪底村,黃群凱　,12824394,股份有限公司,0810218,0830518,生產中,25金屬製品製造業  ,254金屬加工處理  
11508.csv,勝新水泥製品行有限公司,99620627,06710000301042,宜蘭縣冬山鄉得安村梅林路547號,宜蘭縣冬山鄉得安村,李長庚,42034241,有限公司,0580101,0690328,生產中,23非金屬礦物製品製造業  ,233水泥及其製品  
11508.csv,勝新金屬股份有限公司,99683301,07210011094951,臺南市仁德區仁義里中山路305巷360號,臺南市仁德區仁義里,林職章　　　,73711301,股份有限公司,0720831,0740429,生產中,24基本金屬製造業  ,242鋁  
11508.csv,勝豐企業行,64008938,,高雄市仁武區竹後里鳳仁路287-12號,高雄市仁武區竹後里,王玟智,13882414,獨資,,1100202,生產中,25金屬製品製造業  ,254金屬加工處理  
11508.csv,勤美股份有限公司,99630116,06210000171577,新竹縣新豐鄉上坑村488號,新竹縣新豐鄉上坑村,林廷芳　,03474311,股份有限公司,0580101,0640823,生產中,24基本金屬製造業、25金屬製品製造業  ,241鋼鐵、259其他金屬製品  
11508.csv,千群機械有限公司三芝廠,99612437,,新北市三芝區古庄里四棧橋五三之九號,新北市三芝區古庄里,吳福村,23969500,有限公司,,0911118,生產中,25金屬製品製造業、29機械設備製造業、28電力設備及配備製造業  ,259其他金屬製品、293通用機械設備、251金屬刀具、手工具及模具、283電線及配線器材、289其他電力設備及配備  
11508.csv,千鈺實業股份有限公司,99690414,07410001174983,新北市三芝區後厝里番社后20號,新北市三芝區後厝里,王國隆,37547278,股份有限公司,0740711,0740729,生產中,24基本金屬製造業、25金屬製品製造業、29機械設備製造業、31其他運輸工具及其零件製造業  ,241鋼鐵、259其他金屬製品、293通用機械設備、311船舶及浮動設施  
11508.csv,千銓企業有限公司,99609500,07510001096308,新北市樹林區圳生里三俊街117號,新北市樹林區圳生里,陳中輝,22106581,有限公司,0750404,0750507,生產中,24基本金屬製造業  ,242鋁、249其他基本金屬  
11508.csv,千鋒國際企業有限公司,66011131,,臺中市龍井區忠和里台西南路212巷6之1號1樓,臺中市龍井區忠和里,黃瑞鑫,24249369,有限公司,,1130320,生產中,11紡織業  ,115紡織品  
11508.csv,千鋼科技股份有限公司,99612764,08910001013387,新北市三重區中興里光復路一段六八巷二四弄九號三樓,新北市三重區中興里,許國峰,22179084,股份有限公司,0890219,0890301,生產中,24基本金屬製造業、25金屬製品製造業、29機械設備製造業  ,241鋼鐵、259其他金屬製品、292其他專用機械設備  
11508.csv,千鎰鋼鐵材料行,S2000012,,嘉義市西區劉厝里劉厝路268之1號,嘉義市西區劉厝里,童美玲,18283584,獨資,,1090508,生產中,25金屬製品製造業  ,254金屬加工處理  
11508.csv,千鐘工業股份有限公司,99644248,08410006047794,臺中市外埔區水美里水美路285巷11號,臺中市外埔區水美里,紀和成,55705679,股份有限公司,0641204,,生產中,24基本金屬製造業  ,241鋼鐵  
11508.csv,千附實業股份有限公司桃園廠,99686899,07710000177799,桃園市大園區南港里長發一路200號,桃園市大園區南港里,張瓊如　,12378253,股份有限公司,0770428,0771202,生產中,25金屬製品製造業、24基本金屬製造業  ,259其他金屬製品、241鋼鐵  
11508.csv,千鼎鋁業有限公司,99707754,,桃園市龜山區樂善里文明路７２號１、２、３、４樓,桃園市龜山區樂善里,葛美莉,89694460,有限公司,,0970807,生產中,24基本金屬製造業  ,242鋁  
11508.csv,佑昇交通工程有限公司,64010085,,高雄市大社區保社里保舍甲路55巷5弄27號,高雄市大社區保社里,陳汪基,94125242,有限公司,,1140327,生產中,25金屬製品製造業  ,254金屬加工處理  
11508.csv,佢友有限公司,03002420,,桃園市蘆竹區瓦窯里南山路一段99號1樓,桃園市蘆竹區瓦窯里,許朝卿,54800296,有限公司,,1030909,生產中,26電子零組件製造業  ,269其他電子零組件  
11508.csv,佳峰實業社,07002410,,彰化縣彰化市延平里瑞陽街22之1號1樓,彰化縣彰化市延平里,黃賴麗萍,17688714,獨資,,1061220,生產中,25金屬製品製造業、31其他運輸工具及其零件製造業  ,259其他金屬製品、311船舶及浮動設施  
11508.csv,佳盛工業股份有限公司,99689154,07610001263595,新北市新莊區思源里思源路94巷8、10號,新北市新莊區思源里,李新傳,35916774,股份有限公司,0760824,0761228,生產中,24基本金屬製造業、25金屬製品製造業、29機械設備製造業、27電腦、電子產品及光學製品製造業、26電子零組件製造業  ,242鋁、259其他金屬製品、293通用機械設備、251金屬刀具、手工具及模具、271電腦及其週邊設備、272通訊傳播設備、269其他電子零組件  
11508.csv,佳頡科技有限公司,68003243,,桃園市龜山區龍華里萬壽路一段492-4號(1樓),桃園市龜山區龍華里,鄭凱仁,29138686,有限公司,,1090227,生產中,26電子零組件製造業  ,269其他電子零組件  
11508.csv,侑廷鐵管股份有限公司二廠,S0700354,,彰化縣和美鎮柑井里美寮路一段210巷19、21、23號,彰化縣和美鎮柑井里,蔡盈鑫,59325335,股份有限公司,,1090522,生產中,24基本金屬製造業  ,241鋼鐵  
11508.csv,信元鋁業股份有限公司,99661851,07010012081469,高雄市永安區維新里永工五路３號,高雄市永安區維新里,蔡明豐,12916627,股份有限公司,0791231,0791231,生產中,24基本金屬製造業、25金屬製品製造業  ,242鋁、252金屬結構及建築組件  
11508.csv,健淳股份有限公司,68003120,,桃園市蘆竹區中福里文中路一段117號(1樓),桃園市蘆竹區中福里,張國賓,50924226,股份有限公司,,1081218,生產中,22塑膠製品製造業  ,220塑膠製品  
11508.csv,健煜工業股份有限公司,99680852,,彰化縣線西鄉溝內村彰濱東二路１８號,彰化縣線西鄉溝內村,呂信昌,38424008,股份有限公司,,0971219,生產中,24基本金屬製造業  ,243銅  
11508.csv,傑章工業股份有限公司楊梅廠,68003805,,桃園市楊梅區上田里和平路180巷138號1樓,桃園市楊梅區上田里,張賢章,22124173,股份有限公司,,1091210,生產中,25金屬製品製造業  ,259其他金屬製品  
11508.csv,億晶光電股份有限公司竹南廠,05000713,,苗栗縣竹南鎮崎頂里和誠街12號,苗栗縣竹南鎮崎頂里,隋國鑫,24378709,股份有限公司,,1111013,生產中,22塑膠製品製造業、22塑膠製品製造業  ,220塑膠製品  
11508.csv,億晶光電股份有限公司頭份廠,99677773,,苗栗縣頭份市蘆竹里七鄰蘆竹路二二六巷五九號,苗栗縣頭份市蘆竹里,隋國鑫,24378709,股份有限公司,,0981023,生產中,26電子零組件製造業  ,264光電材料及元件  
11508.csv,億朋工業有限公司,S6601719,,臺中市后里區墩南里南村路333巷58-11號,臺中市后里區墩南里,陳竺炘,28504426,有限公司,,1100719,生產中,24基本金屬製造業、25金屬製品製造業、29機械設備製造業  ,242鋁、251金屬刀具、手工具及模具、293通用機械設備  
11508.csv,億隆金屬工業有限公司,99634942,07410006211242,臺中市大里區新仁里新仁四街6號1樓,臺中市大里區新仁里,張智凱,61840759,有限公司,0741127,0741211,生產中,25金屬製品製造業  ,251金屬刀具、手工具及模具、259其他金屬製品  
11508.csv,優肯興業有限公司,07002990,,彰化縣社頭鄉協和村山腳路四段437巷2號1樓,彰化縣社頭鄉協和村,何燕昭,24352010,有限公司,,1080220,生產中,25金屬製品製造業  ,259其他金屬製品  
11508.csv,凱樂斯股份有限公司,65002807,,新北市中和區平河里建一路177號9樓,新北市中和區平河里,陳雅雯,24390154,股份有限公司,,1030123,生產中,33其他製造業  ,332醫療器材及用品  
11508.csv,凱毅工業有限公司,65006243,,新北市板橋區重慶里國慶路3號5樓之3,新北市板橋區重慶里,紀順耀,84655805,有限公司,,1060904,生產中,25金屬製品製造業  ,251金屬刀具、手工具及模具、259其他金屬製品  
11508.csv,利益實業有限公司,67003648,,臺南市永康區尚頂里正南一街107巷26號,臺南市永康區尚頂里,方玟涵,90024171,有限公司,,1120825,生產中,25金屬製品製造業  ,254金屬加工處理  
11508.csv,力偉有限公司,66001881,,臺中市太平區太平里永豐路157巷36號1樓,臺中市太平區太平里,羅旭良,80324353,有限公司,,1020529,生產中,29機械設備製造業、31其他運輸工具及其零件製造業、25金屬製品製造業  ,293通用機械設備、313自行車及其零件、254金屬加工處理  
11508.csv,力清科技有限公司,66011323,,臺中市太平區太平里永豐路131巷4號1樓,臺中市太平區太平里,徐逸,24214729,有限公司,,1130712,生產中,25金屬製品製造業、29機械設備製造業  ,254金屬加工處理、259其他金屬製品、293通用機械設備  
11508.csv,力漢企業股份有限公司,99662242,07910012075084,高雄市路竹區竹園里環球路１５號,高雄市路竹區竹園里,沈春暉,72088308,股份有限公司,0791231,0791231,生產中,08食品製造業、18化學材料及肥料製造業  ,087動物飼品、183肥料及氮化合物  
11508.csv,助友雷射科技股份有限公司,99624249,08710000904375,桃園市楊梅區高山里高獅路八一三巷二二弄九之一號,桃園市楊梅區高山里,許建淙　　　,23211479,股份有限公司,0870515,0880608,生產中,25金屬製品製造業  ,254金屬加工處理  
11508.csv,勝昌傢俱行,S1300324,,屏東縣萬丹鄉水泉村祥和路576號,屏東縣萬丹鄉水泉村,羅億權,99241396,獨資,,1120501,生產中,32家具製造業  ,320家具  
11508.csv,勝昌塑膠廠,99610242,07110000111739,新北市新莊區營盤里中正路五七六巷一四號,新北市新莊區營盤里,劉林秀如,36155787,獨資,0580101,0720531,生產中,22塑膠製品製造業  ,220塑膠製品  
11508.csv,勤裕精機廠有限公司,99670320,07510019002320,臺中市南區平和里和昌街２０號,臺中市南區平和里,林福來,24352686,有限公司,0750819,0750920,生產中,25金屬製品製造業、29機械設備製造業  ,259其他金屬製品、293通用機械設備、251金屬刀具、手工具及模具  
11508.csv,勤裕精機廠有限公司仁化廠,66002348,,臺中市大里區健民里仁化工二路111號1樓,臺中市大里區健民里,林福來,24352686,有限公司,,1021206,生產中,25金屬製品製造業、29機械設備製造業  ,251金屬刀具、手工具及模具、254金屬加工處理、259其他金屬製品、291金屬加工用機械設備、292其他專用機械設備、293通用機械設備  
11508.csv,千集鋼鐵股份有限公司仁武廠,99662388,08910000905069,高雄市仁武區仁武里工業一路３號,高雄市仁武區仁武里,黃明源,23334866,股份有限公司,0890814,0890916,生產中,24基本金屬製造業  ,241鋼鐵  
11508.csv,千順度量衡有限公司,99625861,09010003352056,桃園市桃園區建國里林森路６８巷２２弄１５號,桃園市桃園區建國里,葉時達,80636031,有限公司,0900318,0900322,生產中,24基本金屬製造業、29機械設備製造業、27電腦、電子產品及光學製品製造業  ,293通用機械設備、242鋁、275量測、導航、控制設備及鐘錶、243銅  
11508.csv,升揚實業有限公司,99615666,08310001456465,新北市樹林區北園里西圳街一段一六五巷一九號四樓,新北市樹林區北園里,李永源,23550857,有限公司,0840111,0840121,生產中,24基本金屬製造業、25金屬製品製造業  ,241鋼鐵、254金屬加工處理、243銅  
11508.csv,升揚實業有限公司,S6500007,,新北市樹林區北園里西圳街1段165巷41號,新北市樹林區北園里,李永源,23550857,有限公司,,1090422,生產中,24基本金屬製造業  ,241鋼鐵  
11508.csv,升揚實業有限公司新廠,99719938,,新北市樹林區東園里柑園街1段7之2號、1之11號、1之51號、1之52號、1之53號、1之55號、1之56號、1之57號、1之60號、1之61號、1之62號、1之63號,新北市樹林區東園里,李永源,23550857,有限公司,,0990205,生產中,24基本金屬製造業  ,241鋼鐵、243銅  
11508.csv,升立達工業有限公司,65003584,,新北市樹林區圳生里三俊街199巷43號(1樓),新北市樹林區圳生里,陳秋碧,24702419,有限公司,,1031124,生產中,25金屬製品製造業、29機械設備製造業  ,251金屬刀具、手工具及模具、293通用機械設備  
11508.csv,升銓鋼鋁有限公司龍潭廠,68006657,,桃園市龍潭區高平里高楊北路106巷111號,桃園市龍潭區高平里,蕭文元,28924118,有限公司,,1140402,生產中,25金屬製品製造業  ,252金屬結構及建築組件  
11508.csv,佰滙鋼鐵有限公司,02000199,,宜蘭縣宜蘭市梅洲里梅洲二路88號,宜蘭縣宜蘭市梅洲里,張承達,12886187,有限公司,,1050104,生產中,25金屬製品製造業  ,254金屬加工處理  
11508.csv,佳峻股份有限公司,99610343,08510001212210,新北市新莊區化成路375巷41號,新北市新莊區,余中和,12211796,股份有限公司,0850625,0850712,生產中,24基本金屬製造業、25金屬製品製造業  ,241鋼鐵、254金屬加工處理、243銅  
11508.csv,佳帝保工業股份有限公司,07000577,,彰化縣鹿港鎮東石里工業西六路10號,彰化縣鹿港鎮東石里,曾士益,24351997,股份有限公司,,1010820,生產中,30汽車及其零件製造業、31其他運輸工具及其零件製造業  ,303汽車零件、312機車及其零件、313自行車及其零件  
11508.csv,佳廷昌有限公司,65013788,,新北市土城區埤塘里千歲路37號,新北市土城區埤塘里,李延庭,24341921,有限公司,,1150825,生產中,27電腦、電子產品及光學製品製造業  ,271電腦及其週邊設備  
11508.csv,佳鴻醫療儀器廠有限公司,99639280,08610006054644,臺中市大安區西安里南北八路57巷38號,臺中市大安區西安里,邱良夷,97372420,有限公司,0860308,0860319,生產中,33其他製造業  ,332醫療器材及用品  
11508.csv,佳麗惠實業股份有限公司,99683303,08010011168221,臺南市仁德區仁義里中山路78號,臺南市仁德區仁義里,陳錦雲　　　,86242668,股份有限公司,0801220,0810103,生產中,11紡織業  ,111紡紗、115紡織品  
11508.csv,保僑工業有限公司,99713539,,臺中市后里區墩南里舊社路３－１０號,臺中市后里區墩南里,鄭木柱,23095801,有限公司,,0990128,生產中,24基本金屬製造業  ,241鋼鐵  
11508.csv,保僑工業有限公司分廠,S6601729,,臺中市后里區墩南里舊社路3之8號,臺中市后里區墩南里,鄭木柱,23095801,有限公司,,1101015,生產中,24基本金屬製造業  ,241鋼鐵  
11508.csv,信利機械有限公司,99694670,,新北市土城區大安里慶祥街六０號,新北市土城區大安里,陳佳鴻,27424179,有限公司,,0941013,生產中,29機械設備製造業  ,292其他專用機械設備、293通用機械設備  
11508.csv,偉利眼鏡實業社,99658222,08210011165432,臺南市麻豆區磚井里磚子井1號壹樓,臺南市麻豆區磚井里,陳振裕　　　,14363241,合夥,0821021,0821027,生產中,33其他製造業  ,332醫療器材及用品  
11508.csv,儀鎮精機股份有限公司第五廠,99658187,08710011305275,臺南市麻豆區麻口里柚安路二段490號,臺南市麻豆區麻口里,馬永賢,72141198,股份有限公司,0870526,0870603,生產中,24基本金屬製造業  ,243銅  
11508.csv,儁洋實業有限公司,68006482,,桃園市楊梅區三湖里楊湖路一段676巷33弄242號(1樓),桃園市楊梅區三湖里,廖韋智,24877085,有限公司,,1131223,生產中,25金屬製品製造業  ,254金屬加工處理  
11508.csv,億椿銘板有限公司,99610543,08810001245542,新北市新莊區西盛里大安路一四巷九號,新北市新莊區西盛里,楊仁智,16852413,有限公司,0880714,0880806,生產中,16印刷及資料儲存媒體複製業  ,160印刷及資料儲存媒體複製  
11508.csv,億鴻鑄造股份有限公司二廠,10000019,,嘉義縣民雄鄉北斗村中正路58之2號,嘉義縣民雄鄉北斗村,盧泰元,80710469,股份有限公司,,1000318,生產中,24基本金屬製造業  ,241鋼鐵  
11508.csv,凱泰工業有限公司,99702417,,臺中市南區和平里復興路二段７１巷６５弄３５號,臺中市南區和平里,楊國鑫,28801734,有限公司,,0961016,生產中,25金屬製品製造業、29機械設備製造業  ,259其他金屬製品、293通用機械設備  
11508.csv,利元飼料加工廠,99645333,06510000007754,彰化縣埤頭鄉崙腳村興工路２７號,彰化縣埤頭鄉崙腳村,吳永宏　　　,24169421,合夥,0650123,0721229,生產中,08食品製造業  ,087動物飼品  
11508.csv,利盈水產股份有限公司,10000219,,嘉義縣布袋鎮光復里六棟寮100號,嘉義縣布袋鎮光復里,施惠娟,24396544,有限公司,,1050701,生產中,08食品製造業  ,082水產加工  
11508.csv,利盛高空有限公司,S6701207,,臺南市安定區嘉同里六塊寮157之10號,臺南市安定區嘉同里,黃金蕊,24261047,有限公司,,1150109,生產中,31其他運輸工具及其零件製造業  ,319未分類其他運輸工具及其零件  
11508.csv,勝輝鋼鐵工業股份有限公司,99641814,07710006017050,臺中市清水區下湳里三田路1之5號,臺中市清水區下湳里,吳高美月,22781134,股份有限公司,0770203,0771208,生產中,25金屬製品製造業、29機械設備製造業  ,254金屬加工處理、293通用機械設備、252金屬結構及建築組件、253金屬容器  
11508.csv,勤豐鋼鐵股份有限公司,99700312,,新竹縣新埔鎮上寮里義民路二段491巷23弄17號1樓,新竹縣新埔鎮上寮里,劉邦炫,97480883,股份有限公司,,0950407,生產中,25金屬製品製造業、29機械設備製造業  ,252金屬結構及建築組件、293通用機械設備、251金屬刀具、手工具及模具  
11508.csv,升育鋼鐵股份有限公司,99705043,,高雄市岡山區本洲里本工西路３６號,高雄市岡山區本洲里,蔡添吉,16495801,股份有限公司,,0950616,生產中,24基本金屬製造業  ,241鋼鐵  
11508.csv,卓力工業股份有限公司水源廠,66005303,,臺中市豐原區南村里水源路492巷17-2號1樓,臺中市豐原區南村里,李梅卿,84424220,股份有限公司,,1060320,生產中,29機械設備製造業  ,293通用機械設備  
11508.csv,卓峰環境科技有限公司,07005879,,彰化縣員林市三和里三條街423巷20號1樓,彰化縣員林市三和里,黃若筑,24384266,有限公司,,1140110,生產中,25金屬製品製造業、29機械設備製造業  ,254金屬加工處理、259其他金屬製品、293通用機械設備  
11508.csv,卓大精密工業有限公司,99692422,,新北市五股區興珍里中興路一段一巷一二弄一一號一樓,新北市五股區興珍里,魏增鴻,22575612,有限公司,,0930420,生產中,25金屬製品製造業、29機械設備製造業、26電子零組件製造業  ,259其他金屬製品、293通用機械設備、251金屬刀具、手工具及模具、264光電材料及元件、269其他電子零組件  
11508.csv,卓揚五金股份有限公司大安廠,01000219,,新北市新莊區西盛里大安路9號1、2樓,新北市新莊區西盛里,鄭順吉,22887039,股份有限公司,,0991209,生產中,24基本金屬製造業、25金屬製品製造業、29機械設備製造業  ,241鋼鐵、243銅、254金屬加工處理、242鋁、291金屬加工用機械設備、293通用機械設備  
11508.csv,協俐鑄造股份有限公司山上廠,99684981,,臺南市山上區明和里北勢洲21之8號,臺南市山上區明和里,陳信全,84845926,股份有限公司,,0950310,生產中,24基本金屬製造業  ,241鋼鐵  
11508.csv,協健興業有限公司,66000517,,臺中市龍井區龍津里蚵寮路255巷54弄28號,臺中市龍井區龍津里,何培銘,24267274,有限公司,,1000908,生產中,11紡織業、22塑膠製品製造業  ,112織布、220塑膠製品  
11508.csv,佑春企業股份有限公司伸線廠,64010272,,高雄市路竹區社西里大仁路735號,高雄市路竹區社西里,王文春,89829805,股份有限公司,,1141105,生產中,24基本金屬製造業  ,241鋼鐵  
11508.csv,佑晏企業股份有限公司,99685258,07510012094913,高雄市大寮區潮寮里田單三街２５號,高雄市大寮區潮寮里,陳煌松,79833359,股份有限公司,0791231,0791231,生產中,24基本金屬製造業  ,241鋼鐵  
11508.csv,佑晟金屬有限公司,99699757,,屏東縣鹽埔鄉新二村大仁西街29之5號,屏東縣鹽埔鄉新二村,李明進,28130258,有限公司,,0961031,生產中,24基本金屬製造業、24基本金屬製造業  ,242鋁  
11508.csv,佰鴻昇企業有限公司,99711693,,臺南市永康區三民里民東路36號,臺南市永康區三民里,林福順,24296833,有限公司,,0980312,生產中,30汽車及其零件製造業  ,303汽車零件  
11508.csv,佳德建材股份有限公司南科廠,99676915,,臺南市安南區鹽田里本田路2段381號,臺南市安南區,曾金水,22835413,股份有限公司,,0940128,生產中,24基本金屬製造業、25金屬製品製造業  ,241鋼鐵、252金屬結構及建築組件、259其他金屬製品  
11508.csv,信鋐科技股份有限公司桃園廠,68003236,,桃園市龜山區山頂里山鶯路348號(3、4樓),桃園市龜山區山頂里,顏清輝,00192355,股份有限公司,,1090221,生產中,24基本金屬製造業、25金屬製品製造業、27電腦、電子產品及光學製品製造業、29機械設備製造業、33其他製造業  ,242鋁、249其他基本金屬、259其他金屬製品、271電腦及其週邊設備、292其他專用機械設備、331育樂用品  
11508.csv,健福工業社,S6601614,,臺中市烏日區溪埧里溪南路一段271巷38弄13號,臺中市烏日區溪埧里,周輝祈,17789754,合夥,,1091104,生產中,24基本金屬製造業  ,242鋁  
11508.csv,健策精密工業股份有限公司大園一廠,68007627,,桃園市大園區內海里中山北路268巷8號,桃園市大園區內海里,趙宗信,22415854,股份有限公司,,1150528,生產中,25金屬製品製造業  ,254金屬加工處理  
11508.csv,健策精密工業股份有限公司大園二廠,68003493,,桃園市大園區內海里中山北路259號,桃園市大園區內海里,趙宗信,22415854,股份有限公司,,1090702,生產中,25金屬製品製造業、30汽車及其零件製造業  ,254金屬加工處理、303汽車零件  
11508.csv,健策精密工業股份有限公司大園廠,99624338,08510000401818,桃園市大園區內海里中山北路２６８巷１３、１９號及民生路１２３之２號、民生路123之15號,桃園市大園區內海里,趙宗信,22415854,股份有限公司,0850214,0890522,生產中,25金屬製品製造業  ,254金屬加工處理  
11508.csv,健策精密工業股份有限公司華亞三廠,68004194,,桃園市龜山區文化里科技一路90號,桃園市龜山區文化里,趙宗信,22415854,股份有限公司,,1100604,生產中,25金屬製品製造業、30汽車及其零件製造業  ,251金屬刀具、手工具及模具、303汽車零件  
11508.csv,健策精密工業股份有限公司華亞二廠,68002153,,桃園市龜山區文化里文化一路86-31號,桃園市龜山區文化里,趙宗信,22415854,股份有限公司,,1070816,生產中,25金屬製品製造業  ,251金屬刀具、手工具及模具、254金屬加工處理  
11508.csv,傑詠工程行一廠,09001343,11210009600141,雲林縣麥寮鄉三盛村工業路262巷120弄12號,雲林縣麥寮鄉三盛村,江博文,72416983,獨資,1121205,1130108,生產中,25金屬製品製造業  ,254金屬加工處理、259其他金屬製品  
11508.csv,億權科技有限公司,99622414,08910003323241,桃園市龜山區嶺頂里萬壽路二段四一０巷一０號,桃園市龜山區嶺頂里,徐彥銘,23954746,有限公司,0890331,0890415,生產中,29機械設備製造業、28電力設備及配備製造業  ,293通用機械設備、289其他電力設備及配備  
11508.csv,億泉石材有限公司,15000017,,花蓮縣吉安鄉光華村南濱路一段558號,花蓮縣吉安鄉光華村,李淑娟,24227442,有限公司,,1010426,生產中,23非金屬礦物製品製造業、23非金屬礦物製品製造業  ,234石材製品  
11508.csv,億泉石材有限公司,S1500037,,花蓮縣吉安鄉仁安村南海二街98-6號,花蓮縣吉安鄉仁安村,李淑娟,24227442,有限公司,,1140430,生產中,23非金屬礦物製品製造業  ,234石材製品  
11508.csv,億泓工業股份有限公司工廠,66010959,,臺中市大里區大元里國光路一段206-14，206-15號,臺中市大里區大元里,郭昫霆,28524339,股份有限公司,,1121221,生產中,29機械設備製造業  ,292其他專用機械設備、293通用機械設備  
11508.csv,儒峰鑄造工業股份有限公司,99643982,06410006128935,臺中市烏日區前竹里光明路349號,臺中市烏日區前竹里,蔡孟峯,52354691,股份有限公司,0641105,0641105,生產中,24基本金屬製造業、29機械設備製造業  ,241鋼鐵、293通用機械設備  
11508.csv,優質工業股份有限公司,02000575,,宜蘭縣五結鄉三興村三結二路30巷50號一樓,宜蘭縣五結鄉三興村,劉宗軒,24356058,股份有限公司,,1141009,生產中,33其他製造業  ,332醫療器材及用品  
11508.csv,利勤實業股份有限公司二廠,99653241,08810000909733,雲林縣斗六市榴南里斗工十二路五號,雲林縣斗六市榴南里,洪文耀,16229261,股份有限公司,0871013,0880709,生產中,11紡織業  ,114染整  
11508.csv,利眾貿易股份有限公司,99688021,,桃園市中壢區忠義里自強一路一二號一樓,桃園市中壢區忠義里,王清水,36054205,股份有限公司,,0931101,生產中,24基本金屬製造業、29機械設備製造業、28電力設備及配備製造業  ,242鋁、243銅、291金屬加工用機械設備、285家用電器  
11508.csv,力神科技股份有限公司,03002427,,桃園市中壢區復華里自強一路7之1號,桃園市中壢區復華里,蕭地域,12836384,股份有限公司,,1030909,生產中,26電子零組件製造業  ,269其他電子零組件  
11508.csv,力祥國際工程股份有限公司,63020899,08763000024317,臺北市內湖區葫洲里安康路五十六巷二十七號,臺北市內湖區葫洲里,林根旺,14042945,股份有限公司,0870815,0870902,生產中,29機械設備製造業、25金屬製品製造業  ,252金屬結構及建築組件、259其他金屬製品、293通用機械設備  
11508.csv,加城冷氣冷凍機械有限公司,99712417,,高雄市大寮區江山里光明路３段１５２８號,高雄市大寮區江山里,蔡憲閎,22288267,有限公司,,0980330,生產中,29機械設備製造業  ,293通用機械設備  
11508.csv,動發實業有限公司二廠,S0700292,,彰化縣彰化市東芳里彰馬路520巷180號,彰化縣彰化市東芳里,許清福,16225130,有限公司,,1090518,生產中,24基本金屬製造業、25金屬製品製造業  ,242鋁、254金屬加工處理  
11508.csv,動能工業有限公司,99719691,,新北市三重區頂崁里中興北街204巷4號2樓,新北市三重區頂崁里,張正達,24248848,有限公司,,0981106,生產中,29機械設備製造業、30汽車及其零件製造業、25金屬製品製造業、21橡膠製品製造業、22塑膠製品製造業  ,293通用機械設備、303汽車零件、259其他金屬製品、210橡膠製品、220塑膠製品、251金屬刀具、手工具及模具  
11508.csv,勝達水刀工程有限公司,09000593,10510009600053,雲林縣麥寮鄉施厝村施厝南街82號,雲林縣麥寮鄉施厝村,馬正雄,54103242,有限公司,1050614,1050620,生產中,25金屬製品製造業  ,259其他金屬製品  
11508.csv,勝邦鋼鐵股份有限公司,65011920,,新北市樹林區三多里三俊街132號(1~4樓),新北市樹林區三多里,盤謹彰,22414969,股份有限公司,,1130614,生產中,24基本金屬製造業、25金屬製品製造業、29機械設備製造業  ,241鋼鐵、249其他基本金屬、259其他金屬製品、291金屬加工用機械設備、292其他專用機械設備  
11508.csv,勤駿有限公司,99690929,,新北市汐止區復興里新臺五路一段七七號一五樓之七,新北市汐止區復興里,徐宏錡,16132421,有限公司,,0920618,生產中,29機械設備製造業  ,293通用機械設備  
11508.csv,協利精機廠股份有限公司二廠,S6500241,,新北市淡水區埤島里行忠路127號,新北市淡水區埤島里,李文清,07199815,股份有限公司,,1090522,生產中,29機械設備製造業  ,293通用機械設備  
11508.csv,協勝發鋼鐵廠股份有限公司,64003169,6864112603,高雄市小港區店鎮里光陽街７、９號,高雄市小港區店鎮里,黃煌璋,79254702,股份有限公司,0681223,0690606,生產中,24基本金屬製造業  ,241鋼鐵  
11508.csv,協勝發鋼鐵廠股份有限公司沿海廠,64006306,,高雄市小港區鳳鳴里沿海三路70、72號,高雄市小港區鳳鳴里,黃煌璋,79254702,股份有限公司,,1000627,生產中,25金屬製品製造業  ,254金屬加工處理  
11508.csv,協原化學股份有限公司林園廠,99661770,07610000200694,高雄市林園區北汕里石化四路２號,高雄市林園區北汕里,黃炏南,22425678,股份有限公司,0760924,0881109,生產中,18化學材料及肥料製造業、22塑膠製品製造業  ,184塑膠及合成橡膠原料、220塑膠製品  
11508.csv,協和模具有限公司(樹林廠),65008760,,新北市樹林區金寮里武林街10-5號,新北市樹林區金寮里,李錫輝,24290789,有限公司,,1090728,生產中,22塑膠製品製造業、25金屬製品製造業  ,220塑膠製品、251金屬刀具、手工具及模具  
11508.csv,協和欣針織有限公司,99722494,,桃園市新屋區清華里中華路731號,桃園市新屋區清華里,陳有賢,24375512,有限公司,,0990607,生產中,11紡織業  ,112織布  
11508.csv,協榮印刷廠,99642420,08110006079174,臺中市大肚區大肚里福利路120號,臺中市大肚區大肚里,李美香,77673052,獨資,0810527,0810803,生產中,16印刷及資料儲存媒體複製業  ,160印刷及資料儲存媒體複製  
11508.csv,協榮文具印刷品商號,99668511,06910000142419,新竹市成功里勝利路四六號,新竹市東區成功里,梁家豪　　　,46244802,獨資,0690701,0690723,生產中,16印刷及資料儲存媒體複製業  ,160印刷及資料儲存媒體複製  
11508.csv,協泰順鋼鐵有限公司,99619774,06410000062995,新北市三重區光復路2段30號(1樓),新北市三重區,尤宏源,47073159,有限公司,0580101,0661210,生產中,24基本金屬製造業、25金屬製品製造業  ,241鋼鐵、254金屬加工處理  
11508.csv,佑桓科技企業股份有限公司,66003376,,臺中市龍井區忠和里西濱路三段77號,臺中市龍井區忠和里,周明賢,24229125,有限公司,,1040108,生產中,25金屬製品製造業  ,254金屬加工處理  
11508.csv,佰龍機械廠股份有限公司瑞芳廠,99617545,,新北市瑞芳區傑魚里瑞芳工業區頂坪路八號,新北市瑞芳區傑魚里,王堅倉,20765242,股份有限公司,,0880306,生產中,29機械設備製造業、25金屬製品製造業  ,293通用機械設備、251金屬刀具、手工具及模具  
11508.csv,佶典動力科技興業有限公司,67000902,,臺南市永康區塩行里正南五街76巷28號,臺南市永康區塩行里,陳燦耀,24391702,有限公司,,1030605,生產中,31其他運輸工具及其零件製造業  ,312機車及其零件、313自行車及其零件  
11508.csv,保強工業有限公司,66007163,,臺中市大甲區庄美里興安路138-202號1樓,臺中市大甲區庄美里,許木山,97242222,有限公司,,1080122,生產中,22塑膠製品製造業、29機械設備製造業  ,220塑膠製品、293通用機械設備  
11508.csv,信吉鋼鐵有限公司龍井廠,66010391,,臺中市龍井區麗水里龍港路501巷36弄8號,臺中市龍井區麗水里,賴陳秀娟,86761422,有限公司,,1111230,生產中,25金屬製品製造業  ,254金屬加工處理  
11508.csv,信泰鋼鐵股份有限公司王田廠,99703176,,臺中市大肚區王田里沙田路一段320巷37號,臺中市大肚區王田里,楊鎮聰,51485604,股份有限公司,,0940928,生產中,25金屬製品製造業  ,252金屬結構及建築組件、254金屬加工處理  
11508.csv,偉宏興工業股份有限公司,64006410,,高雄市梓官區赤崁里赤崁北路１４４號,高雄市梓官區赤崁里,蔣佶叡,16695574,股份有限公司,,1001116,生產中,24基本金屬製造業  ,241鋼鐵  
11508.csv,偉宗工業有限公司,S6603538,,臺中市梧棲區永安里永興路一段39巷25號,臺中市梧棲區永安里,林燕玉,83424399,有限公司,,1150831,生產中,29機械設備製造業  ,293通用機械設備  
11508.csv,健策精密工業股份有限公司華亞廠,99717748,,桃園市龜山區文化里19鄰科技一路40號,桃園市龜山區文化里,趙宗信,22415854,股份有限公司,,0980721,生產中,26電子零組件製造業、29機械設備製造業  ,269其他電子零組件、293通用機械設備  
11508.csv,傢福企業有限公司,65002439,,新北市淡水區崁頂里崁頂57之9號,新北市淡水區崁頂里,蘇東明,53332204,有限公司,,1020820,生產中,25金屬製品製造業、32家具製造業  ,252金屬結構及建築組件、320家具  
11508.csv,億泰金屬工程有限公司,07004233,,彰化縣鹿港鎮草中里頂草路四段243號1樓,彰化縣鹿港鎮草中里,吳裕峰,56643379,有限公司,,1100507,生產中,25金屬製品製造業  ,254金屬加工處理  
11508.csv,優麒股份有限公司,67002037,,臺南市安南區塩田里工業一路10號,臺南市安南區塩田里,許義忠,22412076,股份有限公司,,1070426,生產中,16印刷及資料儲存媒體複製業  ,160印刷及資料儲存媒體複製  
11508.csv,儷姿企業有限公司,66002274,,臺中市沙鹿區埔子里鎮南路一段242巷46號,臺中市沙鹿區埔子里,陳美華,70511722,有限公司,,1021106,生產中,12成衣及服飾品製造業  ,121成衣  
11508.csv,凱發工業社,99713052,,臺中市大里區大元里元正路６２號,臺中市大里區大元里,蔡今儀,19824216,獨資,,0971118,生產中,25金屬製品製造業、29機械設備製造業  ,259其他金屬製品、293通用機械設備  
11508.csv,凱發工業社二廠,S6600436,,臺中市大里區西湖里西柳街32巷15號,臺中市大里區西湖里,蔡今儀,19824216,獨資,,1090827,生產中,25金屬製品製造業  ,253金屬容器  
11508.csv,利和鋼鐵門窗工程,13000493,,屏東縣新園鄉南龍村南龍路424之5號,屏東縣新園鄉南龍村,郭水塗,99593595,獨資,,1070620,生產中,25金屬製品製造業、32家具製造業  ,252金屬結構及建築組件、320家具  
11508.csv,利義白鐵工程有限公司桃園廠,99624192,08910003323197,桃園市龜山區龍壽里35鄰東萬壽路643號,桃園市龜山區龍壽里,柯朝榮,15828318,有限公司,0890331,0890415,生產中,25金屬製品製造業  ,259其他金屬製品  
11508.csv,力穎事業有限公司,08000069,,南投縣南投市平山里自強一路7號,南投縣南投市平山里,吳偉在,24368815,有限公司,,1011004,生產中,25金屬製品製造業、24基本金屬製造業  ,259其他金屬製品、241鋼鐵  
11508.csv,勁和工程行,07006092,,彰化縣埔鹽鄉出水村埔港路34-72號1樓,彰化縣埔鹽鄉出水村,王駿瑋,92243855,獨資,,1140701,生產中,25金屬製品製造業  ,252金屬結構及建築組件、259其他金屬製品  
11508.csv,勝一金屬工程有限公司,66012430,,臺中市清水區吳厝里和睦路三段8號,臺中市清水區吳厝里,呂朝松,90697958,有限公司,,1150515,生產中,25金屬製品製造業  ,252金屬結構及建築組件、254金屬加工處理  
11508.csv,勝棋工業社,S6602413,,臺中市神岡區社南里昌平路五段135巷78號,臺中市神岡區社南里,蘇勝棋,93906590,合夥,,1140505,生產中,29機械設備製造業  ,291金屬加工用機械設備  
11508.csv,勝鋒鋼鐵股份有限公司,99650935,08110000074339,彰化縣伸港鄉溪底村工五路六號,彰化縣伸港鄉溪底村,呂榮琪,22783463,股份有限公司,0810814,0821013,生產中,25金屬製品製造業  ,254金屬加工處理  
11508.csv,勝鑫鋼鐵股份有限公司,66001215,,臺中市神岡區神洲里豐工南路66號,臺中市神岡區神洲里,蔡麗娥,22579954,股份有限公司,,1010727,生產中,25金屬製品製造業  ,254金屬加工處理  
11508.csv,勝鑫鋼鐵股份有限公司二廠,66011730,,臺中市神岡區神洲里神洲路591號,臺中市神岡區神洲里,蔡麗娥,22579954,股份有限公司,,1140410,生產中,25金屬製品製造業、29機械設備製造業  ,259其他金屬製品、291金屬加工用機械設備、293通用機械設備  
11508.csv,勝風科技有限公司,68006809,,桃園市八德區大興里指玄街296號3樓,桃園市八德區大興里,蕭建男,24299183,有限公司,,1140612,生產中,29機械設備製造業、25金屬製品製造業  ,293通用機械設備、254金屬加工處理  
11508.csv,勲龍鋼鐵企業社,68007192,,桃園市楊梅區永平里梅獅路一段226巷9弄29號,桃園市楊梅區永平里,邱建勲,60141768,合夥,,1141205,生產中,25金屬製品製造業  ,254金屬加工處理  
11508.csv,協發油廠,99654082,,雲林縣北港鎮義民里光明路七二號,雲林縣北港鎮義民里,李呂秀娟,64902413,獨資,,0590601,生產中,08食品製造業  ,084動植物油脂  
11508.csv,協發端板股份有限公司,99629679,07010000064632,桃園市龜山區嶺頂里茶專路二五號,桃園市龜山區嶺頂里,蘇健原　　　,34429208,股份有限公司,0580101,0700321,生產中,24基本金屬製造業、29機械設備製造業  ,241鋼鐵、292其他專用機械設備  
11508.csv,協益鋼鐵科技股份有限公司,99703409,,臺中市烏日區光明里五光路931巷26號,臺中市烏日區光明里,黃昱安,70655683,股份有限公司,,0950127,生產中,24基本金屬製造業  ,241鋼鐵  
11508.csv,協聯鋼鐵有限公司一廠,13000781,,屏東縣新園鄉新園村龍洲一路700號,屏東縣新園鄉新園村,賴國龍,42785123,有限公司,,1111208,生產中,25金屬製品製造業  ,252金屬結構及建築組件  
11508.csv,協辰鋼鐵有限公司,S6500088,,新北市蘆洲區永安里永安南路2段6號,新北市蘆洲區永安里,陳建綱,22276327,有限公司,,1090430,生產中,25金屬製品製造業  ,254金屬加工處理  
11508.csv,協鉦鋼鐵股份有限公司,S6600075,,臺中市神岡區豐洲里神洲路286號,臺中市神岡區豐洲里,王育鉦,22078728,股份有限公司,,1090506,生產中,25金屬製品製造業  ,254金屬加工處理  
11508.csv,協錩工業股份有限公司,99626967,07510000334562,桃園市大園區南港里長發路238之1號,桃園市大園區南港里,陳美華,22574064,股份有限公司,0751219,0770321,生產中,24基本金屬製造業、25金屬製品製造業  ,259其他金屬製品、241鋼鐵  
11508.csv,協錩鋼鐵興業有限公司,S2000022,,嘉義市東區鹿寮里彌陀路１２號一樓,嘉義市東區鹿寮里,曾盈通,28932428,有限公司,,1090529,生產中,25金屬製品製造業  ,252金屬結構及建築組件  
11508.csv,協鎮鋼鐵工業有限公司樹林廠,99600870,,新北市樹林區金寮里樹潭街10之8號,新北市樹林區金寮里,呂彩絹,34296973,有限公司,,0690301,生產中,25金屬製品製造業、29機械設備製造業  ,259其他金屬製品  
11508.csv,佑浧工業有限公司,03002710,,桃園市楊梅區中山里中山北路一段293巷13號2樓,桃園市楊梅區中山里,彭文政,24235652,有限公司,,1040313,生產中,25金屬製品製造業  ,251金屬刀具、手工具及模具、254金屬加工處理  
11508.csv,佶成鋼品企業行一廠,S1300069,,屏東縣內埔鄉黎明村黎東路40巷35-1號,屏東縣內埔鄉黎明村,劉綉梅,14481795,獨資,,1090610,生產中,25金屬製品製造業  ,252金屬結構及建築組件  
11508.csv,佶成鋼品企業行二廠,S1300099,,屏東縣內埔鄉黎明村黎東路40巷35-1號,屏東縣內埔鄉黎明村,劉綉梅,14481795,獨資,,1090527,生產中,25金屬製品製造業  ,252金屬結構及建築組件  
11508.csv,保斯靈生技有限公司,68003466,,桃園市龍潭區烏林里工二路一段199號(一樓),桃園市龍潭區烏林里,吳虹瑤,24395952,有限公司,,1090624,生產中,19其他化學製品製造業  ,193清潔用品及化粧品  
11508.csv,信基工業股份有限公司,99604381,07310000031346,新北市林口區東林里工二工業區工五路六之一號,新北市林口區東林里,陳美雲,33924980,股份有限公司,0730312,0730409,生產中,24基本金屬製造業、25金屬製品製造業、29機械設備製造業  ,241鋼鐵、249其他基本金屬、259其他金屬製品、291金屬加工用機械設備  
11508.csv,信堅精工股份有限公司,10000210,,嘉義縣水上鄉中華路199巷31號,嘉義縣水上鄉,簡肇良,22118307,股份有限公司,,1050426,生產中,24基本金屬製造業  ,249其他基本金屬、241鋼鐵  
11508.csv,修緣鋼鐵有限公司,68000661,,桃園市平鎮區東勢里快速路一段239號,桃園市平鎮區東勢里,詹偉祺,12761911,有限公司,,1050525,生產中,25金屬製品製造業  ,254金屬加工處理  
11508.csv,偉鉅金屬股份有限公司,18000175,,新竹市香山區埔前里埔前路180號,新竹市香山區埔前里,林秀貞,89499430,股份有限公司,,1030612,生產中,24基本金屬製造業、24基本金屬製造業、25金屬製品製造業  ,241鋼鐵、254金屬加工處理  
11508.csv,偉銘企業有限公司,99619229,08410001055784,新北市樹林區彭厝里東豐街四九巷二二弄一二號,新北市樹林區彭厝里,朱冬涼,22411935,有限公司,0840310,0840501,生產中,26電子零組件製造業、28電力設備及配備製造業  ,264光電材料及元件、269其他電子零組件、283電線及配線器材、289其他電力設備及配備  
11508.csv,健裕鐵工廠,99638595,08710006142413,臺中市神岡區山皮里光復路408巷50弄19號,臺中市神岡區山皮里,陳黃玉鳳,55953558,合夥,0870609,0870722,生產中,29機械設備製造業、25金屬製品製造業  ,292其他專用機械設備、293通用機械設備、251金屬刀具、手工具及模具  
11508.csv,億源鐵工廠有限公司,99692879,,新北市土城區裕生里中華路一段七０巷一六號,新北市土城區裕生里,嚴聰欽,33980672,有限公司,,0930804,生產中,29機械設備製造業、25金屬製品製造業、24基本金屬製造業、30汽車及其零件製造業  ,291金屬加工用機械設備、293通用機械設備、259其他金屬製品、241鋼鐵、254金屬加工處理、303汽車零件  
11508.csv,億營實業有限公司,03001642,,桃園市龜山區大華里頂湖二街80之1號,桃園市龜山區大華里,蕭于盛,22933266,有限公司,,1020418,生產中,24基本金屬製造業、25金屬製品製造業、29機械設備製造業  ,242鋁、249其他基本金屬、251金屬刀具、手工具及模具、293通用機械設備  
11508.csv,儷粧化學工業有限公司,99624141,,桃園市桃園區汴洲里水汴一路一一八巷四號,桃園市桃園區汴洲里,邱萬福,20710628,有限公司,,0890828,生產中,19其他化學製品製造業  ,193清潔用品及化粧品  
11508.csv,凱益精密工業有限公司龍潭廠,68006126,,桃園市龍潭區烏林里工二路一段188號(1樓),桃園市龍潭區烏林里,張宮本,24362381,有限公司,,1130531,生產中,11紡織業、12成衣及服飾品製造業、16印刷及資料儲存媒體複製業  ,112織布、121成衣、123服飾品、160印刷及資料儲存媒體複製  
11508.csv,凱祥興業股份有限公司,99654799,06710000225045,嘉義縣民雄鄉興南村工業二路1號,嘉義縣民雄鄉興南村,林文村,66555487,股份有限公司,0580101,0701021,生產中,16印刷及資料儲存媒體複製業、24基本金屬製造業、25金屬製品製造業、29機械設備製造業  ,160印刷及資料儲存媒體複製、242鋁、251金屬刀具、手工具及模具、293通用機械設備  
11508.csv,利城企業有限公司,64008159,,高雄市仁武區竹後里鳳仁路287-19號,高雄市仁武區竹後里,李政恩,22824204,有限公司,,1070910,生產中,22塑膠製品製造業、25金屬製品製造業  ,220塑膠製品、259其他金屬製品  
11508.csv,利墾工業有限公司,68005322,,桃園市桃園區汴洲里經國路618號6樓之3,桃園市桃園區汴洲里,李輝中,24293717,有限公司,,1120223,生產中,25金屬製品製造業  ,251金屬刀具、手工具及模具  
11508.csv,利茂鐵線廠有限公司,99659038,07810000280377,臺南市安定區中沙里中崙160號,臺南市安定區中沙里,吳權益　　,23216517,有限公司,0780626,0790125,生產中,24基本金屬製造業、18化學材料及肥料製造業  ,241鋼鐵、181化學原材料  
11508.csv,創宇科技工業股份有限公司二廠,03000768,,桃園市平鎮區湧豐里工業三路11號,桃園市平鎮區湧豐里,張宗貴,22939986,股份有限公司,,1001115,生產中,27電腦、電子產品及光學製品製造業、29機械設備製造業、24基本金屬製造業  ,271電腦及其週邊設備、272通訊傳播設備、274資料儲存媒體、275量測、導航、控制設備及鐘錶、277光學儀器及設備、291金屬加工用機械設備、292其他專用機械設備、293通用機械設備、242鋁  
11508.csv,力群鐵線股份有限公司,99645127,07410007057191,彰化縣花壇鄉長沙村中正東街１０巷８７號,彰化縣花壇鄉長沙村,郭秀霞,22082552,股份有限公司,0741030,0750401,生產中,24基本金屬製造業  ,241鋼鐵  
11508.csv,力翰企業有限公司,03001015,,桃園市龍潭區高平里高楊南路238巷92號,桃園市龍潭區高平里,黃春敏,79972422,有限公司,,1010419,生產中,29機械設備製造業  ,292其他專用機械設備  
11508.csv,加富鋼鐵股份有限公司桃園廠,03002131,,桃園市桃園區大林里大仁路50巷68號,桃園市桃園區大林里,胡杰金,22787502,股份有限公司,,1030120,生產中,25金屬製品製造業  ,254金屬加工處理、252金屬結構及建築組件  
11508.csv,加富鋼鐵股份有限公司,99626071,08110003220514,桃園市八德區大湳里和平路七○四巷二號,桃園市八德區大湳里,胡杰金　　　,22787502,股份有限公司,0811214,0821224,生產中,24基本金屬製造業  ,241鋼鐵  
11508.csv,勁展綠能股份有限公司,99662444,07110012068332,高雄市橋頭區中崎里通燕路10號,高雄市橋頭區中崎里,鄭文玉,59210621,有限公司,0791231,0791231,生產中,24基本金屬製造業  ,242鋁、243銅、249其他基本金屬  
11508.csv,勝偉鋼鐵工業有限公司,99703436,,臺中市清水區下湳里三田路1-6號,臺中市清水區下湳里,吳永龍,28066045,有限公司,,0950222,生產中,25金屬製品製造業、29機械設備製造業  ,293通用機械設備、254金屬加工處理  
11508.csv,勝偉鋼鐵工業有限公司一廠,S6601541,,臺中市清水區頂湳里中山路560-6號,臺中市清水區頂湳里,吳永龍,28066045,有限公司,,1091022,生產中,25金屬製品製造業  ,252金屬結構及建築組件、253金屬容器  
11508.csv,勝欣精密工業股份有限公司,99604722,07610001117771,新北市新莊區化成路293巷31號2樓,新北市新莊區,翁嘉佑,22428788,股份有限公司,0760516,0760609,生產中,29機械設備製造業、25金屬製品製造業  ,293通用機械設備、251金屬刀具、手工具及模具  
11508.csv,勝泓實業有限公司,66003627,,臺中市大甲區庄美里興安路138之241號,臺中市大甲區庄美里,吳書吟,24831130,有限公司,,1040506,生產中,31其他運輸工具及其零件製造業  ,313自行車及其零件  
11508.csv,勝雲堂企業有限公司,99668800,07410018006464,新竹市崇禮里北大路四一九號,新竹市北區崇禮里,吳大陸　　　,47312433,有限公司,0740521,0740603,生產中,32家具製造業、14木竹製品製造業  ,140木竹製品、320家具  
11508.csv,南寶國際生物科技股份有限公司,99656502,06610000055937,臺南市西港區慶安里中山路491號,臺南市西港區慶安里,陳文得,27243249,股份有限公司,0660416,0670729,生產中,08食品製造業  ,089其他食品  
11508.csv,南寶科技股份有限公司,99656576,08010011015871,臺南市西港區西港里中山路492號,臺南市西港區西港里,陳文得　,27243233,股份有限公司,0800211,0810701,生產中,22塑膠製品製造業、26電子零組件製造業  ,220塑膠製品、263印刷電路板  
11508.csv,南殿工業股份有限公司,99657421,07610011022430,臺南市永康區甲頂里中央路23巷26號,臺南市永康區甲頂里,林啓昌,22394507,股份有限公司,0760302,0760506,生產中,30汽車及其零件製造業、31其他運輸工具及其零件製造業  ,303汽車零件、312機車及其零件  
11508.csv,南泰龍鋼鐵有限公司,99711239,,臺南市永康區塩行里中正二街493號,臺南市永康區塩行里,林榮裕,89566367,有限公司,,0960725,生產中,25金屬製品製造業  ,254金屬加工處理  
11508.csv,南福星股份有限公司,99711924,,臺南市仁德區太子里中正路三段523巷88號,臺南市仁德區太子里,林真如,89241848,股份有限公司,,0990330,生產中,22塑膠製品製造業  ,220塑膠製品  
11508.csv,南興汽車修理廠有限公司,67000167,,臺南市佳里區民安里同安寮72之18號,臺南市佳里區民安里,羅秋煌,24246243,有限公司,,1000826,生產中,30汽車及其零件製造業  ,302車體  
11508.csv,伽達金屬工業有限公司,99683534,08210011082427,臺南市永康區塩行里中正南路490巷49之4號,臺南市永康區塩行里,孫黃箱　　　,89906112,有限公司,0820529,0840619,生產中,25金屬製品製造業  ,254金屬加工處理  
11508.csv,佳信環保有限公司,07001664,,彰化縣溪湖鎮大庭里崙子腳路45-1號1樓,彰化縣溪湖鎮大庭里,劉素月,24350245,有限公司,,1041125,生產中,22塑膠製品製造業  ,220塑膠製品  
11508.csv,佳昂工業股份有限公司,66001682,,臺中市大雅區四德里龍善三街16號,臺中市大雅區四德里,張旭嘉,53646438,股份有限公司,,1020226,生產中,24基本金屬製造業、24基本金屬製造業  ,241鋼鐵  
11508.csv,佳昌五金加工所,99659963,07110000079057,臺南市仁德區新田里勝利一街58巷7號,臺南市仁德區新田里,王添財,73685535,獨資,0710505,0710705,生產中,24基本金屬製造業  ,243銅  
11508.csv,佳耘工業有限公司苗栗廠,S0500242,,苗栗縣後龍鎮埔頂里17鄰厝勝路222之30號,苗栗縣後龍鎮埔頂里,張日養,89303793,有限公司,,1130711,生產中,29機械設備製造業  ,293通用機械設備  
11508.csv,侯泰企業股份有限公司,99653098,06510000089532,雲林縣元長鄉下寮村經建街一號,雲林縣元長鄉下寮村,侯嘉麟,63732411,股份有限公司,0650616,0680605,生產中,33其他製造業  ,339未分類其他製品  
11508.csv,倈益金屬工業有限公司,03002674,,桃園市觀音區新坡里10鄰中山路二段39巷130號,桃園市觀音區新坡里,吳山中,12817056,有限公司,,1040119,生產中,24基本金屬製造業、29機械設備製造業  ,242鋁、249其他基本金屬、293通用機械設備  
11508.csv,偉德紙器有限公司,S6602414,,臺中市潭子區大富里大富路二段17-25號,臺中市潭子區大富里,林妍均,96910864,有限公司,,1140428,生產中,15紙漿、紙及紙製品製造業  ,152瓦楞紙板及紙容器  
11508.csv,偉鑫精密有限公司,S0702402,,彰化縣伸港鄉泉厝村什泉街302號,彰化縣伸港鄉泉厝村,周錫偉,24273944,有限公司,,1130528,生產中,25金屬製品製造業、29機械設備製造業  ,251金屬刀具、手工具及模具、292其他專用機械設備  
11508.csv,傳恩食品有限公司,65009697,,新北市鶯歌區永吉里鶯桃路239、241號(1、2樓),新北市鶯歌區永吉里,周祐正,53728873,有限公司,,1100819,生產中,08食品製造業  ,089其他食品  
11508.csv,三力達橡膠股份有限公司,99652307,08010000080766,南投縣南投市永豐里工業北五路十二號,南投縣南投市永豐里,潘麗月,24390485,股份有限公司,0800227,0810510,生產中,21橡膠製品製造業  ,210橡膠製品  
11508.csv,三合金屬股份有限公司,66006271,,臺中市梧棲區草湳里自立四街161號,臺中市梧棲區草湳里,陳皇飛,63091703,股份有限公司,,1070403,生產中,24基本金屬製造業、24基本金屬製造業  ,243銅  
11508.csv,串昌科技開發股份有限公司苗栗廠,99631551,08010000324297,苗栗縣銅鑼鄉中平村一四鄰瑞興街四號,苗栗縣銅鑼鄉中平村,胡婕姝,31296133,股份有限公司,0801219,0860821,生產中,18化學材料及肥料製造業  ,181化學原材料  
11508.csv,久展鋼鐵有限公司,S0700945,,彰化縣埔心鄉舊舘村武興路79號之1,彰化縣埔心鄉舊舘村,楊美欣,22077592,有限公司,,1090716,生產中,25金屬製品製造業  ,254金屬加工處理  
11508.csv,久峻金屬工業股份有限公司,99657547,08410000655678,臺南市永康區王行里環工路24號,臺南市永康區王行里,陳嘉祐　　　,89648993,股份有限公司,0841207,0850105,生產中,25金屬製品製造業、24基本金屬製造業  ,259其他金屬製品、241鋼鐵  
11508.csv,久進工業有限公司,99647684,08810007354149,彰化縣員林市大饒里員集路２段２４４巷２７弄２９號,彰化縣員林市大饒里,黃怡甄,60243728,有限公司,0880825,0880902,生產中,29機械設備製造業  ,293通用機械設備  
11508.csv,久鋒國際企業股份有限公司屏東廠,S1300474,,屏東縣長治鄉榮華村和平二巷26號,屏東縣長治鄉榮華村,吳碧珍,16454554,股份有限公司,,1150829,生產中,24基本金屬製造業  ,241鋼鐵  
11508.csv,乙太汽車實業有限公司,S0702825,,彰化縣鹿港鎮草中里鹿草路4段57號,彰化縣鹿港鎮草中里,黃耀成,12739242,有限公司,,1140310,生產中,25金屬製品製造業、30汽車及其零件製造業、33其他製造業  ,259其他金屬製品、303汽車零件、339未分類其他製品  
11508.csv,乙太農產品有限公司,68002891,,桃園市楊梅區高山里6鄰幼獅路一段241-3號(1樓),桃園市楊梅區高山里,王瑞敏,82767184,有限公司,,1080819,生產中,08食品製造業  ,089其他食品  
11508.csv,三盟產業股份有限公司,99654790,08210010085997,嘉義縣民雄鄉興南村工業二路２２號,嘉義縣民雄鄉興南村,官群凱,22414433,股份有限公司,0821202,0821213,生產中,25金屬製品製造業、30汽車及其零件製造業、29機械設備製造業  ,259其他金屬製品、303汽車零件、291金屬加工用機械設備  
11508.csv,三立電熱有限公司樹林廠,99618798,08810001024389,新北市樹林區坡內里光明街八號,新北市樹林區坡內里,詹清秀,89644862,有限公司,0880203,0880225,生產中,28電力設備及配備製造業  ,283電線及配線器材、289其他電力設備及配備  
11508.csv,三笠鋼鐵企業股份有限公司一廠,S6800296,,桃園市龍潭區上華里2鄰大順路551號,桃園市龍潭區上華里,鍾兆清,22962395,股份有限公司,,1090529,生產中,30汽車及其零件製造業  ,303汽車零件  
11508.csv,三裕鋼鐵企業有限公司,63022287,,臺北市北投區一德里立德路一二０巷三十三號一至三樓,臺北市北投區一德里,郭財旺,25138565,有限公司,,1020619,生產中,25金屬製品製造業  ,254金屬加工處理  
11508.csv,三義醬油工廠,63020735,06263000062412,臺北市萬華區榮德里萬大路四二四巷一二九、一三一號一樓,臺北市萬華區榮德里,劉鴻銘,15034507,獨資,0620215,0620320,生產中,08食品製造業  ,089其他食品  
11508.csv,三義鋼鐵股份有限公司,99627724,06510000008092,桃園市龍潭區九龍里中興路九龍段一號及三巷一三號,桃園市龍潭區九龍里,郭清榮　　,44945977,股份有限公司,0650124,0660913,生產中,24基本金屬製造業、25金屬製品製造業、29機械設備製造業  ,241鋼鐵、259其他金屬製品、293通用機械設備、251金屬刀具、手工具及模具  
11508.csv,三義鋼鐵股份有限公司八里廠,99689341,08810001329899,新北市八里區埤頭里博物館路29號,新北市八里區埤頭里,郭清榮,44945977,股份有限公司,0880921,0900130,生產中,24基本金屬製造業  ,241鋼鐵  
11508.csv,三翁鋼鐵有限公司,66001864,,臺中市烏日區烏日里中山路二段399號1樓,臺中市烏日區烏日里,翁文豪,86255017,有限公司,,1020524,生產中,25金屬製品製造業  ,259其他金屬製品  
11508.csv,三翁鋼鐵有限公司和美廠,S0702999,,彰化縣和美鎮還社里北堂路40巷58號,彰化縣和美鎮還社里,翁文豪,86255017,有限公司,,1140501,生產中,25金屬製品製造業  ,254金屬加工處理  
11508.csv,三耀線切割股份有限公司,99637053,07710006017243,臺中市潭子區栗林里民生街一三四巷一弄二號,臺中市潭子區栗林里,陳耀貴,22686687,股份有限公司,0770211,0770520,生產中,25金屬製品製造業  ,259其他金屬製品  
11508.csv,上冠品有限公司路竹廠,64007863,,高雄市路竹區竹西里中山路88巷36號,高雄市路竹區竹西里,吳祥,27464571,有限公司,,1060626,生產中,24基本金屬製造業  ,241鋼鐵  
11508.csv,上和電機股份有限公司,99617577,08210001396145,新北市中和區平河里連城路二四六號、二四六號二樓,新北市中和區平河里,蔡林峰,22435731,股份有限公司,0821102,0830113,生產中,30汽車及其零件製造業、27電腦、電子產品及光學製品製造業、26電子零組件製造業  ,303汽車零件、262被動電子元件、272通訊傳播設備、273視聽電子產品、269其他電子零組件  
11508.csv,上展金屬工業股份有限公司桃園二廠,99707512,,桃園市龜山區山頂里興邦路３７之１號,桃園市龜山區山頂里,張世穎,22361371,股份有限公司,,0970321,生產中,24基本金屬製造業  ,241鋼鐵  
11508.csv,上展金屬工業股份有限公司桃園廠,99623379,07610000119681,桃園市桃園區大林里興邦路三九號,桃園市桃園區大林里,張世穎,22361371,股份有限公司,0760408,0760529,生產中,24基本金屬製造業  ,241鋼鐵  
11508.csv,上慶彩色印刷股份有限公司一廠,S0703233,,彰化縣埔心鄉太平村明聖路一段241號,彰化縣埔心鄉太平村,許金龍,84863304,股份有限公司,,1140813,生產中,16印刷及資料儲存媒體複製業  ,160印刷及資料儲存媒體複製  
11508.csv,上春不銹鋼股份有限公司,03002412,,桃園市觀音區崙坪里崙坪五路151號,桃園市觀音區崙坪里,黃宗義,89206357,股份有限公司,,1030902,生產中,25金屬製品製造業  ,254金屬加工處理  
11508.csv,上申鋼鐵股份有限公司,99627340,07410003156457,桃園市八德區永豐里永豐路392號,桃園市八德區永豐里,羅文乙　,43840335,股份有限公司,0741203,0750802,生產中,25金屬製品製造業  ,254金屬加工處理  
11508.csv,上祥電機股份有限公司,99620669,08110002107241,宜蘭縣冬山鄉珍珠村冬山路二段607巷29號,宜蘭縣冬山鄉珍珠村,林祈春　　,86972019,股份有限公司,0811231,0811231,生產中,28電力設備及配備製造業  ,281發電、輸電及配電機械、283電線及配線器材  
11508.csv,上萌實業有限公司工廠,99713118,,臺中市大肚區大東里沙田路二段４０１號,臺中市大肚區大東里,陳惠靜,24263360,有限公司,,0980106,生產中,14木竹製品製造業  ,140木竹製品  
11508.csv,上運精密有限公司加工廠,66011056,,臺中市太平區中興里新平路一段279巷87號1樓,臺中市太平區中興里,顏亞民,24377808,有限公司,,1130123,生產中,29機械設備製造業  ,293通用機械設備  
11508.csv,上霆特殊金屬有限公司,99612782,08610001000354,新北市樹林區東山里東興街六巷二一號,新北市樹林區東山里,宋克強,36281335,有限公司,0860113,0860204,生產中,25金屬製品製造業、24基本金屬製造業  ,259其他金屬製品、241鋼鐵、254金屬加工處理  
11508.csv,世唯股份有限公司,99637785,07510006074236,臺中市太平區宜欣里富宜路80之1號,臺中市太平區宜欣里,邱明全,22404884,股份有限公司,0750509,0760504,生產中,25金屬製品製造業、24基本金屬製造業  ,242鋁、251金屬刀具、手工具及模具  
11508.csv,世喆科技股份有限公司,18000576,,新竹市東區埔頂里埔頂路89號六樓之5,新竹市東區埔頂里,劉正輝,80724301,股份有限公司,,1150528,生產中,26電子零組件製造業、26電子零組件製造業  ,269其他電子零組件  
11508.csv,世嘉工業股份有限公司,99667341,07310000243884,基隆市七堵區八德里八德路２之９號,基隆市七堵區八德里,郭飛麟,54968689,股份有限公司,0731002,0741021,生產中,23非金屬礦物製品製造業、22塑膠製品製造業  ,239其他非金屬礦物製品、233水泥及其製品、220塑膠製品  
11508.csv,世家機械有限公司,99688741,,桃園市八德區茄苳里華康街２７２號,桃園市八德區茄苳里,黃琦傑,28040691,有限公司,,0941216,生產中,24基本金屬製造業、25金屬製品製造業  ,241鋼鐵、252金屬結構及建築組件  
11508.csv,上貿電機有限公司,67000089,,臺南市永康區尚頂里中正南路242巷4弄9號,臺南市永康區尚頂里,楊吉祥,23544390,有限公司,,1000518,生產中,28電力設備及配備製造業、25金屬製品製造業  ,253金屬容器、281發電、輸電及配電機械  
11508.csv,上順興鋼鐵有限公司,S6500539,,新北市土城區金城路3段281號,新北市土城區,許一帆,89317327,有限公司,,1120808,生產中,25金屬製品製造業  ,252金屬結構及建築組件、254金屬加工處理  
11508.csv,世倍電子企業股份有限公司,99604542,07610001077723,新北市板橋區和平里和平路三五號二、三樓,新北市板橋區和平里,楊明炎,34572421,股份有限公司,0760318,0760420,生產中,27電腦、電子產品及光學製品製造業、26電子零組件製造業  ,272通訊傳播設備、273視聽電子產品、269其他電子零組件  
11508.csv,世岱興業股份有限公司,99663710,00010012055153,高雄市岡山區岡山里新樂街１８９號,高雄市岡山區岡山里,黃國峰,88657348,股份有限公司,0791231,0791231,生產中,24基本金屬製造業、25金屬製品製造業  ,243銅、259其他金屬製品  
11508.csv,世新機電工程有限公司麥寮廠,09001444,11410009600009,雲林縣麥寮鄉瓦磘村霄仁112-5號1樓,雲林縣麥寮鄉瓦磘村,黃建彰,24207190,有限公司,1140225,1140414,生產中,25金屬製品製造業  ,259其他金屬製品  
11508.csv,世楙鋼鐵股份有限公司新吉廠,67003296,,臺南市安南區佃東里新吉一路199號,臺南市安南區佃東里,葉思淮,80359417,股份有限公司,,1110425,生產中,25金屬製品製造業  ,254金屬加工處理  
11508.csv,世猛企業有限公司,99662448,07610012095697,高雄市彌陀區漯底里公園路１０５號,高雄市彌陀區漯底里,孫振芳,22416755,有限公司,0791231,0791231,生產中,11紡織業、32家具製造業  ,115紡織品、320家具  
11508.csv,世鉅金屬股份有限公司,99680774,,彰化縣福興鄉大崙村大崙街11之22號,彰化縣福興鄉大崙村,粘文世,29089242,股份有限公司,,0970930,生產中,25金屬製品製造業、30汽車及其零件製造業、31其他運輸工具及其零件製造業  ,251金屬刀具、手工具及模具、303汽車零件、312機車及其零件  
11508.csv,世銧企業有限公司第三廠,99669538,07510019001760,臺中市西區安龍里民生路１４６巷８號,臺中市西區安龍里,蔡弘宜,52413853,有限公司,0750704,0750714,生產中,29機械設備製造業  ,291金屬加工用機械設備  
11508.csv,世銧企業有限公司第二廠,99671647,06710000025533,臺中市西區安龍里五權路３７號,臺中市西區安龍里,蔡弘宜,52413853,有限公司,0580101,0681201,生產中,29機械設備製造業  ,291金屬加工用機械設備  
11508.csv,世鋒企業社,99625280,08610003303287,桃園市八德區茄苳里永豐路238巷35號(1樓),桃園市八德區茄苳里,陳宇宏　　　,20422437,獨資,0860506,0860602,生產中,29機械設備製造業、30汽車及其零件製造業  ,293通用機械設備、303汽車零件  
11508.csv,丞剛企業有限公司,66004401,,臺中市霧峰區吉峰里中正路1281巷19號1樓,臺中市霧峰區吉峰里,林文龍,24208938,有限公司,,1050308,生產中,25金屬製品製造業  ,252金屬結構及建築組件  
11508.csv,丞創科技股份有限公司二廠,65010281,,新北市新莊區福營里中正路649之1號2樓,新北市新莊區福營里,許正維,24724271,股份有限公司,,1110407,生產中,25金屬製品製造業、29機械設備製造業  ,251金屬刀具、手工具及模具、254金屬加工處理、259其他金屬製品、293通用機械設備  
11508.csv,丞楊鋼鐵股份有限公司,99639302,08210006090370,臺中市神岡區北庄里中山路九八九巷一之三號,臺中市神岡區北庄里,林德銘,23860656,股份有限公司,0820616,0830406,生產中,25金屬製品製造業  ,254金屬加工處理  
11508.csv,丞楊鋼鐵股份有限公司三廠,S6600896,,臺中市神岡區庄後里福庄街168巷120號,臺中市神岡區庄後里,林德銘,23860656,股份有限公司,,1090827,生產中,25金屬製品製造業  ,254金屬加工處理  
11508.csv,丞楊鋼鐵股份有限公司二廠,66000401,,臺中市神岡區北庄里中山路963號,臺中市神岡區北庄里,林德銘,23860656,股份有限公司,,1000720,生產中,25金屬製品製造業  ,254金屬加工處理  
11508.csv,丞轟企業股份有限公司土城廠,65010701,,新北市土城區頂埔里大暖路118號(1樓),新北市土城區頂埔里,顏進益,89840506,股份有限公司,,1111014,生產中,24基本金屬製造業、25金屬製品製造業、29機械設備製造業  ,241鋼鐵、242鋁、251金屬刀具、手工具及模具、291金屬加工用機械設備、293通用機械設備  
11508.csv,中信冷凍製冰工廠,99652062,08710008000606,南投縣草屯鎮新豐里成功路一段945號,南投縣草屯鎮新豐里,張迅弘,19242443,合夥,0870911,0900822,生產中,33其他製造業  ,339未分類其他製品  
11508.csv,中信工藝有限公司,99602865,08510001393526,新北市中和區員山里中山路二段四五０號九樓,新北市中和區員山里,郭傳福,15831242,有限公司,0851109,0851121,生產中,25金屬製品製造業、29機械設備製造業  ,259其他金屬製品、293通用機械設備  
11508.csv,世紀鋼鐵結構股份有限公司,65008628,,新北市八里區訊塘里6鄰廈竹圍7-15號,新北市八里區訊塘里,李建安,22649001,股份有限公司,,1090601,生產中,25金屬製品製造業  ,252金屬結構及建築組件  
11508.csv,世紀鋼鐵結構股份有限公司,99688830,,桃園市觀音區金湖里中山路一段1119號,桃園市觀音區金湖里,李建安,22649001,股份有限公司,,0950214,生產中,25金屬製品製造業  ,252金屬結構及建築組件  
11508.csv,世紀鋼鐵結構股份有限公司雲林廠,99709408,,雲林縣褒忠鄉有才村有才1-22號,雲林縣褒忠鄉有才村,許春全,22649001,股份有限公司,,0961004,生產中,25金屬製品製造業  ,252金屬結構及建築組件  
11508.csv,世華金屬科技股份有限公司,99662795,08610000806256,高雄市大寮區大寮里華東路５７號,高雄市大寮區大寮里,葉陳英貴,97383600,股份有限公司,0860726,0870114,生產中,24基本金屬製造業  ,241鋼鐵  
11508.csv,世行機械有限公司,99688739,,桃園市八德區茄苳里華康街２７２號,桃園市八德區茄苳里,許桓瑄,28039836,有限公司,,0941216,生產中,24基本金屬製造業、25金屬製品製造業  ,241鋼鐵、252金屬結構及建築組件  
11508.csv,世行鋼構有限公司,99688740,,桃園市八德區茄苳里華康街２７２號,桃園市八德區茄苳里,吳建富,28039499,有限公司,,0941216,生產中,24基本金屬製造業、25金屬製品製造業  ,241鋼鐵、252金屬結構及建築組件  
11508.csv,世裕金屬股份有限公司,99685342,,高雄市林園區西溪里西溪路195號,高雄市林園區西溪里,洪健章,24437453,股份有限公司,,0920821,生產中,24基本金屬製造業  ,241鋼鐵、242鋁、243銅  
11508.csv,丞埕企業股份有限公司一廠,99699643,,屏東縣屏東市橋南里工業二路18號,屏東縣屏東市橋南里,李湘鈺,16515882,股份有限公司,,0940418,生產中,30汽車及其零件製造業、24基本金屬製造業  ,303汽車零件、242鋁  
11508.csv,丞祐興業有限公司彰濱廠,07005483,,彰化縣鹿港鎮山崙里經建九路8號,彰化縣鹿港鎮山崙里,黃祥銘,53497325,有限公司,,1130313,生產中,24基本金屬製造業  ,241鋼鐵  
11508.csv,丞緯實業股份有限公司,67000413,,臺南市安南區布袋里工明南二路151號,臺南市安南區布袋里,蔡孟娟,53802438,股份有限公司,,1010725,生產中,15紙漿、紙及紙製品製造業  ,152瓦楞紙板及紙容器、159其他紙製品  
11508.csv,中信鋼鐵工廠有限公司,S6500161,,新北市板橋區中山里大觀路2段153巷46弄臨44之3號,新北市板橋區中山里,高樹棠,15057515,有限公司,,1090519,生產中,25金屬製品製造業、25金屬製品製造業  ,254金屬加工處理  
11508.csv,中傳企業股份有限公司,99626333,07310000241255,桃園市龍潭區烏林里烏林里工二路一五一號,桃園市龍潭區烏林里,林於寳,44971279,股份有限公司,0730830,0731023,生產中,25金屬製品製造業、29機械設備製造業、30汽車及其零件製造業、31其他運輸工具及其零件製造業  ,254金屬加工處理、259其他金屬製品、292其他專用機械設備、303汽車零件、312機車及其零件  
11508.csv,中元石材股份有限公司,99633864,06710006224212,臺中市后里區太平里四月路３６之６號,臺中市后里區太平里,張森盛,55851047,股份有限公司,0671017,0671017,生產中,23非金屬礦物製品製造業  ,234石材製品  
11508.csv,中國水產開發股份有限公司,67001243,,臺南市新營區中營里東山路30號,臺南市新營區中營里,謝榮展,22438603,股份有限公司,,1040706,生產中,22塑膠製品製造業  ,220塑膠製品  
11508.csv,中聯資源股份有限公司大發廠,99663357,07410012092575,高雄市大寮區潮寮里田單二街11號,高雄市大寮區潮寮里,孫繼增,86119908,股份有限公司,0791231,0791231,生產中,24基本金屬製造業  ,242鋁  
11508.csv,中聯資源股份有限公司長泰廠,64006115,,高雄市小港區山明里長泰街46號,高雄市小港區山明里,孫繼增,86119908,股份有限公司,,0970901,生產中,22塑膠製品製造業、24基本金屬製造業  ,220塑膠製品、241鋼鐵、242鋁、243銅  
11508.csv,中鈦鋁業股份有限公司,68002425,,桃園市觀音區新坡里10鄰中山路二段39巷89號,桃園市觀音區新坡里,李益勝,23890217,股份有限公司,,1071213,生產中,25金屬製品製造業  ,252金屬結構及建築組件  
11508.csv,中鋼機械股份有限公司,64000376,6264014827,高雄市小港區鳳宮里台機路3號,高雄市小港區鳳宮里,黃斌碩,70818455,股份有限公司,0621009,0651201,生產中,29機械設備製造業、25金屬製品製造業、31其他運輸工具及其零件製造業、24基本金屬製造業  ,259其他金屬製品、293通用機械設備、253金屬容器、311船舶及浮動設施、292其他專用機械設備、241鋼鐵  
11508.csv,中國石油化學工業開發股份有限公司頭份廠,99631663,05910005124313,苗栗縣頭份市蘆竹里16鄰中華路517號,苗栗縣頭份市蘆竹里,李奇昌,03084741,股份有限公司,0591229,0620131,生產中,18化學材料及肥料製造業、33其他製造業  ,181化學原材料、185人造纖維、339未分類其他製品  
11508.csv,中奕紙器有限公司,99646319,07910007070314,彰化縣花壇鄉中庄村竹子街１１７巷３２號,彰化縣花壇鄉中庄村,李水波　,22411463,有限公司,0790118,0790125,生產中,15紙漿、紙及紙製品製造業  ,152瓦楞紙板及紙容器  
11508.csv,中明鋼鐵股份有限公司,99629091,08310003064571,桃園市大園區埔心里三鄰廟後四一號,桃園市大園區埔心里,許琇筑　,84843737,股份有限公司,0830428,0830505,生產中,29機械設備製造業、24基本金屬製造業  ,293通用機械設備、249其他基本金屬  
11508.csv,中禾興鋼鐵工業股份有限公司,S6400529,,高雄市大寮區三隆里三隆路493巷131-1號,高雄市大寮區三隆里,張永盛,29023220,股份有限公司,,1090909,生產中,25金屬製品製造業  ,254金屬加工處理  
11508.csv,中科鋼鐵股份有限公司,99702942,,臺中市大里區仁化里仁美路１５９巷１６號,臺中市大里區仁化里,陸永旭,27280320,股份有限公司,,0940509,生產中,25金屬製品製造業、24基本金屬製造業  ,251金屬刀具、手工具及模具、241鋼鐵、259其他金屬製品  
11508.csv,中科鋼鐵股份有限公司路竹二廠,64009262,,高雄市路竹區社西里大仁路787號,高雄市路竹區社西里,陸永旭,27280320,股份有限公司,,1110324,生產中,25金屬製品製造業  ,254金屬加工處理  
11508.csv,中科鋼鐵股份有限公司路竹廠,99662026,08010012156069,高雄市路竹區社西里大仁路７９１號,高雄市路竹區社西里,陸永旭,27280320,股份有限公司,0791231,0800515,生產中,24基本金屬製造業  ,241鋼鐵  
11508.csv,中鋼鋁業股份有限公司,64004314,7664106107,高雄市小港區山明里東林路17號,高雄市小港區山明里,董寰乾,96971313,股份有限公司,0760727,0770420,生產中,24基本金屬製造業  ,242鋁、249其他基本金屬  
11508.csv,中錸企業社,07003227,,彰化縣伸港鄉汴頭村汴頭路62之8號1樓,彰化縣伸港鄉汴頭村,董瑞環,82420254,獨資,,1080715,生產中,29機械設備製造業  ,292其他專用機械設備  
11508.csv,九井工業股份有限公司,99669241,07710000177065,臺中市南屯區寶山里工業區二十一路49號,臺中市南屯區寶山里,蔣月嬌,22376780,股份有限公司,0770415,0790711,生產中,25金屬製品製造業  ,254金屬加工處理、259其他金屬製品  
11508.csv,九億興業有限公司,99645494,08210000070417,彰化縣北斗鎮大新里四海路１段８１號,彰化縣北斗鎮大新里,王慧君　,24169652,有限公司,0820128,0830201,生產中,29機械設備製造業  ,293通用機械設備  
11508.csv,久閤工業有限公司,99646390,08010007077028,彰化縣彰化市莿桐里彰鹿路９３巷９號,彰化縣彰化市莿桐里,王國龍　,86352411,有限公司,0801118,0810612,生產中,25金屬製品製造業  ,259其他金屬製品  
11508.csv,久閤工業有限公司秀水廠,07003132,,彰化縣秀水鄉安東村安樂街31號,彰化縣秀水鄉安東村,王國龍,86352411,有限公司,,1080521,生產中,25金屬製品製造業  ,254金屬加工處理  
11508.csv,三宜油化股份有限公司,99623242,06710000201474,桃園市中壢區復興里合圳南路五號,桃園市中壢區復興里,李淑惠　　　,07630806,股份有限公司,0580101,0680511,生產中,17石油及煤製品製造業、19其他化學製品製造業  ,199未分類其他化學製品、170石油及煤製品  
11508.csv,三民鑄造股份有限公司大社廠,64006217,,高雄市大社區保社里旗楠路１０３巷１５號,高雄市大社區保社里,王同盈,22523039,股份有限公司,,1000412,生產中,24基本金屬製造業  ,241鋼鐵  
11508.csv,丹那有限公司,65000241,,新北市中和區碧河里建一路1號4樓,新北市中和區碧河里,鄭青芬,89423235,有限公司,,1000331,生產中,27電腦、電子產品及光學製品製造業、26電子零組件製造業  ,271電腦及其週邊設備、273視聽電子產品、269其他電子零組件  
11508.csv,乘立化學工業股份有限公司,99711437,,臺南市永康區王行里環工路50號Ａ棟,臺南市永康區王行里,林李素珠,22418450,股份有限公司,,0970423,生產中,19其他化學製品製造業  ,193清潔用品及化粧品、199未分類其他化學製品  
11508.csv,乘群股份有限公司一廠,65002068,,新北市樹林區彭厝里八德街216號1樓,新北市樹林區彭厝里,王錦龍,16070092,股份有限公司,,1020312,生產中,24基本金屬製造業、25金屬製品製造業、29機械設備製造業  ,241鋼鐵、242鋁、243銅、251金屬刀具、手工具及模具、252金屬結構及建築組件、293通用機械設備  
11508.csv,三和鋁業有限公司,13000112,,屏東縣東港鎮船頭里大順路180號,屏東縣東港鎮船頭里,林秀華,86962379,有限公司,,1010703,生產中,24基本金屬製造業、25金屬製品製造業  ,241鋼鐵、242鋁、243銅、249其他基本金屬、252金屬結構及建築組件  
11508.csv,三富齒輪有限公司二廠,S0701168,,彰化縣彰化市五權里彰和路一段97巷86弄36號,彰化縣彰化市五權里,紀麗暖,24275099,有限公司,,1090819,生產中,25金屬製品製造業、29機械設備製造業  ,251金屬刀具、手工具及模具、293通用機械設備  
11508.csv,三恒金屬股份有限公司,99656749,08110011000828,臺南市佳里區海澄里萊芊寮12之14號,臺南市佳里區海澄里,吳文淑,86422090,股份有限公司,0810123,0811012,生產中,24基本金屬製造業、25金屬製品製造業、29機械設備製造業  ,241鋼鐵、259其他金屬製品、293通用機械設備  
11508.csv,三恒金屬股份有限公司第二廠,67001521,,臺南市佳里區海澄里萊芉寮12之36號,臺南市佳里區海澄里,吳文淑,86422090,股份有限公司,,1050614,生產中,24基本金屬製造業  ,241鋼鐵  
11508.csv,三永鐵工廠股份有限公司,99623526,07910000338870,桃園市龍潭區烏樹林里中豐路５６０號,桃園市龍潭區烏樹林里,周秀芳　　　,03013508,股份有限公司,0791210,0800103,生產中,32家具製造業、28電力設備及配備製造業、24基本金屬製造業、25金屬製品製造業、29機械設備製造業、30汽車及其零件製造業  ,320家具、285家用電器、241鋼鐵、252金屬結構及建築組件、253金屬容器、259其他金屬製品、293通用機械設備、292其他專用機械設備、303汽車零件  
11508.csv,三珈企業股份有限公司萬丹廠,99699617,,屏東縣萬丹鄉社中村萬丹路3段290號,屏東縣萬丹鄉社中村,汪輝,22923598,股份有限公司,,0931101,生產中,24基本金屬製造業、22塑膠製品製造業  ,241鋼鐵、242鋁、243銅、220塑膠製品  
11508.csv,三聯電子有限公司南崁廠,68002435,,桃園市蘆竹區內厝里安中街28巷7號(3樓),桃園市蘆竹區內厝里,張安楠,28552539,有限公司,,1071218,生產中,29機械設備製造業  ,291金屬加工用機械設備、292其他專用機械設備、293通用機械設備  
11508.csv,三能工業社,99666408,,臺東縣臺東市大同里中正路一八二號,臺東縣臺東市大同里,吳瑞玲,93014508,獨資,,0751120,生產中,24基本金屬製造業、29機械設備製造業  ,241鋼鐵、292其他專用機械設備  
11508.csv,一協榮股份有限公司觀音廠,99628727,07010000250200,桃園市觀音區草漯里13鄰成功路一段408號,桃園市觀音區草漯里,陳建瑞　　,15001219,股份有限公司,0701120,0760502,生產中,25金屬製品製造業、24基本金屬製造業、22塑膠製品製造業  ,259其他金屬製品、243銅、220塑膠製品  
11508.csv,一原金屬工業股份有限公司彰濱二廠,07000713,,彰化縣鹿港鎮海埔里鹿工北一路11號,彰化縣鹿港鎮海埔里,林國村,05255261,股份有限公司,,1020109,生產中,24基本金屬製造業、29機械設備製造業  ,241鋼鐵、293通用機械設備  
11508.csv,一豐科技有限公司,65001462,,新北市樹林區三多里忠義街9號1樓,新北市樹林區三多里,尤瑩華,97382412,有限公司,,1010621,生產中,26電子零組件製造業  ,264光電材料及元件、269其他電子零組件  
11508.csv,一通鋼鐵有限公司,02000265,,宜蘭縣五結鄉五結村國民南路35-6號,宜蘭縣五結鄉五結村,方錦龍,24890593,有限公司,,1060309,生產中,25金屬製品製造業  ,252金屬結構及建築組件  
11508.csv,七味之友有限公司,99602416,08010000080382,新北市五股區興珍里五工五路四六號,新北市五股區興珍里,林李鶴嬉,22407989,有限公司,0800125,0810113,生產中,08食品製造業  ,089其他食品  
11508.csv,三五鋼鐵工業股份有限公司,07000758,,彰化縣伸港鄉溪底村工西一路4號,彰化縣伸港鄉溪底村,鄭啓超,59152360,股份有限公司,,1020320,生產中,25金屬製品製造業  ,254金屬加工處理  
11508.csv,三曄企業有限公司工廠,S0700932,,彰化縣埔鹽鄉永平村員鹿路三段242-15、242-16、242-17號,彰化縣埔鹽鄉永平村,吳秋津,22582780,有限公司,,1090714,生產中,29機械設備製造業  ,293通用機械設備  
11508.csv,三有建有限公司第一廠,99696650,,新北市新莊區西盛里新樹路三三三巷一六號,新北市新莊區西盛里,陳清松,22586961,有限公司,,0960529,生產中,24基本金屬製造業、29機械設備製造業  ,241鋼鐵、242鋁、243銅、249其他基本金屬、291金屬加工用機械設備  
11508.csv,三田塑膠廠,66011454,,臺中市清水區下湳里中山路539之16號,臺中市清水區下湳里,吳進田,38824150,獨資,,1131008,生產中,11紡織業、22塑膠製品製造業  ,115紡織品、220塑膠製品  
11508.csv,三能食品器具股份有限公司,66002418,,臺中市大里區仁化里工業八路58號,臺中市大里區仁化里,張志豪,97538359,股份有限公司,,1030103,生產中,25金屬製品製造業、29機械設備製造業、32家具製造業  ,259其他金屬製品、292其他專用機械設備、320家具  
11508.csv,上久工業股份有限公司(第四廠),99653109,08610009024172,雲林縣土庫鎮石廟里竹圍十號,雲林縣土庫鎮石廟里,楊振聰,23396406,股份有限公司,0860716,0861205,生產中,25金屬製品製造業  ,259其他金屬製品  
11508.csv,一承興機械股份有限公司,99672417,07910019001443,臺中市北屯區平興里北屯路４０９之６，之１號,臺中市北屯區平興里,李國原,23705368,股份有限公司,0791017,0791107,生產中,29機械設備製造業  ,291金屬加工用機械設備  
11508.csv,一盛角鋼鐵櫃企業股份有限公司,68006230,,桃園市龜山區龍壽里東萬壽路641號,桃園市龜山區龍壽里,黃秀鸞,23614780,股份有限公司,,1130801,生產中,25金屬製品製造業  ,259其他金屬製品  
11508.csv,三仂鋼鐵有限公司,S0701161,,彰化縣福興鄉元中村番花路一段663號,彰化縣福興鄉元中村,林添保,23480591,有限公司,,1090824,生產中,25金屬製品製造業  ,254金屬加工處理  
11508.csv,三千藝術雕刻木業有限公司,99631242,06410000133576,新竹縣竹北市大眉里中華路１１８７號,新竹縣竹北市大眉里,王俊傑　　,47046718,有限公司,0580101,0641028,生產中,14木竹製品製造業  ,140木竹製品  
11508.csv,三千金屬工業股份有限公司,90C00052,,臺中市梧棲區草湳里經三路7號,臺中市梧棲區草湳里,姚信字,27332045,股份有限公司,,1010117,生產中,25金屬製品製造業、24基本金屬製造業  ,259其他金屬製品、241鋼鐵  
11508.csv,三千鋼鐵企業有限公司,64007888,,高雄市小港區鳳鳴里沿海三路52號,高雄市小港區鳳鳴里,洪啓彰,80373023,有限公司,,1060807,生產中,25金屬製品製造業  ,254金屬加工處理  
11508.csv,上申鋼鐵股份有限公司二廠,S6800519,,桃園市八德區白鷺里廣福路770巷80弄20-1號,桃園市八德區白鷺里,羅文乙,43840335,股份有限公司,,1140912,生產中,25金屬製品製造業  ,252金屬結構及建築組件  
11508.csv,上穀有限公司,S6601704,,臺中市神岡區山皮里光復路443號,臺中市神岡區山皮里,蔡銘裕,97241791,有限公司,,1100525,生產中,22塑膠製品製造業  ,220塑膠製品  
11508.csv,上穀有限公司分廠,99703624,,臺中市神岡區山皮里光復路357之1號,臺中市神岡區山皮里,蔡銘裕,97241791,有限公司,,0950529,生產中,22塑膠製品製造業、21橡膠製品製造業  ,220塑膠製品、210橡膠製品  
11508.csv,上覲企業有限公司,99709807,,高雄市燕巢區安招里安林三街６１號,高雄市燕巢區安招里,許國覲,28372419,有限公司,,0951122,生產中,08食品製造業  ,089其他食品  
11508.csv,上詰鋁業股份有限公司,10000296,,嘉義縣大林鎮中坑里大埔美園區三路28號,嘉義縣大林鎮中坑里,郭昆茂,79992692,股份有限公司,,1070202,生產中,24基本金屬製造業  ,242鋁  
11508.csv,上運精密有限公司,S6602610,,臺中市東區東門里六順路8號1樓,臺中市東區東門里,顏亞民,24377808,有限公司,,1140731,生產中,29機械設備製造業  ,293通用機械設備  
11508.csv,三鎰股份有限公司鐵管廠,S6602424,,臺中市神岡區庄前里神林路70巷6-3號,臺中市神岡區庄前里,張龍飛,05693939,股份有限公司,,1140513,生產中,25金屬製品製造業、28電力設備及配備製造業  ,254金屬加工處理、285家用電器  
11508.csv,上于鋁業有限公司,99657977,07510011074166,臺南市後壁區平安里葯店口4之3號,臺南市後壁區平安里,黃麗盆　　　,22275994,有限公司,0750628,0750731,生產中,24基本金屬製造業  ,242鋁  
11508.csv,上千鋼鐵股份有限公司,99713701,,臺中市太平區福隆里光興路１４６３巷４２弄６１號,臺中市太平區福隆里,陳昌輝,97413800,股份有限公司,,0990603,生產中,25金屬製品製造業、29機械設備製造業  ,259其他金屬製品、293通用機械設備  
11508.csv,上品王食品股份有限公司官田廠,67004241,,臺南市官田區南廍里南廍79號之20二樓A棟,臺南市官田區南廍里,謝志享,12895828,股份有限公司,,1150107,生產中,08食品製造業  ,089其他食品  
11508.csv,上城鐵工廠有限公司,99615531,08110001170766,新北市土城區員仁里亞洲路142號,新北市土城區員仁里,藍雅鈴,86667545,有限公司,0810610,0851120,生產中,24基本金屬製造業、25金屬製品製造業、29機械設備製造業  ,241鋼鐵、254金屬加工處理、249其他基本金屬、259其他金屬製品、293通用機械設備  
11508.csv,一大塑膠軟管股份有限公司,99624384,08710003268096,桃園市楊梅區富岡里３鄰伯公岡十之二號一樓,桃園市楊梅區富岡里,劉興桂　　　,22065316,股份有限公司,0870824,0871119,生產中,22塑膠製品製造業、16印刷及資料儲存媒體複製業  ,220塑膠製品、160印刷及資料儲存媒體複製  
11508.csv,一旨股份有限公司,99687190,,桃園市大園區北港里工六路五號,桃園市大園區北港里,施錦,27602173,股份有限公司,,0920917,生產中,24基本金屬製造業、18化學材料及肥料製造業  ,241鋼鐵、181化學原材料  
11508.csv,一新鋼品有限公司,07003366,,彰化縣花壇鄉岩竹村虎山街140巷43號1樓,彰化縣花壇鄉岩竹村,呂家葦,42774033,有限公司,,1080924,生產中,25金屬製品製造業  ,252金屬結構及建築組件  
11508.csv,一鼎鋼品有限公司,66008504,,臺中市東區東門里振興路316巷4號1樓,臺中市東區東門里,陳雅琪,56713682,有限公司,,1090904,生產中,25金屬製品製造業  ,252金屬結構及建築組件  
11508.csv,七星香料股份有限公司,99610185,08010000320942,新北市新莊區化成里化成路一一巷八九弄一一號,新北市新莊區化成里,何素碧,04424206,股份有限公司,0800902,0801029,生產中,08食品製造業  ,089其他食品  
11508.csv,三偉企業社三星廠,99620358,07510002000487,宜蘭縣三星鄉萬德村萬德路９０號,宜蘭縣三星鄉萬德村,溫志浩　　,02422462,獨資,0750117,0750205,生產中,12成衣及服飾品製造業  ,123服飾品  
11508.csv,三偉實業有限公司,S6602431,,臺中市大雅區西寶里昌平路三段596巷39號,臺中市大雅區西寶里,呂嘉源,54582334,有限公司,,1140506,生產中,25金屬製品製造業、29機械設備製造業  ,251金屬刀具、手工具及模具、292其他專用機械設備  
11508.csv,三億上光紙器有限公司,99603456,07610000332412,新北市五股區興珍里五權七路六八號三樓,新北市五股區興珍里,龔金蓮,15898539,有限公司,0761016,0791221,生產中,15紙漿、紙及紙製品製造業  ,152瓦楞紙板及紙容器  
11508.csv,三協成食品有限公司,99725792,,新北市淡水區義山里奎柔山路256號1、2樓,新北市淡水區義山里,李奇峯,24251580,有限公司,,0990528,生產中,08食品製造業  ,089其他食品  
11508.csv,上豊實業有限公司二廠,S0703799,,彰化縣伸港鄉埤墘村埤墘路1-7號,彰化縣伸港鄉埤墘村,李勝芳,24266232,有限公司,,1150716,生產中,22塑膠製品製造業  ,220塑膠製品  
11508.csv,上鎧鋼鐵股份有限公司,99685264,07710012096582,高雄市大寮區過溪里莒光二街１６號,高雄市大寮區過溪里,林宗志,22840979,股份有限公司,0791231,0791231,生產中,24基本金屬製造業、25金屬製品製造業  ,241鋼鐵、259其他金屬製品  
11508.csv,上鎧鋼鐵股份有限公司桃園廠,68000034,,桃園市中壢區文化里長春六路20號,桃園市中壢區文化里,林宗志,22840979,股份有限公司,,1040423,生產中,25金屬製品製造業  ,259其他金屬製品  
11508.csv,世凱塑膠有限公司中壢廠,S6800242,,桃園市中壢區過嶺里福達路二段1巷92號,桃園市中壢區過嶺里,陳科至,22366571,有限公司,,1090527,生產中,22塑膠製品製造業  ,220塑膠製品  
11508.csv,世全鋼鐵企業股份有限公司,64000902,6264023270,高雄市小港區山明里世全路２號,高雄市小港區山明里,洪陶美華,83412577,股份有限公司,0620227,0630410,生產中,25金屬製品製造業  ,259其他金屬製品  
11508.csv,世豐精密金屬股份有限公司,99639996,08210006266933,臺中市太平區宜欣里富宜路７５號,臺中市太平區宜欣里,黃昭多,23959714,有限公司,0821218,0830126,生產中,24基本金屬製造業  ,241鋼鐵  
11508.csv,世輝工業股份有限公司,99660627,07710011065243,臺南市永康區塩洲里洲尾街115巷6號,臺南市永康區塩洲里,蔡秀霞　　　,22516229,股份有限公司,0770610,0780412,生產中,29機械設備製造業  ,293通用機械設備  
11508.csv,一山企業有限公司,S1000240,,嘉義縣新港鄉三間村1鄰港尾5號之3,嘉義縣新港鄉三間村,柯世苑,24358794,有限公司,,1140627,生產中,29機械設備製造業  ,293通用機械設備  
11508.csv,一流鋼鐵有限公司,99717679,,桃園市桃園區汴洲里健行路117巷12號3樓,桃園市桃園區汴洲里,詹乃兆,24391127,有限公司,,0980513,生產中,29機械設備製造業、25金屬製品製造業  ,291金屬加工用機械設備、252金屬結構及建築組件  
11508.csv,一流鋼鐵有限公司二廠,03002477,,桃園市桃園區汴洲里健行路117巷12號（1樓）,桃園市桃園區汴洲里,詹乃兆,24391127,有限公司,,1031002,生產中,25金屬製品製造業  ,252金屬結構及建築組件  
11508.csv,七里香國際食品有限公司,65008406,,新北市新莊區福營里福營路125巷35號1樓,新北市新莊區福營里,廖國廷,24218859,有限公司,,1090221,生產中,08食品製造業  ,081肉類加工、089其他食品  
11508.csv,七鋼鋼鐵股份有限公司,99601696,07510001374949,新北市新莊區建安里建國二路七０號,新北市新莊區建安里,許義,35050188,股份有限公司,0751215,0751224,生產中,24基本金屬製造業、25金屬製品製造業  ,241鋼鐵、254金屬加工處理  
11508.csv,七鋼鋼鐵股份有限公司二廠,99601770,07510001284842,新北市新莊區建安里建國二路七０號,新北市新莊區建安里,許義,35050188,股份有限公司,0750919,0800905,生產中,24基本金屬製造業、25金屬製品製造業  ,241鋼鐵、254金屬加工處理  
11508.csv,三友鋼管工業股份有限公司屏東廠,99699633,,屏東縣里港鄉三廍村三和路119之79號,屏東縣里港鄉三廍村,船曳英行,80521489,股份有限公司,,0940120,生產中,24基本金屬製造業、25金屬製品製造業  ,241鋼鐵、254金屬加工處理  
11508.csv,三友風管有限公司,65013765,,新北市板橋區港嘴里富山街6巷7號3樓,新北市板橋區港嘴里,江明原,24297170,有限公司,,1150817,生產中,25金屬製品製造業  ,259其他金屬製品  
11508.csv,不只科技有限公司,66011241,,臺中市東區東門里東光園路100巷6弄42號1樓,臺中市東區東門里,張平翰,90866089,有限公司,,1130528,生產中,25金屬製品製造業  ,252金屬結構及建築組件  
11508.csv,世于有限公司,99624354,07710003006009,桃園市中壢區中正里興仁路二段四八八巷一二、一四號,桃園市中壢區中正里,賴麗娜,23259016,有限公司,0770111,0780619,生產中,25金屬製品製造業  ,254金屬加工處理  
11508.csv,世于有限公司大園廠,99624339,08510000430442,桃園市大園區內海里中山北路280巷12號,桃園市大園區內海里,賴麗娜　　,23259016,有限公司,0850506,0890529,生產中,25金屬製品製造業  ,254金屬加工處理  
11508.csv,世孟企業有限公司,99712432,,高雄市仁武區竹後里２０鄰竹工二巷２４號,高雄市仁武區竹後里,林福來,84736743,有限公司,,0980420,生產中,25金屬製品製造業  ,259其他金屬製品  
11508.csv,丞峰鋼鐵有限公司,66000100,,臺中市霧峰區北柳里霧工三路18號,臺中市霧峰區北柳里,王淑蓮,28548487,有限公司,,1000311,生產中,25金屬製品製造業  ,254金屬加工處理  
11508.csv,丞懋企業社,07002432,,彰化縣和美鎮新庄里東發路136號1樓,彰化縣和美鎮新庄里,陳志欣,67757882,獨資,,1070118,生產中,25金屬製品製造業  ,259其他金屬製品  
11508.csv,丞茂有限公司,07003419,,彰化縣鹿港鎮頂番里鹿和路四段402巷5號1樓,彰化縣鹿港鎮頂番里,黃復興,54524118,有限公司,,1081029,生產中,25金屬製品製造業  ,251金屬刀具、手工具及模具  
11508.csv,中台資源科技股份有限公司三廠,03002241,,桃園市觀音區大潭里1鄰環科路326號,桃園市觀音區大潭里,練旻沛,12862116,股份有限公司,,1030416,生產中,23非金屬礦物製品製造業、24基本金屬製造業  ,234石材製品、239其他非金屬礦物製品、243銅  
11508.csv,中台資源科技股份有限公司二廠,99707859,,桃園市觀音區大潭里環科路328號,桃園市觀音區大潭里,鄭人彰,12862116,股份有限公司,,0971008,生產中,18化學材料及肥料製造業、23非金屬礦物製品製造業、24基本金屬製造業、29機械設備製造業  ,181化學原材料、231玻璃及其製品、239其他非金屬礦物製品、243銅、249其他基本金屬、293通用機械設備  
11508.csv,中晶企業有限公司台南廠,67000060,,臺南市學甲區頂山寮61-2號,臺南市學甲區,藍文忠,28774666,有限公司,,1000412,生產中,24基本金屬製造業  ,243銅  
11508.csv,中材國際股份有限公司,66008867,,臺中市西屯區協和里工業區35路5號1、2樓,臺中市西屯區協和里,邱郭彬,24227338,股份有限公司,,1100218,生產中,25金屬製品製造業、32家具製造業  ,252金屬結構及建築組件、259其他金屬製品、320家具  
11508.csv,中榮彈簧股份有限公司,99622416,07610000119841,桃園市龜山區山頂里山鶯路三四０號,桃園市龜山區山頂里,林信忠　　　,43826782,股份有限公司,0760410,0761211,生產中,25金屬製品製造業、29機械設備製造業  ,259其他金屬製品、292其他專用機械設備  
11508.csv,中立刀模有限公司,99720528,,臺中市西屯區大河里甘河路４３號１樓,臺中市西屯區大河里,張世和,24248024,有限公司,,0971202,生產中,25金屬製品製造業  ,251金屬刀具、手工具及模具  
11508.csv,中精壓鑄股份有限公司三重廠,99689099,05810000005693,新北市三重區頂崁里光復路2段74號,新北市三重區頂崁里,張良如,52355988,股份有限公司,0580101,0590731,生產中,24基本金屬製造業、30汽車及其零件製造業、31其他運輸工具及其零件製造業  ,242鋁、243銅、303汽車零件、312機車及其零件  
11508.csv,中精壓鑄股份有限公司中壢一廠,99623974,06610000055916,桃園市中壢區永福里中壢工業區中園路172號,桃園市中壢區永福里,張良如,52355988,股份有限公司,0580101,0691208,生產中,24基本金屬製造業  ,242鋁  
11508.csv,中精壓鑄股份有限公司中壢二廠,03001712,,桃園市中壢區忠福里東園路40號,桃園市中壢區忠福里,張良如,52355988,股份有限公司,,1020527,生產中,24基本金屬製造業、25金屬製品製造業  ,242鋁、254金屬加工處理  
11508.csv,七駿科技股份有限公司,66012510,,臺中市西屯區協和里工業區一路98之110號,臺中市西屯區協和里,李啟樂,60532435,股份有限公司,,1150630,生產中,25金屬製品製造業、29機械設備製造業  ,251金屬刀具、手工具及模具、291金屬加工用機械設備、293通用機械設備  
11508.csv,三合和鍍金有限公司,99646949,08210000074771,彰化縣和美鎮犁盛里東谷路１６２巷２６號,彰化縣和美鎮犁盛里,謝慧美,24238911,股份有限公司,0820608,0821208,生產中,25金屬製品製造業  ,254金屬加工處理  
11508.csv,世慶食品有限公司內湖廠,63022415,,臺北市內湖區蘆洲里安康路一七二號,臺北市內湖區蘆洲里,張慶儒,24451692,有限公司,,1060407,生產中,08食品製造業  ,089其他食品  
11508.csv,世曄實業股份有限公司神岡廠,S6602125,,臺中市神岡區三角里三社路241巷52-1號,臺中市神岡區三角里,郭朝景,22993778,股份有限公司,,1130729,生產中,30汽車及其零件製造業  ,303汽車零件  
11508.csv,世源自動化科技有限公司,99634782,07610006013338,臺中市太平區中興里太平路七七八巷四三號,臺中市太平區中興里,林源泉,22075335,有限公司,0760203,0780512,生產中,24基本金屬製造業、29機械設備製造業  ,242鋁、293通用機械設備  
11508.csv,世祥工程行,07003078,,彰化縣溪湖鎮西勢里西安路236巷12弄16號1樓,彰化縣溪湖鎮西勢里,戴子翔,82418193,獨資,,1080416,生產中,25金屬製品製造業  ,254金屬加工處理  
11508.csv,中三鋁業有限公司桃園廠,99628326,08110003104035,桃園市觀音區金湖里金橋路育仁段九０五、九０五之一號,桃園市觀音區金湖里,蔡瑞佳,34490907,有限公司,0810620,0810710,生產中,24基本金屬製造業  ,242鋁  
11508.csv,中亞鐵工廠,99622748,08010003000163,桃園市龜山區中興里壽山路仁福巷6號1樓,桃園市龜山區中興里,李秀梅　　　,02632426,獨資,0800114,0800118,生產中,25金屬製品製造業、29機械設備製造業  ,259其他金屬製品、293通用機械設備  
11508.csv,中力實業有限公司,99618259,08110001340688,新北市土城區埤塘里忠承路一九號,新北市土城區埤塘里,張朝富,34272439,有限公司,0811024,0811111,生產中,25金屬製品製造業、29機械設備製造業  ,259其他金屬製品、293通用機械設備  
11508.csv,中國化學製藥股份有限公司台中工廠,99669064,08010000081243,臺中市西屯區協和里工業區十五路10號,臺中市西屯區協和里,王謝怡貞,03088802,股份有限公司,0800327,0820616,生產中,20藥品及醫用化學製品製造業  ,200藥品及醫用化學製品  
11508.csv,中國鋼鐵股份有限公司永光廠,64009136,,高雄市小港區山明里永光街1號,高雄市小港區山明里,廖漢良,30414175,股份有限公司,,1101103,生產中,23非金屬礦物製品製造業  ,239其他非金屬礦物製品  
11508.csv,中國鋼鐵結構股份有限公司官田二廠,67002790,,臺南市官田區二鎮里工業南路16號A、B、C、D、E、G棟,臺南市官田區二鎮里,陳瑞騰,85800192,股份有限公司,,1090818,生產中,25金屬製品製造業  ,252金屬結構及建築組件  
11508.csv,中國銅器製造開發有限公司,99638286,07510000075288,臺中市太平區建興里鵬儀路３３３號,臺中市太平區建興里,王章麒,27901593,有限公司,0750317,0750625,生產中,24基本金屬製造業  ,243銅  
11508.csv,中國鋼鐵結構股份有限公司,64006616,,高雄市燕巢區安招里中興路500號,高雄市燕巢區安招里,陳瑞騰,85800192,股份有限公司,,1010831,生產中,25金屬製品製造業  ,252金屬結構及建築組件、254金屬加工處理  
11508.csv,中國鋼鐵結構股份有限公司官田廠,99657419,07810000282470,臺南市官田區二鎮里工業南路2號A棟,臺南市官田區二鎮里,陳瑞騰,85800192,股份有限公司,0780808,0800130,生產中,25金屬製品製造業  ,252金屬結構及建築組件  
11508.csv,中國鋼鐵股份有限公司,64000249,6164131091,高雄市小港區鳳宮里中鋼路１號、高雄市小港區山明里東林路17號、高雄市小港區山明里大業南路３８號、高雄市小港區鳳鳴里沿海三路５６號,高雄市小港區鳳宮里,黃建智,30414175,股份有限公司,0611212,0670717,生產中,24基本金屬製造業、14木竹製品製造業、17石油及煤製品製造業、18化學材料及肥料製造業、19其他化學製品製造業、21橡膠製品製造業、23非金屬礦物製品製造業、25金屬製品製造業、28電力設備及配備製造業、29機械設備製造業、30汽車及其零件製造業、31其他運輸工具及其零件製造業、33其他製造業  ,241鋼鐵、242鋁、243銅、249其他基本金屬、140木竹製品、170石油及煤製品、181化學原材料、199未分類其他化學製品、210橡膠製品、232耐火、黏土建材及其他陶瓷製品、239其他非金屬礦物製品、251金屬刀具、手工具及模具、252金屬結構及建築組件、253金屬容器、254金屬加工處理、281發電、輸電及配電機械、283電線及配線器材、289其他電力設備及配備、291金屬加工用機械設備、292其他專用機械設備、293通用機械設備、301汽車、302車體、303汽車零件、319未分類其他運輸工具及其零件、339未分類其他製品  
11508.csv,中國鋼鐵股份有限公司煤灰礦泥拌合料加工廠,64005725,,高雄市小港區光陽街5號、嘉興街6號、中林路1號、大業南路62號,高雄市小港區,林志宏,30414175,股份有限公司,,0900725,生產中,24基本金屬製造業  ,249其他基本金屬  
11508.csv,中國鋼鐵股份有限公司第三冷軋廠,64006324,,高雄市小港區店鎮里嘉興街２號,高雄市小港區店鎮里,李三奇,30414175,股份有限公司,,1000712,生產中,24基本金屬製造業、25金屬製品製造業  ,241鋼鐵、254金屬加工處理  
11508.csv,中國鋼鐵股份有限公司興業工廠,64009280,,高雄市小港區龍鳳里興業街41號、小港區店鎮里茂大街4號,高雄市小港區龍鳳里,王曉生,30414175,股份有限公司,,1110401,生產中,29機械設備製造業  ,293通用機械設備  
11508.csv,中國電器股份有限公司新營廠,99657860,07710000273242,臺南市新營區嘉芳里五福路130號,臺南市新營區嘉芳里,周震基,03086001,股份有限公司,0770816,0781214,生產中,28電力設備及配備製造業  ,284照明設備及配備  
11508.csv,中隆工程有限公司,99712430,,高雄市大寮區中庄里鳳屏一路７３８號,高雄市大寮區中庄里,劉雅昀,28599014,有限公司,,0980417,生產中,29機械設備製造業  ,292其他專用機械設備、293通用機械設備  
11508.csv,久堂工業股份有限公司,99665958,08010013056767,屏東縣長治鄉崙上村中興路328號,屏東縣長治鄉崙上村,李秀珍,23693243,股份有限公司,0800514,0801210,生產中,14木竹製品製造業  ,140木竹製品  
11508.csv,久昌工業有限公司二廠,S6602433,,臺中市潭子區東寶里雅潭路三段東寶巷159、161號,臺中市潭子區東寶里,林清勳,53640407,有限公司,,1140512,生產中,29機械設備製造業  ,293通用機械設備  
11508.csv,久村工業有限公司,99617551,06710000062427,新北市新莊區西盛里民安路四０三巷一０號,新北市新莊區西盛里,曾文智,35988713,有限公司,0580101,0690623,生產中,28電力設備及配備製造業、26電子零組件製造業、29機械設備製造業、25金屬製品製造業  ,283電線及配線器材、289其他電力設備及配備、264光電材料及元件、269其他電子零組件、293通用機械設備、251金屬刀具、手工具及模具  
11508.csv,久玖鋼鐵股份有限公司,99633324,08110006183083,臺中市神岡區神洲里大洲路52號,臺中市神岡區神洲里,曾瓊誼,22082526,股份有限公司,0810914,0810918,生產中,25金屬製品製造業  ,259其他金屬製品  
11508.csv,世邦興業股份有限公司,99639794,07810006054791,臺中市大甲區文曲里東安路一０八之一二號,臺中市大甲區文曲里,吳淑貞,22412250,股份有限公司,0780503,0780503,生產中,29機械設備製造業  ,291金屬加工用機械設備、293通用機械設備  
11508.csv,世邦興業股份有限公司一廠,66001941,,臺中市大甲區義和里重義二路7 、9號,臺中市大甲區義和里,吳淑貞,22412250,股份有限公司,,1020626,生產中,29機械設備製造業  ,293通用機械設備  
11508.csv,世郁股份有限公司二廠,S6601681,,臺中市神岡區社南里昌平路五段135巷72號,臺中市神岡區社南里,洪兆華,89883259,股份有限公司,,1100202,生產中,24基本金屬製造業、25金屬製品製造業  ,242鋁、259其他金屬製品  
11508.csv,丞新有限公司,S0703789,,彰化縣彰化市三村里彰興路一段165巷62號,彰化縣彰化市三村里,林月嬌,24231071,有限公司,,1150630,生產中,22塑膠製品製造業  ,220塑膠製品  
11508.csv,中彥國際科技工程股份有限公司里港廠,99699605,,屏東縣里港鄉鐵店村里港路397號,屏東縣里港鄉鐵店村,劉李麗珠,84340242,股份有限公司,,0930630,生產中,25金屬製品製造業、29機械設備製造業  ,251金屬刀具、手工具及模具、252金屬結構及建築組件、253金屬容器、259其他金屬製品、292其他專用機械設備、293通用機械設備  
11508.csv,中德固勞機械工業股份有限公司,99605680,08610001331188,新北市土城區大安里承天路71巷11號,新北市土城區大安里,蔡耀華,97488750,股份有限公司,0860919,0860927,生產中,24基本金屬製造業、25金屬製品製造業、29機械設備製造業  ,241鋼鐵、259其他金屬製品、291金屬加工用機械設備  
11508.csv,中德開發科技股份有限公司,99687018,,桃園市觀音區樹林里成功路一段520號及520之5號1樓,桃園市觀音區樹林里,袁秀香,13139111,股份有限公司,,0920703,生產中,18化學材料及肥料製造業、22塑膠製品製造業、24基本金屬製造業  ,184塑膠及合成橡膠原料、220塑膠製品、243銅、249其他基本金屬  
11508.csv,中華昇揚有限公司,66011242,,臺中市龍井區忠和里西濱路三段233之3號,臺中市龍井區忠和里,李文斌,80560356,有限公司,,1130531,生產中,23非金屬礦物製品製造業  ,233水泥及其製品、239其他非金屬礦物製品  
11508.csv,中詮微動股份有限公司,65004241,,新北市汐止區樟樹里大同路1段239號17樓之3,新北市汐止區樟樹里,林敬仁,12929897,股份有限公司,,1040804,生產中,28電力設備及配備製造業、29機械設備製造業  ,289其他電力設備及配備、293通用機械設備  
11508.csv,中譽工業股份有限公司,99623732,08910003324276,桃園市平鎮區雙連里民族路雙連二段一一八巷四九弄二九號,桃園市平鎮區雙連里,張琇梅,16002399,股份有限公司,0890608,0890810,生產中,25金屬製品製造業  ,251金屬刀具、手工具及模具  
11508.csv,中豐鐵工廠,99671958,07510019000578,臺中市東區東興里大智路312號,臺中市東區東興里,張巨旺,52432612,合夥,0750313,0750318,生產中,30汽車及其零件製造業、31其他運輸工具及其零件製造業  ,303汽車零件、312機車及其零件  
11508.csv,中鴻鋼鐵股份有限公司熱軋廠,99662513,08410000203132,高雄市岡山區嘉興里興隆街576、-1、-2、-3、-5號,高雄市岡山區嘉興里,朱敏,07838854,股份有限公司,0840315,0860917,生產中,24基本金屬製造業  ,241鋼鐵  
11508.csv,中鴻鋼鐵股份有限公司冷軋廠,99662452,07810012098140,高雄市橋頭區芋寮里芋寮路317號,高雄市橋頭區芋寮里,朱敏,07838854,股份有限公司,0791231,0791231,生產中,24基本金屬製造業  ,241鋼鐵  
11508.csv,中鴻鋼鐵股份有限公司酸鍍廠,64005385,8564126465,高雄市小港區山明里沿海三路２４號( 廠址內包含門牌20-3號、24號、24-1號建物，以24號為代表號),高雄市小港區山明里,朱敏,07838854,股份有限公司,0850402,0870207,生產中,24基本金屬製造業、18化學材料及肥料製造業  ,181化學原材料、241鋼鐵  
11508.csv,中鴻鋼鐵股份有限公司鋼管廠,99662529,07610012095409,高雄市大寮區大寮里華中路１８號、興業路３０號,高雄市大寮區大寮里,朱敏,07838854,股份有限公司,0791231,0791231,生產中,24基本金屬製造業  ,241鋼鐵  
11508.csv,中鴻鋼鐵股份有限公司鋼管廠鹿港分廠,07000977,,彰化縣鹿港鎮海埔里鹿工路42號,彰化縣鹿港鎮海埔里,朱敏,07838854,股份有限公司,,1020930,生產中,24基本金屬製造業  ,241鋼鐵  
11508.csv,中龍鋼鐵股份有限公司,99635822,08410006280076,臺中市龍井區麗水里龍昌路100號，中南一路一段7、9號,臺中市龍井區麗水里,梁乃文,84613756,股份有限公司,0841109,0870331,生產中,24基本金屬製造業、23非金屬礦物製品製造業、25金屬製品製造業、33其他製造業、17石油及煤製品製造業、18化學材料及肥料製造業  ,241鋼鐵、239其他非金屬礦物製品、249其他基本金屬、170石油及煤製品、259其他金屬製品、339未分類其他製品、181化學原材料  
11508.csv,主格實業股份有限公司,99663345,08910012800650,高雄市大寮區過溪里濃公路２５６巷３９號,高雄市大寮區過溪里,謝宗憲,85901332,股份有限公司,0890615,0890630,生產中,24基本金屬製造業  ,241鋼鐵  
11508.csv,久泰精業股份有限公司,99653424,08110000075022,雲林縣斗六市榴中里民有街32、34、36號,雲林縣斗六市榴中里,劉良義,23961964,股份有限公司,0810903,0811003,生產中,25金屬製品製造業、24基本金屬製造業  ,252金屬結構及建築組件、254金屬加工處理、241鋼鐵  
11508.csv,久田生物科技有限公司,99680530,,彰化縣溪湖鎮光平里興學街241號,彰化縣溪湖鎮光平里,詹佾達,28788325,有限公司,,0961106,生產中,18化學材料及肥料製造業  ,183肥料及氮化合物  
11508.csv,久發環保工程股份有限公司,99661850,07510012093500,高雄市大寮區潮寮里華東路１５之１號,高雄市大寮區潮寮里,劉晋安,22926912,股份有限公司,0791231,0791231,生產中,24基本金屬製造業、22塑膠製品製造業  ,241鋼鐵、242鋁、243銅、220塑膠製品  
11508.csv,久發環保工程股份有限公司二廠,99685276,,高雄市大寮區大寮里興業路21號,高雄市大寮區大寮里,劉晋安,22926912,股份有限公司,,0920521,生產中,24基本金屬製造業  ,241鋼鐵、243銅  
11508.csv,久皇機械股份有限公司,S0700082,,彰化縣秀水鄉莊雅村溪心街11巷2號、11巷6號,彰化縣秀水鄉莊雅村,黃長沙,59243849,股份有限公司,,1090429,生產中,25金屬製品製造業  ,253金屬容器  
11508.csv,久皇機械股份有限公司工廠,99646375,07310007049128,彰化縣秀水鄉安溪村安溪街１２５號,彰化縣秀水鄉安溪村,黃長沙　,59243849,股份有限公司,0731115,0740410,生產中,25金屬製品製造業、29機械設備製造業  ,253金屬容器、292其他專用機械設備  
11508.csv,久皇機械股份有限公司溪心廠,99646374,08910007301845,彰化縣秀水鄉莊雅村溪心街４２號,彰化縣秀水鄉莊雅村,黃長沙,59243849,股份有限公司,0891208,0900118,生產中,25金屬製品製造業、29機械設備製造業  ,253金屬容器、292其他專用機械設備  
11508.csv,久禾達工業股份有限公司,S6601448,,臺中市潭子區福仁里福貴路108巷28號,臺中市潭子區福仁里,江憲宗,84820848,股份有限公司,,1091013,生產中,24基本金屬製造業、25金屬製品製造業、28電力設備及配備製造業、29機械設備製造業  ,242鋁、249其他基本金屬、251金屬刀具、手工具及模具、285家用電器、293通用機械設備  
11508.csv,久聯化學工業股份有限公司,99631241,06910000247617,新竹縣湖口鄉湖口村23鄰祥喜路88號,新竹縣湖口鄉湖口村,程久忠,04488398,股份有限公司,0580101,0700728,生產中,18化學材料及肥料製造業  ,184塑膠及合成橡膠原料  
11508.csv,三崙實業股份有限公司,S6500516,,新北市新莊區西盛里環漢路3段527號(1、2樓),新北市新莊區西盛里,黃柏舜,22300473,股份有限公司,,1100930,生產中,24基本金屬製造業、25金屬製品製造業  ,241鋼鐵、242鋁、243銅、252金屬結構及建築組件  
11508.csv,三嶸企業有限公司,99662758,07410012111608,高雄市大寮區中庄里立德路１８３號,高雄市大寮區中庄里,鄭啟英,85980770,有限公司,0791231,0791231,生產中,24基本金屬製造業、29機械設備製造業、30汽車及其零件製造業  ,241鋼鐵、293通用機械設備、303汽車零件、259其他金屬製品  
11508.csv,三木工程股份有限公司大發廠,99663309,07710012096542,高雄市大寮區過溪里華中路３０號,高雄市大寮區過溪里,陳世昌,04609111,股份有限公司,0791231,0791231,生產中,24基本金屬製造業、23非金屬礦物製品製造業  ,241鋼鐵、233水泥及其製品  
11508.csv,三本食品有限公司,02000135,,宜蘭縣蘇澳鎮隘丁里祥禮路11號一樓,宜蘭縣蘇澳鎮隘丁里,楊煌明,54772411,有限公司,,1030609,生產中,08食品製造業  ,082水產加工  
11508.csv,三泰鋼鐵股份有限公司岡山廠,64010024,,高雄市岡山區為隨里為隨東路68號,高雄市岡山區為隨里,曾文正,80208100,股份有限公司,,1131225,生產中,25金屬製品製造業  ,254金屬加工處理  
11508.csv,三益大理石加工廠,99641444,07110006216305,臺中市豐原區社皮里一心路242巷7號,臺中市豐原區社皮里,黃裕廷,55935237,獨資,0711206,0700904,生產中,23非金屬礦物製品製造業  ,232耐火、黏土建材及其他陶瓷製品  
11508.csv,三福產業股份有限公司飼料廠,99655303,06810000132415,嘉義縣太保市太保里11號,嘉義縣太保市太保里,蕭俊傑,65010369,股份有限公司,0680629,0701211,生產中,08食品製造業  ,087動物飼品  
11508.csv,三英鋼鐵股份有限公司仁武廠,99663808,07810012098493,高雄市仁武區烏林里仁心路３１１號,高雄市仁武區烏林里,吳剛泰,83391910,股份有限公司,0791231,0791231,生產中,25金屬製品製造業  ,254金屬加工處理  
11508.csv,三輝科技企業有限公司蘆竹廠,99717633,,桃園市蘆竹區五福里五福一路５０巷２６號１樓,桃園市蘆竹區五福里,謝政翔,24357726,有限公司,,0980407,生產中,25金屬製品製造業、26電子零組件製造業  ,259其他金屬製品、264光電材料及元件  
11508.csv,中路鋼鐵股份有限公司,S6400981,,高雄市阿蓮區中路里玄中路705巷417號,高雄市阿蓮區中路里,陳俊男,84319260,股份有限公司,,1120118,生產中,25金屬製品製造業  ,254金屬加工處理  
11508.csv,中迪國際股份有限公司,65007698,,新北市土城區日和里中央路1段365巷27弄1號(1樓),新北市土城區日和里,葉雅蓮,24260716,股份有限公司,,1080423,生產中,15紙漿、紙及紙製品製造業  ,152瓦楞紙板及紙容器  
11508.csv,久皇機械股份有限公司福興廠,F0700005,,彰化縣福興鄉元中村番花路一段711號,彰化縣福興鄉元中村,黃長沙,59243849,股份有限公司,,1150610,生產中,25金屬製品製造業  ,253金屬容器  
11508.csv,久皇機械股份有限公司鹿港廠,07004636,,彰化縣鹿港鎮海埔里鹿工路10-1號,彰化縣鹿港鎮海埔里,黃長沙,59243849,股份有限公司,,1101229,生產中,25金屬製品製造業  ,253金屬容器  
11508.csv,久菘有限公司,S0701932,,彰化縣和美鎮柑井里東光路289號,彰化縣和美鎮柑井里,林修賢,24215564,有限公司,,1120418,生產中,25金屬製品製造業  ,259其他金屬製品  
11508.csv,久裕塑膠股份有限公司,99656474,07810011115579,臺南市永康區尚頂里中正南路242巷11號A棟,臺南市永康區尚頂里,王三連　　　,73653772,股份有限公司,0780906,0800102,生產中,22塑膠製品製造業  ,220塑膠製品  
11508.csv,三大鋼鐵工業股份有限公司平鎮廠,99621491,08610000807225,桃園市平鎮區湧光里工業十二路１號,桃園市平鎮區湧光里,李俊秋　　　,04934664,股份有限公司,0860815,0870727,生產中,25金屬製品製造業、24基本金屬製造業  ,241鋼鐵、259其他金屬製品  
11508.csv,三太造機廠股份有限公司嘉義廠,99672942,07510020035165,嘉義市東區後湖里保忠三街２８號,嘉義市東區後湖里,陳泰州,65010305,股份有限公司,0750616,0760615,生產中,29機械設備製造業、25金屬製品製造業、24基本金屬製造業  ,293通用機械設備、259其他金屬製品、241鋼鐵、243銅、249其他基本金屬  
11508.csv,三強企業股份有限公司,99656689,06010000069247,臺南市永康區尚頂里中正南路242巷2號,臺南市永康區尚頂里,陳柏宏　　　,73006240,股份有限公司,0600726,0611013,生產中,24基本金屬製造業  ,242鋁  
11508.csv,三益文具印刷行,99624887,07610003082427,桃園市桃園區大林里大原路六之二號,桃園市桃園區大林里,林志汎,43060359,獨資,0760616,0760620,生產中,16印刷及資料儲存媒體複製業  ,160印刷及資料儲存媒體複製  
11508.csv,三益製材工廠,99665979,06410099022336,屏東縣枋寮鄉地利村中山路2段443號,屏東縣枋寮鄉地利村,吳世芳,91824186,獨資,0580101,0640507,生產中,14木竹製品製造業  ,140木竹製品  
11508.csv,三益針織社,S0703168,,彰化縣社頭鄉橋頭村橋頭村員集路三段125之1號,彰化縣社頭鄉橋頭村,邱科華,60275241,獨資,,1140627,生產中,11紡織業  ,112織布  
11508.csv,三禹工業有限公司二廠,66002421,,臺中市太平區太平里合利街63號,臺中市太平區太平里,李政學,70653003,有限公司,,1030103,生產中,25金屬製品製造業  ,254金屬加工處理  
11508.csv,三華鋼鐵有限公司,S6800319,,桃園市蘆竹區富竹里富國路二段68-1號,桃園市蘆竹區富竹里,邱國山,97065844,有限公司,,1090604,生產中,25金屬製品製造業  ,254金屬加工處理  
11508.csv,三葉橡膠股份有限公司,07004549,,彰化縣和美鎮源埤里德南路241巷14號1樓,彰化縣和美鎮源埤里,王明榮,90428650,股份有限公司,,1101104,生產中,21橡膠製品製造業  ,210橡膠製品  
11508.csv,三驊金屬股份有限公司,65001799,,新北市三重區頂崁里中興北街54之26號1、2樓及夾層,新北市三重區頂崁里,王榮利,22411554,股份有限公司,,1011025,生產中,25金屬製品製造業、30汽車及其零件製造業  ,259其他金屬製品、303汽車零件  
11508.csv,上允鐵線有限公司,99679808,,彰化縣福興鄉福興村龍舟路１１０巷７５號,彰化縣福興鄉福興村,邱志豪,22281258,有限公司,,0940915,生產中,24基本金屬製造業  ,241鋼鐵  
11508.csv,上元鋼鐵有限公司,08000326,,南投縣名間鄉濁水村南雲路6之8號,南投縣名間鄉濁水村,朱怡靜,53985892,有限公司,,1080508,生產中,25金屬製品製造業  ,259其他金屬製品  
11508.csv,上冠品有限公司,99705978,,臺南市安南區四草里北汕尾一路296號1樓,臺南市安南區四草里,吳祥,27464571,有限公司,,0971001,生產中,24基本金屬製造業  ,241鋼鐵  
11508.csv,上吉炘企業有限公司,99627043,08310003140441,桃園市大園區埔心里五鄰埔心街一二九號,桃園市大園區埔心里,吳建發,80049899,有限公司,0830730,0830908,生產中,24基本金屬製造業  ,241鋼鐵、243銅  
11508.csv,上大鋁業股份有限公司,99688208,,桃園市蘆竹區坑口里大有街３號,桃園市蘆竹區坑口里,劉瓊維,27415798,股份有限公司,,0940202,生產中,24基本金屬製造業  ,242鋁  
11508.csv,上富螺絲股份有限公司,S6400644,,高雄市岡山區嘉興里嘉華路45-50號,高雄市岡山區嘉興里,林進富,86823243,股份有限公司,,1090915,生產中,25金屬製品製造業  ,259其他金屬製品  
11508.csv,上尚科技股份有限公司,95B00160,,新竹科學園區新竹市東區科園里研發二路30號1樓,新竹市東區科園里,詹元成,23242249,股份有限公司,,0991104,生產中,27電腦、電子產品及光學製品製造業  ,271電腦及其週邊設備、272通訊傳播設備  
11508.csv,上川興業有限公司苗栗廠,05000220,,苗栗縣大湖鄉義和村九鄰南昌路富民巷一五號,苗栗縣大湖鄉義和村,翁純綉,24324583,有限公司,,1031203,生產中,09飲料製造業  ,092非酒精飲料  
11508.csv,上捷電子有限公司,99624321,08910003322551,桃園市蘆竹區蘆竹里蘆興街四九之四號五樓,桃園市蘆竹區蘆竹里,陳琬婷,80571564,有限公司,0890202,0890216,生產中,26電子零組件製造業  ,263印刷電路板  
11508.csv,上暘環保科技股份有限公司,66004329,,臺中市梧棲區永安里向上路九段385號3樓,臺中市梧棲區永安里,謝孟潮,16241434,股份有限公司,,1050128,生產中,29機械設備製造業  ,293通用機械設備  
11508.csv,上有力鋼鐵股份有限公司,99680315,,彰化縣二林鎮華崙里二溪路７段５５４巷３７號,彰化縣二林鎮華崙里,白瑞德,12757732,股份有限公司,,0960215,生產中,31其他運輸工具及其零件製造業  ,312機車及其零件、313自行車及其零件  
11508.csv,上有力鋼鐵股份有限公司和美廠,S0703334,,彰化縣和美鎮詔安里水源路399號,彰化縣和美鎮詔安里,白裕彰,12757732,股份有限公司,,1150120,生產中,25金屬製品製造業  ,254金屬加工處理  
11508.csv,上煇精密儀器有限公司,65002282,,新北市中和區連和里連城路134巷16號、16號2樓、16號3樓、16之1號、16之1號2樓、16之1號3樓,新北市中和區連和里,簡載鎮,97272436,有限公司,,1020607,生產中,27電腦、電子產品及光學製品製造業、26電子零組件製造業  ,275量測、導航、控制設備及鐘錶、264光電材料及元件  
11508.csv,上益鋼鐵股份有限公司,99621331,07610003136823,桃園市桃園區汴洲里春日路一六五一巷四六號,桃園市桃園區汴洲里,葉炳坤　　　,22671214,股份有限公司,0761130,0790124,生產中,25金屬製品製造業  ,254金屬加工處理  
11508.csv,上立國際事業股份有限公司,66008533,,臺中市西屯區大河里甘河路106號1樓,臺中市西屯區大河里,楊勝勇,80224122,股份有限公司,,1090925,生產中,33其他製造業  ,332醫療器材及用品  
11508.csv,上立國際事業股份有限公司一廠,66005607,,臺中市西屯區大河里甘河路106號1樓,臺中市西屯區大河里,楊勝勇,80224122,有限公司,,1060705,生產中,16印刷及資料儲存媒體複製業、25金屬製品製造業  ,160印刷及資料儲存媒體複製、259其他金屬製品  
11508.csv,上立汽車股份有限公司,66000137,,臺中市西屯區何仁里文心路三段137號,臺中市西屯區何仁里,吳建立,05382415,股份有限公司,,1000330,生產中,30汽車及其零件製造業  ,303汽車零件  
11508.csv,上豊實業有限公司,07000608,,彰化縣和美鎮和東里彰美路5段386巷7號1樓,彰化縣和美鎮和東里,李勝芳,24266232,有限公司,,1010919,生產中,22塑膠製品製造業、22塑膠製品製造業  ,220塑膠製品  
