工廠名稱,工廠登記編號,工廠設立許可案號,工廠地址,工廠市鎮鄉村里,工廠負責人姓名,統一編號,工廠組織型態,工廠設立核准日期,工廠登記核准日期,工廠登記狀態,產業類別,主要產品,source_file
龍慶鋼鐵企業股份有限公司第二廠,64003777,6364091642,高雄市小港區山明里利昌街５號,高雄市小港區山明里,謝進南,85793919,股份有限公司,0630709,0731128,生產中,24基本金屬製造業  ,241鋼鐵  ,11508.csv
龍慶鋼鐵企業股份有限公司,64000032,,高雄市小港區山明里利昌街4號,高雄市小港區山明里,謝進南,85793919,股份有限公司,,0661128,生產中,24基本金屬製造業  ,241鋼鐵  ,11508.csv
鼎力興金屬工業股份有限公司分廠,99644181,08410006014048,臺中市潭子區栗林里中山路三段四九九號,臺中市潭子區栗林里,林榮燦,89889280,股份有限公司,0840119,0850924,生產中,24基本金屬製造業、25金屬製品製造業  ,241鋼鐵、254金屬加工處理、259其他金屬製品  ,11508.csv
鼎吉企業有限公司,99641826,08610006250550,臺中市豐原區南村里水源路427巷1號,臺中市豐原區南村里,江裕民,86214760,有限公司,0860922,0861015,生產中,24基本金屬製造業、29機械設備製造業  ,241鋼鐵、242鋁、293通用機械設備、243銅  ,11508.csv
龍雲鑄造股份有限公司,99633283,07910006174920,臺中市大甲區日南里幼獅路六三號,臺中市大甲區日南里,王澤民,56660904,股份有限公司,0791018,0720705,生產中,24基本金屬製造業  ,241鋼鐵  ,11508.csv
龍雲鑄造股份有限公司機械廠,99633282,07910006174921,臺中市大甲區日南里工三路二０號,臺中市大甲區日南里,王澤民,56660904,股份有限公司,0791019,0791019,生產中,25金屬製品製造業、24基本金屬製造業  ,259其他金屬製品、241鋼鐵  ,11508.csv
龍助企業社,99613078,08910001087381,新北市樹林區東山里東順街九０巷三弄一七號一樓,新北市樹林區東山里,黃清發,08567817,獨資,0890420,0890524,生產中,25金屬製品製造業、29機械設備製造業、24基本金屬製造業  ,241鋼鐵、254金屬加工處理、242鋁、252金屬結構及建築組件  ,11508.csv
錩國際有限公司,99720512,,臺中市南區樹德里復興北路432巷8號,臺中市南區樹德里,洪德音,28128886,有限公司,,0971021,生產中,24基本金屬製造業  ,241鋼鐵  ,11508.csv
龍秀特殊鋼股份有限公司,99632512,07410000285624,苗栗縣頭份市濫坑里二鄰尖豐路七八三巷一七弄五號,苗栗縣頭份市濫坑里,郭建麟,50547700,股份有限公司,0740905,0750606,生產中,24基本金屬製造業  ,241鋼鐵  ,11508.csv
富甲工業股份有限公司淡水廠,99619078,07610001304238,新北市淡水區水源里商工路381號,新北市淡水區水源里,徐春煌,35958788,股份有限公司,0761016,0770505,生產中,25金屬製品製造業、29機械設備製造業、24基本金屬製造業  ,259其他金屬製品、293通用機械設備、241鋼鐵、254金屬加工處理  ,11508.csv
川勤雷射精工股份有限公司,99673407,06710000209649,臺南市南區彰南里新平路10號,臺南市南區彰南里,張博文,69734719,股份有限公司,0670805,0710721,生產中,29機械設備製造業、25金屬製品製造業、24基本金屬製造業  ,241鋼鐵、292其他專用機械設備、253金屬容器、254金屬加工處理  ,11508.csv
巧立佳事業有限公司,05000525,,苗栗縣銅鑼鄉中平村一三鄰中隆三路二號,苗栗縣銅鑼鄉中平村,吳偉存,70594011,有限公司,,1081003,生產中,24基本金屬製造業  ,241鋼鐵  ,11508.csv
巨基環保企業股份有限公司,99699627,,屏東縣萬丹鄉萬生村萬壽路1段208號,屏東縣萬丹鄉萬生村,汪輝,27439476,股份有限公司,,0931227,生產中,24基本金屬製造業、33其他製造業  ,241鋼鐵、242鋁、243銅、249其他基本金屬、339未分類其他製品  ,11508.csv
巨昌金屬股份有限公司,65005030,,新北市三重區頂崁里中興北街176號及光復路2段88巷65號,新北市三重區頂崁里,王國榮,22681515,股份有限公司,,1050621,生產中,24基本金屬製造業、25金屬製品製造業  ,241鋼鐵、254金屬加工處理  ,11508.csv
廣進源建材有限公司,S1300402,,屏東縣鹽埔鄉新二村大仁東街20巷36號,屏東縣鹽埔鄉新二村,王順源,86595418,有限公司,,1130820,生產中,24基本金屬製造業  ,241鋼鐵  ,11508.csv
建勝鋼鐵工業股份有限公司,99634364,06410000152897,臺中市大肚區永和里沙田路二段三九九巷三九號,臺中市大肚區永和里,陳龍男,55759029,股份有限公司,0580101,,生產中,24基本金屬製造業  ,241鋼鐵  ,11508.csv
建成鋼鐵工業股份有限公司,99669515,05810000008631,臺中市東區振興里立德街１２３號,臺中市東區振興里,陳龍男,51464306,股份有限公司,0580101,0600601,生產中,24基本金屬製造業、25金屬製品製造業  ,241鋼鐵、254金屬加工處理  ,11508.csv
建成鋼鐵工業股份有限公司龍井廠,99633655,08710006235751,臺中市龍井區竹坑里沙田路四段104號,臺中市龍井區竹坑里,陳龍男,51464306,股份有限公司,0870911,0890428,生產中,24基本金屬製造業、25金屬製品製造業  ,241鋼鐵、254金屬加工處理  ,11508.csv
宏軒名有限公司,99631263,08410004016310,新竹縣竹東鎮中正里工業一路４７號,新竹縣竹東鎮中正里,鄒進發　　　,84857231,有限公司,0840315,0850523,生產中,24基本金屬製造業、25金屬製品製造業  ,241鋼鐵、252金屬結構及建築組件  ,11508.csv
宜聯鋼鐵股份有限公司,99620591,06310000015003,宜蘭縣冬山鄉安平村大安路451號,宜蘭縣冬山鄉安平村,王信豐　　　,42032010,股份有限公司,0580101,0680413,生產中,24基本金屬製造業  ,241鋼鐵  ,11508.csv
富政企業有限公司第三廠,99631372,08010004023914,新竹縣竹北市泰和里６鄰沿河街７８巷２號,新竹縣竹北市泰和里,鄧鎮友,84247528,有限公司,0800528,0801126,生產中,29機械設備製造業、25金屬製品製造業、24基本金屬製造業  ,292其他專用機械設備、241鋼鐵、254金屬加工處理  ,11508.csv
居磁工業股份有限公司,99702503,,基隆市安樂區內寮里武訓街98號一樓,基隆市安樂區內寮里,沈學榮,96925228,股份有限公司,,0931126,生產中,26電子零組件製造業、24基本金屬製造業  ,262被動電子元件、241鋼鐵、249其他基本金屬  ,11508.csv
山林鐵工廠,99666317,08010000339441,臺東縣臺東市豐樂里大正路6號,臺東縣臺東市豐樂里,林裕仁,78759922,獨資,0800107,0830111,生產中,24基本金屬製造業  ,241鋼鐵  ,11508.csv
岠燁工業股份有限公司,99713133,,臺中市大甲區日南里工六路19號,臺中市大甲區日南里,張正諺,13013990,股份有限公司,,0980116,生產中,24基本金屬製造業  ,241鋼鐵  ,11508.csv
岳峰企業有限公司,99661873,,高雄市大寮區潮寮里建民街３３、３５號,高雄市大寮區潮寮里,洪瑞峰,22389429,有限公司,,0901204,生產中,21橡膠製品製造業、22塑膠製品製造業、24基本金屬製造業  ,210橡膠製品、220塑膠製品、241鋼鐵、242鋁、243銅、249其他基本金屬  ,11508.csv
統揚鋼鐵有限公司楊梅廠,99629456,08610000802689,桃園市楊梅區高山里廿三鄰高青路十巷一一號,桃園市楊梅區高山里,高永　　　　,97372907,有限公司,0860331,0891024,生產中,24基本金屬製造業、25金屬製品製造業  ,241鋼鐵、254金屬加工處理  ,11508.csv
廣霖配管材料有限公司,99631134,08710004200145,新竹縣竹北巿泰和里中和街６２巷１７弄９號,新竹縣竹北市泰和里,范光棟　　　,16276088,有限公司,0870417,0871119,生產中,24基本金屬製造業  ,241鋼鐵  ,11508.csv
建輝鋼鐵股份有限公司,99686551,06510000092935,桃園市蘆竹區內厝里南山路二段173號,桃園市蘆竹區內厝里,陳建忠,43765167,股份有限公司,0650622,0670111,生產中,25金屬製品製造業、24基本金屬製造業  ,254金屬加工處理、241鋼鐵  ,11508.csv
宏康鋼管股份有限公司,99684492,,臺南市永康區王行里環工路65號,臺南市永康區王行里,康峻銘,80465748,股份有限公司,,0930722,生產中,25金屬製品製造業、24基本金屬製造業  ,254金屬加工處理、241鋼鐵  ,11508.csv
宏康鋼管股份有限公司新市廠,S6700122,,臺南市新市區永就里永就68之8號,臺南市新市區永就里,康峻銘,80465748,股份有限公司,,1090820,生產中,24基本金屬製造業  ,241鋼鐵  ,11508.csv
富商工程行,08000515,,南投縣埔里鎮蜈蚣里蜈蚣路31-16號1樓,南投縣埔里鎮蜈蚣里,潘建源,99376464,合夥,,1130717,生產中,24基本金屬製造業、25金屬製品製造業  ,241鋼鐵、252金屬結構及建築組件  ,11508.csv
尚潁有限公司,99663339,06810012036136,高雄市大寮區後庄里大漢路255號,高雄市大寮區後庄里,吳慶隆,16937953,有限公司,0980915,0680915,生產中,25金屬製品製造業、24基本金屬製造業  ,241鋼鐵、242鋁、252金屬結構及建築組件  ,11508.csv
展業金屬股份有限公司,99638802,08310006274205,臺中市烏日區前竹里中山路一段229巷15號,臺中市烏日區前竹里,楊瑞忠,89899787,股份有限公司,0831129,0831208,生產中,24基本金屬製造業  ,241鋼鐵  ,11508.csv
岡山金屬工業股份有限公司,99664324,00010012010564,高雄市岡山區協和里青年街３４號,高雄市岡山區協和里,靳耀輝,88121958,股份有限公司,0791231,0791231,生產中,24基本金屬製造業、29機械設備製造業  ,241鋼鐵、293通用機械設備  ,11508.csv
川宗鋼鐵企業股份有限公司,99661554,07210012088447,高雄市路竹區竹東里中山路３１３號,高雄市路竹區竹東里,鄭金木,88737981,股份有限公司,0791231,0791231,生產中,24基本金屬製造業  ,241鋼鐵  ,11508.csv
統榮鋼鐵企業股份有限公司仁德廠,99660018,99910099000252,臺南市仁德區保安里中正路1段73、75號ABC棟,臺南市仁德區保安里,陳德裕　　　,69704095,股份有限公司,0590301,0590301,生產中,24基本金屬製造業、25金屬製品製造業  ,241鋼鐵、254金屬加工處理  ,11508.csv
統榮鋼鐵企業股份有限公司永康廠,67000500,,臺南市永康區王行里永科北路129號,臺南市永康區王行里,陳德裕,69704095,股份有限公司,,1011122,生產中,24基本金屬製造業  ,241鋼鐵  ,11508.csv
綠電再生股份有限公司楊梅廠,99623469,08810003324890,桃園市楊梅區頭湖里泰圳路313巷128號,桃園市楊梅區頭湖里,陳正林,16636181,股份有限公司,0880202,0881026,生產中,24基本金屬製造業、18化學材料及肥料製造業、23非金屬礦物製品製造業  ,184塑膠及合成橡膠原料、231玻璃及其製品、241鋼鐵、242鋁、243銅  ,11508.csv
維拉鑄造股份有限公司二廠,S6400958,,高雄市路竹區民有路159號,高雄市路竹區,張德根,23870964,股份有限公司,,1100226,生產中,24基本金屬製造業  ,241鋼鐵  ,11508.csv
建和實業有限公司,99603343,08210000087047,新北市五股區興珍里五權三路二七號,新北市五股區興珍里,楊勝宗,22577739,有限公司,0821227,0830131,生產中,24基本金屬製造業、25金屬製品製造業  ,241鋼鐵、254金屬加工處理  ,11508.csv
宏榮鑄造有限公司,10000274,,嘉義縣太保市過溝里嘉太工業區光復路18號,嘉義縣太保市過溝里,黃吉和,24912392,有限公司,,1060926,生產中,24基本金屬製造業  ,241鋼鐵  ,11508.csv
宸暐金屬工業股份有限公司,66004634,,臺中市大安區海墘里大安港路942號,臺中市大安區海墘里,林緯峰,54766781,股份有限公司,,1050531,生產中,24基本金屬製造業  ,241鋼鐵  ,11508.csv
宸暘鑄造股份有限公司,13000647,,屏東縣長治鄉繁昌村中山路162號,屏東縣長治鄉繁昌村,陳志忠,54966535,股份有限公司,,1090928,生產中,24基本金屬製造業  ,241鋼鐵  ,11508.csv
岡廷企業有限公司,99685125,07410012092652,高雄市大寮區潮寮里田單四街２４號,高雄市大寮區潮寮里,林建廷,22848347,有限公司,0791231,0791231,生產中,24基本金屬製造業、25金屬製品製造業、21橡膠製品製造業、22塑膠製品製造業  ,241鋼鐵、242鋁、243銅、249其他基本金屬、254金屬加工處理、259其他金屬製品、210橡膠製品、220塑膠製品  ,11508.csv
峰鼎建設有限公司,65012947,,新北市土城區廷寮里永豐路195巷2之1號5樓,新北市土城區廷寮里,楊騰越,54735021,有限公司,,1140815,生產中,24基本金屬製造業  ,241鋼鐵  ,11508.csv
崙金企業股份有限公司永康廠,99656921,07510000335514,臺南市永康區王行里環工路91號,臺南市永康區王行里,高全合　,16335501,股份有限公司,0751228,0770601,生產中,24基本金屬製造業、25金屬製品製造業  ,241鋼鐵、254金屬加工處理  ,11508.csv
廣豐特殊鋼有限公司,99662194,07810012145540,高雄市岡山區台上里成功路４６０巷１０號,高雄市岡山區台上里,朱炳憲,23834460,有限公司,0791231,0791231,生產中,24基本金屬製造業  ,241鋼鐵  ,11508.csv
建易企業有限公司,99671214,06510000056685,臺中市東區樂成里振興路２７９號,臺中市東區樂成里,陳憲一,52365304,有限公司,0580101,0660112,生產中,24基本金屬製造業、25金屬製品製造業  ,241鋼鐵、254金屬加工處理  ,11508.csv
弘原鋼鐵工業股份有限公司,99613250,07010000089979,新北市樹林區圳安里俊英街一一一巷一七號,新北市樹林區圳安里,吳梁木,22079304,股份有限公司,0580101,0701008,生產中,24基本金屬製造業、25金屬製品製造業、29機械設備製造業、26電子零組件製造業  ,241鋼鐵、254金屬加工處理、259其他金屬製品、293通用機械設備、264光電材料及元件、269其他電子零組件、251金屬刀具、手工具及模具  ,11508.csv
強新工業股份有限公司,99656893,08210000087028,臺南市佳里區海澄里萊芉寮12之19號,臺南市佳里區海澄里,吳孟縈,84703335,股份有限公司,0821224,0830611,生產中,24基本金屬製造業、18化學材料及肥料製造業  ,241鋼鐵、181化學原材料  ,11508.csv
強新工業股份有限公司五廠,67001259,,臺南市佳里區海澄里萊芉寮12之35號,臺南市佳里區海澄里,吳孟縈,84703335,股份有限公司,,1040723,生產中,24基本金屬製造業  ,241鋼鐵  ,11508.csv
強新工業股份有限公司佳里七廠,67002599,,臺南市佳里區海澄里萊芉寮12之37號,臺南市佳里區海澄里,吳孟縈,84703335,股份有限公司,,1081225,生產中,24基本金屬製造業  ,241鋼鐵  ,11508.csv
強新工業股份有限公司佳里三廠,99709710,,臺南市佳里區海澄里萊芉寮12之22、12之23、12之25號,臺南市佳里區海澄里,吳孟縈,84703335,股份有限公司,,0960117,生產中,24基本金屬製造業  ,241鋼鐵  ,11508.csv
福隆尖端科技股份有限公司,99683429,08810000060897,臺南市善化區溪美里溪尾72之36號,臺南市善化區溪美里,蔡子良　　　,73630027,股份有限公司,0880129,0890125,生產中,24基本金屬製造業、25金屬製品製造業、29機械設備製造業  ,241鋼鐵、259其他金屬製品、293通用機械設備  ,11508.csv
安定企業有限公司,99663668,07610012095414,高雄市大寮區潮寮里田單六街６號,高雄市大寮區潮寮里,鄭張美雪,85804486,有限公司,0791231,0791231,生產中,24基本金屬製造業  ,241鋼鐵  ,11508.csv
巨榜鋼鐵股份有限公司,99720541,,臺中市南區樹義里大慶街一段261號,臺中市南區樹義里,黃光宗,89695833,股份有限公司,,0980120,生產中,24基本金屬製造業、25金屬製品製造業  ,241鋼鐵、254金屬加工處理  ,11508.csv
帝壹統環保科技股份有限公司台中廠,99704178,,臺中市梧棲區草湳里自強路１６９號,臺中市梧棲區草湳里,王玉餘,28392153,股份有限公司,,0960326,生產中,24基本金屬製造業  ,241鋼鐵、242鋁、243銅  ,11508.csv
廣錩不銹鋼有限公司岡山廠,99685203,08610012171810,高雄市岡山區程香里岡燕路４８５巷９３號,高雄市岡山區程香里,陳建明,84884146,有限公司,0860913,0861121,生產中,24基本金屬製造業、25金屬製品製造業  ,241鋼鐵、252金屬結構及建築組件  ,11508.csv
強新工業股份有限公司佳里六廠A棟,67002067,,臺南市佳里區海澄里萊芉寮17之32號,臺南市佳里區海澄里,吳孟縈,84703335,股份有限公司,,1070608,生產中,24基本金屬製造業  ,241鋼鐵  ,11508.csv
強新工業股份有限公司佳里二廠,99656236,08910000906879,臺南市佳里區海澄里萊芉寮1之25號,臺南市佳里區海澄里,吳孟縈,84703335,股份有限公司,0891103,0900509,生產中,24基本金屬製造業、25金屬製品製造業  ,241鋼鐵、254金屬加工處理  ,11508.csv
強新工業股份有限公司佳里六廠B棟,67002068,,臺南市佳里區海澄里萊芉寮17之35號,臺南市佳里區海澄里,吳孟縈,84703335,股份有限公司,,1070608,生產中,24基本金屬製造業、24基本金屬製造業  ,241鋼鐵  ,11508.csv
安山實業股份有限公司大寮廠,99662341,07410012092362,高雄市大寮區大寮里大有一街３５號,高雄市大寮區大寮里,鄭坤瑞,97159510,股份有限公司,0791231,0791231,生產中,24基本金屬製造業  ,241鋼鐵  ,11508.csv
宏惠光電股份有限公司,99722666,,桃園市中壢區文化里安東路5號、5號2樓,桃園市中壢區文化里,張智年,22507994,股份有限公司,,0990923,生產中,27電腦、電子產品及光學製品製造業、25金屬製品製造業、24基本金屬製造業  ,277光學儀器及設備、275量測、導航、控制設備及鐘錶、271電腦及其週邊設備、251金屬刀具、手工具及模具、241鋼鐵、242鋁、243銅  ,11508.csv
宮島有限公司,99608618,,新北市新店區復興里中正路560巷15號1樓,新北市新店區復興里,張呂朴,80220028,有限公司,,0910910,生產中,24基本金屬製造業、25金屬製品製造業  ,241鋼鐵、254金屬加工處理  ,11508.csv
山內鑄造工業股份有限公司,99667652,06810000149850,新竹市香山區大湖里五福路一段四六六號,新竹市香山區大湖里,陳聰賢　　,47229723,股份有限公司,0681004,0691218,生產中,24基本金屬製造業  ,241鋼鐵  ,11508.csv
巨呈工業股份有限公司高雄大發廠,99665373,07410012093434,高雄市大寮區潮寮里建民街１７號,高雄市大寮區潮寮里,盧文力,22839375,股份有限公司,0791231,0791231,生產中,24基本金屬製造業  ,241鋼鐵  ,11508.csv
帝屋鑄造工廠股份有限公司,99654923,07610000195681,嘉義縣民雄鄉北斗村民雄工業區成功街35號,嘉義縣民雄鄉北斗村,黃文松,66651799,股份有限公司,0760527,0770621,生產中,24基本金屬製造業  ,241鋼鐵  ,11508.csv
康城機械工業有限公司,99631444,08810004308397,新竹縣竹東鎮瑞峰里６鄰燥樹排３７號,新竹縣竹東鎮瑞峰里,彭依強,86791191,有限公司,0881011,0881021,生產中,24基本金屬製造業、25金屬製品製造業  ,241鋼鐵、249其他基本金屬、259其他金屬製品  ,11508.csv
廣昇工業股份有限公司,99675464,06610000204293,臺南市安南區佃東里海佃路4段318號,臺南市安南區佃東里,高群博,69313007,股份有限公司,0661210,0670109,生產中,31其他運輸工具及其零件製造業、29機械設備製造業、24基本金屬製造業  ,241鋼鐵、292其他專用機械設備、312機車及其零件  ,11508.csv
建鑫鑄造工業有限公司,99681074,,彰化縣線西鄉塭仔村彰濱東二路１１號１樓,彰化縣線西鄉塭仔村,林宗毅,27438814,有限公司,,0981224,生產中,24基本金屬製造業、25金屬製品製造業  ,241鋼鐵、251金屬刀具、手工具及模具  ,11508.csv
弘運鋼鐵工業股份有限公司台南廠,99660329,08110000070934,臺南市官田區二鎮里成功街69號,臺南市官田區二鎮里,郭永成　　　,86119246,股份有限公司,0810226,0810310,生產中,24基本金屬製造業、25金屬製品製造業  ,241鋼鐵、254金屬加工處理  ,11508.csv
穎杰鑄造工業股份有限公司,99655956,05810000017325,嘉義縣太保市過溝里嘉太工業區和順路５號,嘉義縣太保市過溝里,涂志詠,66570608,股份有限公司,0580101,0700305,生產中,24基本金屬製造業  ,241鋼鐵  ,11508.csv
穎杰鑄造工業股份有限公司二廠,99675838,,嘉義縣太保市過溝里嘉太工業區光復路３２號,嘉義縣太保市過溝里,涂志詠,66570608,股份有限公司,,0930423,生產中,24基本金屬製造業  ,241鋼鐵  ,11508.csv
宏原鋼鐵有限公司一廠,S6700612,,臺南市新市區大社里大社580號,臺南市新市區大社里,吳柏賢,80014343,有限公司,,1091014,生產中,24基本金屬製造業、29機械設備製造業  ,241鋼鐵、292其他專用機械設備  ,11508.csv
富好股份有限公司大園廠,99627046,07710003144579,桃園市大園區五權里21鄰五青路150巷26號,桃園市大園區五權里,林麗珠,86869726,股份有限公司,0771018,0771102,生產中,24基本金屬製造業、25金屬製品製造業、29機械設備製造業  ,241鋼鐵、259其他金屬製品、293通用機械設備  ,11508.csv
展輝工業有限公司,66000205,,臺中市龍井區龍津里蚵寮路328號,臺中市龍井區龍津里,陳春生,22916512,有限公司,,1000428,生產中,24基本金屬製造業、25金屬製品製造業  ,241鋼鐵、242鋁、251金屬刀具、手工具及模具  ,11508.csv
山聯長金屬股份有限公司,99683111,07210011123006,臺南市仁德區一甲里太乙二街27號,臺南市仁德區一甲里,謝宗良,84794026,股份有限公司,0721118,0840308,生產中,24基本金屬製造業  ,241鋼鐵  ,11508.csv
巨盈企業有限公司,99632020,08210005020433,苗栗縣頭份市民生里一二鄰中華路四七二號,苗栗縣頭份市民生里,曾富田,86367625,股份有限公司,0820224,0820301,生產中,24基本金屬製造業  ,241鋼鐵  ,11508.csv
巨益工業有限公司,99664020,07410012092568,高雄市大寮區潮寮里富民街１３號,高雄市大寮區潮寮里,邱元利,86418841,有限公司,0791231,0791231,生產中,24基本金屬製造業  ,241鋼鐵  ,11508.csv
巽轟企業有限公司,99662469,07510012094709,高雄市大寮區潮寮里田單六街２０號,高雄市大寮區潮寮里,林明達,06722736,有限公司,0791231,0791231,生產中,24基本金屬製造業  ,241鋼鐵  ,11508.csv
建順煉鋼股份有限公司,99632693,,苗栗縣通霄鎮五北里68之4號,苗栗縣通霄鎮五北里,王丕彰,55695790,股份有限公司,,0641227,生產中,24基本金屬製造業  ,241鋼鐵  ,11508.csv
安鈦工業股份有限公司西屯廠,99670000,08310000153499,臺中市西屯區協和里工業區三十六路１８號,臺中市西屯區協和里,白烈光,23056595,股份有限公司,0830421,0830505,生產中,24基本金屬製造業  ,241鋼鐵  ,11508.csv
宏名鑄造廠股份有限公司三義廠,05000677,,苗栗縣三義鄉西湖村14鄰伯公坑39之7號,苗栗縣三義鄉西湖村,游其福,55971583,股份有限公司,,1101123,生產中,24基本金屬製造業  ,241鋼鐵  ,11508.csv
宏名鑄造廠股份有限公司,99641665,07210006094093,臺中市潭子區栗林里中山路三段287巷9弄154號,臺中市潭子區栗林里,游其福,55971583,股份有限公司,0720624,0790531,生產中,24基本金屬製造業  ,241鋼鐵  ,11508.csv
宏名鑄造廠股份有限公司二廠,66003211,,臺中市潭子區栗林里弘智街163號,臺中市潭子區栗林里,游其福,55971583,股份有限公司,,1031118,生產中,24基本金屬製造業  ,241鋼鐵  ,11508.csv
寰捷企業股份有限公司,99684383,,臺南市仁德區土庫里大順路131號,臺南市仁德區土庫里,李鈴卿,97041772,股份有限公司,,0930312,生產中,24基本金屬製造業  ,241鋼鐵  ,11508.csv
將立工業有限公司環河廠,S6500518,,新北市新莊區西盛里環漢路4段3號,新北市新莊區西盛里,郭金鳳,36275642,有限公司,,1101130,生產中,24基本金屬製造業、25金屬製品製造業  ,241鋼鐵、242鋁、243銅、252金屬結構及建築組件  ,11508.csv
岱宇國際股份有限公司彰化二廠,99681079,,彰化縣伸港鄉溪底村興工路３６號,彰化縣伸港鄉溪底村,林佑穎,23751545,股份有限公司,,0981230,生產中,33其他製造業、24基本金屬製造業、25金屬製品製造業  ,331育樂用品、241鋼鐵、252金屬結構及建築組件  ,11508.csv
峯鐵五金有限公司,65002868,,新北市新莊區西盛里瓊林南路201號1樓,新北市新莊區西盛里,周文隆,70655966,有限公司,,1030226,生產中,24基本金屬製造業、25金屬製品製造業  ,241鋼鐵、252金屬結構及建築組件、259其他金屬製品  ,11508.csv
峻榮工業股份有限公司,99679794,,彰化縣鹿港鎮海埔里工業西五路１８號,彰化縣鹿港鎮海埔里,吳鎮伯,97594128,股份有限公司,,0940906,生產中,24基本金屬製造業  ,241鋼鐵  ,11508.csv
帝祥工業股份有限公司,99624718,06810000220182,桃園市中壢區內定里北園路三四號,桃園市中壢區內定里,連榮次　　　,07654216,股份有限公司,0580101,0701001,生產中,24基本金屬製造業  ,241鋼鐵  ,11508.csv
建龍機械工業股份有限公司樹林廠,65010653,,新北市樹林區東山里東豐街85巷9號1、2、3、4樓,新北市樹林區東山里,郭呂鳳嬌,86179150,股份有限公司,,1110919,生產中,24基本金屬製造業、25金屬製品製造業、29機械設備製造業  ,241鋼鐵、242鋁、251金屬刀具、手工具及模具、254金屬加工處理、291金屬加工用機械設備、293通用機械設備  ,11508.csv
寁登有限公司,66008913,,臺中市龍井區忠和里海尾路240巷34號2樓,臺中市龍井區忠和里,林柏成,83376848,有限公司,,1100310,生產中,24基本金屬製造業、25金屬製品製造業  ,241鋼鐵、242鋁、254金屬加工處理、259其他金屬製品  ,11508.csv
寰義鋼管股份有限公司,99663873,07510012072649,高雄市大樹區竹寮里竹寮路１６之１號,高雄市大樹區竹寮里,黃招猛,85961014,股份有限公司,0791231,0791231,生產中,24基本金屬製造業、29機械設備製造業  ,241鋼鐵、293通用機械設備  ,11508.csv
尚興鋼鐵工業股份有限公司,99662403,06910012045359,高雄市仁武區竹後里竹工二巷１９號,高雄市仁武區竹後里,余正彥,85655752,股份有限公司,0791231,0791231,生產中,24基本金屬製造業、25金屬製品製造業  ,241鋼鐵、254金屬加工處理  ,11508.csv
帆茂股份有限公司,67001884,,臺南市永康區東橋里中正路279巷5號,臺南市永康區東橋里,林哲弘,64931085,股份有限公司,,1060921,生產中,24基本金屬製造業  ,241鋼鐵  ,11508.csv
建泰鐵工廠股份有限公司,63021153,05263000001141,臺北市內湖區葫洲里安康路九十七號,臺北市內湖區葫洲里,高鴻耀,24047103,股份有限公司,0510101,0520913,生產中,24基本金屬製造業  ,241鋼鐵  ,11508.csv
禾莆有限公司,99704705,,高雄市仁武區竹後里鳳仁路３６９巷２３弄２號,高雄市仁武區竹後里,劉展良,80112490,有限公司,,0940421,生產中,24基本金屬製造業、29機械設備製造業  ,241鋼鐵、293通用機械設備  ,11508.csv
宇隆企業社,65002365,,新北市新莊區化成里化成路178巷7號,新北市新莊區化成里,陳德芳,99295250,獨資,,1020718,生產中,24基本金屬製造業  ,241鋼鐵  ,11508.csv
富泰益實業有限公司,13000530,,屏東縣屏東市清溪里15鄰建國路332巷44弄66號,屏東縣屏東市清溪里,林家慶,16683297,有限公司,,1071220,生產中,24基本金屬製造業  ,241鋼鐵  ,11508.csv
寶一金屬工業股份有限公司,99658595,06710000084059,臺南市將軍區忠嘉里忠興132之6號,臺南市將軍區忠嘉里,蔡江乾　　　,72140141,股份有限公司,0670519,0680321,生產中,25金屬製品製造業、30汽車及其零件製造業、24基本金屬製造業  ,259其他金屬製品、303汽車零件、241鋼鐵  ,11508.csv
寶發鋼鐵廠股份有限公司,99662903,07010012054604,高雄市仁武區竹後里水管路２１號,高雄市仁武區竹後里,黃家核,85803846,股份有限公司,0791231,0791231,生產中,24基本金屬製造業  ,241鋼鐵  ,11508.csv
尚藝不銹鋼工業有限公司,99692275,,新北市樹林區三多里三俊街73巷11號,新北市樹林區三多里,林碧卿,96895771,有限公司,,0930323,生產中,24基本金屬製造業、25金屬製品製造業、29機械設備製造業  ,241鋼鐵、254金屬加工處理、253金屬容器、259其他金屬製品、293通用機械設備  ,11508.csv
廣南昌實業股份有限公司二廠,S6601695,,臺中市大里區夏田里國中路452號,臺中市大里區夏田里,楊佑澤,12607805,股份有限公司,,1100408,生產中,24基本金屬製造業  ,241鋼鐵  ,11508.csv
福茂精密工業有限公司,99685485,,高雄市燕巢區安招里安林四街３０號,高雄市燕巢區安招里,吳乙龍,80699083,有限公司,,0930311,生產中,24基本金屬製造業、29機械設備製造業  ,241鋼鐵、293通用機械設備  ,11508.csv
秉紘股份有限公司,99721623,,高雄市大寮區大寮里光華路16-5號,高雄市大寮區大寮里,林春香,27820760,股份有限公司,,0990324,生產中,21橡膠製品製造業、22塑膠製品製造業、24基本金屬製造業  ,210橡膠製品、220塑膠製品、241鋼鐵、242鋁、243銅、249其他基本金屬  ,11508.csv
立勤鋼鐵股份有限公司,99680885,,彰化縣線西鄉寓埔村彰濱東七路１號,彰化縣線西鄉寓埔村,黃信嘉,55975119,股份有限公司,,0980122,生產中,24基本金屬製造業  ,241鋼鐵  ,11508.csv
立勤鋼鐵股份有限公司神岡二廠,99637579,06110006120465,臺中市神岡區北庄里中山路1029號,臺中市神岡區北庄里,黃信嘉,55975119,股份有限公司,0610107,0610107,生產中,24基本金屬製造業、25金屬製品製造業  ,241鋼鐵、254金屬加工處理  ,11508.csv
立勤鋼鐵股份有限公司神岡廠,99637575,08110006183143,臺中市神岡區北庄里中山路1029之2號,臺中市神岡區北庄里,黃信嘉,55975119,股份有限公司,0810919,0810930,生產中,25金屬製品製造業、24基本金屬製造業  ,254金屬加工處理、259其他金屬製品、241鋼鐵  ,11508.csv
立宏鋼鐵股份有限公司,99647265,07710007054370,彰化縣彰化市國聖里國聖路２６０號,彰化縣彰化市國聖里,陳正嘉　,22813852,股份有限公司,0770127,0770426,生產中,24基本金屬製造業、29機械設備製造業  ,241鋼鐵、293通用機械設備  ,11508.csv
宏湃企業股份有限公司,99718794,,新北市五股區興珍里五權二路一七號一、二樓,新北市五股區興珍里,李炫貝,12981339,股份有限公司,,0971027,生產中,21橡膠製品製造業、22塑膠製品製造業、24基本金屬製造業、25金屬製品製造業、26電子零組件製造業  ,210橡膠製品、220塑膠製品、241鋼鐵、242鋁、243銅、259其他金屬製品、262被動電子元件  ,11508.csv
宗興科技有限公司第二廠,99673198,08810000060800,臺南市南區彰南里新孝路189之1號,臺南市南區彰南里,田宇峯,16711202,有限公司,0880126,0880301,生產中,24基本金屬製造業、25金屬製品製造業  ,241鋼鐵、252金屬結構及建築組件  ,11508.csv
富良工業股份有限公司,99660600,07610011095308,臺南市永康區尚頂里中正二街105巷33號,臺南市永康區尚頂里,凃冠良　,23086367,股份有限公司,0760817,0780327,生產中,24基本金屬製造業、30汽車及其零件製造業、31其他運輸工具及其零件製造業  ,241鋼鐵、303汽車零件、312機車及其零件  ,11508.csv
崇鑫鋼鐵廠股份有限公司,99621192,08010003000105,桃園市桃園區玉山里漢中路一三五號,桃園市桃園區玉山里,陳志清　　　,22053888,股份有限公司,0800117,0810129,生產中,24基本金屬製造業、25金屬製品製造業  ,241鋼鐵、254金屬加工處理  ,11508.csv
崧竣有限公司,S6601712,,臺中市烏日區螺潭里慶光路112-1號,臺中市烏日區螺潭里,卓宴華,27612398,有限公司,,1100629,生產中,24基本金屬製造業、24基本金屬製造業  ,241鋼鐵  ,11508.csv
嶠豐企業有限公司外埔廠,66001562,,臺中市外埔區水美里二崁路588巷26、28、30、32號,臺中市外埔區水美里,陳子誠,22505335,有限公司,,1011228,生產中,25金屬製品製造業、24基本金屬製造業  ,254金屬加工處理、241鋼鐵  ,11508.csv
康祥實業有限公司觀音廠,S6800339,,桃園市觀音區富源里7鄰富源一路126之3號,桃園市觀音區富源里,徐美珠,70620777,有限公司,,1090630,生產中,24基本金屬製造業、29機械設備製造業  ,241鋼鐵、293通用機械設備  ,11508.csv
廣吉鋼鐵有限公司仁武廠,99663864,08310012012698,高雄市仁武區烏林里仁心路２９６之２號,高雄市仁武區烏林里,翁林寶桂,76420967,有限公司,0830128,0850506,生產中,24基本金屬製造業  ,241鋼鐵  ,11508.csv
彗勤企業股份有限公司蘆竹廠,99625580,08310003065360,桃園市蘆竹區中福里龍壽街一段95巷38號,桃園市蘆竹區中福里,李煥燦　　,05015116,獨資,0830607,0840805,生產中,24基本金屬製造業、25金屬製品製造業  ,241鋼鐵、251金屬刀具、手工具及模具  ,11508.csv
福泉鋼業股份有限公司,99600334,05810000006876,新北市五股區成泰里成泰路三段二巷三號,新北市五股區成泰里,陳晉祿,07506222,股份有限公司,0580101,0591105,生產中,24基本金屬製造業、25金屬製品製造業、29機械設備製造業  ,241鋼鐵、254金屬加工處理、259其他金屬製品、291金屬加工用機械設備、293通用機械設備  ,11508.csv
立捷興有限公司,99641398,08810006038509,臺中市龍井區忠和里海尾路240巷34號1樓,臺中市龍井區忠和里,林榮聰,16405386,有限公司,0880503,0890210,生產中,24基本金屬製造業、25金屬製品製造業、32家具製造業  ,241鋼鐵、251金屬刀具、手工具及模具、320家具、259其他金屬製品  ,11508.csv
笙曜企業有限公司高雄廠,99685250,08010012173001,高雄市梓官區梓信里四維路１６９號,高雄市梓官區梓信里,洪振益,22144403,有限公司,0801206,0811109,生產中,24基本金屬製造業、25金屬製品製造業  ,241鋼鐵、259其他金屬製品  ,11508.csv
守建企業有限公司,64005766,,高雄市小港區山明里長泰街４０號,高雄市小港區山明里,朱秀娥,13161680,有限公司,,0910612,生產中,24基本金屬製造業  ,241鋼鐵  ,11508.csv
宏于電機股份有限公司,65001708,,新北市樹林區金寮里武林街2-3號1-6樓,新北市樹林區金寮里,詹家榮,22418992,有限公司,,1010914,生產中,24基本金屬製造業、28電力設備及配備製造業、25金屬製品製造業  ,241鋼鐵、242鋁、243銅、281發電、輸電及配電機械、283電線及配線器材、259其他金屬製品  ,11508.csv
宏源順企業有限公司,99663025,08210012025926,高雄市路竹區北嶺里民有路６３５巷１６號,高雄市路竹區北嶺里,黃建明,84160445,有限公司,0820226,0820611,生產中,24基本金屬製造業  ,241鋼鐵、243銅  ,11508.csv
宏肯企業股份有限公司,99664546,06910012063985,高雄市鳳山區鎮北里鎮北北巷２２之５號,高雄市鳳山區鎮北里,陳輝雄,81071481,股份有限公司,0791231,0791231,生產中,24基本金屬製造業、31其他運輸工具及其零件製造業  ,241鋼鐵、312機車及其零件  ,11508.csv
宏肯企業股份有限公司鳳山廠,99664547,08410012074140,高雄市鳳山區鎮北里鳳仁路１１０巷５３號,高雄市鳳山區鎮北里,陳輝雄,81071481,股份有限公司,0840502,0840927,生產中,32家具製造業、24基本金屬製造業、30汽車及其零件製造業、31其他運輸工具及其零件製造業  ,320家具、241鋼鐵、303汽車零件、312機車及其零件  ,11508.csv
宏隆鋼鐵企業有限公司,99694404,,新北市蘆洲區得仁里國道路2段30巷35、37號,新北市蘆洲區得仁里,陳保生,22480138,有限公司,,0940802,生產中,24基本金屬製造業、25金屬製品製造業  ,241鋼鐵、254金屬加工處理  ,11508.csv
富華傢俱有限公司,65002301,,新北市土城區沛陂里中山路79號,新北市土城區沛陂里,陳群元,28887606,有限公司,,1020620,生產中,24基本金屬製造業、25金屬製品製造業、32家具製造業  ,241鋼鐵、254金屬加工處理、320家具  ,11508.csv
寶健銅板金屬有限公司,99611213,07810001257144,新北市新莊區思源里中正路四八號,新北市新莊區思源里,呂明勝,23400112,有限公司,0780831,0780921,生產中,24基本金屬製造業、25金屬製品製造業  ,254金屬加工處理、241鋼鐵、242鋁、243銅  ,11508.csv
寶億工業股份有限公司,99640044,07310006033269,臺中市神岡區社南里中山路851巷12號,臺中市神岡區社南里,蘇慶添,56806653,股份有限公司,0730310,0730318,生產中,24基本金屬製造業  ,241鋼鐵  ,11508.csv
尚承鋼鐵股份有限公司,64004713,7664106148,高雄市小港區龍鳳里大業南路７號,高雄市小港區龍鳳里,余正彥,27208480,股份有限公司,0760731,0801120,生產中,24基本金屬製造業  ,241鋼鐵  ,11508.csv
嶸業鋼鐵股份有限公司,99712266,,高雄市永安區維新里永工三路８號,高雄市永安區維新里,陳月嫌,12886412,股份有限公司,,0970902,生產中,24基本金屬製造業  ,241鋼鐵  ,11508.csv
川鉅實業有限公司,99632080,08410005097759,苗栗縣通霄鎮通灣里一一鄰通灣一０八之三號,苗栗縣通霄鎮通灣里,邱元欽,89521159,有限公司,0840902,0840907,生產中,24基本金屬製造業、25金屬製品製造業  ,241鋼鐵、254金屬加工處理、249其他基本金屬  ,11508.csv
康聚醫學科技股份有限公司仁德廠,99684270,,臺南市仁德區土庫里太乙路106號,臺南市仁德區土庫里,周宜錦,64861742,股份有限公司,,0921024,生產中,24基本金屬製造業  ,241鋼鐵  ,11508.csv
廣喆金屬工業股份有限公司,99622731,,桃園市八德區大安里長安街61號,桃園市八德區大安里,陳世祿,70454237,股份有限公司,,0901217,生產中,24基本金屬製造業、25金屬製品製造業、29機械設備製造業、30汽車及其零件製造業、31其他運輸工具及其零件製造業  ,241鋼鐵、251金屬刀具、手工具及模具、293通用機械設備、303汽車零件、312機車及其零件  ,11508.csv
福泉鋼業股份有限公司頭城廠,99620037,07710002070586,宜蘭縣頭城鎮拔雅里吉祥路97號,宜蘭縣頭城鎮拔雅里,陳晉祿　　,07506222,股份有限公司,0770915,0771224,生產中,24基本金屬製造業  ,241鋼鐵  ,11508.csv
福西機械有限公司,99617187,08710001555660,新北市三重區中興里重新路五段六二七巷一三號,新北市三重區中興里,吳秀紋,16543607,有限公司,0870824,0880318,生產中,24基本金屬製造業、25金屬製品製造業、29機械設備製造業  ,293通用機械設備、251金屬刀具、手工具及模具、241鋼鐵、254金屬加工處理、259其他金屬製品  ,11508.csv
福誠股份有限公司,99606089,06210000007547,新北市鶯歌區南靖里文化路三二四巷二三號,新北市鶯歌區南靖里,陳文成,33954344,股份有限公司,0580101,0630330,生產中,23非金屬礦物製品製造業、24基本金屬製造業、25金屬製品製造業  ,232耐火、黏土建材及其他陶瓷製品、241鋼鐵、254金屬加工處理  ,11508.csv
禹鋼實業股份有限公司,99651111,06710000077929,彰化縣永靖鄉五汴村中山路３段１１４號,彰化縣永靖鄉五汴村,黃坤森,23392865,股份有限公司,0670515,0670923,生產中,24基本金屬製造業  ,241鋼鐵  ,11508.csv
精冶科技工業股份有限公司,99717903,,桃園市楊梅區頭湖里泰圳路441巷27號,桃園市楊梅區頭湖里,游昭祥,29097117,股份有限公司,,0981112,生產中,24基本金屬製造業  ,241鋼鐵  ,11508.csv
精剛精密科技股份有限公司二廠,67001426,,臺南市柳營區大農里工一路10號,臺南市柳營區大農里,薄慧雲,80334042,股份有限公司,,1050216,生產中,24基本金屬製造業  ,241鋼鐵  ,11508.csv
精華鐳射有限公司,65002495,,新北市新莊區西盛里民安路396巷12號1樓,新北市新莊區西盛里,張淑芬,80588214,有限公司,,1020915,生產中,24基本金屬製造業、25金屬製品製造業  ,241鋼鐵、254金屬加工處理  ,11508.csv
守誠機械鑄造股份有限公司,99641978,06710006005642,臺中市太平區德隆里德明路303號,臺中市太平區德隆里,羅志偉,97508783,股份有限公司,0670115,0700819,生產中,24基本金屬製造業  ,241鋼鐵  ,11508.csv
宏昌精密工業股份有限公司,99624593,08810000064443,桃園市蘆竹區坑口里大有街3號,桃園市蘆竹區坑口里,謝宗衡,16718979,股份有限公司,0880603,0890728,生產中,24基本金屬製造業  ,241鋼鐵、243銅  ,11508.csv
宗進金屬股份有限公司,99655760,07710000286090,嘉義縣民雄鄉北斗村中正路４６號,嘉義縣民雄鄉北斗村,廖明傑,76358990,股份有限公司,0771223,0790824,生產中,24基本金屬製造業、25金屬製品製造業、29機械設備製造業  ,241鋼鐵、254金屬加工處理、251金屬刀具、手工具及模具、293通用機械設備  ,11508.csv
宥勝金屬工業有限公司,10000048,,嘉義縣民雄鄉北斗村6鄰成功二街27號,嘉義縣民雄鄉北斗村,呂明津,28757998,有限公司,,1001017,生產中,24基本金屬製造業、25金屬製品製造業  ,241鋼鐵、259其他金屬製品  ,11508.csv
嶺航企業股份有限公司,99694316,,新北市五股區五福里成泰路二段一九五巷一五號,新北市五股區五福里,吳錦燦,23512539,股份有限公司,,0940711,生產中,24基本金屬製造業、25金屬製品製造業、29機械設備製造業  ,241鋼鐵、254金屬加工處理、242鋁、243銅、249其他基本金屬、293通用機械設備、251金屬刀具、手工具及模具  ,11508.csv
立順金屬有限公司,99711579,,臺南市永康區南灣里南興路2巷9號,臺南市永康區南灣里,林明宏,84398341,有限公司,,0970922,生產中,24基本金屬製造業  ,241鋼鐵  ,11508.csv
竣鑫工業股份有限公司,99621479,08510003139004,桃園市蘆竹區長興里長興路4段227巷21、23、25、27、29號,桃園市蘆竹區長興里,王聖耀,97011643,有限公司,0850809,0851011,生產中,24基本金屬製造業、25金屬製品製造業  ,241鋼鐵、259其他金屬製品  ,11508.csv
竹洲工業股份有限公司南崗廠,99652497,07910000000480,南投縣南投市福興里南崗三路九九號,南投縣南投市福興里,劉怡青,22135116,股份有限公司,0790605,0790605,生產中,24基本金屬製造業、25金屬製品製造業  ,241鋼鐵、254金屬加工處理  ,11508.csv
精鈺金屬工業股份有限公司,99630503,07310000246143,新竹縣湖口鄉鳳山村文化路21號,新竹縣湖口鄉鳳山村,林熾燦　,05420993,股份有限公司,0730911,0740418,生產中,24基本金屬製造業、25金屬製品製造業  ,241鋼鐵、259其他金屬製品  ,11508.csv
富煜工業股份有限公司,08000016,,南投縣南投市永豐里工業北路59號,南投縣南投市永豐里,許智皓,27483182,股份有限公司,,1000328,生產中,24基本金屬製造業、25金屬製品製造業  ,241鋼鐵、259其他金屬製品  ,11508.csv
福特六和汽車股份有限公司,99622998,05810000004599,桃園市中壢區忠義里中華路一段705號,桃園市中壢區忠義里,陳文芳,44520211,股份有限公司,0580101,0590501,生產中,30汽車及其零件製造業、31其他運輸工具及其零件製造業、24基本金屬製造業、25金屬製品製造業  ,241鋼鐵、251金屬刀具、手工具及模具、319未分類其他運輸工具及其零件、301汽車  ,11508.csv
立侑機械有限公司,99636209,07610006152204,臺中市豐原區南村里文化街五六號,臺中市豐原區南村里,賴福立,23234424,有限公司,0760915,0761005,生產中,24基本金屬製造業、25金屬製品製造業、28電力設備及配備製造業、29機械設備製造業  ,241鋼鐵、242鋁、243銅、252金屬結構及建築組件、259其他金屬製品、289其他電力設備及配備、293通用機械設備  ,11508.csv
笠源科技股份有限公司,09000048,,雲林縣斗六市榴南里斗工十二路十一號,雲林縣斗六市榴南里,王桂華,12367707,股份有限公司,,1000303,生產中,24基本金屬製造業  ,241鋼鐵  ,11508.csv
官田鋼鐵股份有限公司,99660367,08510000404416,臺南市官田區南廍里南119之5號I棟、J棟,臺南市官田區南廍里,郭文智,72065240,股份有限公司,0850517,0861008,生產中,24基本金屬製造業、25金屬製品製造業  ,241鋼鐵、259其他金屬製品  ,11508.csv
官田鋼鐵股份有限公司軋鋼廠,67004310,,臺南市官田區南廍里119之5號A、B、C、D、E、F、G、H棟,臺南市官田區南廍里,郭文智,72065240,股份有限公司,,1150402,生產中,24基本金屬製造業  ,241鋼鐵  ,11508.csv
官田鋼鐵股份有限公司麻豆廠,99660315,07910000338621,臺南市麻豆區麻口里柚安路二段586號,臺南市麻豆區麻口里,李崇聞,72065240,股份有限公司,0791127,0800904,生產中,24基本金屬製造業、25金屬製品製造業  ,241鋼鐵、249其他基本金屬、254金屬加工處理  ,11508.csv
富力達鋼鐵五金企業社,99668376,08810018130461,新竹市香山區埔前里牛埔南路二○七巷七號,新竹市香山區埔前里,洪世璋,19381633,獨資,0880727,0890405,生產中,25金屬製品製造業、24基本金屬製造業  ,241鋼鐵、259其他金屬製品  ,11508.csv
富琮工業股份有限公司二廠,99712855,,臺中市神岡區豐洲里豐洲路332巷14號,臺中市神岡區豐洲里,林燦生,84821728,股份有限公司,,0970717,生產中,24基本金屬製造業、25金屬製品製造業  ,241鋼鐵、254金屬加工處理  ,11508.csv
富豐鑄造廠,S6601698,,臺中市烏日區螺潭里2鄰慶光路80-7號,臺中市烏日區螺潭里,劉明照,69485922,合夥,,1100521,生產中,24基本金屬製造業  ,241鋼鐵  ,11508.csv
寶城鑄鋼廠股份有限公司,99637928,07810006132322,臺中市霧峰區坑口里中正路557巷14號,臺中市霧峰區坑口里,許智勝,23236921,股份有限公司,0780817,0780901,生產中,24基本金屬製造業  ,241鋼鐵  ,11508.csv
立達鋼鐵股份有限公司三重廠,99613113,06810000122835,新北市三重區中興里光復路二段三號,新北市三重區中興里,林文富,22185570,股份有限公司,0580101,0851120,生產中,24基本金屬製造業  ,241鋼鐵  ,11508.csv
竹陞企業股份有限公司三廠,99662247,07910012154924,高雄市路竹區三爺里民權路６０號,高雄市路竹區三爺里,王再哲,23851973,股份有限公司,0791231,0791231,生產中,24基本金屬製造業、25金屬製品製造業  ,241鋼鐵、259其他金屬製品  ,11508.csv
築地金屬有限公司,13001039,,屏東縣東港鎮船頭里船頭路27-16號,屏東縣東港鎮船頭里,張志國,82881805,有限公司,,1150310,生產中,24基本金屬製造業、24基本金屬製造業、25金屬製品製造業  ,241鋼鐵、242鋁、243銅、249其他基本金屬、254金屬加工處理  ,11508.csv
精鋼特殊金屬有限公司,99605710,06810000140405,新北市新莊區西盛里新樹路二九一號,新北市新莊區西盛里,陳董玲娟,86527952,有限公司,0580101,0681205,生產中,24基本金屬製造業、25金屬製品製造業  ,241鋼鐵、254金屬加工處理  ,11508.csv
結進不銹鋼工業股份有限公司,99706293,,臺南市永康區三民里民東路35號B棟,臺南市永康區三民里,鄭瑞昌,69683444,股份有限公司,,0950525,生產中,24基本金屬製造業  ,241鋼鐵  ,11508.csv
結進不銹鋼工業股份有限公司分條廠,99711766,,臺南市永康區三民里民東路29號,臺南市永康區三民里,鄭瑞昌,69683444,股份有限公司,,0980710,生產中,24基本金屬製造業  ,241鋼鐵  ,11508.csv
宏田鋼鐵有限公司,99630906,07910004068168,新竹縣竹北市泰和里沿河街７２號,新竹縣竹北市泰和里,鄧鎮田　　　,23687544,有限公司,0790906,0800621,生產中,24基本金屬製造業  ,241鋼鐵、249其他基本金屬  ,11508.csv
宜直慶企業股份有限公司,99683940,07710011123173,臺南市永康區東橋里中正路217巷3弄67號,臺南市永康區東橋里,陳鳳麟　,12928341,股份有限公司,0771028,0790323,生產中,24基本金屬製造業、25金屬製品製造業  ,241鋼鐵、254金屬加工處理、249其他基本金屬、259其他金屬製品  ,11508.csv
富資鋼鐵有限公司,99622795,08310003007226,桃園市蘆竹區新興里中興二街１５號,桃園市蘆竹區新興里,林雪瑛　,86222494,有限公司,0830308,0840125,生產中,24基本金屬製造業  ,241鋼鐵  ,11508.csv
立建工業股份有限公司,99633591,07810006131809,臺中市梧棲區草湳里臨港路三段168巷51弄36、38號,臺中市梧棲區草湳里,楊綢,56672887,股份有限公司,0780714,0790321,生產中,24基本金屬製造業、29機械設備製造業  ,241鋼鐵、293通用機械設備  ,11508.csv
立聲貿易有限公司岡山廠,99662954,07710012143202,高雄市岡山區台上里成功路４６０巷１８號,高雄市岡山區台上里,陳啟銘,07675042,有限公司,0791231,0791231,生產中,24基本金屬製造業、25金屬製品製造業  ,241鋼鐵、259其他金屬製品  ,11508.csv
立聲貿易有限公司林口廠,99624867,08510003011449,桃園市龜山區大崗里二一鄰頂湖二街六八號,桃園市龜山區大崗里,陳啟銘　　　,07675042,有限公司,0850507,0850517,生產中,24基本金屬製造業  ,241鋼鐵  ,11508.csv
競零再生科技股份有限公司,64009968,,高雄市小港區小港里台糖路9號,高雄市小港區小港里,林世民,94123650,股份有限公司,,1131018,生產中,18化學材料及肥料製造業、24基本金屬製造業  ,181化學原材料、241鋼鐵、242鋁、243銅、249其他基本金屬  ,11508.csv
結進不銹鋼工業股份有限公司軋延廠,67000319,,臺南市永康區三民里和平東路139號,臺南市永康區三民里,鄭瑞昌,69683444,股份有限公司,,1010220,生產中,24基本金屬製造業  ,241鋼鐵  ,11508.csv
耕進鑄造有限公司,07000778,,彰化縣鹿港鎮東石里工業西二路31號,彰化縣鹿港鎮東石里,黃月英,28407310,有限公司,,1020411,生產中,24基本金屬製造業  ,241鋼鐵  ,11508.csv
耕達不銹鋼股份有限公司南崁廠,99625552,07510003021401,桃園市蘆竹區內厝里內溪路37號,桃園市蘆竹區內厝里,黃柏誠,07656903,股份有限公司,0750325,0750410,生產中,24基本金屬製造業  ,241鋼鐵  ,11508.csv
聖格雷射精機有限公司,99618105,08910001159415,新北市新莊區營盤里中正路五五六之四號,新北市新莊區營盤里,高嘉隆,70485858,有限公司,0890603,0890628,生產中,24基本金屬製造業、25金屬製品製造業  ,241鋼鐵、254金屬加工處理、242鋁、243銅  ,11508.csv
聯吉工業股份有限公司,99643818,08010006230905,臺中市太平區建國里鵬儀路二九六巷九弄一號,臺中市太平區建國里,鄭炫如,52948701,股份有限公司,0801220,0800924,生產中,24基本金屬製造業  ,241鋼鐵、254金屬加工處理  ,11508.csv
育仁工業有限公司,99602741,08910001368703,新北市樹林區坡內里備內街一巷三五弄一０之一號,新北市樹林區坡內里,蔡振佳,12626486,有限公司,0891023,0891109,生產中,28電力設備及配備製造業、30汽車及其零件製造業、31其他運輸工具及其零件製造業、29機械設備製造業、25金屬製品製造業、24基本金屬製造業  ,251金屬刀具、手工具及模具、241鋼鐵、249其他基本金屬、303汽車零件、312機車及其零件、285家用電器、293通用機械設備  ,11508.csv
育協工業社,S6601694,,臺中市潭子區大富里潭富路三段17-1號,臺中市潭子區大富里,劉雅芳,45592346,獨資,,1100408,生產中,24基本金屬製造業  ,241鋼鐵  ,11508.csv
臨海鋼鐵工業股份有限公司,64000901,6264008109,高雄市小港區小港里光和路３５號,高雄市小港區小港里,黃清雲,85770367,股份有限公司,0620623,0640303,生產中,24基本金屬製造業  ,241鋼鐵  ,11508.csv
航陽環保資源股份有限公司,64007692,,高雄市大寮區大寮里華中路37號,高雄市大寮區大寮里,柯俊彥,89763368,股份有限公司,,1051128,生產中,24基本金屬製造業、25金屬製品製造業  ,241鋼鐵、242鋁、243銅、254金屬加工處理  ,11508.csv
般若科技股份有限公司,99670027,07810000284392,臺中市西屯區協和里工業區三十五路37號,臺中市西屯區協和里,蔡秋琦,22063416,股份有限公司,0781003,0820708,生產中,25金屬製品製造業、29機械設備製造業、24基本金屬製造業  ,259其他金屬製品、293通用機械設備、241鋼鐵、242鋁  ,11508.csv
英鈿工業股份有限公司抽線廠,64009202,,高雄市路竹區竹園里環球路32號,高雄市路竹區竹園里,顏仲仁,16884597,股份有限公司,,1101213,生產中,24基本金屬製造業  ,241鋼鐵  ,11508.csv
聚成鋼鐵有限公司,S0701647,,彰化縣花壇鄉花壇村番花路119巷169號,彰化縣花壇鄉花壇村,詹育峻,24891973,有限公司,,1110406,生產中,25金屬製品製造業、24基本金屬製造業  ,254金屬加工處理、241鋼鐵  ,11508.csv
聯鈺企業股份有限公司,99635069,08010006078351,臺中市外埔區大東里大馬路三一二號,臺中市外埔區大東里,劉  田,22294676,股份有限公司,0800528,0810406,生產中,29機械設備製造業、25金屬製品製造業、24基本金屬製造業  ,259其他金屬製品、293通用機械設備、241鋼鐵  ,11508.csv
良豪工業股份有限公司,99669953,07010000151212,臺中市南屯區寶山里工業區二十四路３３號,臺中市南屯區寶山里,黃豪,52467999,股份有限公司,0700810,0730125,生產中,24基本金屬製造業  ,241鋼鐵  ,11508.csv
良豪工業股份有限公司鹿港廠,99679906,,彰化縣鹿港鎮東石里工業西六路８號,彰化縣鹿港鎮東石里,黃豪,52467999,股份有限公司,,0941118,生產中,24基本金屬製造業  ,241鋼鐵  ,11508.csv
英屬維京群島商永冠能源材料股份有限公司台灣分公司,66010557,,臺中市龍井區麗水里環港路168號,臺中市龍井區麗水里,張賢銘,54394190,股份有限公司,,1120417,生產中,24基本金屬製造業  ,241鋼鐵  ,11508.csv
英銓鑄造工業股份有限公司三廠,07002380,,彰化縣線西鄉溝內村線平路33號,彰化縣線西鄉溝內村,劉英橱,22057863,股份有限公司,,1061114,生產中,24基本金屬製造業  ,241鋼鐵  ,11508.csv
英鼎工業股份有限公司,99635276,08110006071938,臺中市大甲區日南里幼九路11-1號,臺中市大甲區日南里,鄭翔升,22064604,股份有限公司,0780525,0780624,生產中,24基本金屬製造業、29機械設備製造業  ,241鋼鐵、293通用機械設備  ,11508.csv
羣軼企業有限公司,65009899,,新北市樹林區和平里鎮前街267號(1樓) ,新北市樹林區和平里,謝宜達,54056971,有限公司,,1101025,生產中,24基本金屬製造業、25金屬製品製造業  ,241鋼鐵、242鋁、249其他基本金屬、251金屬刀具、手工具及模具、254金屬加工處理、259其他金屬製品  ,11508.csv
群鋼實業股份有限公司,99655394,08110010004590,嘉義縣東石鄉西崙村栗子崙８６號,嘉義縣東石鄉西崙村,鄭明山,86525217,股份有限公司,0810630,0810716,生產中,24基本金屬製造業、25金屬製品製造業  ,241鋼鐵、254金屬加工處理  ,11508.csv
自翔工業有限公司,99662118,07410012093171,高雄市大寮區潮寮里田單二街15號,高雄市大寮區潮寮里,陳瑞章,81255495,有限公司,0791231,0791231,生產中,21橡膠製品製造業、22塑膠製品製造業、24基本金屬製造業、25金屬製品製造業  ,210橡膠製品、220塑膠製品、241鋼鐵、242鋁、243銅、249其他基本金屬、254金屬加工處理  ,11508.csv
臺豐鋼纜股份有限公司,99632596,06610005176712,苗栗縣通霄鎮通灣里四鄰三０之一一號,苗栗縣通霄鎮通灣里,葉佳鳳,49693508,股份有限公司,0661017,0661206,生產中,24基本金屬製造業、25金屬製品製造業  ,241鋼鐵、254金屬加工處理  ,11508.csv
臺豪鋼鐵股份有限公司,99665651,06210099123288,屏東縣萬丹鄉社上村萬丹路3段295、299、293、289號,屏東縣萬丹鄉社上村,張明賢,91766094,股份有限公司,0580101,0630318,生產中,24基本金屬製造業、25金屬製品製造業、29機械設備製造業  ,241鋼鐵、249其他基本金屬、251金屬刀具、手工具及模具、291金屬加工用機械設備、292其他專用機械設備、293通用機械設備  ,11508.csv
良佳鋼鐵有限公司,99665401,08810012800365,高雄市大寮區中庄里立德路１７３號,高雄市大寮區中庄里,陳建全,27632802,有限公司,0881104,0900102,生產中,24基本金屬製造業  ,241鋼鐵  ,11508.csv
良府鑄造有限公司,S6500512,,新北市新莊區西盛里環漢路3段526號,新北市新莊區西盛里,黃柏舜,36320288,有限公司,,1100308,生產中,24基本金屬製造業、25金屬製品製造業  ,241鋼鐵、242鋁、243銅、252金屬結構及建築組件  ,11508.csv
縈成細鋼索工業股份有限公司,99651231,06510000115201,彰化縣芬園鄉縣庄村碧園路２段５４４號,彰化縣芬園鄉縣庄村,洪信圭　　　,59178360,股份有限公司,0580101,0651012,生產中,24基本金屬製造業  ,241鋼鐵  ,11508.csv
聯盈氣體有限公司,99687123,,桃園市龜山區龍壽里東萬壽路六三四號,桃園市龜山區龍壽里,吳志勇,28881960,有限公司,,0920819,生產中,24基本金屬製造業  ,241鋼鐵  ,11508.csv
聯鐵企業股份有限公司,07005127,,彰化縣鹿港鎮東石里鹿工路19號,彰化縣鹿港鎮東石里,翁存義,86466168,股份有限公司,,1120417,生產中,24基本金屬製造業  ,241鋼鐵  ,11508.csv
聯鐵企業股份有限公司橋頭廠,99665287,07810012099388,高雄市橋頭區中崎里中崎路３６號,高雄市橋頭區中崎里,翁存義,86466168,股份有限公司,0791231,0791231,生產中,24基本金屬製造業  ,241鋼鐵  ,11508.csv
自翔工業有限公司大發三廠,99662117,08810000810216,高雄市大寮區潮寮里建民街18號,高雄市大寮區潮寮里,陳瑞章,81255495,有限公司,0880813,0880904,生產中,21橡膠製品製造業、22塑膠製品製造業、24基本金屬製造業、25金屬製品製造業  ,210橡膠製品、220塑膠製品、241鋼鐵、242鋁、243銅、249其他基本金屬、254金屬加工處理  ,11508.csv
自翔工業有限公司大發二廠,99662119,07410012093143,高雄市大寮區潮寮里田單二街１２號,高雄市大寮區潮寮里,陳瑞章,81255495,有限公司,0791231,0791231,生產中,21橡膠製品製造業、22塑膠製品製造業、24基本金屬製造業  ,210橡膠製品、220塑膠製品、241鋼鐵  ,11508.csv
興道企業股份有限公司,99623404,08510000404225,桃園市中壢區忠福里東園二路十八號,桃園市中壢區忠福里,江能火,23559920,股份有限公司,0850513,0851123,生產中,25金屬製品製造業、29機械設備製造業、24基本金屬製造業  ,252金屬結構及建築組件、241鋼鐵、259其他金屬製品、293通用機械設備、292其他專用機械設備  ,11508.csv
良益企業股份有限公司,99656700,06110000088304,臺南市西港區西港里西港2之30、2之36號,臺南市西港區西港里,陳宗明,72108178,股份有限公司,0610908,0620219,生產中,24基本金屬製造業、18化學材料及肥料製造業  ,241鋼鐵、181化學原材料  ,11508.csv
良鎰鑄造有限公司,99659003,07610000318705,臺南市山上區明和里興旺路496號,臺南市山上區明和里,林進忠,28510861,有限公司,0761103,0791210,生產中,24基本金屬製造業  ,241鋼鐵  ,11508.csv
翎喬金屬工業股份有限公司,99656696,07710000281211,臺南市永康區王行里興工路19及之1號,臺南市永康區王行里,洪清章　　　,22988260,股份有限公司,0771014,0771217,生產中,24基本金屬製造業  ,241鋼鐵  ,11508.csv
聚祥企業股份有限公司新莊廠,99694998,,新北市新莊區營盤里中正路514巷105弄100號1樓,新北市新莊區營盤里,張元菘,89533943,股份有限公司,,0941228,生產中,24基本金屬製造業、25金屬製品製造業  ,241鋼鐵、254金屬加工處理、252金屬結構及建築組件  ,11508.csv
英德工業股份有限公司抽線廠,64006550,,高雄市路竹區三爺里復興路812號,高雄市路竹區三爺里,顏仲仁,22766339,股份有限公司,,1010518,生產中,24基本金屬製造業  ,241鋼鐵  ,11508.csv
維駿鋼鐵有限公司,07006337,,彰化縣鹿港鎮東石里工業東二路3號,彰化縣鹿港鎮東石里,許智勝,60718559,有限公司,,1150210,生產中,24基本金屬製造業  ,241鋼鐵  ,11508.csv
群力精密科技股份有限公司,13000226,,屏東縣里港鄉鐵店村里港路415號,屏東縣里港鄉鐵店村,侯明賢,55963850,股份有限公司,,1030806,生產中,24基本金屬製造業、25金屬製品製造業、30汽車及其零件製造業  ,241鋼鐵、252金屬結構及建築組件、254金屬加工處理、303汽車零件  ,11508.csv
聯隆鑄造工業有限公司,07000843,,彰化縣線西鄉線西村線安路99號,彰化縣線西鄉線西村,周聯友,53610781,有限公司,,1020611,生產中,24基本金屬製造業  ,241鋼鐵  ,11508.csv
興拓工業股份有限公司,99639755,07410006050483,臺中市大肚區永和里溪洲路266、268、270號,臺中市大肚區永和里,趙承紘,97526620,股份有限公司,0740402,0710202,生產中,24基本金屬製造業  ,241鋼鐵  ,11508.csv
艾維思鐳射科技股份有限公司,65002637,,新北市土城區沛陂里自強街2之1號,新北市土城區沛陂里,江敏宏,27867048,股份有限公司,,1021121,生產中,27電腦、電子產品及光學製品製造業、25金屬製品製造業、24基本金屬製造業  ,271電腦及其週邊設備、241鋼鐵、259其他金屬製品  ,11508.csv
翔貿工業股份有限公司,99645397,08610000831036,彰化縣伸港鄉溪底村興工路６３之１號,彰化縣伸港鄉溪底村,陳新約　,97385564,股份有限公司,0860516,0870704,生產中,24基本金屬製造業  ,241鋼鐵  ,11508.csv
聖興鐵業有限公司三廠,S0703719,,彰化縣彰化市磚磘里水尾二路106巷臨107號,彰化縣彰化市磚磘里,張建文,28399825,有限公司,,1150413,生產中,24基本金屬製造業  ,241鋼鐵  ,11508.csv
聖興鐵業有限公司二廠,S0702711,,彰化縣彰化市磚磘里水尾二路87巷113號,彰化縣彰化市磚磘里,張建文,28399825,有限公司,,1131126,生產中,24基本金屬製造業  ,241鋼鐵  ,11508.csv
聯強產業股份有限公司,99634263,06510000015031,臺中市太平區光隆里光興路597巷23號,臺中市太平區光隆里,吳孟原,55744568,股份有限公司,0580101,0671228,生產中,24基本金屬製造業  ,241鋼鐵  ,11508.csv
至成企業社,99695416,,新北市五股區興珍里中興路一段一巷一號一樓,新北市五股區興珍里,高茂環,87777078,獨資,,0950426,生產中,24基本金屬製造業、25金屬製品製造業  ,241鋼鐵、254金屬加工處理、242鋁、243銅、251金屬刀具、手工具及模具、252金屬結構及建築組件  ,11508.csv
英泰開發有限公司,99662644,08810012066816,高雄市仁武區竹後里竹東路８０號,高雄市仁武區竹後里,林碧鳳,12726788,有限公司,0880423,0881227,生產中,24基本金屬製造業、25金屬製品製造業  ,241鋼鐵、252金屬結構及建築組件、259其他金屬製品  ,11508.csv
翔越工業有限公司,99627880,07610003136795,桃園市桃園區中德里國際路一段98巷11號,桃園市桃園區中德里,蔡秀美,69720291,有限公司,0761127,0771201,生產中,24基本金屬製造業、29機械設備製造業  ,241鋼鐵、293通用機械設備  ,11508.csv
美生金屬工業股份有限公司平鎮廠,99621889,07910000174570,桃園市平鎮區湧豐里平鎮工業區工業一路六號,桃園市平鎮區湧豐里,黃書賢,23529497,股份有限公司,0790926,0801106,生產中,24基本金屬製造業、25金屬製品製造業  ,241鋼鐵、254金屬加工處理  ,11508.csv
臺灣正侑股份有限公司,99710531,,南投縣南投市永豐里工業北六路6號,南投縣南投市永豐里,羅省,28399959,股份有限公司,,0960926,生產中,24基本金屬製造業、25金屬製品製造業、31其他運輸工具及其零件製造業  ,241鋼鐵、252金屬結構及建築組件、253金屬容器、259其他金屬製品、319未分類其他運輸工具及其零件  ,11508.csv
臺灣正昇金屬股份有限公司,99657652,07710000262853,臺南市新營區嘉芳里忠孝路2、6、12號,臺南市新營區嘉芳里,林孟儒　　　,22943031,股份有限公司,0770628,0790425,生產中,24基本金屬製造業  ,241鋼鐵  ,11508.csv
英盟股份有限公司,99617852,08610001227843,新北市樹林區三多里三俊街五０之一號,新北市樹林區三多里,邱麗珠,96908071,股份有限公司,0860627,0860809,生產中,28電力設備及配備製造業、24基本金屬製造業、25金屬製品製造業  ,241鋼鐵、254金屬加工處理、283電線及配線器材、289其他電力設備及配備、284照明設備及配備  ,11508.csv
總鎰金屬工業有限公司二廠,S6601675,,臺中市大肚區營埔里船頭一街39巷21號,臺中市大肚區營埔里,程榮通,86106798,有限公司,,1100125,生產中,24基本金屬製造業  ,241鋼鐵  ,11508.csv
耀鑫工業有限公司,99662876,08510012121523,高雄市路竹區北嶺里民有路６３５巷１號,高雄市路竹區北嶺里,楊志強,86585798,有限公司,0850716,0850806,生產中,24基本金屬製造業、25金屬製品製造業  ,241鋼鐵、259其他金屬製品  ,11508.csv
聖財不銹鋼有限公司,99636709,08910006195113,臺中市豐原區北陽里圓環東路六九六號,臺中市豐原區北陽里,張六財,70505777,有限公司,0891024,0891109,生產中,24基本金屬製造業  ,241鋼鐵  ,11508.csv
聯成鋼鐵股份有限公司桃園廠,99623583,07710000282756,桃園市新屋區石磊里中華路996號,桃園市新屋區石磊里,葉石成　　　,22822748,股份有限公司,0771108,0790412,生產中,24基本金屬製造業  ,241鋼鐵  ,11508.csv
群曜特殊鋼股份有限公司,99713771,,臺中市大里區仁化里工業九路130號,臺中市大里區仁化里,張金生,84561595,股份有限公司,,0990723,生產中,24基本金屬製造業、25金屬製品製造業  ,241鋼鐵、259其他金屬製品  ,11508.csv
群毅工業有限公司中壢廠,99624513,09010003351425,桃園市中壢區過嶺里４鄰福祥路２８９巷５號,桃園市中壢區過嶺里,陳建良,16342952,有限公司,0900208,0900216,生產中,25金屬製品製造業、24基本金屬製造業  ,241鋼鐵、243銅、259其他金屬製品  ,11508.csv
聯僑鋼鐵股份有限公司,99663752,06410012045341,高雄市仁武區烏林里仁心路３３３號,高雄市仁武區烏林里,郭上輝,83438302,股份有限公司,0791231,0791231,生產中,24基本金屬製造業  ,241鋼鐵  ,11508.csv
聯昇企業社三廠,S0701332,,彰化縣埔心鄉埔心村武英北路546號,彰化縣埔心鄉埔心村,黃永濂,14623339,合夥,,1091005,生產中,24基本金屬製造業、25金屬製品製造業  ,241鋼鐵、252金屬結構及建築組件  ,11508.csv
聯昇企業社二廠,S0701331,,彰化縣埔心鄉二重村瑤鳳路三段127巷17號,彰化縣埔心鄉二重村,黃永濂,14623339,合夥,,1091005,生產中,24基本金屬製造業、25金屬製品製造業  ,241鋼鐵、252金屬結構及建築組件、254金屬加工處理  ,11508.csv
臺灣理研工業股份有限公司,99602678,05810000001317,新北市五股區成泰里成泰路3段41號,新北市五股區成泰里,何政廷,35500993,股份有限公司,0580101,0580101,生產中,24基本金屬製造業、25金屬製品製造業、29機械設備製造業、30汽車及其零件製造業、31其他運輸工具及其零件製造業  ,241鋼鐵、254金屬加工處理、293通用機械設備、303汽車零件、312機車及其零件  ,11508.csv
義田工業股份有限公司,99659059,07310000128594,臺南市山上區明和里北勢洲93號,臺南市山上區明和里,邱建銘,72215037,股份有限公司,0730618,0740319,生產中,24基本金屬製造業  ,241鋼鐵  ,11508.csv
翊弘金屬業股份有限公司,99633820,08310006155265,臺中市大甲區日南里幼九路13號,臺中市大甲區日南里,謝鈞洲,05807124,股份有限公司,0830601,0770315,生產中,24基本金屬製造業  ,241鋼鐵  ,11508.csv
翰德精密工業股份有限公司,81100083,,屏東縣長治鄉德和村神農東路22號,屏東縣長治鄉德和村,鍾宇,54921572,股份有限公司,,1100511,生產中,24基本金屬製造業  ,241鋼鐵  ,11508.csv
能瑋不銹鋼有限公司,S0700054,,彰化縣大村鄉黃厝村山腳路60-2號,彰化縣大村鄉黃厝村,賴杉平,70662179,有限公司,,1090428,生產中,24基本金屬製造業、25金屬製品製造業  ,241鋼鐵、254金屬加工處理  ,11508.csv
興南鑄造廠股份有限公司山上一廠,99658993,08310000152076,臺南市山上區明和里興旺路198號,臺南市山上區明和里,鄧景名,69004902,股份有限公司,0830309,0860324,生產中,24基本金屬製造業  ,241鋼鐵  ,11508.csv
興南鑄造廠股份有限公司山上三廠,11000022,,臺南市山上區明和里興旺路198之1號,臺南市山上區明和里,鄧景名,69004902,股份有限公司,,0991118,生產中,24基本金屬製造業  ,241鋼鐵  ,11508.csv
興南鑄造廠股份有限公司永康廠,99660385,06010000078216,臺南市永康區塩洲里洲尾街72號,臺南市永康區塩洲里,鄧景名,69004902,股份有限公司,0600824,0640115,生產中,24基本金屬製造業、25金屬製品製造業  ,241鋼鐵、259其他金屬製品  ,11508.csv
翔智實業股份有限公司,99641626,,臺中市大雅區二和里雅環路一段307號,臺中市大雅區二和里,蔣玉玲,23005301,股份有限公司,,0780619,生產中,25金屬製品製造業、29機械設備製造業、24基本金屬製造業  ,241鋼鐵、251金屬刀具、手工具及模具、253金屬容器、293通用機械設備  ,11508.csv
聯誠金屬工業股份有限公司,99635902,,臺中市大甲區日南里東六街23號,臺中市大甲區日南里,黃瑞棻,84201403,股份有限公司,,0890417,生產中,24基本金屬製造業、25金屬製品製造業、27電腦、電子產品及光學製品製造業、29機械設備製造業  ,241鋼鐵、259其他金屬製品、271電腦及其週邊設備、293通用機械設備  ,11508.csv
翊泰實業股份有限公司,99629278,07210003019925,桃園市蘆竹區內厝里南山路２段２０５巷４９號及６８號,桃園市蘆竹區內厝里,吳經貿,04689698,股份有限公司,0720305,0731123,生產中,24基本金屬製造業、25金屬製品製造業、29機械設備製造業  ,259其他金屬製品、293通用機械設備、241鋼鐵  ,11508.csv
聖旻金屬股份有限公司,99634596,05810000631061,臺中市霧峰區丁台里丁臺路456巷20號1樓、22號,臺中市霧峰區丁台里,魏錦樑,23773822,股份有限公司,0580101,0720905,生產中,24基本金屬製造業  ,241鋼鐵  ,11508.csv
聚亨企業股份有限公司三廠,99662613,08710012197207,高雄市岡山區為隨里為隨西路71-2號,高雄市岡山區為隨里,黃文松,79841479,股份有限公司,0871020,0871111,生產中,24基本金屬製造業、25金屬製品製造業  ,241鋼鐵、254金屬加工處理、259其他金屬製品  ,11508.csv
聚亨企業股份有限公司二廠,99662612,07810012098867,高雄市岡山區為隨里為隨西路71-1號,高雄市岡山區為隨里,黃文松,79841479,股份有限公司,0791231,0791231,生產中,24基本金屬製造業、25金屬製品製造業、18化學材料及肥料製造業  ,241鋼鐵、254金屬加工處理、259其他金屬製品、181化學原材料  ,11508.csv
聚儷精密工業股份有限公司,99645895,08810007354338,彰化縣花壇鄉北口村口庄街３２９號,彰化縣花壇鄉北口村,陳義振,59322077,股份有限公司,0880920,0881006,生產中,24基本金屬製造業、25金屬製品製造業  ,241鋼鐵、251金屬刀具、手工具及模具  ,11508.csv
羅東鋼鐵廠股份有限公司利澤廠,99620131,08210000074169,宜蘭縣五結鄉成興村五濱路一段223號,宜蘭縣五結鄉成興村,丁建洲,42010509,股份有限公司,0830107,0860704,生產中,24基本金屬製造業  ,241鋼鐵  ,11508.csv
羅東鋼鐵廠股份有限公司煉鋼廠,99721056,,宜蘭縣蘇澳鎮龍德里德興一路57號、冬山鄉大興村德興一路59號、五結鄉成興村五濱路1段223號,宜蘭縣蘇澳鎮龍德里,張正宗,42010509,股份有限公司,,0990527,生產中,24基本金屬製造業  ,241鋼鐵  ,11508.csv
羅東鋼鐵廠股份有限公司龍德廠,99620976,,宜蘭縣蘇澳鎮龍德里德興一路５１、５７號,宜蘭縣蘇澳鎮龍德里,陳建宏,42010509,股份有限公司,,0930921,生產中,24基本金屬製造業  ,241鋼鐵  ,11508.csv
舜益工業股份有限公司,99669479,08310000153984,臺中市西屯區協和里工業區三十五路32號,臺中市西屯區協和里,陳明順,22300810,股份有限公司,0830502,0830513,生產中,24基本金屬製造業、29機械設備製造業  ,241鋼鐵、293通用機械設備  ,11508.csv
泰昌鋼鐵工廠股份有限公司,99639790,06310006130972,臺中市大肚區新興里新興街48號,臺中市大肚區新興里,徐麗香,57124109,股份有限公司,0631206,0631206,生產中,24基本金屬製造業、25金屬製品製造業  ,241鋼鐵、254金屬加工處理  ,11508.csv
泰昌鋼鐵材料行,99630720,08410004016833,新竹縣竹北市泰和里中華路６７６巷２１弄３號,新竹縣竹北市泰和里,曾■瑯　　　,02767401,合夥,0841121,0850504,生產中,24基本金屬製造業  ,241鋼鐵、249其他基本金屬  ,11508.csv
泰豪鋼鐵股份有限公司,99713157,,臺中市烏日區光明里五光路913-1號,臺中市烏日區光明里,黃光宇,52484982,股份有限公司,,0980216,生產中,24基本金屬製造業  ,241鋼鐵  ,11508.csv
泰豪鋼鐵股份有限公司五光廠,99704326,,臺中市烏日區光明里五光路913號,臺中市烏日區光明里,黃光宇,52484982,股份有限公司,,0960628,生產中,24基本金屬製造業  ,241鋼鐵  ,11508.csv
滿寶企業有限公司,99663140,07610012096261,高雄市大寮區潮寮里田單五街１５號,高雄市大寮區潮寮里,蔡丁貳,76488184,有限公司,0791231,0791231,生產中,24基本金屬製造業  ,241鋼鐵  ,11508.csv
滿廷工業有限公司,99662611,08510012186734,高雄市岡山區本洲里本洲路９１巷４號,高雄市岡山區本洲里,許瓊珠,96981993,有限公司,0851018,0851104,生產中,24基本金屬製造業、29機械設備製造業  ,241鋼鐵、293通用機械設備  ,11508.csv
員合有限公司二廠,S6601714,,臺中市霧峰區四德里新埔路85號,臺中市霧峰區四德里,黃嘉進,89802783,有限公司,,1100628,生產中,24基本金屬製造業  ,241鋼鐵  ,11508.csv
喬成工程有限公司燕巢廠,99665453,,高雄市燕巢區安招里安林路４３號,高雄市燕巢區安招里,邱清通,84317489,有限公司,,0910830,生產中,24基本金屬製造業、25金屬製品製造業  ,241鋼鐵、254金屬加工處理  ,11508.csv
國盟股份有限公司,99664510,08310012019715,高雄市梓官區梓信里四維路181-1號,高雄市梓官區梓信里,郭采彤,89918546,股份有限公司,0830223,0840106,生產中,24基本金屬製造業、25金屬製品製造業  ,241鋼鐵、254金屬加工處理  ,11508.csv
國盟股份有限公司梓官二廠,64006911,,高雄市梓官區梓信里信德街18號,高雄市梓官區梓信里,郭采彤,89918546,股份有限公司,,1021031,生產中,24基本金屬製造業  ,241鋼鐵  ,11508.csv
國盟股份有限公司橋頭廠,99712454,,高雄市橋頭區芋寮里芋寮路南段３８號,高雄市橋頭區芋寮里,郭采彤,89918546,股份有限公司,,0980609,生產中,24基本金屬製造業  ,241鋼鐵  ,11508.csv
大禹鋼鐵企業股份有限公司,99667210,06310000098932,基隆市安樂區中崙里武訓街１８號,基隆市安樂區中崙里,鄭君秀,00668073,股份有限公司,0630101,0640514,生產中,24基本金屬製造業、24基本金屬製造業  ,241鋼鐵、249其他基本金屬  ,11508.csv
大鐺鑄造股份有限公司,99641578,08910006000544,臺中市霧峰區南勢里豐正路工業巷12號,臺中市霧峰區南勢里,蕭天智,23241760,股份有限公司,0890306,0891226,生產中,24基本金屬製造業  ,241鋼鐵  ,11508.csv
天臻金屬工業有限公司(牛埔廠),65000941,,新北市淡水區興仁里牛埔子1之2號,新北市淡水區興仁里,葉守仁,24245080,有限公司,,1001201,生產中,24基本金屬製造業、25金屬製品製造業、29機械設備製造業  ,241鋼鐵、254金屬加工處理、293通用機械設備  ,11508.csv
泰中金屬股份有限公司,99630629,07510000209602,新竹縣湖口鄉鳳凰村光復南路７號,新竹縣湖口鄉鳳凰村,劉火樹　　　,22214245,股份有限公司,0750728,0751223,生產中,24基本金屬製造業  ,241鋼鐵  ,11508.csv
嘉冠金屬工業股份有限公司楊梅廠,03000550,,桃園市楊梅區高榮里高榮路239巷190之5號、190之9號,桃園市楊梅區高榮里,劉美珠,23982243,股份有限公司,,1000726,生產中,24基本金屬製造業  ,241鋼鐵  ,11508.csv
嘉冠金屬工業股份有限公司,99623084,08510000430947,桃園市中壢區內定里合定路6、8號,桃園市中壢區內定里,劉美珠　　　,23982243,股份有限公司,0850719,0850809,生產中,25金屬製品製造業、24基本金屬製造業  ,241鋼鐵、259其他金屬製品  ,11508.csv
士昌股份有限公司,99663381,07610012092465,高雄市燕巢區角宿里四林路１２３號,高雄市燕巢區角宿里,陳惠君,80450822,股份有限公司,0791231,0791231,生產中,25金屬製品製造業、29機械設備製造業、24基本金屬製造業、30汽車及其零件製造業、31其他運輸工具及其零件製造業  ,241鋼鐵、259其他金屬製品、293通用機械設備、303汽車零件、312機車及其零件  ,11508.csv
士業工業有限公司,65000994,,新北市八里區頂罟里文昌路130號,新北市八里區頂罟里,江美智,23891975,有限公司,,1001222,生產中,24基本金屬製造業、25金屬製品製造業、30汽車及其零件製造業、31其他運輸工具及其零件製造業  ,241鋼鐵、251金屬刀具、手工具及模具、254金屬加工處理、303汽車零件、312機車及其零件、313自行車及其零件  ,11508.csv
大中鋼鐵股份有限公司南投廠,99652028,06510000140400,南投縣名間鄉新街村客庄巷一七號,南投縣名間鄉新街村,余成棋,57001161,股份有限公司,0650907,0660126,生產中,24基本金屬製造業  ,241鋼鐵  ,11508.csv
大中鋼鐵股份有限公司楊梅廠,99621297,08310003006976,桃園市楊梅區高山里3鄰高獅路130號,桃園市楊梅區高山里,余成棋,57001161,股份有限公司,0830218,0830312,生產中,24基本金屬製造業、25金屬製品製造業  ,241鋼鐵、259其他金屬製品  ,11508.csv
大同股份有限公司三峽廠,99604855,06110000037505,新北市三峽區溪東里溪東路352號,新北市三峽區溪東里,藍啟華,11026506,股份有限公司,0580101,0630525,生產中,24基本金屬製造業、25金屬製品製造業、29機械設備製造業、28電力設備及配備製造業  ,241鋼鐵、254金屬加工處理、249其他基本金屬、291金屬加工用機械設備、293通用機械設備、251金屬刀具、手工具及模具、281發電、輸電及配電機械、283電線及配線器材、289其他電力設備及配備  ,11508.csv
大川鋼管股份有限公司,64003488,7064030503,高雄市左營區新中里自由三路１０１巷２６號,高雄市左營區新中里,鐘國聖,83654791,股份有限公司,0700622,0710413,生產中,24基本金屬製造業  ,241鋼鐵  ,11508.csv
大川鋼鐵股份有限公司,64001005,,高雄市左營區新中里自由三路１０１巷２６號,高雄市左營區新中里,鐘國聖,83002171,股份有限公司,,0610601,生產中,24基本金屬製造業、25金屬製品製造業  ,241鋼鐵、254金屬加工處理、259其他金屬製品  ,11508.csv
大湖不銹鋼廠,99608500,08910001097994,新北市新莊區營盤里中正路五七六巷三六、三八號,新北市新莊區營盤里,楊一鍚,18065068,獨資,0890502,0890515,生產中,24基本金屬製造業、25金屬製品製造業  ,241鋼鐵、254金屬加工處理  ,11508.csv
大詠城機械股份有限公司,99679738,,彰化縣鹿港鎮東石里鹿工南六路２３號,彰化縣鹿港鎮東石里,謝順民,60256758,股份有限公司,,0940714,生產中,24基本金屬製造業  ,241鋼鐵  ,11508.csv
存陽工業有限公司,99638316,07610006214189,臺中市太平區中興里永義七街四八號,臺中市太平區中興里,林麗珍,23259769,有限公司,0760104,0780520,生產中,24基本金屬製造業、25金屬製品製造業  ,241鋼鐵、259其他金屬製品  ,11508.csv
燕申鋼鐵有限公司,99633949,08310006048026,臺中市太平區東平里永平路一段四六號,臺中市太平區東平里,劉燕海,84199146,有限公司,0830318,0830426,生產中,24基本金屬製造業、25金屬製品製造業  ,241鋼鐵、252金屬結構及建築組件  ,11508.csv
堅正金屬企業股份有限公司,99667824,06810000115675,新竹市香山區港南里海埔路175巷52號,新竹市香山區港南里,張崧宏　　　,47188173,股份有限公司,0680411,0680612,生產中,24基本金屬製造業  ,241鋼鐵  ,11508.csv
大亞鋼鐵工業股份有限公司,99626824,07710003096793,桃園市大園區五權里13鄰五青路70巷9號,桃園市大園區五權里,王銘錡　,22952538,股份有限公司,0770810,0770829,生產中,24基本金屬製造業、25金屬製品製造業  ,241鋼鐵、251金屬刀具、手工具及模具  ,11508.csv
大雅興業股份有限公司,99643994,08010006000021,臺中市大雅區上雅里中清東路316號,臺中市大雅區上雅里,吳貞誼,55004395,股份有限公司,0800703,,生產中,29機械設備製造業、25金屬製品製造業、32家具製造業、24基本金屬製造業  ,293通用機械設備、320家具、259其他金屬製品、241鋼鐵  ,11508.csv
太豐針織五金製品廠股份有限公司二廠,99695785,,新北市新莊區營盤里中正路五四四之二四號,新北市新莊區營盤里,張恭正,35053066,股份有限公司,,0950808,生產中,29機械設備製造業、25金屬製品製造業、24基本金屬製造業  ,292其他專用機械設備、293通用機械設備、251金屬刀具、手工具及模具、241鋼鐵、242鋁、243銅、259其他金屬製品  ,11508.csv
孟加立有限公司,99662808,08510012247664,高雄市燕巢區安招里安林四街４１號,高雄市燕巢區安招里,王本源,22790470,有限公司,0851231,0860109,生產中,24基本金屬製造業、25金屬製品製造業、29機械設備製造業  ,241鋼鐵、259其他金屬製品、293通用機械設備、292其他專用機械設備  ,11508.csv
泰清鐵材股份有限公司,99666844,08310015078310,花蓮縣瑞穗鄉瑞穗村富貴路３０３號,花蓮縣瑞穗鄉瑞穗村,楊順清,97021678,股份有限公司,0830521,0840929,生產中,25金屬製品製造業、24基本金屬製造業  ,252金屬結構及建築組件、241鋼鐵  ,11508.csv
泰鎰鑄造工業股份有限公司海湖廠,99707358,,桃園市蘆竹區海湖里中圳街18巷7弄8號,桃園市蘆竹區海湖里,陳惠寬,22938987,股份有限公司,,0961220,生產中,24基本金屬製造業  ,241鋼鐵  ,11508.csv
營裕五金工業有限公司,99648023,07210000198261,彰化縣鹿港鎮溝墘里溝墘巷８８弄７號,彰化縣鹿港鎮溝墘里,謝曜裕　　　,23936071,有限公司,0721201,0750522,生產中,24基本金屬製造業  ,241鋼鐵  ,11508.csv
台灣雨虹有限公司,99721579,,高雄市岡山區岡山里嘉新西路３０巷１０號,高雄市岡山區岡山里,李江員,25049206,有限公司,,0981228,生產中,24基本金屬製造業  ,241鋼鐵  ,11508.csv
合豐工廠股份有限公司,99662246,00010012033669,高雄市路竹區竹西里中山路１０號,高雄市路竹區竹西里,王志文,85711972,股份有限公司,0791231,0791231,生產中,24基本金屬製造業、25金屬製品製造業  ,241鋼鐵、243銅、259其他金屬製品  ,11508.csv
啓豐企業有限公司,99661767,,高雄市仁武區竹後里竹楠路３５號,高雄市仁武區竹後里,郭啟亮,84563242,有限公司,,0901031,生產中,24基本金屬製造業、25金屬製品製造業  ,241鋼鐵、252金屬結構及建築組件  ,11508.csv
國統國際股份有限公司,99665796,06810099101113,屏東縣新園鄉新園村媽祖路400號,屏東縣新園鄉新園村,洪雅滿,91888619,股份有限公司,0580101,0680927,生產中,23非金屬礦物製品製造業、24基本金屬製造業、25金屬製品製造業、29機械設備製造業  ,233水泥及其製品、241鋼鐵、252金屬結構及建築組件、292其他專用機械設備、293通用機械設備  ,11508.csv
士緯科技股份有限公司,17000046,,基隆市七堵區永安里俊賢路11號,基隆市七堵區永安里,李竑叡,53762365,股份有限公司,,1030324,生產中,24基本金屬製造業、24基本金屬製造業、25金屬製品製造業、29機械設備製造業、21橡膠製品製造業、22塑膠製品製造業、23非金屬礦物製品製造業  ,241鋼鐵、242鋁、243銅、249其他基本金屬、254金屬加工處理、291金屬加工用機械設備、292其他專用機械設備、293通用機械設備、210橡膠製品、220塑膠製品、233水泥及其製品、239其他非金屬礦物製品  ,11508.csv
大強鋼鐵鑄造股份有限公司高雄廠,64003839,7364037044,高雄市小港區山明里世全路1號,高雄市小港區山明里,王俊傑,36534649,股份有限公司,0730130,0740503,生產中,24基本金屬製造業、25金屬製品製造業、29機械設備製造業  ,241鋼鐵、259其他金屬製品、293通用機械設備  ,11508.csv
沿峰精密工業股份有限公司,99633718,08110006213919,臺中市大里區東湖里東南路15之2號,臺中市大里區東湖里,陳民治,86794839,股份有限公司,0811028,0820303,生產中,24基本金屬製造業  ,241鋼鐵  ,11508.csv
泰元鋼業股份有限公司,99626581,08210003000444,桃園市觀音區大潭里六鄰快速路9段2250號,桃園市觀音區大潭里,張啟川　　,44718038,股份有限公司,0820212,0850527,生產中,30汽車及其零件製造業、31其他運輸工具及其零件製造業、24基本金屬製造業  ,241鋼鐵、303汽車零件、312機車及其零件  ,11508.csv
泰清鐵材股份有限公司吉安一廠,99704638,,花蓮縣吉安鄉光華村華工五路２６號,花蓮縣吉安鄉光華村,楊順清,97021678,股份有限公司,,0980520,生產中,25金屬製品製造業、24基本金屬製造業  ,252金屬結構及建築組件、241鋼鐵  ,11508.csv
台灣電能股份有限公司高雄廠,99712451,,高雄市大寮區琉球里農場路210、210-1號,高雄市大寮區琉球里,何協勳,28285718,股份有限公司,,0980606,生產中,29機械設備製造業、24基本金屬製造業  ,291金屬加工用機械設備、241鋼鐵  ,11508.csv
國丹機械鑄造廠有限公司,99687344,,桃園市蘆竹區內厝里南山路二段五巷七號,桃園市蘆竹區內厝里,徐明仁,23198779,有限公司,,0921204,生產中,24基本金屬製造業、25金屬製品製造業  ,241鋼鐵、259其他金屬製品  ,11508.csv
國暉鋼鐵股份有限公司二廠,66003150,,臺中市后里區墩南里南村路8-15號、七星街15-1號,臺中市后里區墩南里,林崑鐔,22930612,股份有限公司,,1031021,生產中,24基本金屬製造業、25金屬製品製造業  ,241鋼鐵、254金屬加工處理  ,11508.csv
大唐工業社,99683004,08510011309605,臺南市仁德區一甲里太乙五街35號,臺南市仁德區一甲里,周國義　　　,19782378,獨資,0850905,0850910,生產中,24基本金屬製造業、25金屬製品製造業  ,241鋼鐵、254金屬加工處理  ,11508.csv
大炘鋼鐵股份有限公司,99678653,08110000074452,彰化縣伸港鄉溪底村工西一路１號,彰化縣伸港鄉溪底村,林條金　,22687829,股份有限公司,0810810,0820802,生產中,24基本金屬製造業、29機械設備製造業  ,241鋼鐵、291金屬加工用機械設備  ,11508.csv
天錡精密工業股份有限公司新店工廠,99616103,08110001284471,新北市新店區日興里建業路49號,新北市新店區日興里,蔡榮祿,01508413,股份有限公司,0810828,0810919,生產中,24基本金屬製造業、25金屬製品製造業、29機械設備製造業  ,241鋼鐵、251金屬刀具、手工具及模具、259其他金屬製品、293通用機械設備  ,11508.csv
奇鈺精密鑄造股份有限公司,99606271,07310000251193,新北市土城區沛陂里中山路19號,新北市土城區沛陂里,許自哲,34390576,股份有限公司,0731012,0740103,生產中,29機械設備製造業、25金屬製品製造業、31其他運輸工具及其零件製造業、24基本金屬製造業  ,292其他專用機械設備、293通用機械設備、253金屬容器、251金屬刀具、手工具及模具、319未分類其他運輸工具及其零件、241鋼鐵  ,11508.csv
泰演精密工業股份有限公司,65004426,,新北市新莊區西盛里瓊林南路197、199號,新北市新莊區西盛里,黃漢欽,16587674,股份有限公司,,1041015,生產中,24基本金屬製造業、25金屬製品製造業、26電子零組件製造業、29機械設備製造業  ,241鋼鐵、251金屬刀具、手工具及模具、269其他電子零組件、291金屬加工用機械設備  ,11508.csv
合金達企業有限公司大發廠,99709958,,高雄市大寮區過溪里華西路２７之２號,高雄市大寮區過溪里,謝水樹,16822256,有限公司,,0960716,生產中,25金屬製品製造業、33其他製造業、24基本金屬製造業  ,254金屬加工處理、339未分類其他製品、241鋼鐵、242鋁、243銅、249其他基本金屬、259其他金屬製品  ,11508.csv
國朧實業股份有限公司,99665168,06710012032406,高雄市大寮區江山里鳳屏二路４１號,高雄市大寮區江山里,林順吉,75912937,股份有限公司,0791231,0791231,生產中,24基本金屬製造業、26電子零組件製造業  ,241鋼鐵、242鋁、262被動電子元件  ,11508.csv
城豐工業有限公司,99713193,,臺中市大雅區上楓里鳳鳴路６－１１號１樓,臺中市大雅區上楓里,林國安,24351960,有限公司,,0980317,生產中,24基本金屬製造業  ,241鋼鐵  ,11508.csv
大倚企業股份有限公司,99642704,08310006268479,臺中市烏日區北里里太明路五三巷二八弄九號,臺中市烏日區北里里,謝永禮,23409747,股份有限公司,0831115,0850529,生產中,28電力設備及配備製造業、24基本金屬製造業、25金屬製品製造業、29機械設備製造業  ,289其他電力設備及配備、241鋼鐵、259其他金屬製品、293通用機械設備  ,11508.csv
大騰興業股份有限公司,99649890,07510007055465,彰化縣伸港鄉新港村中興路１段３６號,彰化縣伸港鄉新港村,柯宗禮,22209910,股份有限公司,0750626,0760627,生產中,24基本金屬製造業  ,241鋼鐵  ,11508.csv
大騰興業股份有限公司工廠,07006423,,彰化縣線西鄉溝內村彰濱東四路7號,彰化縣線西鄉溝內村,柯宗禮,22209910,股份有限公司,,1150515,生產中,24基本金屬製造業  ,241鋼鐵  ,11508.csv
添富鋼鐵股份有限公司,99600830,08310001355802,新北市樹林區金寮里武林街八號,新北市樹林區金寮里,林志銘,22702912,股份有限公司,0831018,0831129,生產中,24基本金屬製造業、25金屬製品製造業、29機械設備製造業  ,241鋼鐵、254金屬加工處理、252金屬結構及建築組件  ,11508.csv
吉星雷射股份有限公司,03000648,,桃園市觀音區金湖里中山路一段1171巷16弄7號1樓,桃園市觀音區金湖里,謝才德,12707494,股份有限公司,,1000919,生產中,24基本金屬製造業、25金屬製品製造業  ,241鋼鐵、252金屬結構及建築組件、259其他金屬製品  ,11508.csv
同進鋼鐵股份有限公司,99626055,05910000064334,桃園市龜山區大同里大同路334號,桃園市龜山區大同里,陳國賢　　,22391543,股份有限公司,0580101,0590831,生產中,24基本金屬製造業、25金屬製品製造業  ,241鋼鐵、254金屬加工處理  ,11508.csv
同鎰鐵工廠有限公司,99609178,08310001380258,新北市樹林區圳生里俊安街一七巷六號,新北市樹林區圳生里,潘忠仁,34234864,有限公司,0831109,0831124,生產中,24基本金屬製造業、25金屬製品製造業  ,241鋼鐵、254金屬加工處理  ,11508.csv
呂氏科技股份有限公司,99663857,08410012040884,高雄市大社區保社里民族路１３之２９號,高雄市大社區保社里,呂坤忠,89844123,股份有限公司,0840315,0840321,生產中,24基本金屬製造業  ,241鋼鐵、242鋁、243銅  ,11508.csv
品正股份有限公司,99663843,08210012179639,高雄市大社區保社里民族路１３之１４號,高雄市大社區保社里,呂坤忠,23330974,股份有限公司,0821030,0821117,生產中,24基本金屬製造業、33其他製造業  ,241鋼鐵、242鋁、243銅、249其他基本金屬、332醫療器材及用品  ,11508.csv
品毅工業股份有限公司,99663048,00010012062645,高雄市路竹區北嶺里中山南路102號,高雄市路竹區北嶺里,洪宗武,75960536,股份有限公司,0791231,0791231,生產中,24基本金屬製造業  ,241鋼鐵  ,11508.csv
唐榮鐵工廠股份有限公司,64003730,6764070209,高雄市小港區山明里沿海二路4號,高雄市小港區山明里,趙健在,75460005,股份有限公司,0670808,0730613,生產中,24基本金屬製造業、18化學材料及肥料製造業  ,241鋼鐵、181化學原材料  ,11508.csv
嘉發實業工廠股份有限公司埔心廠,99621477,,桃園市楊梅區高山里七鄰幼獅路二段五號,桃園市楊梅區高山里,楊孫智,04457563,股份有限公司,,0900719,生產中,24基本金屬製造業  ,241鋼鐵  ,11508.csv
嘉發實業工廠股份有限公司幼獅二廠,99623171,07710000171009,桃園市楊梅區高山里6鄰獅一路17號,桃園市楊梅區高山里,楊孫智,04457563,股份有限公司,0770119,0781016,生產中,24基本金屬製造業  ,241鋼鐵  ,11508.csv
嘉發實業工廠股份有限公司幼獅廠,99623174,06210000016084,桃園市楊梅區高山里幼獅工業區獅一路１３、１５號,桃園市楊梅區高山里,楊孫智,04457563,股份有限公司,0580101,0640419,生產中,24基本金屬製造業  ,241鋼鐵  ,11508.csv
嘉鋼精密工業股份有限公司頭橋一廠,99655949,06710000229651,嘉義縣民雄鄉興南村工業三路6-1號,嘉義縣民雄鄉興南村,曹恆健,66402912,股份有限公司,0580101,0680423,生產中,24基本金屬製造業  ,241鋼鐵  ,11508.csv
國棟五金有限公司,S0800020,,南投縣埔里鎮水頭里隆生路99之1號,南投縣埔里鎮水頭里,葉銘樞,27645449,有限公司,,1100315,生產中,24基本金屬製造業  ,241鋼鐵、249其他基本金屬  ,11508.csv
壯郁股份有限公司,99617647,08710001502604,新北市樹林區圳民里中正路二一八之三號,新北市樹林區圳民里,洪國興,16342221,股份有限公司,0870120,0870207,生產中,14木竹製品製造業、22塑膠製品製造業、24基本金屬製造業、25金屬製品製造業  ,140木竹製品、220塑膠製品、241鋼鐵、254金屬加工處理、249其他基本金屬  ,11508.csv
大成不銹鋼工業股份有限公司,99660275,07510011145247,臺南市仁德區新田里新田二街125號,臺南市仁德區新田里,謝麗雲　　　,22318348,股份有限公司,0751211,0760407,生產中,24基本金屬製造業  ,241鋼鐵  ,11508.csv
大越金屬工業股份有限公司,99637997,06410006143964,臺中市大雅區六寶里中清路四段590號,臺中市大雅區六寶里,陳世輝,55644224,股份有限公司,0640108,0640519,生產中,24基本金屬製造業、29機械設備製造業  ,241鋼鐵、242鋁、243銅、293通用機械設備  ,11508.csv
威致鋼鐵工業股份有限公司官田廠,99658387,08110000074125,臺南市官田區南廍里南123號,臺南市官田區南廍里,郭素惠　,69771636,股份有限公司,0810730,0830426,生產中,24基本金屬製造業  ,241鋼鐵  ,11508.csv
泰龍工業股份有限公司鋼鐵廠,99616715,06210000116916,新北市五股區更寮里中興路2段114號,新北市五股區更寮里,張貴姬,35340808,股份有限公司,0580101,0621018,生產中,24基本金屬製造業、25金屬製品製造業  ,241鋼鐵、254金屬加工處理  ,11508.csv
添榮企業有限公司梓官廠,99663549,07010012037101,高雄市梓官區同安里大舍東路２９５號,高雄市梓官區同安里,蔡榕,16480173,有限公司,0791231,0791231,生產中,24基本金屬製造業  ,241鋼鐵  ,11508.csv
炘發企業有限公司,99677521,,苗栗縣造橋鄉錦水村二鄰錦水三四二號,苗栗縣造橋鄉錦水村,楊珈瑛,84690388,有限公司,,0950321,生產中,21橡膠製品製造業、22塑膠製品製造業、24基本金屬製造業  ,210橡膠製品、220塑膠製品、241鋼鐵  ,11508.csv
吉昭企業有限公司,99662328,07510012093758,高雄市大寮區潮寮里田單五街５號,高雄市大寮區潮寮里,莊宗孝,86080586,有限公司,0791231,0791231,生產中,24基本金屬製造業  ,241鋼鐵  ,11508.csv
同順立有限公司,99663287,07810012143273,高雄市大寮區後庄里民貴街210號,高雄市大寮區後庄里,吳慶二,13068740,有限公司,0791231,0791231,生產中,24基本金屬製造業、25金屬製品製造業  ,241鋼鐵、252金屬結構及建築組件  ,11508.csv
和泰產業股份有限公司,99663583,07110012042073,高雄市路竹區三爺里民權路29巷1、2號,高雄市路竹區三爺里,詹榮典,85728565,股份有限公司,0791231,0791231,生產中,24基本金屬製造業、25金屬製品製造業  ,241鋼鐵、259其他金屬製品  ,11508.csv
和鋼工業股份有限公司,99616625,05810000015072,新北市鶯歌區中湖里中湖街三四四巷二八號,新北市鶯歌區中湖里,劉國輝,33917926,股份有限公司,0580101,0650625,生產中,24基本金屬製造業、25金屬製品製造業、29機械設備製造業  ,241鋼鐵、254金屬加工處理、293通用機械設備  ,11508.csv
唐絹實業股份有限公司,99631647,08310005155598,苗栗縣銅鑼鄉中平村中興路10之1號,苗栗縣銅鑼鄉中平村,羅濟浩,23216805,股份有限公司,0830607,0830621,生產中,24基本金屬製造業、25金屬製品製造業  ,241鋼鐵、252金屬結構及建築組件、254金屬加工處理  ,11508.csv
喜克斯實業股份有限公司八里二廠,65006061,,新北市八里區頂罟里中山路2段56號3樓,新北市八里區頂罟里,林温淋,22860593,股份有限公司,,1060703,生產中,33其他製造業、25金屬製品製造業、29機械設備製造業、24基本金屬製造業  ,339未分類其他製品、331育樂用品、259其他金屬製品、292其他專用機械設備、249其他基本金屬、241鋼鐵  ,11508.csv
喜克斯實業股份有限公司八里廠,99606413,08910001087061,新北市八里區頂罟里中山路2段92號2樓,新北市八里區頂罟里,林温淋,22860593,有限公司,0890405,0890424,生產中,29機械設備製造業、33其他製造業、24基本金屬製造業、25金屬製品製造業  ,292其他專用機械設備、339未分類其他製品、241鋼鐵、249其他基本金屬、259其他金屬製品、331育樂用品  ,11508.csv
國勇企業股份有限公司永康廠,99684656,,臺南市永康區尚頂里中正南路378號,臺南市永康區尚頂里,陳力元,79377417,股份有限公司,,0940205,生產中,24基本金屬製造業  ,241鋼鐵  ,11508.csv
堯鑫鋼鐵有限公司,03000359,,桃園市蘆竹區坑口里三德街40號,桃園市蘆竹區坑口里,鐘漢書,53300316,有限公司,,1000413,生產中,24基本金屬製造業、25金屬製品製造業  ,241鋼鐵、254金屬加工處理  ,11508.csv
壹東實業股份有限公司二廠,64005928,,高雄市小港區鳳鳴里大業南路１８號,高雄市小港區鳳鳴里,陳俊築,82041253,股份有限公司,,0940509,生產中,24基本金屬製造業、25金屬製品製造業  ,241鋼鐵、254金屬加工處理  ,11508.csv
威興鑄造工業有限公司,99642206,07210006124426,臺中市太平區中興里東平路928、948、950號,臺中市太平區中興里,劉定芳,97580118,有限公司,0720812,0730608,生產中,24基本金屬製造業  ,241鋼鐵、249其他基本金屬  ,11508.csv
泰祥工業股份有限公司,99665372,07610012091519,高雄市大寮區潮寮里建民街20-1號,高雄市大寮區潮寮里,程素煐,80586068,股份有限公司,0791231,0791231,生產中,24基本金屬製造業、25金屬製品製造業  ,241鋼鐵、254金屬加工處理  ,11508.csv
海華鋼鐵股份有限公司三廠,64006939,,高雄市路竹區北嶺里民主路35號,高雄市路竹區北嶺里,林登海,80041165,股份有限公司,,1021217,生產中,24基本金屬製造業  ,241鋼鐵  ,11508.csv
海華鋼鐵股份有限公司永安二廠,99721730,,高雄市永安區維新里永工二路２２號,高雄市永安區維新里,林登海,80041165,股份有限公司,,0990908,生產中,24基本金屬製造業、25金屬製品製造業  ,241鋼鐵、254金屬加工處理  ,11508.csv
吉永宏工業有限公司,99678087,08910007301991,彰化縣福興鄉同安村同安巷四三號之二,彰化縣福興鄉同安村,陳志旺,12643458,有限公司,0900108,0900118,生產中,25金屬製品製造業、24基本金屬製造業  ,241鋼鐵、259其他金屬製品  ,11508.csv
吉隆鋼鐵股份有限公司,S1300326,,屏東縣里港鄉茄苳村6鄰茄苳路18-22號,屏東縣里港鄉茄苳村,林秀菊,80249931,股份有限公司,,1120427,生產中,24基本金屬製造業  ,241鋼鐵  ,11508.csv
喬裕建材有限公司,99633397,08210006302857,臺中市大里區仁化里工業九路七號,臺中市大里區仁化里,曾環儀,22234376,有限公司,0821213,0840509,生產中,29機械設備製造業、25金屬製品製造業、24基本金屬製造業  ,241鋼鐵、293通用機械設備、254金屬加工處理  ,11508.csv
嘉山鋼鐵工業股份有限公司,99624926,05810000009708,桃園市龜山區舊路里東舊路街169號,桃園市龜山區舊路里,林有為,43652163,股份有限公司,0580101,0610627,生產中,24基本金屬製造業  ,241鋼鐵、243銅  ,11508.csv
嘉陽鑄造工業股份有限公司,99633573,07310000129486,臺中市梧棲區草湳里自立二街129號,臺中市梧棲區草湳里,楊木祥,56694067,股份有限公司,0730628,0730628,生產中,24基本金屬製造業  ,241鋼鐵  ,11508.csv
塑友企業股份有限公司二廠,99665171,08710000920284,高雄市大寮區過溪里莒光二街２４號,高雄市大寮區過溪里,陳秋生,81097362,股份有限公司,0870302,0870418,生產中,24基本金屬製造業  ,241鋼鐵  ,11508.csv
大連行鋼鐵股份有限公司工廠,99649370,08210007056632,彰化縣溪湖鎮太平里員鹿路３段３４７號,彰化縣溪湖鎮太平里,謝德湧　,60302535,股份有限公司,0820419,0820604,生產中,24基本金屬製造業  ,241鋼鐵  ,11508.csv
大連金屬工業股份有限公司,09000436,,雲林縣斗六市榴中里工業路133號,雲林縣斗六市榴中里,張力伸,28582816,股份有限公司,,1030619,生產中,25金屬製品製造業、24基本金屬製造業  ,254金屬加工處理、241鋼鐵  ,11508.csv
海雄鋼鐵股份有限公司,99712304,,高雄市永安區維新里永工五路７號(部份使用),高雄市永安區維新里,林登海,29081142,有限公司,,0971016,生產中,24基本金屬製造業  ,241鋼鐵  ,11508.csv
漢林環保科技股份有限公司,99721506,,高雄市大寮區過溪里大業街１、３號,高雄市大寮區過溪里,曾秋聯,24360525,股份有限公司,,0980824,生產中,25金屬製品製造業、22塑膠製品製造業、23非金屬礦物製品製造業、24基本金屬製造業  ,254金屬加工處理、220塑膠製品、231玻璃及其製品、259其他金屬製品、249其他基本金屬、241鋼鐵、242鋁、243銅  ,11508.csv
台瑋企業股份有限公司工廠,99641533,08310006004585,臺中市梧棲區草湳里梧南路2之2號,臺中市梧棲區草湳里,陳季吉,97550000,股份有限公司,0830215,0830519,生產中,24基本金屬製造業  ,241鋼鐵  ,11508.csv
吉順工業有限公司汐止廠,99600035,07010000149897,新北市汐止區拱北里汐萬路二段二三巷一０號,新北市汐止區拱北里,鄭煙敦,05408668,有限公司,0700806,0730118,生產中,25金屬製品製造業、29機械設備製造業、24基本金屬製造業、14木竹製品製造業  ,241鋼鐵、254金屬加工處理、252金屬結構及建築組件、293通用機械設備、140木竹製品、253金屬容器  ,11508.csv
呈昕機械工業股份有限公司二廠,S6601711,,臺中市大里區樹王里樹王路405巷2號,臺中市大里區樹王里,陳志成,22704926,股份有限公司,,1100618,生產中,24基本金屬製造業  ,241鋼鐵、249其他基本金屬  ,11508.csv
和宏鋼鐵廠股份有限公司,99661828,00010012004748,高雄市路竹區甲南里大仁路６２２號,高雄市路竹區甲南里,林炳勳,88121015,股份有限公司,0791231,0791231,生產中,24基本金屬製造業、25金屬製品製造業、22塑膠製品製造業  ,241鋼鐵、259其他金屬製品、220塑膠製品  ,11508.csv
嘉德創資源股份有限公司,99717979,,桃園市觀音區大潭里環科路231號,桃園市觀音區大潭里,彭文宏,89670880,股份有限公司,,0990104,生產中,18化學材料及肥料製造業、23非金屬礦物製品製造業、24基本金屬製造業  ,181化學原材料、239其他非金屬礦物製品、241鋼鐵  ,11508.csv
坤樺鋼鐵股份有限公司,S0701772,,彰化縣員林市柳橋路二段65號,彰化縣員林市,王祖趁,60287555,股份有限公司,,1110919,生產中,24基本金屬製造業  ,241鋼鐵  ,11508.csv
大甲永和機械工業股份有限公司,99633305,07610006181068,臺中市大甲區日南里幼獅路69號,臺中市大甲區日南里,黃士峯,56615319,股份有限公司,0761023,0761221,生產中,24基本金屬製造業、25金屬製品製造業、29機械設備製造業  ,241鋼鐵、259其他金屬製品、293通用機械設備  ,11508.csv
大甲永和機械工業股份有限公司三廠,99633304,08310006601546,臺中市大甲區日南里工九路四二號,臺中市大甲區日南里,黃士峯,56615319,股份有限公司,0830907,0771011,生產中,22塑膠製品製造業、24基本金屬製造業、25金屬製品製造業  ,220塑膠製品、241鋼鐵、259其他金屬製品  ,11508.csv
大甲永和機械工業股份有限公司五廠,99713249,,臺中市大甲區日南里幼獅路５５號、工九路２２號,臺中市大甲區日南里,黃士峯,56615319,股份有限公司,,0980506,生產中,24基本金屬製造業、25金屬製品製造業、29機械設備製造業  ,241鋼鐵、259其他金屬製品、293通用機械設備  ,11508.csv
大進油壓機械股份有限公司,99624038,06610000184767,桃園市龜山區南上里民生北路一段338號,桃園市龜山區南上里,陳張秋桂,12119398,股份有限公司,0661111,0681011,生產中,25金屬製品製造業、29機械設備製造業、24基本金屬製造業  ,251金屬刀具、手工具及模具、259其他金屬製品、254金屬加工處理、291金屬加工用機械設備、241鋼鐵、293通用機械設備  ,11508.csv
天泰銲材工業股份有限公司,99657862,06910000087319,臺南市仁德區保安里開發四路6號,臺南市仁德區保安里,許嘉洲,72060478,股份有限公司,0690212,0700311,生產中,25金屬製品製造業、29機械設備製造業、19其他化學製品製造業、24基本金屬製造業  ,254金屬加工處理、241鋼鐵、293通用機械設備、249其他基本金屬、259其他金屬製品、291金屬加工用機械設備、199未分類其他化學製品  ,11508.csv
添陽企業股份有限公司,99688956,,桃園市蘆竹區蘆竹里８鄰富國路３段１１８６號,桃園市蘆竹區蘆竹里,林美雯,23098146,股份有限公司,,0950501,生產中,25金屬製品製造業、24基本金屬製造業、29機械設備製造業  ,259其他金屬製品、241鋼鐵、293通用機械設備  ,11508.csv
源玖龍鐵工廠有限公司霧峰工廠,99642822,08410006235911,臺中市霧峰區丁台里丁臺路537號,臺中市霧峰區丁台里,朱婉君,52227507,有限公司,0840925,0841108,生產中,24基本金屬製造業、29機械設備製造業  ,241鋼鐵、293通用機械設備  ,11508.csv
漢欣精機工業有限公司,99605834,,新北市樹林區圳生里三俊街252巷2弄5號1樓,新北市樹林區圳生里,張漢隆,89779903,有限公司,,0910515,生產中,25金屬製品製造業、24基本金屬製造業、29機械設備製造業、26電子零組件製造業、30汽車及其零件製造業、31其他運輸工具及其零件製造業  ,259其他金屬製品、241鋼鐵、293通用機械設備、264光電材料及元件、269其他電子零組件、301汽車、302車體、303汽車零件、312機車及其零件  ,11508.csv
合發工業社,99648617,06310000039052,彰化縣秀水鄉福安村彰水路２段４５６號,彰化縣秀水鄉福安村,陳和籐　　　,58157107,獨資,0630328,0630611,生產中,24基本金屬製造業、25金屬製品製造業  ,241鋼鐵、254金屬加工處理、259其他金屬製品  ,11508.csv
國清五金有限公司,99694586,,新北市八里區大崁里觀海大道二五八號一樓（Ｂ棟）,新北市八里區大崁里,鄭瑞貞,70613410,有限公司,,0940920,生產中,25金屬製品製造業、24基本金屬製造業  ,252金屬結構及建築組件、241鋼鐵  ,11508.csv
天源特殊鋼有限公司,65013488,,新北市新莊區化成里化成路6號(1樓),新北市新莊區化成里,王李素月,22993947,有限公司,,1150420,生產中,24基本金屬製造業  ,241鋼鐵  ,11508.csv
泰山裕鐵網廠有限公司三重廠,99689448,08710001508647,新北市三重區五谷里光復路一段三０巷六號,新北市三重區五谷里,林靖子,35319312,有限公司,0870217,0870227,生產中,24基本金屬製造業  ,241鋼鐵  ,11508.csv
泰翔工業股份有限公司觀音廠,68004912,,桃園市觀音區草漯里榮工南路5號,桃園市觀音區草漯里,李大權,22673178,股份有限公司,,1110602,生產中,24基本金屬製造業、25金屬製品製造業  ,241鋼鐵、259其他金屬製品  ,11508.csv
泰翔精密鑄造股份有限公司,99665557,08110013053153,屏東縣屏東市清溪里建國路332巷32號,屏東縣屏東市清溪里,宋龍德,86610403,股份有限公司,0810504,0810701,生產中,33其他製造業、25金屬製品製造業、29機械設備製造業、24基本金屬製造業  ,331育樂用品、251金屬刀具、手工具及模具、293通用機械設備、249其他基本金屬、241鋼鐵  ,11508.csv
湯祥股份有限公司,99632624,06810005220803,苗栗縣竹南鎮大埔里一八鄰公義路九二一號,苗栗縣竹南鎮大埔里,湯永茂,80039652,有限公司,0681017,0681017,生產中,24基本金屬製造業、29機械設備製造業  ,241鋼鐵、293通用機械設備  ,11508.csv
煌大鋼鐵股份有限公司,99693818,,新北市樹林區金寮里樹潭街七之一號一樓,新北市樹林區金寮里,陳杏池,86035133,股份有限公司,,0940315,生產中,24基本金屬製造業  ,241鋼鐵  ,11508.csv
煌昇機械企業股份有限公司,99657378,07010000158835,臺南市鹽水區水秀里土庫2之17號,臺南市鹽水區水秀里,林孟儒　,72190824,股份有限公司,0700914,0710729,生產中,24基本金屬製造業  ,241鋼鐵  ,11508.csv
煌裕金屬工業股份有限公司,65008351,,新北市樹林區圳生里俊安街72號,新北市樹林區圳生里,王百紹,12692393,股份有限公司,,1090130,生產中,24基本金屬製造業、25金屬製品製造業  ,241鋼鐵、254金屬加工處理  ,11508.csv
煌鎰金屬股份有限公司台南廠,67002660,,臺南市安南區佃東里新吉三路277號,臺南市安南區佃東里,王周淑芬,23246630,股份有限公司,,1090410,生產中,24基本金屬製造業  ,241鋼鐵  ,11508.csv
煒勝電線電纜粉碎股份有限公司分廠,64008450,,高雄市大寮區潮寮里田單五街17號,高雄市大寮區潮寮里,謝雅惠,88746428,股份有限公司,,1080628,生產中,24基本金屬製造業  ,241鋼鐵、242鋁、243銅  ,11508.csv
呈聯金屬股份有限公司,99638087,06710006085096,臺中市龍井區三德里工業路173巷11、13、15號,臺中市龍井區三德里,陳憲慶,56648590,股份有限公司,0670622,0670622,生產中,24基本金屬製造業  ,241鋼鐵  ,11508.csv
大發金屬加工廠,99687607,,桃園市龜山區大坑里南上路３８６巷９號,桃園市龜山區大坑里,黃瑞珍,13566514,獨資,,0930421,生產中,29機械設備製造業、25金屬製品製造業、24基本金屬製造業  ,293通用機械設備、251金屬刀具、手工具及模具、254金屬加工處理、241鋼鐵  ,11508.csv
天元機器股份有限公司,99624063,06910000094408,桃園市八德區茄苳里永興街一號,桃園市八德區茄苳里,謝劉阿桔　　,44522317,股份有限公司,0580101,0700501,生產中,24基本金屬製造業、25金屬製品製造業、27電腦、電子產品及光學製品製造業、26電子零組件製造業、28電力設備及配備製造業、30汽車及其零件製造業、31其他運輸工具及其零件製造業  ,241鋼鐵、252金屬結構及建築組件、271電腦及其週邊設備、269其他電子零組件、285家用電器、303汽車零件、312機車及其零件、313自行車及其零件  ,11508.csv
奇昱鋼鐵股份有限公司,99662361,07810012098135,高雄市大寮區大寮里興業路３８號,高雄市大寮區大寮里,王啟鐘,81147911,股份有限公司,0791231,0791231,生產中,24基本金屬製造業  ,241鋼鐵  ,11508.csv
泳銓股份有限公司二廠,99680035,,彰化縣花壇鄉橋頭村彰員路２段３６６號,彰化縣花壇鄉橋頭村,馮貴香,84659324,股份有限公司,,0950407,生產中,32家具製造業、24基本金屬製造業、25金屬製品製造業  ,320家具、241鋼鐵、259其他金屬製品  ,11508.csv
湶湧大興業有限公司,S6601716,,臺中市烏日區光明里五光路復光六巷140號,臺中市烏日區光明里,何昕瑜,54591050,有限公司,,1100628,生產中,24基本金屬製造業  ,241鋼鐵  ,11508.csv
漢泰鋼鐵廠股份有限公司,64000129,,高雄市小港區山明里世全路４號,高雄市小港區山明里,盧振基,75688109,股份有限公司,,0680403,生產中,24基本金屬製造業、25金屬製品製造業  ,241鋼鐵、254金屬加工處理  ,11508.csv
煜益工業股份有限公司二廠,99704101,,臺中市龍井區忠和里臨港路二段58號,臺中市龍井區忠和里,蔡春生,56696889,股份有限公司,,0960202,生產中,24基本金屬製造業  ,241鋼鐵  ,11508.csv
嘉聖金屬有限公司三峽廠,99691711,,新北市三峽區二鬮里中正路三段一七六號,新北市三峽區二鬮里,高文松,80448827,有限公司,,0921118,生產中,25金屬製品製造業、24基本金屬製造業  ,254金屬加工處理、259其他金屬製品、241鋼鐵  ,11508.csv
大家切削五金有限公司龜山廠,99626371,08610003306092,桃園市龜山區龍壽里萬壽路一段1247巷2號,桃園市龜山區龍壽里,林則旻,86999559,有限公司,0860919,0870828,生產中,25金屬製品製造業、24基本金屬製造業  ,241鋼鐵、251金屬刀具、手工具及模具  ,11508.csv
大芫鋼鐵企業有限公司,99663150,08410012188070,高雄市大寮區義和里鳳屏２路３７５之１號,高雄市大寮區義和里,黃裕凱,24285081,股份有限公司,0841011,0841019,生產中,24基本金屬製造業  ,241鋼鐵  ,11508.csv
海光企業股份有限公司,64000220,6400022000,高雄市小港區山明里沿海二路１２號,高雄市小港區山明里,劉清宏,75470524,股份有限公司,0620210,0660627,生產中,24基本金屬製造業  ,241鋼鐵  ,11508.csv
海光企業股份有限公司嘉興鋼鐵廠,64004710,7964125613,高雄市小港區店鎮里嘉興街５號,高雄市小港區店鎮里,卓志弘,75470524,股份有限公司,0790927,0801107,生產中,24基本金屬製造業  ,241鋼鐵  ,11508.csv
煜益工業股份有限公司三廠,66006734,,臺中市龍井區忠和里臨港路二段60號,臺中市龍井區忠和里,蔡春生,56696889,股份有限公司,,1070814,生產中,24基本金屬製造業  ,241鋼鐵  ,11508.csv
煜益鑄造科技股份有限公司一廠,66006333,,臺中市龍井區忠和里台西南路251巷15號,臺中市龍井區忠和里,蔡春生,24585209,股份有限公司,,1070409,生產中,24基本金屬製造業  ,241鋼鐵  ,11508.csv
煜益鑄造科技股份有限公司,66008724,,臺中市龍井區忠和里台西南路251巷17號,臺中市龍井區忠和里,蔡春生,24585209,股份有限公司,,1091202,生產中,24基本金屬製造業  ,241鋼鐵  ,11508.csv
和祐金屬股份有限公司,99717595,,桃園市觀音區金湖里中山路一段1171巷36號,桃園市觀音區金湖里,王惠芳,69475446,股份有限公司,,0980310,生產中,24基本金屬製造業、25金屬製品製造業  ,241鋼鐵、259其他金屬製品  ,11508.csv
奇煒企業股份有限公司,99721726,,高雄市大寮區三隆里三隆路121號,高雄市大寮區三隆里,林健治,89753262,股份有限公司,,0990830,生產中,24基本金屬製造業、25金屬製品製造業  ,241鋼鐵、254金屬加工處理  ,11508.csv
泰成機械股份有限公司觀音廠,03002078,,桃園市觀音區草漯里觀音工業區大同二路17號,桃園市觀音區草漯里,趙國隆,43245899,股份有限公司,,1021219,生產中,24基本金屬製造業、25金屬製品製造業、29機械設備製造業、30汽車及其零件製造業  ,241鋼鐵、252金屬結構及建築組件、254金屬加工處理、291金屬加工用機械設備、303汽車零件  ,11508.csv
源利金屬股份有限公司,99622599,,桃園市楊梅區豐野里二鄰中正路二九七之一號,桃園市楊梅區豐野里,陳源興,86937581,股份有限公司,,0901129,生產中,24基本金屬製造業、29機械設備製造業  ,241鋼鐵、293通用機械設備  ,11508.csv
燁昌鋼鐵股份有限公司,S6401388,,高雄市彌陀區南寮里新庄路1-92號,高雄市彌陀區南寮里,戴德偉,80581893,股份有限公司,,1150120,生產中,24基本金屬製造業  ,241鋼鐵  ,11508.csv
燁昌鋼鐵股份有限公司梓官廠,64009732,,高雄市梓官區赤崁里赤崁北路120號,高雄市梓官區赤崁里,戴德偉,80581893,股份有限公司,,1121207,生產中,24基本金屬製造業  ,241鋼鐵  ,11508.csv
燁暉機械股份有限公司桃園廠,99686717,07610003082369,桃園市桃園區汴洲里鹽庫西街三六號,桃園市桃園區汴洲里,林崑山　　　,86599863,股份有限公司,0760616,0780128,生產中,29機械設備製造業、24基本金屬製造業  ,293通用機械設備、241鋼鐵  ,11508.csv
燁聯鋼鐵股份有限公司,99664992,08010012093049,高雄市岡山區嘉興里興隆街581、590、592、600、600-1、600-2、600-3、602、604號,高雄市岡山區嘉興里,林義守,23218395,股份有限公司,0800621,0840705,生產中,24基本金屬製造業、18化學材料及肥料製造業、31其他運輸工具及其零件製造業  ,241鋼鐵、249其他基本金屬、181化學原材料、319未分類其他運輸工具及其零件  ,11508.csv
燁興企業股份有限公司不銹鋼管廠,99665559,08610099831049,屏東縣枋寮鄉東海村永翔路4之3號,屏東縣枋寮鄉東海村,吳林茂,75992214,股份有限公司,0860514,0861121,生產中,24基本金屬製造業  ,241鋼鐵  ,11508.csv
燁興企業股份有限公司屏南線材廠,99665558,08610099831050,屏東縣枋寮鄉東海村永翔路4之5號,屏東縣枋寮鄉東海村,吳林茂,75992214,股份有限公司,0860514,0861121,生產中,24基本金屬製造業  ,241鋼鐵  ,11508.csv
燁茂實業股份有限公司路竹一廠,99662587,08410000207702,高雄市路竹區後鄉里順安路３４１、３４５號,高雄市路竹區後鄉里,許祺祥,76480628,股份有限公司,0840706,0881122,生產中,24基本金屬製造業、25金屬製品製造業  ,241鋼鐵、254金屬加工處理  ,11508.csv
燁茂實業股份有限公司路竹二廠,99662525,08410000207703,高雄市路竹區後鄉里順安路３４７號,高雄市路竹區後鄉里,許祺祥,76480628,股份有限公司,0840710,0851226,生產中,24基本金屬製造業、25金屬製品製造業  ,241鋼鐵、254金屬加工處理  ,11508.csv
燁輝企業股份有限公司屏東廠,99665584,08510099431701,屏東縣屏東市橋南里工業6路6號,屏東縣屏東市橋南里,林義守,75947936,股份有限公司,0900213,0851130,生產中,24基本金屬製造業、25金屬製品製造業  ,241鋼鐵、249其他基本金屬、254金屬加工處理  ,11508.csv
燁輝企業股份有限公司路竹廠,99661474,07210012057177,高雄市路竹區三爺里復興路９０９號,高雄市路竹區三爺里,林義守,75947936,股份有限公司,0791231,0791231,生產中,24基本金屬製造業、25金屬製品製造業、29機械設備製造業  ,241鋼鐵、252金屬結構及建築組件、292其他專用機械設備、293通用機械設備  ,11508.csv
吉祥工業股份有限公司,99606351,07110000112863,新北市林口區東林里工二工業區工七路九、一一號,新北市林口區東林里,黃振圖,33098314,股份有限公司,0710528,0730124,生產中,32家具製造業、24基本金屬製造業、25金屬製品製造業  ,320家具、241鋼鐵、242鋁、252金屬結構及建築組件  ,11508.csv
名弘有限公司,99626804,,桃園市大園區和平里劉厝一之二號一樓,桃園市大園區和平里,許清泉,80231926,有限公司,,0910912,生產中,24基本金屬製造業、29機械設備製造業  ,241鋼鐵、293通用機械設備  ,11508.csv
唯鑫鋼鐵股份有限公司,99629908,08210003000386,桃園市桃園區玉山里漢中路119巷18號,桃園市桃園區玉山里,林淑芬,84361148,股份有限公司,0820205,0820609,生產中,24基本金屬製造業  ,241鋼鐵  ,11508.csv
四盟企業有限公司,99661705,07610012096262,高雄市大寮區潮寮里田單四街１７號,高雄市大寮區潮寮里,許施秀鳳,82093478,股份有限公司,0791231,0791231,生產中,24基本金屬製造業  ,241鋼鐵  ,11508.csv
坤銘鋼鐵有限公司,99646054,05810000006599,彰化縣員林市溝皂里柳橋路二段65號,彰化縣員林市溝皂里,王萬貫,89215172,有限公司,0580101,0591031,生產中,24基本金屬製造業  ,241鋼鐵  ,11508.csv
大專環保科技有限公司,64006235,,高雄市大寮區潮寮里田單一街２１號，建民街８號,高雄市大寮區潮寮里,涂林滿,80110269,有限公司,,1000223,生產中,21橡膠製品製造業、22塑膠製品製造業、24基本金屬製造業  ,210橡膠製品、220塑膠製品、241鋼鐵、242鋁、243銅、249其他基本金屬  ,11508.csv
大祥鋼業股份有限公司,99669707,06710000303579,臺中市東區東橋里建功街７３號,臺中市東區東橋里,陳加祥,52242802,股份有限公司,0580101,0690206,生產中,24基本金屬製造業、25金屬製品製造業  ,241鋼鐵、254金屬加工處理  ,11508.csv
大錏企業有限公司,99662353,07210012090601,高雄市大寮區大寮里大有二街１０號,高雄市大寮區大寮里,洪建營,82055241,有限公司,0791231,0791231,生產中,24基本金屬製造業、25金屬製品製造業  ,241鋼鐵、253金屬容器  ,11508.csv
淡水鋼鐵有限公司,99614969,07710001126990,新北市淡水區水源里鄒厝崙一之八號,新北市淡水區水源里,張玉青,02215745,有限公司,0770517,0770527,生產中,24基本金屬製造業、25金屬製品製造業  ,241鋼鐵、254金屬加工處理  ,11508.csv
源合興鑄造股份有限公司,99637872,06710006143470,臺中市神岡區溪洲里豐洲路1199號,臺中市神岡區溪洲里,楊涵羚,16070656,股份有限公司,0671012,0710607,生產中,24基本金屬製造業  ,241鋼鐵  ,11508.csv
燦豐企業有限公司,65000453,,新北市土城區清化里青雲路669之3號1、2樓,新北市土城區清化里,洪燦淙,86767930,有限公司,,1000602,生產中,25金屬製品製造業、27電腦、電子產品及光學製品製造業、28電力設備及配備製造業、29機械設備製造業、24基本金屬製造業  ,251金屬刀具、手工具及模具、252金屬結構及建築組件、253金屬容器、273視聽電子產品、285家用電器、293通用機械設備、241鋼鐵、242鋁、243銅、254金屬加工處理  ,11508.csv
燦豐實業股份有限公司,99661113,07610000112838,臺南市永康區新樹里富強路2段398巷193號,臺南市永康區新樹里,楊明成　　　,73688414,股份有限公司,0760219,0761030,生產中,24基本金屬製造業  ,241鋼鐵  ,11508.csv
喬廣科技股份有限公司,66007454,,臺中市大甲區日南里東二街11號,臺中市大甲區日南里,陳敏彰,53643220,股份有限公司,,1080524,生產中,24基本金屬製造業  ,241鋼鐵  ,11508.csv
嘉華盛科技股份有限公司,99665470,08610000801362,高雄市岡山區為隨里為隨西路８８號,高雄市岡山區為隨里,江慶生,12916226,股份有限公司,0860213,0870609,生產中,24基本金屬製造業、29機械設備製造業  ,241鋼鐵、242鋁、249其他基本金屬、293通用機械設備  ,11508.csv
國際通企業股份有限公司頭橋廠,99655510,08210010074589,嘉義縣民雄鄉興南村工業五路８號,嘉義縣民雄鄉興南村,林憲揚,86535616,股份有限公司,0820529,0820615,生產中,24基本金屬製造業、25金屬製品製造業、30汽車及其零件製造業、31其他運輸工具及其零件製造業  ,241鋼鐵、253金屬容器、259其他金屬製品、303汽車零件、312機車及其零件  ,11508.csv
均堡回收資源有限公司,13000897,,屏東縣新園鄉新園村龍洲一路698號,屏東縣新園鄉新園村,戴子庭,90899096,有限公司,,1130524,生產中,24基本金屬製造業、25金屬製品製造業  ,241鋼鐵、242鋁、243銅、249其他基本金屬、254金屬加工處理  ,11508.csv
大明捲門材料有限公司,99635701,07410006228171,臺中市大安區龜里龜殼里中山南路６２５號,臺中市大安區龜里,顏慶宗,05796766,有限公司,0741218,0750106,生產中,25金屬製品製造業、24基本金屬製造業  ,259其他金屬製品、254金屬加工處理、241鋼鐵  ,11508.csv
詠源鐵工廠股份有限公司,64000475,,高雄市三民區灣興里灣興街５３號,高雄市三民區灣興里,李芳儀,75927087,股份有限公司,,0660214,生產中,24基本金屬製造業、25金屬製品製造業  ,241鋼鐵、254金屬加工處理  ,11508.csv
豐之田工業股份有限公司,99622954,07810000281460,桃園市楊梅區新榮里電研路69巷21號,桃園市楊梅區新榮里,周麗玉　,12907541,股份有限公司,0780713,0780930,生產中,24基本金屬製造業、25金屬製品製造業、29機械設備製造業、26電子零組件製造業、28電力設備及配備製造業、30汽車及其零件製造業  ,303汽車零件、269其他電子零組件、241鋼鐵、251金屬刀具、手工具及模具、293通用機械設備、289其他電力設備及配備  ,11508.csv
豪豐工業股份有限公司,99669399,08010000093614,臺中市西屯區協和里工業區四十一路32號,臺中市西屯區協和里,廖宏彬,22281460,股份有限公司,0800724,0830818,生產中,29機械設備製造業、24基本金屬製造業  ,293通用機械設備、241鋼鐵  ,11508.csv
貫琳企業股份有限公司員林廠,S0701421,,彰化縣員林市大饒里大饒路682號,彰化縣員林市大饒里,李佩蓉,60311817,股份有限公司,,1091124,生產中,24基本金屬製造業、25金屬製品製造業、29機械設備製造業  ,241鋼鐵、252金屬結構及建築組件、259其他金屬製品、292其他專用機械設備、293通用機械設備  ,11508.csv
超吉工業股份有限公司南崗廠,99720037,,南投縣南投市新興里自強三路23號,南投縣南投市新興里,王志鴻,97520323,股份有限公司,,0970828,生產中,24基本金屬製造業、25金屬製品製造業  ,241鋼鐵、251金屬刀具、手工具及模具、254金屬加工處理、259其他金屬製品  ,11508.csv
連春工業股份有限公司一廠,65013180,,新北市泰山區貴和里貴鳳街24巷6號(1樓),新北市泰山區貴和里,王昆煌,36204801,股份有限公司,,1141201,生產中,24基本金屬製造業、25金屬製品製造業、29機械設備製造業  ,241鋼鐵、242鋁、251金屬刀具、手工具及模具、252金屬結構及建築組件、254金屬加工處理、259其他金屬製品、291金屬加工用機械設備  ,11508.csv
進拓鑄造股份有限公司,99639655,08810006039551,臺中市大肚區永和里溪洲路278號,臺中市大肚區永和里,黃睿能,55762880,股份有限公司,0880719,0880722,生產中,30汽車及其零件製造業、31其他運輸工具及其零件製造業、25金屬製品製造業、29機械設備製造業、24基本金屬製造業  ,259其他金屬製品、293通用機械設備、303汽車零件、312機車及其零件、252金屬結構及建築組件、241鋼鐵  ,11508.csv
金富苑工業股份有限公司,99664199,08310000604650,高雄市大寮區大寮里大有二街２８號,高雄市大寮區大寮里,林顯明,84984383,股份有限公司,0831115,0840116,生產中,33其他製造業、24基本金屬製造業  ,331育樂用品、241鋼鐵  ,11508.csv
金昇鋼鐵企業股份有限公司,99660108,06210000060343,臺南市仁德區保安里保安路1段21號,臺南市仁德區保安里,方淑珍　　　,72062948,股份有限公司,0620517,0630118,生產中,25金屬製品製造業、24基本金屬製造業  ,259其他金屬製品、241鋼鐵  ,11508.csv
金昇鋼鐵企業股份有限公司分廠　　　　　　　　　　　　　　　　,99660105,06210000014239,臺南市仁德區保安里保安路1段21之1號,臺南市仁德區保安里,方淑珍　　,72062948,股份有限公司,0620214,0620824,生產中,24基本金屬製造業  ,241鋼鐵  ,11508.csv
鈞大實業有限公司,64006820,,高雄市大寮區潮寮里田單七街26號,高雄市大寮區潮寮里,劉晋安,24504184,有限公司,,1020704,生產中,22塑膠製品製造業、24基本金屬製造業、25金屬製品製造業  ,220塑膠製品、241鋼鐵、242鋁、243銅、249其他基本金屬、254金屬加工處理、259其他金屬製品  ,11508.csv
華新工業有限公司,65012053,,新北市新莊區福基里化成路431巷20號,新北市新莊區福基里,鄭麗華,95485383,有限公司,,1130807,生產中,24基本金屬製造業、25金屬製品製造業、29機械設備製造業  ,241鋼鐵、242鋁、243銅、251金屬刀具、手工具及模具、254金屬加工處理、259其他金屬製品、293通用機械設備  ,11508.csv
福器企業有限公司,99664023,07510012094243,高雄市大寮區潮寮里富民街１之３號,高雄市大寮區潮寮里,黃維霆,81269483,有限公司,0791231,0791231,生產中,24基本金屬製造業  ,241鋼鐵  ,11508.csv
豐億鋼珠有限公司,99635667,06810006120967,臺中市豐原區南田里朝陽路55巷31號,臺中市豐原區南田里,黃新政,22486772,有限公司,0580101,0680807,生產中,24基本金屬製造業  ,241鋼鐵  ,11508.csv
豐順興企業股份有限公司,10000599,,嘉義縣大林鎮中坑里大埔美園區18路5號(地上一樓),嘉義縣大林鎮中坑里,王振添,90268339,股份有限公司,,1120608,生產中,24基本金屬製造業、25金屬製品製造業  ,241鋼鐵、253金屬容器、254金屬加工處理  ,11508.csv
豪金鐵線股份有限公司,99683233,08510011302817,臺南市新化區知義里新和庄10之3號,臺南市新化區知義里,林瑞宗　　　,84869314,股份有限公司,0850405,0860130,生產中,24基本金屬製造業  ,241鋼鐵  ,11508.csv
迅展企業股份有限公司苗栗廠,99632086,07710005264474,苗栗縣銅鑼鄉銅鑼村二三鄰民享路二四號,苗栗縣銅鑼鄉銅鑼村,陳松川,05412591,股份有限公司,0770718,0770718,生產中,24基本金屬製造業、25金屬製品製造業、29機械設備製造業  ,241鋼鐵、254金屬加工處理、291金屬加工用機械設備、293通用機械設備、292其他專用機械設備  ,11508.csv
連泰鋼鐵工業股份有限公司,99661592,06510012032407,高雄市仁武區仁武里工業二路２１號,高雄市仁武區仁武里,連文祥,85614583,獨資,0791231,0650930,生產中,24基本金屬製造業  ,241鋼鐵、249其他基本金屬  ,11508.csv
華新麗華股份有限公司台中不銹鋼廠,90C00057,,臺中市梧棲區草湳里經三路57號,臺中市梧棲區草湳里,張志哲,35412204,股份有限公司,,1020201,生產中,24基本金屬製造業、25金屬製品製造業  ,241鋼鐵、254金屬加工處理  ,11508.csv
華新麗華股份有限公司鹽水廠,99657714,07910000172466,臺南市鹽水區汫水里溪州寮3之10號A棟,臺南市鹽水區汫水里,張志哲,35412204,股份有限公司,0790612,0831011,生產中,24基本金屬製造業  ,241鋼鐵  ,11508.csv
華麒不銹鋼有限公司,99627135,08810003328008,桃園市蘆竹區新莊里大興路二０巷二一弄一七號,桃園市蘆竹區新莊里,吳琇華,16933289,有限公司,0880717,0890310,生產中,24基本金屬製造業、25金屬製品製造業  ,241鋼鐵、254金屬加工處理  ,11508.csv
萬鑫鋼鐵有限公司蘆竹廠,99688378,,桃園市蘆竹區新興里中興二街３１號,桃園市蘆竹區新興里,黃偉倫,29110435,有限公司,,0940517,生產中,24基本金屬製造業  ,241鋼鐵  ,11508.csv
萬順顧問開發有限公司龍潭廠,99706894,,桃園市龍潭區高平里龍源路８５巷４２號,桃園市龍潭區高平里,馮愛蓮,89770467,有限公司,,0960321,生產中,24基本金屬製造業、18化學材料及肥料製造業  ,241鋼鐵、242鋁、243銅、249其他基本金屬、184塑膠及合成橡膠原料  ,11508.csv
福大鑄造股份有限公司,99643425,06510006089707,臺中市沙鹿區斗抵里斗潭路8號,臺中市沙鹿區斗抵里,何燦東,22237628,股份有限公司,0650616,0670203,生產中,25金屬製品製造業、24基本金屬製造業  ,259其他金屬製品、241鋼鐵  ,11508.csv
通順鋼鐵股份有限公司,99677274,,苗栗縣通霄鎮五北里七鄰五北六八之六號,苗栗縣通霄鎮五北里,王李秀昭,56248010,股份有限公司,,0920506,生產中,24基本金屬製造業  ,241鋼鐵  ,11508.csv
通駿企業股份有限公司,99642145,07310006135193,臺中市大雅區上楓里民生路三段111巷5號,臺中市大雅區上楓里,黃清賢,22104057,股份有限公司,0730815,0750612,生產中,25金屬製品製造業、29機械設備製造業、24基本金屬製造業  ,241鋼鐵、251金屬刀具、手工具及模具、259其他金屬製品、293通用機械設備  ,11508.csv
金沅鑄造廠,99672334,06210000134856,臺中市東區東門里振興路２４６巷５８號,臺中市東區東門里,邱家泓,52267296,獨資,0580101,0630723,生產中,24基本金屬製造業  ,241鋼鐵  ,11508.csv
蘭州工程股份有限公司,99705070,,高雄市岡山區本洲里本工西二路２１號,高雄市岡山區本洲里,蔡錦州,89296646,股份有限公司,,0950719,生產中,24基本金屬製造業、25金屬製品製造業  ,241鋼鐵、252金屬結構及建築組件  ,11508.csv
裕鐵企業股份有限公司岡山二廠,99662081,08610012138842,高雄市燕巢區安招里安招路６３９之１號,高雄市燕巢區安招里,林高煌,85978401,股份有限公司,0860717,0871214,生產中,24基本金屬製造業、25金屬製品製造業  ,241鋼鐵、254金屬加工處理  ,11508.csv
証統環保科技股份有限公司二廠,64009417,,高雄市小港區山明里永光街2號,高雄市小港區山明里,黃韋翰,88101881,股份有限公司,,1110912,生產中,24基本金屬製造業  ,241鋼鐵  ,11508.csv
貴晟工業有限公司,99683854,,臺南市永康區塩行里塩和街230號,臺南市永康區塩行里,李文貴,16877694,有限公司,,0920110,生產中,25金屬製品製造業、24基本金屬製造業  ,251金屬刀具、手工具及模具、241鋼鐵  ,11508.csv
遠東機械工業股份有限公司,99672738,0AA100AA000026,嘉義市東區後湖里忠孝路７５２號,嘉義市東區後湖里,莊惠美,65818201,股份有限公司,0580101,0580101,生產中,24基本金屬製造業、25金屬製品製造業、29機械設備製造業  ,241鋼鐵、249其他基本金屬、254金屬加工處理、259其他金屬製品、291金屬加工用機械設備  ,11508.csv
遠東機械工業股份有限公司頭橋廠,99655784,06210000106468,嘉義縣民雄鄉興南村工業一路１號,嘉義縣民雄鄉興南村,莊惠美,65818201,股份有限公司,0580101,0660317,生產中,25金屬製品製造業、24基本金屬製造業、29機械設備製造業、30汽車及其零件製造業  ,241鋼鐵、249其他基本金屬、252金屬結構及建築組件、293通用機械設備、301汽車、302車體、303汽車零件  ,11508.csv
金品金屬工業股份有限公司一廠,99602539,07810001068398,新北市鶯歌區永吉里德昌二街72號,新北市鶯歌區永吉里,張哲銘,31125700,股份有限公司,0780316,0780512,生產中,24基本金屬製造業、25金屬製品製造業  ,241鋼鐵、254金屬加工處理、249其他基本金屬  ,11508.csv
金皇企業股份有限公司屏南六廠,99699542,07710099286482,屏東縣枋寮鄉東海村精進路32號,屏東縣枋寮鄉東海村,陳思明,85807913,股份有限公司,0771229,0831011,生產中,24基本金屬製造業、32家具製造業  ,241鋼鐵、320家具  ,11508.csv
蔡富國鑄造股份有限公司,99634187,06710006165834,臺中市大雅區六寶里和平路一六五號,臺中市大雅區六寶里,廖玉憤,55854543,股份有限公司,0671121,0680307,生產中,24基本金屬製造業  ,241鋼鐵  ,11508.csv
蔡富國鑄造股份有限公司大雅廠,S6601753,,臺中市大雅區六寶里和平路258號,臺中市大雅區六寶里,廖玉憤,55854543,股份有限公司,,1110217,生產中,24基本金屬製造業、29機械設備製造業  ,241鋼鐵、292其他專用機械設備  ,11508.csv
賜發鐵材有限公司,99662285,07910012148927,高雄市岡山區台上里成功路４６０巷３２號,高雄市岡山區台上里,施政臣,16716656,有限公司,0791231,0791231,生產中,24基本金屬製造業、25金屬製品製造業  ,241鋼鐵、259其他金屬製品  ,11508.csv
郁清鑄造廠股份有限公司分廠,S6601673,,臺中市大雅區六寶里清陽路92巷5號、9號,臺中市大雅區六寶里,林淑鈴,22276585,股份有限公司,,1100114,生產中,24基本金屬製造業  ,241鋼鐵  ,11508.csv
金采精密鑄造股份有限公司大發廠,64006727,,高雄市大寮區大寮里華中路46-1號,高雄市大寮區大寮里,賴育誠,85969206,股份有限公司,,1020223,生產中,24基本金屬製造業  ,241鋼鐵  ,11508.csv
鈞耀五金有限公司,99609635,08210001429464,新北市樹林區三龍里三龍街九四巷三八號,新北市樹林區三龍里,陳邱耀,84637764,有限公司,0821129,0821231,生產中,25金屬製品製造業、29機械設備製造業、24基本金屬製造業  ,241鋼鐵、254金屬加工處理、243銅、259其他金屬製品、293通用機械設備  ,11508.csv
萬機鋼鉄工業股份有限公司,99664046,07410012111630,高雄市燕巢區角宿里安新路３６０號,高雄市燕巢區角宿里,周冠呈,88318994,股份有限公司,0791231,0740705,生產中,24基本金屬製造業、25金屬製品製造業、29機械設備製造業  ,241鋼鐵、254金屬加工處理、252金屬結構及建築組件、253金屬容器、259其他金屬製品、293通用機械設備、291金屬加工用機械設備、292其他專用機械設備  ,11508.csv
裕澤特殊工業股份有限公司,63021123,05763000000296,臺北市內湖區蘆洲里安康路一二五、一二七號,臺北市內湖區蘆洲里,施良琦,20673406,股份有限公司,0570503,0570629,生產中,24基本金屬製造業、25金屬製品製造業、31其他運輸工具及其零件製造業  ,241鋼鐵、254金屬加工處理、259其他金屬製品、319未分類其他運輸工具及其零件  ,11508.csv
豐安鋼鐵有限公司,99628048,,桃園市桃園區大林里樹仁二街二０號,桃園市桃園區大林里,簡木男,22286107,有限公司,,0911118,生產中,24基本金屬製造業、25金屬製品製造業  ,241鋼鐵、252金屬結構及建築組件、242鋁、259其他金屬製品  ,11508.csv
金益鼎企業股份有限公司南港廠,99668938,,新竹市香山區南港里西濱路六段五九九號,新竹市香山區南港里,莊清旗,97419282,股份有限公司,,0940914,生產中,24基本金屬製造業、25金屬製品製造業、22塑膠製品製造業  ,220塑膠製品、241鋼鐵、254金屬加工處理、242鋁、243銅、249其他基本金屬、259其他金屬製品、293通用機械設備  ,11508.csv
華楊興業股份有限公司彰化廠,99651092,08210007058609,彰化縣竹塘鄉田頭村光明路４６之１號,彰化縣竹塘鄉田頭村,林美芬　,84071252,股份有限公司,0820810,0820823,生產中,24基本金屬製造業  ,241鋼鐵  ,11508.csv
萊璉鋼鐵有限公司,99703979,,臺中市霧峰區南勢里豐正路工業巷１號,臺中市霧峰區南勢里,洪明輝,16739377,有限公司,,0951123,生產中,24基本金屬製造業  ,241鋼鐵  ,11508.csv
虹京資源股份有限公司屏南廠,99699798,,屏東縣枋寮鄉東海村永翔路33、33之1號,屏東縣枋寮鄉東海村,王裕農,27992242,股份有限公司,,0971111,生產中,18化學材料及肥料製造業、24基本金屬製造業  ,181化學原材料、241鋼鐵  ,11508.csv
超群企業行,99685420,,高雄市岡山區岡山里嘉新西路７８號１樓,高雄市岡山區岡山里,石育源,80956300,獨資,,0921129,生產中,24基本金屬製造業  ,241鋼鐵  ,11508.csv
載興實業股份有限公司,99663377,07610012076176,高雄市大寮區潮寮里華東路１７之１號,高雄市大寮區潮寮里,蔡呂鳳琴,81256298,股份有限公司,0730519,0791231,生產中,24基本金屬製造業  ,241鋼鐵  ,11508.csv
辰悅工廠股份有限公司,99663454,07610012124694,高雄市彌陀區文安里文安路東段１５４號,高雄市彌陀區文安里,王溪泉,22262490,股份有限公司,0791231,0791231,生產中,24基本金屬製造業  ,241鋼鐵  ,11508.csv
郡大實業股份有限公司,99661842,07710012094804,高雄市大寮區潮寮里田單一街１１號,高雄市大寮區潮寮里,郭海碑,86683685,股份有限公司,0791231,0791231,生產中,24基本金屬製造業、21橡膠製品製造業、22塑膠製品製造業  ,241鋼鐵、210橡膠製品、220塑膠製品  ,11508.csv
金鉤有限公司,S6400950,,高雄市路竹區甲南里環球路461-11號,高雄市路竹區甲南里,曹曾素英,22971459,有限公司,,1091228,生產中,24基本金屬製造業  ,241鋼鐵  ,11508.csv
萬瀧鋼鐵股份有限公司,99619623,08210000085771,新北市五股區興珍里五工五路34號之1,新北市五股區興珍里,王岳誠,84590395,股份有限公司,0821124,0821211,生產中,24基本金屬製造業、25金屬製品製造業  ,241鋼鐵、254金屬加工處理  ,11508.csv
遠都鋼鐵股份有限公司,99608645,08210000072659,新北市五股區興珍里五工一路一二四號,新北市五股區興珍里,廖進忠,86664630,股份有限公司,0820416,0820510,生產中,24基本金屬製造業、25金屬製品製造業  ,241鋼鐵、254金屬加工處理  ,11508.csv
金利刀模開發有限公司,65000441,,新北市板橋區廣福里信義路163巷5號1樓,新北市板橋區廣福里,馬國枝,84359298,有限公司,,1000531,生產中,24基本金屬製造業、25金屬製品製造業  ,241鋼鐵、249其他基本金屬、251金屬刀具、手工具及模具  ,11508.csv
金鼎鑄造股份有限公司,10000082,,嘉義縣民雄鄉福樂村中華路86、86-1號,嘉義縣民雄鄉福樂村,黃素月,53835178,股份有限公司,,1010827,生產中,24基本金屬製造業  ,241鋼鐵  ,11508.csv
西惠工業股份有限公司仁武廠,99662007,08410012123568,高雄市仁武區竹後里竹工一巷６號,高雄市仁武區竹後里,陳憲富,76326864,股份有限公司,0840721,0860703,生產中,24基本金屬製造業、25金屬製品製造業、30汽車及其零件製造業、31其他運輸工具及其零件製造業  ,241鋼鐵、259其他金屬製品、303汽車零件、312機車及其零件  ,11508.csv
豐興鋼鐵股份有限公司,99641380,05810006076104,臺中市后里區墩北里甲后路一段998號、1000號、1002號,臺中市后里區墩北里,林大鈞,55389357,股份有限公司,0580915,,生產中,24基本金屬製造業  ,241鋼鐵  ,11508.csv
輝南實業股份有限公司,99651616,07010000254905,彰化縣和美鎮鎮平里輝南路一六五號,彰化縣和美鎮鎮平里,林杉伯　,59299651,股份有限公司,0701217,0710624,生產中,24基本金屬製造業  ,241鋼鐵  ,11508.csv
進豐興企業股份有限公司分廠,99661855,08510012069864,高雄市岡山區岡山里新樂街１５６號,高雄市岡山區岡山里,黃順安,85735313,股份有限公司,0850425,0850517,生產中,24基本金屬製造業  ,241鋼鐵  ,11508.csv
進豐興企業股份有限公司,99661321,00010012051832,高雄市岡山區岡山里新樂街１４６號,高雄市岡山區岡山里,黃順安,85735313,股份有限公司,0791231,0791231,生產中,18化學材料及肥料製造業、24基本金屬製造業、25金屬製品製造業  ,181化學原材料、241鋼鐵、259其他金屬製品  ,11508.csv
達豐鐵材行股份有限公司,99645324,08110000079188,彰化縣伸港鄉溪底村工西二路６號,彰化縣伸港鄉溪底村,蔡永達　,59035835,股份有限公司,0811223,0830422,生產中,24基本金屬製造業、25金屬製品製造業  ,241鋼鐵、254金屬加工處理  ,11508.csv
遠陞實業有限公司,64006942,,高雄市大寮區潮寮里田單六街25號,高雄市大寮區潮寮里,黃采潔,86041888,有限公司,,1021219,生產中,25金屬製品製造業、24基本金屬製造業  ,254金屬加工處理、241鋼鐵、242鋁、243銅  ,11508.csv
遠龍不銹鋼股份有限公司,64006006,,高雄市小港區鳳鳴里大業南路２８號,高雄市小港區鳳鳴里,李坤炎,27699704,股份有限公司,,0950920,生產中,24基本金屬製造業  ,241鋼鐵  ,11508.csv
金弘福企業有限公司,99626228,08510003138803,桃園市蘆竹區新興里中興路一００巷一號,桃園市蘆竹區新興里,李來卿　　　,16269452,有限公司,0850807,0870121,生產中,24基本金屬製造業、29機械設備製造業  ,241鋼鐵、293通用機械設備  ,11508.csv
薪榮環保股份有限公司,04000622,,新竹縣新豐鄉埔和村19鄰埔頂237-3號,新竹縣新豐鄉埔和村,陳德麒,56924201,股份有限公司,,1061206,生產中,14木竹製品製造業、22塑膠製品製造業、24基本金屬製造業、18化學材料及肥料製造業  ,140木竹製品、220塑膠製品、241鋼鐵、183肥料及氮化合物  ,11508.csv
裕典科技股份有限公司第一廠,07002818,,彰化縣福興鄉萬豐村福工路4號,彰化縣福興鄉萬豐村,陳育君,80080357,股份有限公司,,1071019,生產中,24基本金屬製造業、25金屬製品製造業  ,241鋼鐵、242鋁、251金屬刀具、手工具及模具  ,11508.csv
裕力機械股份有限公司,99669124,07010000147187,臺中市西屯區協和里工業區九路10號,臺中市西屯區協和里,鄭谷龍,34219456,股份有限公司,0700723,0720925,生產中,24基本金屬製造業、29機械設備製造業、28電力設備及配備製造業  ,241鋼鐵、292其他專用機械設備、293通用機械設備、281發電、輸電及配電機械  ,11508.csv
豐成鑄造股份有限公司,99631703,07410005025858,苗栗縣竹南鎮崎頂里一六鄰和義街五號,苗栗縣竹南鎮崎頂里,王世東,49717086,股份有限公司,0740116,0740116,生產中,24基本金屬製造業、25金屬製品製造業、30汽車及其零件製造業  ,241鋼鐵、254金屬加工處理、301汽車、302車體、303汽車零件  ,11508.csv
豪慶工業有限公司二廠,S6601755,,臺中市烏日區東園里溪南路一段18巷868弄59號,臺中市烏日區東園里,朱淑芬,80410195,有限公司,,1110222,生產中,24基本金屬製造業、24基本金屬製造業  ,241鋼鐵  ,11508.csv
金勃有限公司二廠,S6800372,,桃園市觀音區新坡里文林路261-1號,桃園市觀音區新坡里,吳建榮,22587595,有限公司,,1100423,生產中,24基本金屬製造業  ,241鋼鐵  ,11508.csv
金勃有限公司龍潭廠,68005599,,桃園市龍潭區高平里中豐路高平段10巷85號,桃園市龍潭區高平里,吳建榮,22587595,有限公司,,1120727,生產中,24基本金屬製造業  ,241鋼鐵  ,11508.csv
金大裕鐵材行,99655375,07510000130726,嘉義縣大林鎮明華里忠孝路２６４號,嘉義縣大林鎮明華里,田詒海,66478314,獨資,0750510,0750510,生產中,24基本金屬製造業、25金屬製品製造業  ,241鋼鐵、254金屬加工處理  ,11508.csv
金萬工業社,99668145,07710000174910,新竹市頂埔里中華路四段１８１巷２１號,新竹市香山區頂埔里,黃羅庭嬌　　,47193582,獨資,0770314,0770314,生產中,24基本金屬製造業、25金屬製品製造業  ,241鋼鐵、254金屬加工處理  ,11508.csv
金鎔企業有限公司二廠,S6601715,,臺中市霧峰區南柳里柳豐路309號,臺中市霧峰區南柳里,洪猜,24222072,有限公司,,1100628,生產中,24基本金屬製造業  ,241鋼鐵  ,11508.csv
釜泰鑄造股份有限公司,99636686,07810006080651,臺中市大雅區上雅里民生路一段315號,臺中市大雅區上雅里,劉奇和,23257663,股份有限公司,0780517,0780517,生產中,25金屬製品製造業、24基本金屬製造業  ,241鋼鐵、259其他金屬製品  ,11508.csv
華通電腦股份有限公司一廠,99622648,06210000162397,桃園市蘆竹區新莊里大新路814巷91號,桃園市蘆竹區新莊里,吳祥麒,04401392,股份有限公司,0621201,0630823,生產中,26電子零組件製造業、24基本金屬製造業、27電腦、電子產品及光學製品製造業  ,263印刷電路板、241鋼鐵、249其他基本金屬、271電腦及其週邊設備  ,11508.csv
裕勝發有限公司,64006252,,高雄市燕巢區角宿里四林路121巷14號,高雄市燕巢區角宿里,劉宜芳,53238067,有限公司,,1000421,生產中,25金屬製品製造業、24基本金屬製造業  ,254金屬加工處理、253金屬容器、241鋼鐵、242鋁、243銅  ,11508.csv
誼榮鋼鐵股份有限公司,99661790,,高雄市永安區維新里永工三路１０號,高雄市永安區維新里,陳月嫌,89585081,有限公司,,0901108,生產中,24基本金屬製造業、33其他製造業  ,241鋼鐵、339未分類其他製品  ,11508.csv
豐政金屬工業股份有限公司,99653346,07510000333365,雲林縣斗六市榴中里民樂街一三號,雲林縣斗六市榴中里,林明輝,22291100,股份有限公司,0751203,0760704,生產中,24基本金屬製造業  ,241鋼鐵  ,11508.csv
豪成科技股份有限公司,04000094,,新竹縣湖口鄉鳳山村工業五路1號,新竹縣湖口鄉鳳山村,范振師,80107588,股份有限公司,,1001025,生產中,24基本金屬製造業、25金屬製品製造業  ,241鋼鐵、249其他基本金屬、251金屬刀具、手工具及模具、252金屬結構及建築組件、254金屬加工處理、259其他金屬製品  ,11508.csv
輝斌企業股份有限公司二廠,S6800374,,桃園市大溪區南興里仁和路二段571巷41號,桃園市大溪區南興里,邱創斌,22372454,股份有限公司,,1100820,生產中,24基本金屬製造業  ,241鋼鐵  ,11508.csv
輝昌金屬有限公司樹林廠,99719552,,新北市樹林區金寮里武林街11之4號,新北市樹林區金寮里,張世佳,84697185,有限公司,,0980915,生產中,24基本金屬製造業、25金屬製品製造業  ,241鋼鐵、242鋁、252金屬結構及建築組件  ,11508.csv
達成鑫鋼鐵股份有限公司苗栗廠,99632214,08610005084452,苗栗縣後龍鎮埔頂里十五鄰中華路七一二號,苗栗縣後龍鎮埔頂里,陳春生,84829361,股份有限公司,0860626,0880121,生產中,24基本金屬製造業、25金屬製品製造業  ,241鋼鐵、254金屬加工處理  ,11508.csv
金澤金屬科技股份有限公司,04000390,,新竹縣新埔鎮內立里關埔路內立段 131號,新竹縣新埔鎮內立里,黃丁一,54093011,股份有限公司,,1040109,生產中,24基本金屬製造業  ,249其他基本金屬、241鋼鐵  ,11508.csv
華進不銹鋼金屬有限公司,99609927,07510001087722,新北市中和區中原里中正路九０五號一樓,新北市中和區中原里,黃文華,15912835,有限公司,0750331,0751028,生產中,32家具製造業、28電力設備及配備製造業、24基本金屬製造業、25金屬製品製造業、29機械設備製造業  ,320家具、285家用電器、241鋼鐵、254金屬加工處理、251金屬刀具、手工具及模具、252金屬結構及建築組件、253金屬容器、259其他金屬製品、293通用機械設備  ,11508.csv
華進工業社,99625729,07510003155741,桃園市八德區大和里建國路九七二巷一一弄一一號,桃園市八德區大和里,呂清煌　　　,02616426,獨資,0751205,0751223,生產中,24基本金屬製造業、25金屬製品製造業、29機械設備製造業  ,241鋼鐵、259其他金屬製品、293通用機械設備、251金屬刀具、手工具及模具、249其他基本金屬  ,11508.csv
裕笙工業股份有限公司,99680082,,彰化縣鹿港鎮海埔里鹿工北一路１２號,彰化縣鹿港鎮海埔里,黃瑞呈,86473175,股份有限公司,,0950602,生產中,24基本金屬製造業、25金屬製品製造業  ,241鋼鐵、254金屬加工處理、249其他基本金屬  ,11508.csv
誼聯機械鑄造股份有限公司,99620212,06810000137242,宜蘭縣蘇澳鎮龍德里龍祥一路3號,宜蘭縣蘇澳鎮龍德里,羅阿愛　　,42063575,股份有限公司,0680728,0720816,生產中,29機械設備製造業、24基本金屬製造業、30汽車及其零件製造業、31其他運輸工具及其零件製造業  ,293通用機械設備、241鋼鐵、311船舶及浮動設施、303汽車零件  ,11508.csv
豐昇企業社,99627447,08110003029557,桃園市大溪區一心里中華路一二一巷二一弄一號,桃園市大溪區一心里,黃素琴　　　,36494230,獨資,0810323,0810331,生產中,24基本金屬製造業  ,241鋼鐵  ,11508.csv
金勝鑫企業有限公司二廠,S6601615,,臺中市烏日區螺潭里太明路成豐巷232號,臺中市烏日區螺潭里,陳素秋,84994729,有限公司,,1091105,生產中,24基本金屬製造業、25金屬製品製造業、29機械設備製造業  ,241鋼鐵、251金屬刀具、手工具及模具、252金屬結構及建築組件、259其他金屬製品、293通用機械設備  ,11508.csv
金榮工業股份有限公司安平廠,99673440,06710000083785,臺南市南區彰南里新平路3號,臺南市南區彰南里,林榮豐,68323673,股份有限公司,0670524,0690805,生產中,24基本金屬製造業、25金屬製品製造業  ,241鋼鐵、259其他金屬製品  ,11508.csv
金詠勝企業有限公司,S0702667,,彰化縣花壇鄉文德村宏宅街65巷18號,彰化縣花壇鄉文德村,吳孫欣,85113624,有限公司,,1131030,生產中,24基本金屬製造業、25金屬製品製造業  ,241鋼鐵、259其他金屬製品  ,11508.csv
鈊富工業股份有限公司二廠,67004280,,臺南市新營區中營里東平街51號,臺南市新營區中營里,楊薰鴻,54081872,股份有限公司,,1150302,生產中,24基本金屬製造業  ,241鋼鐵  ,11508.csv
華鉅鋼鐵有限公司,64006764,,高雄市岡山區灣裡里岡山北路2巷35號,高雄市岡山區灣裡里,童建華,27846543,有限公司,,1020412,生產中,24基本金屬製造業、25金屬製品製造業  ,241鋼鐵、254金屬加工處理  ,11508.csv
萬合特殊鋼有限公司,99625488,06710000300135,桃園市中壢區內定里定安路一三號,桃園市中壢區內定里,林淑興　　　,07654089,有限公司,0671122,0690905,生產中,24基本金屬製造業  ,241鋼鐵  ,11508.csv
誠堃企業股份有限公司線西廠,99650334,07910007070871,彰化縣線西鄉頂犁村中央路一段三號,彰化縣線西鄉頂犁村,林淑芳,22081836,股份有限公司,0790606,0790621,生產中,24基本金屬製造業  ,241鋼鐵  ,11508.csv
諒興鐵材行五股廠,99696216,,新北市五股區興珍里四維路一五五巷三二號一樓,新北市五股區興珍里,施諒城,35873233,獨資,,0951215,生產中,24基本金屬製造業、25金屬製品製造業  ,241鋼鐵、254金屬加工處理  ,11508.csv
財田鐵工廠二廠,S6601696,,臺中市神岡區神洲里民權路45-3號,臺中市神岡區神洲里,張萬財,08289602,獨資,,1100412,生產中,24基本金屬製造業  ,241鋼鐵  ,11508.csv
金樹玉實業有限公司,S0702655,,彰化縣花壇鄉文德村宏宅街65巷26號,彰化縣花壇鄉文德村,吳孫文,16224792,有限公司,,1131030,生產中,24基本金屬製造業、25金屬製品製造業  ,241鋼鐵、259其他金屬製品  ,11508.csv
觀音環境資源科技股份有限公司觀音廠,99717642,,桃園市觀音區富林里觀音工業區工業七路5號,桃園市觀音區富林里,邱創海,80472184,股份有限公司,,0980417,生產中,22塑膠製品製造業、24基本金屬製造業  ,220塑膠製品、241鋼鐵、242鋁、243銅  ,11508.csv
貫勝金屬有限公司,99704843,,高雄市大寮區潮寮里田單七街１４號,高雄市大寮區潮寮里,王智民,76447993,有限公司,,0941108,生產中,24基本金屬製造業  ,241鋼鐵  ,11508.csv
通用不銹鋼有限公司,99635115,,臺中市梧棲區永安里向上路九段322巷39號,臺中市梧棲區永安里,卓金堂,89585300,有限公司,,0910305,生產中,25金屬製品製造業、24基本金屬製造業  ,252金屬結構及建築組件、259其他金屬製品、241鋼鐵  ,11508.csv
鈊富工業股份有限公司,67001348,,臺南市新營區中營里開元路100、102號,臺南市新營區中營里,楊薫鴻,54081872,股份有限公司,,1041112,生產中,24基本金屬製造業  ,241鋼鐵  ,11508.csv
藝林鑄機股份有限公司二廠,68005484,,桃園市新屋區永安里12鄰永福路651號,桃園市新屋區永安里,徐一峯,22364362,股份有限公司,,1120525,生產中,24基本金屬製造業  ,241鋼鐵  ,11508.csv
豐鈿鋼鐵股份有限公司,99664287,07610012095743,高雄市仁武區烏林里仁心路２５５號,高雄市仁武區烏林里,陳綉美,89230666,股份有限公司,0791231,0791231,生產中,24基本金屬製造業  ,241鋼鐵  ,11508.csv
豐銂工業股份有限公司,S6601730,,臺中市神岡區庄前里庄前路1號,臺中市神岡區庄前里,張秉豐,28387476,股份有限公司,,1101006,生產中,24基本金屬製造業  ,241鋼鐵  ,11508.csv
貫宏精密工業有限公司,99672274,06710000090895,臺中市東區東橋里建功街90號,臺中市東區東橋里,田國華,28502757,獨資,0580101,0690320,生產中,24基本金屬製造業、25金屬製品製造業  ,241鋼鐵、254金屬加工處理  ,11508.csv
貫德鋼鐵有限公司,65002291,,新北市三重區仁華里仁華街118巷24號,新北市三重區仁華里,徐鳳英,86540408,有限公司,,1020614,生產中,24基本金屬製造業  ,241鋼鐵  ,11508.csv
通田金屬廠,99647167,06510000015108,彰化縣和美鎮大霞里太平路５７４巷５號,彰化縣和美鎮大霞里,黃許淑梅　,59008892,獨資,0650207,0650604,生產中,24基本金屬製造業、33其他製造業  ,241鋼鐵、339未分類其他製品  ,11508.csv
進寶企業社,08000031,,南投縣南投市平山里自強三路7號,南投縣南投市平山里,林進昇,19241401,合夥,,1000822,生產中,24基本金屬製造業  ,241鋼鐵  ,11508.csv
金合發鋼鐵股份有限公司,64000393,6264019068,高雄市小港區山明里利昌街３號,高雄市小港區山明里,陳鴻智,15176809,股份有限公司,0621030,0670425,生產中,24基本金屬製造業  ,241鋼鐵  ,11508.csv
金正達科技有限公司,99631964,,苗栗縣頭份市東庄里一０鄰民族路五０二巷一八號一樓,苗栗縣頭份市東庄里,黃玄昌,12924942,有限公司,,0910130,生產中,23非金屬礦物製品製造業、24基本金屬製造業  ,234石材製品、241鋼鐵  ,11508.csv
金瑞泰鐵工廠,99666405,06910014088539,臺東縣臺東市中正里福建路一五Ｏ號,臺東縣臺東市中正里,盧建榮,93181202,獨資,0690228,0690228,生產中,24基本金屬製造業  ,241鋼鐵  ,11508.csv
金緯工業股份有限公司,99659129,07910011074276,臺南市安定區安加里安定258之34號,臺南市安定區安加里,顏金霸　　　,23720488,股份有限公司,0790609,0800401,生產中,24基本金屬製造業  ,241鋼鐵  ,11508.csv
訊泰企業有限公司,99685647,,高雄市鳳山區鎮北里鳳仁路９８之２６號,高雄市鳳山區鎮北里,吳振泰,27263737,有限公司,,0931020,生產中,24基本金屬製造業  ,241鋼鐵  ,11508.csv
詮新工程股份有限公司桃園廠,99706715,,桃園市觀音區草漯里大同一路8號,桃園市觀音區草漯里,吳光明,96874184,股份有限公司,,0951123,生產中,24基本金屬製造業、25金屬製品製造業、29機械設備製造業  ,241鋼鐵、252金屬結構及建築組件、293通用機械設備  ,11508.csv
誠正鋼鐵有限公司,99628828,08810003328473,桃園市蘆竹區山鼻里油管路一段766號,桃園市蘆竹區山鼻里,陳明麗,86249281,有限公司,0880806,0880831,生產中,25金屬製品製造業、24基本金屬製造業  ,252金屬結構及建築組件、241鋼鐵  ,11508.csv
貫昌企業股份有限公司,99644429,07710006111242,臺中市大甲區武陵里興安路217巷9號,臺中市大甲區武陵里,李麗華,23201916,股份有限公司,0770706,0770815,生產中,24基本金屬製造業、29機械設備製造業  ,241鋼鐵、293通用機械設備  ,11508.csv
躍光工業股份有限公司,99693273,,新北市八里區埤頭里忠孝路492號,新北市八里區埤頭里,姚世彬,84526599,股份有限公司,,0931104,生產中,29機械設備製造業、25金屬製品製造業、24基本金屬製造業  ,293通用機械設備、251金屬刀具、手工具及模具、259其他金屬製品、241鋼鐵  ,11508.csv
通益鋼纜股份有限公司,99632679,07510005213674,苗栗縣通霄鎮新埔里七鄰秋茂路三三號,苗栗縣通霄鎮新埔里,黃文生,22380715,有限公司,0750820,0750820,生產中,24基本金屬製造業、25金屬製品製造業、31其他運輸工具及其零件製造業  ,241鋼鐵、259其他金屬製品、313自行車及其零件  ,11508.csv
通禹精密股份有限公司,99623841,08710003266819,桃園市平鎮區建安里平東路六五九巷三六號,桃園市平鎮區建安里,羅新福　　　,23408888,股份有限公司,0870710,0880609,生產中,29機械設備製造業、25金屬製品製造業、24基本金屬製造業、28電力設備及配備製造業  ,241鋼鐵、259其他金屬製品、293通用機械設備、281發電、輸電及配電機械  ,11508.csv
金富泉貿易有限公司台中廠,99703859,,臺中市梧棲區永安里臨港路二段166巷116號,臺中市梧棲區永安里,林詩凱,16457975,有限公司,,0950921,生產中,24基本金屬製造業  ,241鋼鐵  ,11508.csv
鈞亘鋼鐵股份有限公司,99706845,,桃園市龍潭區烏林里工二路203號,桃園市龍潭區烏林里,鄭琮益,89871129,股份有限公司,,0960215,生產中,24基本金屬製造業、25金屬製品製造業  ,241鋼鐵、254金屬加工處理  ,11508.csv
駿德有限公司,S0400091,,新竹縣新豐鄉新豐村5鄰紅毛136號,新竹縣新豐鄉新豐村,陳榮豪,80588609,有限公司,,1100615,生產中,24基本金屬製造業  ,241鋼鐵  ,11508.csv
高正板金鐵材加工廠,99666432,06810014128571,臺東縣臺東市豐田里中興路四段二巷一二五號,臺東縣臺東市豐田里,鐘陳麗卿,93715086,獨資,0680614,0680614,生產中,24基本金屬製造業  ,241鋼鐵  ,11508.csv
高轟企業股份有限公司土城廠,99618873,08310001196860,新北市土城區頂埔里大暖路118號(1樓),新北市土城區頂埔里,顏信忠,34715928,股份有限公司,0830614,0831007,生產中,29機械設備製造業、25金屬製品製造業、24基本金屬製造業  ,291金屬加工用機械設備、293通用機械設備、251金屬刀具、手工具及模具、241鋼鐵、242鋁  ,11508.csv
高辰企業有限公司,99662106,07410012093682,高雄市大寮區潮寮里富民街４號,高雄市大寮區潮寮里,吳義雄,79806796,有限公司,0791231,0791231,生產中,24基本金屬製造業  ,241鋼鐵  ,11508.csv
銓銘金屬工業股份有限公司龜山廠,99625195,06110000131845,桃園市龜山區山頂里山鶯路358號,桃園市龜山區山頂里,張晃銘　　,31344727,股份有限公司,0580101,0650619,生產中,24基本金屬製造業  ,241鋼鐵  ,11508.csv
錐光金屬股份有限公司,99625330,08710003266850,桃園市大園區五權里合圳北路三段296號,桃園市大園區五權里,郭智雄　　　,23396567,股份有限公司,0870716,0880811,生產中,24基本金屬製造業、25金屬製品製造業、29機械設備製造業  ,241鋼鐵、252金屬結構及建築組件、293通用機械設備  ,11508.csv
鏹豐企業股份有限公司,99627081,07710000260038,桃園市蘆竹區山腳里海山路165號,桃園市蘆竹區山腳里,簡武在　　　,22765021,股份有限公司,0770526,0770808,生產中,24基本金屬製造業、30汽車及其零件製造業  ,241鋼鐵、303汽車零件  ,11508.csv
鐘元亨鋼鐵股份有限公司,99665737,07710099265283,屏東縣枋寮鄉東海村臨海路2段116號,屏東縣枋寮鄉東海村,鐘國聖,22530616,股份有限公司,0770801,0840317,生產中,24基本金屬製造業、25金屬製品製造業  ,241鋼鐵、254金屬加工處理  ,11508.csv
陽寶股份有限公司,S0400096,,新竹縣新豐鄉後湖村後湖子25號,新竹縣新豐鄉後湖村,田桂香,23037704,股份有限公司,,1100511,生產中,24基本金屬製造業  ,241鋼鐵  ,11508.csv
雨田鋼鐵股份有限公司工廠,66000086,,臺中市烏日區前竹里光明路355號,臺中市烏日區前竹里,施振豊,86794465,股份有限公司,,1000307,生產中,24基本金屬製造業、25金屬製品製造業  ,241鋼鐵、259其他金屬製品  ,11508.csv
順發製管廠,99651829,07010000084603,彰化縣溪湖鎮河東里二溪路２段橋北巷４５、５０號,彰化縣溪湖鎮河東里,黃俊紳,60290236,獨資,0700520,0720521,生產中,24基本金屬製造業、25金屬製品製造業、29機械設備製造業、28電力設備及配備製造業、31其他運輸工具及其零件製造業  ,241鋼鐵、254金屬加工處理、242鋁、291金屬加工用機械設備、285家用電器、313自行車及其零件  ,11508.csv
鉅峰工業股份有限公司,99618776,06210000042965,新北市汐止區拱北里汐萬路二段一六五號,新北市汐止區拱北里,徐景松,33851608,股份有限公司,0580101,0620515,生產中,30汽車及其零件製造業、24基本金屬製造業、25金屬製品製造業、29機械設備製造業  ,303汽車零件、241鋼鐵、254金屬加工處理、293通用機械設備、251金屬刀具、手工具及模具  ,11508.csv
鋐達鑄造廠股份有限公司,99620362,07510000274079,宜蘭縣蘇澳鎮龍德里德興六路28號,宜蘭縣蘇澳鎮龍德里,沈彧光,22293058,股份有限公司,0751006,0760429,生產中,24基本金屬製造業  ,241鋼鐵  ,11508.csv
鋐錠五金工業股份有限公司二廠,S0702672,,彰化縣伸港鄉全興村全興路149、150號,彰化縣伸港鄉全興村,黃漢民,59249864,股份有限公司,,1131120,生產中,24基本金屬製造業、25金屬製品製造業  ,241鋼鐵、259其他金屬製品  ,11508.csv
隆盛金屬壓鑄有限公司,99691073,,新北市蘆洲區中路里中山二路二六二號,新北市蘆洲區中路里,楊潘秀卿,79973647,有限公司,,0920710,生產中,24基本金屬製造業、25金屬製品製造業、29機械設備製造業  ,241鋼鐵、254金屬加工處理、259其他金屬製品、293通用機械設備  ,11508.csv
頂盛環保企業股份有限公司三峽廠,99718974,,新北市三峽區介壽里介壽路三段一一八之二號,新北市三峽區介壽里,湯振興,24259400,股份有限公司,,0971230,生產中,22塑膠製品製造業、24基本金屬製造業  ,220塑膠製品、241鋼鐵、242鋁、243銅、249其他基本金屬  ,11508.csv
頂福鋼鐵有限公司,99663940,07810012148887,高雄市大寮區江山里鳳屏二路６號,高雄市大寮區江山里,徐振欽,22542459,有限公司,0791231,0791231,生產中,24基本金屬製造業  ,241鋼鐵  ,11508.csv
順隆鑄造廠,99658130,07510000124491,臺南市安定區中沙里中崙167號,臺南市安定區中沙里,戴維翔,06633832,合夥,0750428,0750926,生產中,24基本金屬製造業  ,241鋼鐵  ,11508.csv
高台工業股份有限公司,99664831,07010012011066,高雄市仁武區後安里後庄巷５４號,高雄市仁武區後安里,甘智全,85903583,股份有限公司,0791231,0791231,生產中,24基本金屬製造業、29機械設備製造業  ,241鋼鐵、293通用機械設備  ,11508.csv
高合工業有限公司,99635969,08210006003995,臺中市太平區太平里永豐路131巷7號,臺中市太平區太平里,何月惠,79950932,有限公司,0820227,0820318,生產中,24基本金屬製造業  ,241鋼鐵、249其他基本金屬  ,11508.csv
高吉貿易股份有限公司大寮廠,99685386,,高雄市大寮區過溪里華一街４５１號,高雄市大寮區過溪里,黃昭淵,86454661,股份有限公司,,0921013,生產中,24基本金屬製造業  ,241鋼鐵  ,11508.csv
高金企業社,08000327,,南投縣草屯鎮上林里太平路一段443巷51弄11號,南投縣草屯鎮上林里,洪巧容,82403375,獨資,,1080517,生產中,25金屬製品製造業、24基本金屬製造業  ,241鋼鐵、252金屬結構及建築組件  ,11508.csv
銓陞鋼鐵有限公司,99666325,07710014269354,臺東縣臺東市豐樂里大孝路八十八號,臺東縣臺東市豐樂里,卓文賢,23250633,有限公司,0770921,0790320,生產中,24基本金屬製造業、25金屬製品製造業  ,241鋼鐵、252金屬結構及建築組件  ,11508.csv
鋐鍀昌鐵材行,S0701867,,彰化縣北斗鎮中寮里舊溪路二段146號,彰化縣北斗鎮中寮里,張永利,45815607,獨資,,1120116,生產中,24基本金屬製造業、25金屬製品製造業  ,241鋼鐵、254金屬加工處理  ,11508.csv
長賡股份有限公司大發廠,99663628,,高雄市大寮區過溪里莒光一街１８號,高雄市大寮區過溪里,林添,85961680,股份有限公司,,0910401,生產中,25金屬製品製造業、24基本金屬製造業  ,259其他金屬製品、249其他基本金屬、241鋼鐵  ,11508.csv
長賡股份有限公司興業廠,64006812,,高雄市大寮區大寮里興業路15號,高雄市大寮區大寮里,林添,85961680,股份有限公司,,1020626,生產中,24基本金屬製造業、25金屬製品製造業、29機械設備製造業  ,241鋼鐵、249其他基本金屬、259其他金屬製品、293通用機械設備  ,11508.csv
雄順金屬股份有限公司一廠,64006635,,高雄市路竹區後鄉里順安路393、395號,高雄市路竹區後鄉里,陳恆毅,24512261,股份有限公司,,1011004,生產中,24基本金屬製造業  ,241鋼鐵  ,11508.csv
雄順金屬股份有限公司七廠,S6400997,,高雄市路竹區後鄉里順安路275巷238號,高雄市路竹區後鄉里,陳恆毅,24512261,股份有限公司,,1120117,生產中,24基本金屬製造業、24基本金屬製造業  ,241鋼鐵  ,11508.csv
雄順金屬股份有限公司三廠,64007276,,高雄市永安區保寧里保興二路10號,高雄市永安區保寧里,陳恆毅,24512261,股份有限公司,,1040416,生產中,24基本金屬製造業  ,241鋼鐵  ,11508.csv
順彬工業有限公司,07006091,,彰化縣鹿港鎮山崙里崙工北一路18號,彰化縣鹿港鎮山崙里,林進財,22240074,有限公司,,1140630,生產中,24基本金屬製造業  ,241鋼鐵  ,11508.csv
高鋼鐵工廠,99685305,,高雄市鳳山區鎮北里鎮北北巷22-6號,高雄市鳳山區鎮北里,施秉宏,85845108,合夥,,0920704,生產中,24基本金屬製造業  ,241鋼鐵  ,11508.csv
銅安企業有限公司一廠,S6601682,,臺中市后里區厚里里九甲二路265號,臺中市后里區厚里里,黃張金環,22394366,有限公司,,1100205,生產中,24基本金屬製造業  ,241鋼鐵  ,11508.csv
銅座鑄造科技有限公司,02000055,,宜蘭縣蘇澳鎮龍德里德興一路41號,宜蘭縣蘇澳鎮龍德里,汪朝藤,27868969,有限公司,,1010323,生產中,24基本金屬製造業  ,241鋼鐵  ,11508.csv
銘翔興業股份有限公司,99687948,,桃園市龜山區樂善里文明二街二之一號,桃園市龜山區樂善里,許峰旗,23849652,股份有限公司,,0930923,生產中,25金屬製品製造業、24基本金屬製造業  ,259其他金屬製品、241鋼鐵  ,11508.csv
錦達工業股份有限公司屏東廠,99665992,06310099014999,屏東縣屏東市清溪里建國路332巷16號,屏東縣屏東市清溪里,謝發鈞,83389870,股份有限公司,0580101,0630429,生產中,24基本金屬製造業、25金屬製品製造業、29機械設備製造業  ,241鋼鐵、254金屬加工處理、259其他金屬製品、293通用機械設備  ,11508.csv
鑫榮機械工業股份有限公司,99655695,06210000081074,嘉義縣民雄鄉興南村工業三路３、５、５－１號,嘉義縣民雄鄉興南村,王顯榮,04474599,股份有限公司,0620623,0670721,生產中,21橡膠製品製造業、30汽車及其零件製造業、31其他運輸工具及其零件製造業、24基本金屬製造業  ,210橡膠製品、303汽車零件、312機車及其零件、241鋼鐵、242鋁  ,11508.csv
陞晑企業股份有限公司桃園廠,99622977,,桃園市桃園區建國里林森路六八巷二０弄一九號,桃園市桃園區建國里,高逸遠,70711762,股份有限公司,,0910114,生產中,24基本金屬製造業  ,241鋼鐵  ,11508.csv
順祥機械工業股份有限公司,99613435,05810000009283,新北市三重區中興里光復路二段四二巷二Ｏ號一樓,新北市三重區中興里,林信良,15350089,股份有限公司,0580101,0601202,生產中,24基本金屬製造業、25金屬製品製造業、29機械設備製造業、31其他運輸工具及其零件製造業  ,241鋼鐵、259其他金屬製品、293通用機械設備、251金屬刀具、手工具及模具、312機車及其零件  ,11508.csv
鴻成工業股份有限公司新竹精密鑄造工廠,99630220,06310000006633,新竹縣新豐鄉鳳坑村14鄰坑子口669號,新竹縣新豐鄉鳳坑村,簡文毅,04362243,股份有限公司,0580101,0630909,生產中,24基本金屬製造業、25金屬製品製造業  ,241鋼鐵、259其他金屬製品  ,11508.csv
鴻錡興業股份有限公司,10000009,,嘉義縣太保市南新里北港路二段105巷87號,嘉義縣太保市南新里,顏英元,24437778,股份有限公司,,0991231,生產中,24基本金屬製造業、25金屬製品製造業  ,241鋼鐵、259其他金屬製品  ,11508.csv
鴻錦股份有限公司,99605863,08210001429310,新北市新莊區福營里福營路九七巷一二號一樓,新北市新莊區福營里,陳俊霖,23524818,股份有限公司,0821206,0821228,生產中,24基本金屬製造業、25金屬製品製造業  ,241鋼鐵、254金屬加工處理  ,11508.csv
鉅明股份有限公司大發廠,99662313,07810012098774,高雄市大寮區大寮里興業路41號,高雄市大寮區大寮里,林進能,85634075,股份有限公司,0791231,0791231,生產中,24基本金屬製造業、23非金屬礦物製品製造業  ,241鋼鐵、233水泥及其製品  ,11508.csv
銘聯鋼鐵股份有限公司,99709820,,高雄市岡山區本洲里本工六路２６號,高雄市岡山區本洲里,黃美翡,70704501,股份有限公司,,0951207,生產中,24基本金屬製造業、25金屬製品製造業  ,241鋼鐵、254金屬加工處理  ,11508.csv
鑫喬企業股份有限公司,99661939,07610012124681,高雄市大寮區後庄里民貴街６０巷９號,高雄市大寮區後庄里,鄭啟文,76332839,股份有限公司,0791231,0791231,生產中,24基本金屬製造業、25金屬製品製造業、29機械設備製造業  ,241鋼鐵、252金屬結構及建築組件、293通用機械設備  ,11508.csv
長泰興業股份有限公司,99690598,06410000180756,新北市新莊區西盛里民安路四二０巷五號,新北市新莊區西盛里,李繁松,29654915,股份有限公司,0580101,0760824,生產中,24基本金屬製造業、25金屬製品製造業、29機械設備製造業、28電力設備及配備製造業  ,241鋼鐵、254金屬加工處理、242鋁、243銅、252金屬結構及建築組件、283電線及配線器材、289其他電力設備及配備、293通用機械設備  ,11508.csv
雅信鑄造股份有限公司二廠,99700664,,新竹縣湖口鄉勝利村光復南路4號,新竹縣湖口鄉勝利村,朱明豐,23202099,股份有限公司,,0990803,生產中,24基本金屬製造業  ,241鋼鐵  ,11508.csv
頎晟機械五金有限公司,99695072,,新北市新莊區西盛里瓊林南路一一八號之二０,新北市新莊區西盛里,李敏雄,86551707,有限公司,,0950118,生產中,24基本金屬製造業、25金屬製品製造業、29機械設備製造業  ,241鋼鐵、254金屬加工處理、252金屬結構及建築組件、293通用機械設備  ,11508.csv
駿琦實業股份有限公司,99678452,08010007073012,彰化縣花壇鄉橋頭村花橋街２３９號,彰化縣花壇鄉橋頭村,李馬釵　,23982969,股份有限公司,0800705,0801016,生產中,24基本金屬製造業  ,241鋼鐵  ,11508.csv
鉅桐實業廠,S6601707,,臺中市神岡區三角里中興路121號,臺中市神岡區三角里,呂銀桐,95329341,獨資,,1100527,生產中,24基本金屬製造業  ,241鋼鐵  ,11508.csv
銘光工業股份有限公司烏日廠,S6601683,,臺中市烏日區光明里五光路復光一巷41號,臺中市烏日區光明里,林炳榮,23259233,股份有限公司,,1100202,生產中,24基本金屬製造業  ,241鋼鐵  ,11508.csv
鍵發工業股份有限公司,99632390,08110005040521,苗栗縣竹南鎮崎頂里仁愛路二一三三巷五０號,苗栗縣竹南鎮崎頂里,林建次,50523123,股份有限公司,0700514,0720328,生產中,24基本金屬製造業、25金屬製品製造業、29機械設備製造業、30汽車及其零件製造業  ,241鋼鐵、254金屬加工處理、293通用機械設備、303汽車零件  ,11508.csv
鑫永昌鐵材行,S0703259,,彰化縣大村鄉擺塘村擺塘巷13-98號,彰化縣大村鄉擺塘村,張永選,45815846,獨資,,1140807,生產中,24基本金屬製造業、25金屬製品製造業  ,241鋼鐵、254金屬加工處理  ,11508.csv
長宏工廠股份有限公司,99662211,07310012107609,高雄市路竹區竹東里中山路３０３之１號,高雄市路竹區竹東里,葉朝鵬,22272194,股份有限公司,0791231,0791231,生產中,25金屬製品製造業、24基本金屬製造業  ,259其他金屬製品、241鋼鐵  ,11508.csv
閤順有限公司永安廠,S6400970,,高雄市永安區維新路光明三巷116-26號,高雄市永安區,林月圓,97145447,有限公司,,1110216,生產中,24基本金屬製造業  ,241鋼鐵  ,11508.csv
雲青股份有限公司,99603319,07410001058653,新北市三重區永發里中正北路一九三巷三五弄一０號,新北市三重區永發里,須上青,22349855,有限公司,0740312,0751029,生產中,24基本金屬製造業、25金屬製品製造業、29機械設備製造業、30汽車及其零件製造業、31其他運輸工具及其零件製造業、27電腦、電子產品及光學製品製造業、33其他製造業  ,241鋼鐵、254金屬加工處理、249其他基本金屬、292其他專用機械設備、293通用機械設備、251金屬刀具、手工具及模具、303汽車零件、319未分類其他運輸工具及其零件、273視聽電子產品、277光學儀器及設備、339未分類其他製品  ,11508.csv
高盛國際通商有限公司,64007885,,高雄市大寮區潮寮里建民街39號,高雄市大寮區潮寮里,涂曜宇,28619200,有限公司,,1060728,生產中,21橡膠製品製造業、22塑膠製品製造業、24基本金屬製造業、25金屬製品製造業  ,210橡膠製品、220塑膠製品、241鋼鐵、242鋁、243銅、249其他基本金屬、252金屬結構及建築組件、254金屬加工處理  ,11508.csv
銓和企業有限公司,99663337,07710012094799,高雄市大寮區潮寮里田單六街１９號,高雄市大寮區潮寮里,蘇明山,22246703,有限公司,0791231,0791231,生產中,24基本金屬製造業  ,241鋼鐵  ,11508.csv
長嶸企業社新莊廠,65007090,,新北市新莊區民安路428號之1(1樓),新北市新莊區,盤耀升,09947837,獨資,,1070809,生產中,24基本金屬製造業、25金屬製品製造業  ,241鋼鐵、249其他基本金屬、254金屬加工處理、259其他金屬製品  ,11508.csv
隆蘭企業有限公司,99614534,07310001305705,新北市蘆洲區中路里和平路九七巷一一號,新北市蘆洲區中路里,李長仁,36130604,有限公司,0731122,0741206,生產中,29機械設備製造業、25金屬製品製造業、24基本金屬製造業、28電力設備及配備製造業  ,291金屬加工用機械設備、293通用機械設備、241鋼鐵、254金屬加工處理、259其他金屬製品、283電線及配線器材、289其他電力設備及配備  ,11508.csv
霽佳企業有限公司,99662350,07410012092538,高雄市大寮區潮寮里田單四街１４號,高雄市大寮區潮寮里,余明彥,89524297,股份有限公司,0791231,0791231,生產中,24基本金屬製造業  ,241鋼鐵  ,11508.csv
霽佳企業有限公司大發二廠,99662149,07410012092653,高雄市大寮區潮寮里田單四街１６號,高雄市大寮區潮寮里,佘明彥,89524297,有限公司,0791231,0791231,生產中,24基本金屬製造業  ,241鋼鐵  ,11508.csv
鴻元機械有限公司,99636902,07110000070598,臺中市后里區廣福里寺山路15巷19號,臺中市后里區廣福里,施謀利,55972387,有限公司,0580101,0711228,生產中,24基本金屬製造業、29機械設備製造業  ,241鋼鐵、292其他專用機械設備、293通用機械設備  ,11508.csv
銘賢五金工程有限公司楊梅廠,99686079,08310003141192,桃園市楊梅區三湖里楊湖路一段六七六巷五一弄三五號,桃園市楊梅區三湖里,吳銘賢　　　,01976268,有限公司,0830913,0831005,生產中,29機械設備製造業、24基本金屬製造業  ,293通用機械設備、241鋼鐵  ,11508.csv
銘輝工業有限公司二廠,S0700372,,彰化縣溪湖鎮田中里田中央路二段61巷9號,彰化縣溪湖鎮田中里,楊儒銘,86947862,有限公司,,1090522,生產中,24基本金屬製造業  ,241鋼鐵  ,11508.csv
銘通工業社,S6600234,,臺中市太平區平安里鵬儀路214巷6弄8-20號,臺中市太平區平安里,陸銘通,95268512,獨資,,1090609,生產中,24基本金屬製造業、29機械設備製造業  ,241鋼鐵、242鋁、243銅、291金屬加工用機械設備  ,11508.csv
鐵錠金屬有限公司,99621873,08110000072689,桃園市觀音區樹林里國建三路3-1號,桃園市觀音區樹林里,王錦清　　　,22203726,有限公司,0810526,0860808,生產中,24基本金屬製造業、25金屬製品製造業  ,241鋼鐵、259其他金屬製品  ,11508.csv
順興企業社,S1300102,,屏東縣內埔鄉東勢村科大路三段15巷27號,屏東縣內埔鄉東勢村,鍾永雄,90961491,獨資,,1090610,生產中,24基本金屬製造業  ,241鋼鐵  ,11508.csv
馬振源工業股份有限公司,99631873,08510005025814,苗栗縣頭份市田寮里十五鄰北田街二七號,苗栗縣頭份市田寮里,連陳寬,89816421,股份有限公司,0850306,0860625,生產中,24基本金屬製造業、25金屬製品製造業  ,241鋼鐵、254金屬加工處理  ,11508.csv
高鵬欣股份有限公司,99663598,08510012052050,高雄市燕巢區安招里安林四街78號,高雄市燕巢區安招里,陳慶堂,97259829,股份有限公司,0850328,0850812,生產中,30汽車及其零件製造業、31其他運輸工具及其零件製造業、25金屬製品製造業、24基本金屬製造業  ,241鋼鐵、259其他金屬製品、303汽車零件、312機車及其零件  ,11508.csv
鈺辰企業股份有限公司大發廠,99685308,,高雄市大寮區潮寮里華東路１之１號,高雄市大寮區潮寮里,陳有發,76350977,有限公司,,0920715,生產中,22塑膠製品製造業、23非金屬礦物製品製造業、24基本金屬製造業  ,220塑膠製品、231玻璃及其製品、241鋼鐵  ,11508.csv
鐽成企業股份有限公司大衛廠,99640322,08710006049246,臺中市大里區大元里大衛路24號,臺中市大里區大元里,何志達,22498524,股份有限公司,0870307,0870321,生產中,29機械設備製造業、25金屬製品製造業、24基本金屬製造業  ,293通用機械設備、251金屬刀具、手工具及模具、241鋼鐵  ,11508.csv
鑫琪企業股份有限公司,99672881,07710020089400,嘉義市西區重興里自由路１１號,嘉義市西區重興里,王振福　　　,23096061,股份有限公司,0771206,0771209,生產中,24基本金屬製造業  ,241鋼鐵  ,11508.csv
鑫鑫鋐有限公司,68005183,,桃園市新屋區東明里埔工路545號,桃園市新屋區東明里,林古鑫榆,69689003,有限公司,,1111101,生產中,24基本金屬製造業  ,241鋼鐵  ,11508.csv
青德鋼鐵股份有限公司,99641089,06410000118641,臺中市霧峰區吉峰里吉峰路61號,臺中市霧峰區吉峰里,周直雄,52365472,股份有限公司,0580101,0660318,生產中,24基本金屬製造業、25金屬製品製造業  ,241鋼鐵、259其他金屬製品  ,11508.csv
駿輝有限公司塩行廠,99660278,08610011307742,臺南市永康區塩行里中正南路360巷13之3號,臺南市永康區塩行里,洪鳳珠　　　,84997887,有限公司,0860923,0870429,生產中,24基本金屬製造業  ,241鋼鐵  ,11508.csv
高徵實業股份有限公司,99665483,,高雄市大寮區潮寮里田單四街5號,高雄市大寮區潮寮里,涂嘉宇,70406469,股份有限公司,,0910923,生產中,21橡膠製品製造業、22塑膠製品製造業、24基本金屬製造業、25金屬製品製造業  ,210橡膠製品、220塑膠製品、241鋼鐵、242鋁、243銅、249其他基本金屬、252金屬結構及建築組件、254金屬加工處理、259其他金屬製品  ,11508.csv
高徵實業股份有限公司大發廠,64006734,,高雄市大寮區潮寮里田單三街17號,高雄市大寮區潮寮里,涂嘉宇,70406469,股份有限公司,,1020311,生產中,21橡膠製品製造業、22塑膠製品製造業、24基本金屬製造業、25金屬製品製造業  ,210橡膠製品、220塑膠製品、241鋼鐵、242鋁、243銅、249其他基本金屬、252金屬結構及建築組件、259其他金屬製品  ,11508.csv
銓斌企業社,S6601613,,臺中市烏日區北里里太明路成豐巷172號,臺中市烏日區北里里,陳信宏,77763440,合夥,,1091113,生產中,24基本金屬製造業、25金屬製品製造業、29機械設備製造業、30汽車及其零件製造業  ,241鋼鐵、252金屬結構及建築組件、291金屬加工用機械設備、293通用機械設備、303汽車零件  ,11508.csv
錦慶工程有限公司,99712496,,高雄市大寮區大寮里光明路三段１５１０號,高雄市大寮區大寮里,丁基展,16464672,有限公司,,0980814,生產中,24基本金屬製造業、31其他運輸工具及其零件製造業  ,241鋼鐵、311船舶及浮動設施  ,11508.csv
鎂亞精密股份有限公司,65010250,,新北市土城區大安里忠承路101號(1樓),新北市土城區大安里,李茂碷,80073285,股份有限公司,,1110321,生產中,24基本金屬製造業、25金屬製品製造業  ,241鋼鐵、251金屬刀具、手工具及模具、254金屬加工處理  ,11508.csv
頭份工業股份有限公司,99632404,05810005016801,苗栗縣竹南鎮頂埔里八鄰中華路二八二號,苗栗縣竹南鎮頂埔里,邱文昌,49711597,股份有限公司,0581105,0600517,生產中,24基本金屬製造業  ,241鋼鐵  ,11508.csv
驊騰精密有限公司,65004172,,新北市樹林區三多里三德街51號1樓,新北市樹林區三多里,柳菁華,54843871,有限公司,,1040708,生產中,24基本金屬製造業、25金屬製品製造業  ,241鋼鐵、254金屬加工處理  ,11508.csv
鴻齊工業有限公司,68006153,,桃園市龍潭區高原里高原路367巷160號,桃園市龍潭區高原里,陳鴻騰,91032781,有限公司,,1130612,生產中,24基本金屬製造業、25金屬製品製造業  ,241鋼鐵、254金屬加工處理、259其他金屬製品  ,11508.csv
麗鋼工業股份有限公司衝壓廠,99625538,06710000300133,桃園市中壢區復興里吉林路18號,桃園市中壢區復興里,張李秋眉　　,14015026,股份有限公司,0671122,0720622,生產中,24基本金屬製造業、25金屬製品製造業、29機械設備製造業  ,241鋼鐵、259其他金屬製品、293通用機械設備  ,11508.csv
鑫盈不銹鋼材有限公司,65007018,,新北市汐止區茄安路199之2號,新北市汐止區,潘馥香,13021680,有限公司,,1070716,生產中,24基本金屬製造業、25金屬製品製造業、30汽車及其零件製造業、31其他運輸工具及其零件製造業  ,241鋼鐵、251金屬刀具、手工具及模具、252金屬結構及建築組件、259其他金屬製品、303汽車零件、312機車及其零件  ,11508.csv
陸功工業股份有限公司,99655919,07810000178520,嘉義縣民雄鄉北斗村民雄工業區成功二街９號,嘉義縣民雄鄉北斗村,殷贊傑,23514240,股份有限公司,0780524,0800205,生產中,24基本金屬製造業  ,241鋼鐵  ,11508.csv
順利金屬工業股份有限公司,99677313,,苗栗縣三義鄉西湖村伯公坑四０之二七號,苗栗縣三義鄉西湖村,何福家,80016834,股份有限公司,,0920603,生產中,24基本金屬製造業、25金屬製品製造業  ,241鋼鐵、259其他金屬製品  ,11508.csv
順裕鐵材股份有限公司,99666534,,臺東縣臺東市豐樂里大勇路42號,臺東縣臺東市豐樂里,田丁義,86950747,股份有限公司,,0940406,生產中,24基本金屬製造業、25金屬製品製造業  ,241鋼鐵、252金屬結構及建築組件  ,11508.csv
駿享企業有限公司,99665894,08410013206861,屏東縣屏東市安鎮里和生路3段1005號,屏東縣屏東市安鎮里,吳淑君,22139339,有限公司,0841226,0860307,生產中,24基本金屬製造業、25金屬製品製造業  ,241鋼鐵  ,11508.csv
駿隆國際股份有限公司,99680016,,彰化縣鹿港鎮東石里鹿工南三路１０號,彰化縣鹿港鎮東石里,馬偉傑,80614352,股份有限公司,,0950320,生產中,24基本金屬製造業  ,241鋼鐵  ,11508.csv
高興昌鋼鐵股份有限公司屏東分公司屏南廠,99665704,08310099155459,屏東縣枋寮鄉東海村永翔路2號,屏東縣枋寮鄉東海村,呂泰榮,84706656,股份有限公司,0850603,0860723,生產中,24基本金屬製造業、21橡膠製品製造業  ,241鋼鐵、210橡膠製品  ,11508.csv
麗鋼工業股份有限公司裁剪廠,99625527,06610000039127,桃園市中壢區忠福里東園路63號,桃園市中壢區忠福里,張李秋眉　　,14015026,股份有限公司,0660307,0660809,生產中,24基本金屬製造業、25金屬製品製造業、29機械設備製造業  ,241鋼鐵、259其他金屬製品、251金屬刀具、手工具及模具、293通用機械設備  ,11508.csv
麗鯨工業有限公司分廠,66000145,,臺中市豐原區社皮里豐原大道一段428巷17號,臺中市豐原區社皮里,粱郁惠,27876139,有限公司,,1000406,生產中,24基本金屬製造業、25金屬製品製造業、28電力設備及配備製造業、29機械設備製造業  ,241鋼鐵、242鋁、243銅、251金屬刀具、手工具及模具、281發電、輸電及配電機械、293通用機械設備  ,11508.csv
順豐企業股份有限公司,99645109,08410000650671,彰化縣線西鄉溝內村彰濱東四路１０號,彰化縣線西鄉溝內村,周能圳　,58111026,股份有限公司,0840905,0890703,生產中,24基本金屬製造業、25金屬製品製造業  ,241鋼鐵、254金屬加工處理  ,11508.csv
高興昌鋼鐵股份有限公司永安廠,99661572,00010012088511,高雄市永安區維新里永工一路６、８號,高雄市永安區維新里,呂泰榮,75466009,股份有限公司,0791231,0791231,生產中,18化學材料及肥料製造業、24基本金屬製造業、25金屬製品製造業  ,181化學原材料、241鋼鐵、254金屬加工處理  ,11508.csv
鋰隆金屬有限公司,99688426,,桃園市八德區茄苳里茄苳路７６８號,桃園市八德區茄苳里,鍾文生,23853557,有限公司,,0940617,生產中,24基本金屬製造業  ,242鋁、241鋼鐵、243銅  ,11508.csv
鋼信金屬工業股份有限公司,99656771,06210000110564,臺南市新化區唪口里大德路156號,臺南市新化區唪口里,施進旺,73620908,股份有限公司,0620821,0640423,生產中,24基本金屬製造業、25金屬製品製造業、29機械設備製造業、30汽車及其零件製造業  ,241鋼鐵、251金屬刀具、手工具及模具、254金屬加工處理、292其他專用機械設備、303汽車零件  ,11508.csv
隆鼎工業有限公司楊梅廠,99623016,08810003327338,桃園市楊梅區富岡里富聯路352號,桃園市楊梅區富岡里,顏永成　　　,20990515,有限公司,0880616,0900327,生產中,24基本金屬製造業  ,241鋼鐵  ,11508.csv
雅薪工業股份有限公司一廠,99633665,08510006051795,臺中市沙鹿區西勢里和睦路三段351號,臺中市沙鹿區西勢里,廖坤成,23227789,股份有限公司,0850311,0850523,生產中,30汽車及其零件製造業、31其他運輸工具及其零件製造業、29機械設備製造業、24基本金屬製造業  ,292其他專用機械設備、311船舶及浮動設施、303汽車零件、312機車及其零件、241鋼鐵  ,11508.csv
震南鐵線股份有限公司新園廠,64008109,,高雄市路竹區環球路56、58、60、62、66號,高雄市路竹區,黃錦榮,86540792,股份有限公司,,1070629,生產中,24基本金屬製造業、25金屬製品製造業  ,241鋼鐵、259其他金屬製品  ,11508.csv
震南鐵線股份有限公司線材廠,99661245,08610000808368,高雄市路竹區後鄉里順安路２７５巷２４２號,高雄市路竹區後鄉里,黃錦榮,86540792,股份有限公司,0860913,0880226,生產中,24基本金屬製造業  ,241鋼鐵  ,11508.csv
順連鑫有限公司,13000507,,屏東縣長治鄉繁昌村16鄰中山路158號,屏東縣長治鄉繁昌村,黃瑞盟,25175955,有限公司,,1070926,生產中,24基本金屬製造業  ,241鋼鐵  ,11508.csv
駿龍鋼鐵有限公司土城廠,99604371,08410001157077,新北市土城區大安里承天路八巷六號,新北市土城區大安里,葉新樓,22475748,有限公司,0840530,0850314,生產中,24基本金屬製造業、25金屬製品製造業  ,241鋼鐵、254金屬加工處理  ,11508.csv
鮮點子企業股份有限公司,07005787,,彰化縣鹿港鎮海埔里工業西七路19號,彰化縣鹿港鎮海埔里,林聖竹,53825489,股份有限公司,,1131105,生產中,24基本金屬製造業  ,241鋼鐵  ,11508.csv
鉦越實業有限公司,S6601680,,臺中市龍井區忠和里西濱路三段286號,臺中市龍井區忠和里,陳秀燕,84537250,有限公司,,1100205,生產中,24基本金屬製造業  ,241鋼鐵  ,11508.csv
銘昱鑄造有限公司,S2000027,,嘉義市西區下埤里賢達路６１６號,嘉義市西區下埤里,陳昱彣,28535217,有限公司,,1090828,生產中,24基本金屬製造業、24基本金屬製造業  ,241鋼鐵  ,11508.csv
鋼展機械股份有限公司鳳山廠,99664571,08910000900602,高雄市鳳山區武漢里輜汽北一路１３號,高雄市鳳山區武漢里,魏永在,89759863,股份有限公司,0890131,0890307,生產中,24基本金屬製造業  ,241鋼鐵  ,11508.csv
鑫立重工股份有限公司,99655999,07710000171897,嘉義縣朴子市竹村里朴子工業區一街５號,嘉義縣朴子市竹村里,呂榮宗,22673846,股份有限公司,0770201,0770421,生產中,24基本金屬製造業  ,241鋼鐵  ,11508.csv
鑫立鑄造廠有限公司,10000028,,嘉義縣朴子市竹村里朴子工業區二街7號、9號,嘉義縣朴子市竹村里,陳榮雄,53305558,有限公司,,1000624,生產中,24基本金屬製造業、29機械設備製造業、30汽車及其零件製造業  ,241鋼鐵、293通用機械設備、303汽車零件  ,11508.csv
高傑電線電纜粉碎股份有限公司裕民廠,64009025,,高雄市大寮區大寮里裕民街37號,高雄市大寮區大寮里,謝雲凱,22278079,股份有限公司,,1100510,生產中,24基本金屬製造業、25金屬製品製造業  ,241鋼鐵、242鋁、243銅、254金屬加工處理  ,11508.csv
銨泰企業股份有限公司烏日廠,99640256,05810000003147,臺中市烏日區九德里中山路一段678號,臺中市烏日區九德里,林岳鋒,25095518,股份有限公司,0580101,,生產中,24基本金屬製造業  ,241鋼鐵  ,11508.csv
錦源鑄造工業股份有限公司,99623063,07910000338750,桃園市觀音區樹林里成功路二段921、923號,桃園市觀音區樹林里,王文賢,22421666,股份有限公司,0791205,0840124,生產中,24基本金屬製造業、23非金屬礦物製品製造業  ,241鋼鐵、233水泥及其製品  ,11508.csv
錦源水泥製品股份有限公司,99624711,06310000178009,桃園市大溪區南興里仁和路二段571巷60號,桃園市大溪區南興里,王文賢,04439910,股份有限公司,0580101,0640430,生產中,23非金屬礦物製品製造業、24基本金屬製造業  ,233水泥及其製品、241鋼鐵  ,11508.csv
錦源鑄造工業股份有限公司觀音廠,99623066,07610000128530,桃園市觀音區樹林里經建二路25號,桃園市觀音區樹林里,王文賢,22421666,股份有限公司,0760424,0761229,生產中,24基本金屬製造業  ,241鋼鐵  ,11508.csv
鎧全鐵材製品股份有限公司彰化廠,07004678,,彰化縣大村鄉福興村學府路88號,彰化縣大村鄉福興村,莊永川,56642358,股份有限公司,,1110209,生產中,24基本金屬製造業、25金屬製品製造業  ,241鋼鐵、249其他基本金屬、259其他金屬製品  ,11508.csv
鏗隆工業股份有限公司,99648206,06210000076855,彰化縣和美鎮犁盛里彰新路２段２４７號,彰化縣和美鎮犁盛里,廖建信　,59036139,股份有限公司,0620625,0630830,生產中,24基本金屬製造業、25金屬製品製造業、29機械設備製造業  ,241鋼鐵、243銅、251金屬刀具、手工具及模具、291金屬加工用機械設備、293通用機械設備、292其他專用機械設備  ,11508.csv
鑫倍工業股份有限公司,99695328,,新北市八里區頂罟里中山路二段一００號,新北市八里區頂罟里,陳錦坤,80002727,股份有限公司,,0950403,生產中,29機械設備製造業、25金屬製品製造業、24基本金屬製造業  ,293通用機械設備、251金屬刀具、手工具及模具、241鋼鐵  ,11508.csv
鑫億合股份有限公司,99644575,09010006002220,臺中市大甲區頂店里中山路一段一六０六號,臺中市大甲區頂店里,郭適豪,12636061,股份有限公司,0900207,0900220,生產中,31其他運輸工具及其零件製造業、24基本金屬製造業  ,313自行車及其零件、241鋼鐵  ,11508.csv
鑫投企業股份有限公司,99680072,,彰化縣彰化市莿桐里彰水路１９０之３５號,彰化縣彰化市莿桐里,楊彩琴,28138738,股份有限公司,,0950523,生產中,25金屬製品製造業、24基本金屬製造業、32家具製造業  ,259其他金屬製品、241鋼鐵、320家具  ,11508.csv
鑫振實業有限公司,99655197,08710010001328,嘉義縣朴子市佳禾里大館６號,嘉義縣朴子市佳禾里,涂郁嘉,97375101,有限公司,0870303,0870313,生產中,24基本金屬製造業、25金屬製品製造業  ,241鋼鐵、254金屬加工處理  ,11508.csv
鑫綠泰鑄造廠股份有限公司,99635239,08610006117148,臺中市大肚區王田里沙田路一段320巷31之1號,臺中市大肚區王田里,賴洽祺,86400883,股份有限公司,0860515,0870624,生產中,24基本金屬製造業  ,241鋼鐵、242鋁、243銅、249其他基本金屬  ,11508.csv
長景工業股份有限公司,99665907,06310099028145,屏東縣屏東市清溪里建國路308巷1號,屏東縣屏東市清溪里,簡玉玫,90703369,股份有限公司,0580101,0650710,生產中,24基本金屬製造業  ,241鋼鐵  ,11508.csv
高傑電線電纜粉碎股份有限公司分廠,99661749,07410012092434,高雄市大寮區潮寮里田單三街２號,高雄市大寮區潮寮里,謝雲凱,22278079,股份有限公司,0791231,0791231,生產中,21橡膠製品製造業、22塑膠製品製造業、24基本金屬製造業  ,210橡膠製品、220塑膠製品、241鋼鐵  ,11508.csv
高傑電線電纜粉碎股份有限公司,99662144,07610012092914,高雄市大寮區潮寮里田單五街９號,高雄市大寮區潮寮里,謝雲凱,22278079,股份有限公司,0791231,0791231,生產中,21橡膠製品製造業、22塑膠製品製造業、24基本金屬製造業  ,210橡膠製品、220塑膠製品、241鋼鐵  ,11508.csv
鹿利企業有限公司,99663292,07710012094798,高雄市大寮區潮寮里田單七街３４號,高雄市大寮區潮寮里,蕭萬浩,75971816,有限公司,0791231,0791231,生產中,24基本金屬製造業  ,241鋼鐵  ,11508.csv
鹿展企業股份有限公司,99663214,07410012093465,高雄市大寮區潮寮里田單七街３２號,高雄市大寮區潮寮里,汪良敏,81340063,股份有限公司,0791231,0791231,生產中,24基本金屬製造業  ,241鋼鐵  ,11508.csv
鈺山鋼鐵工業股份有限公司,64008956,,高雄市大寮區過溪里華西路26號,高雄市大寮區過溪里,張金英,22538700,股份有限公司,,1100218,生產中,24基本金屬製造業  ,241鋼鐵  ,11508.csv
銪信工程有限公司,99603931,07610001387075,新北市土城區頂埔里中央路4段37巷26號,新北市土城區頂埔里,朱埕寬,22078157,有限公司,0761222,0780701,生產中,24基本金屬製造業、25金屬製品製造業、29機械設備製造業、27電腦、電子產品及光學製品製造業  ,241鋼鐵、254金屬加工處理、259其他金屬製品、293通用機械設備、251金屬刀具、手工具及模具、275量測、導航、控制設備及鐘錶  ,11508.csv
集全特殊金屬有限公司梧棲第二廠,99638891,,臺中市梧棲區永安里向上路九段322巷53號,臺中市梧棲區永安里,李麗,96892768,有限公司,,0911112,生產中,24基本金屬製造業、25金屬製品製造業、29機械設備製造業  ,241鋼鐵、251金屬刀具、手工具及模具、293通用機械設備  ,11508.csv
彰鹿機械鑄造股份有限公司,99645959,07510007051964,彰化縣秀水鄉安溪村平安三街６５號,彰化縣秀水鄉安溪村,黃輝森　,22484681,股份有限公司,0750325,0761216,生產中,29機械設備製造業、24基本金屬製造業  ,293通用機械設備、241鋼鐵  ,11508.csv
得騏興業有限公司樹林廠,99613953,08910001086764,新北市樹林區坡內里備內街一巷三七之一號二樓,新北市樹林區坡內里,林玉眞,23952297,有限公司,0890323,0890425,生產中,24基本金屬製造業、25金屬製品製造業、29機械設備製造業  ,241鋼鐵、254金屬加工處理、292其他專用機械設備  ,11508.csv
志成鋼鐵股份有限公司,99645148,08210000070391,彰化縣伸港鄉溪底村工六路６號,彰化縣伸港鄉溪底村,張士毅,52259520,股份有限公司,0820128,0840626,生產中,24基本金屬製造業  ,241鋼鐵  ,11508.csv
慶峰鋼鐵股份有限公司,99709640,,臺南市官田區二鎮里建業路17之2號、19號,臺南市官田區二鎮里,馮上峰,64938860,股份有限公司,,0951018,生產中,24基本金屬製造業、25金屬製品製造業  ,241鋼鐵、249其他基本金屬、254金屬加工處理  ,11508.csv
慶峰鋼鐵股份有限公司二廠,S6701145,,臺南市下營區西連里西寮1之8號,臺南市下營區西連里,馮上峰,64938860,股份有限公司,,1140923,生產中,24基本金屬製造業  ,241鋼鐵  ,11508.csv
振來鋼鐵有限公司,99697271,,新北市五股區五福里成泰路二段一九五巷五號一樓,新北市五股區五福里,陳正來,70679209,有限公司,,0961214,生產中,24基本金屬製造業、25金屬製品製造業  ,241鋼鐵、259其他金屬製品  ,11508.csv
易利隆鋼鐵有限公司一廠,99675974,,嘉義縣東石鄉港墘村港墘６０－１３號,嘉義縣東石鄉港墘村,李吳嬌蓮,89732020,有限公司,,0950918,生產中,24基本金屬製造業  ,241鋼鐵  ,11508.csv
易利鋼鐵企業股份有限公司,99662143,07410012093164,高雄市大寮區大寮里大有三街１３號,高雄市大寮區大寮里,陳淑萍,85945280,股份有限公司,0791231,0791231,生產中,24基本金屬製造業、25金屬製品製造業  ,241鋼鐵、254金屬加工處理  ,11508.csv
祐鉅工業有限公司,99658388,08810000813066,臺南市佳里區六安里六安117之37號,臺南市佳里區六安里,陳麗雲,86227701,有限公司,0881221,0900108,生產中,24基本金屬製造業  ,241鋼鐵  ,11508.csv
祐鉅工業有限公司B廠,67001331,,臺南市佳里區六安里六安117之40號,臺南市佳里區六安里,陳麗雲,86227701,有限公司,,1041102,生產中,24基本金屬製造業  ,241鋼鐵  ,11508.csv
慶得祥鋼鐵股份有限公司,99689496,06910000191820,新北市板橋區振興里三民路一段三一巷三０號,新北市板橋區振興里,曾前根,33928992,股份有限公司,0580101,0690927,生產中,24基本金屬製造業、25金屬製品製造業、29機械設備製造業、30汽車及其零件製造業、31其他運輸工具及其零件製造業  ,241鋼鐵、254金屬加工處理、291金屬加工用機械設備、293通用機械設備、292其他專用機械設備、303汽車零件、312機車及其零件  ,11508.csv
新時代鋼架股份有限公司,99604204,07110000077565,新北市林口區東林里工五路六號,新北市林口區東林里,周宜德,07460416,股份有限公司,0580101,0720525,生產中,24基本金屬製造業、25金屬製品製造業、29機械設備製造業  ,241鋼鐵、254金屬加工處理、249其他基本金屬、259其他金屬製品、293通用機械設備、252金屬結構及建築組件、251金屬刀具、手工具及模具  ,11508.csv
新晟不銹鋼有限公司,99625400,07710003054925,桃園市桃園區玉山里玉山街186號,桃園市桃園區玉山里,黃明雄　　　,22677625,有限公司,0770524,0780427,生產中,24基本金屬製造業  ,241鋼鐵  ,11508.csv
明耀鋼鐵股份有限公司,99675828,,嘉義縣太保市過溝里五鄰嘉太工業區光復路八號,嘉義縣太保市過溝里,黃筱雯,89419099,股份有限公司,,0930330,生產中,25金屬製品製造業、24基本金屬製造業  ,259其他金屬製品、241鋼鐵  ,11508.csv
易宏熱鍍鋅工業股份有限公司,99662126,08410000675531,高雄市大寮區大寮里大有三街１５號,高雄市大寮區大寮里,戴晉平,23201198,股份有限公司,0841218,0841221,生產中,24基本金屬製造業、25金屬製品製造業  ,241鋼鐵、254金屬加工處理  ,11508.csv
環友金屬工業股份有限公司三重廠,65011790,,新北市三重區中興里光復路1段134號(A2棟),新北市三重區中興里,陳永長,07631848,股份有限公司,,1130415,生產中,24基本金屬製造業、25金屬製品製造業  ,241鋼鐵、259其他金屬製品、251金屬刀具、手工具及模具、252金屬結構及建築組件  ,11508.csv
德鋼有限公司,99600172,,新北市五股區興珍里五權七路60號(1、3、4樓),新北市五股區興珍里,林綉英,04261527,有限公司,,0650301,生產中,24基本金屬製造業、25金屬製品製造業  ,241鋼鐵、254金屬加工處理  ,11508.csv
志昌鋼鐵工業股份有限公司,99642961,06610006041753,臺中市太平區太平里永成路一一二號,臺中市太平區太平里,陳春松,52574365,股份有限公司,0660322,0671013,生產中,24基本金屬製造業  ,241鋼鐵  ,11508.csv
恩展有限公司大社廠,99665392,08810012000189,高雄市大社區保舍里旗楠路８０巷２２０之１２號,高雄市大社區,李政智,16468467,有限公司,0880108,0890417,生產中,24基本金屬製造業  ,241鋼鐵  ,11508.csv
振勤鋼鐵有限公司,99690586,07810001216287,新北市汐止區拱北里祥雲街18巷1號1樓,新北市汐止區拱北里,賴秀琴,22624085,有限公司,0780804,0780829,生產中,24基本金屬製造業、25金屬製品製造業  ,241鋼鐵、254金屬加工處理  ,11508.csv
振台企業社,99623555,,桃園市大溪區福安里復興路1段218巷402號1樓,桃園市大溪區福安里,沈凈羽,98123012,合夥,,0910319,生產中,24基本金屬製造業  ,241鋼鐵、242鋁、243銅  ,11508.csv
攸紘企業股份有限公司高雄廠,99665035,07510012122288,高雄市燕巢區安招里成大街１６號,高雄市燕巢區安招里,黃國艦,09421093,股份有限公司,0791231,0791231,生產中,18化學材料及肥料製造業、24基本金屬製造業、25金屬製品製造業  ,181化學原材料、241鋼鐵、259其他金屬製品  ,11508.csv
新富金屬企業社,65006239,,新北市新店區安和里安業街8巷1號,新北市新店區安和里,黃慶文,17821240,獨資,,1060904,生產中,24基本金屬製造業、25金屬製品製造業  ,241鋼鐵、242鋁、243銅、253金屬容器、259其他金屬製品  ,11508.csv
新發製鋼股份有限公司,99667102,06210000080998,基隆市七堵區堵南里明德三路１１１號,基隆市七堵區堵南里,張添澄,20668001,股份有限公司,0580101,0690930,生產中,24基本金屬製造業  ,241鋼鐵  ,11508.csv
昉煜企業股份有限公司,99626912,08310003065530,桃園市龜山區南上里南上路三八六巷四號,桃園市龜山區南上里,吳玉枝　　　,84856129,股份有限公司,0830620,0830707,生產中,25金屬製品製造業、29機械設備製造業、24基本金屬製造業  ,259其他金屬製品、293通用機械設備、243銅、241鋼鐵  ,11508.csv
益彬企業股份有限公司,99676503,08010021001250,臺南市安南區新順里永安路21號,臺南市安南區新順里,陳建華,69686441,股份有限公司,0801231,0820205,生產中,25金屬製品製造業、24基本金屬製造業  ,259其他金屬製品、241鋼鐵  ,11508.csv
恆懋五金加工廠有限公司永安廠,S6400961,,高雄市永安區維新里保安路4-26號,高雄市永安區維新里,吳銘源,80090799,有限公司,,1100420,生產中,24基本金屬製造業  ,241鋼鐵  ,11508.csv
恆懋五金加工廠有限公司本洲二廠,99704849,,高雄市岡山區本洲里本工西路１９號,高雄市岡山區本洲里,吳銘源,80090799,有限公司,,0941116,生產中,24基本金屬製造業  ,241鋼鐵  ,11508.csv
恆懋五金加工廠有限公司本洲廠,99705065,,高雄市岡山區本洲里本工西路１７號,高雄市岡山區本洲里,吳銘源,80090799,有限公司,,0950717,生產中,24基本金屬製造業、25金屬製品製造業  ,241鋼鐵、254金屬加工處理  ,11508.csv
恆懋五金加工廠有限公司河華廠,S6401208,,高雄市岡山區壽峰里河華路88號,高雄市岡山區壽峰里,吳銘源 ,80090799,有限公司,,1140704,生產中,24基本金屬製造業  ,241鋼鐵  ,11508.csv
恩斯企業股份有限公司,99629683,08610003307030,桃園市龜山區龍壽里萬壽路一段四九二之五號七樓之二,桃園市龜山區龍壽里,徐燕枝　　　,22721426,股份有限公司,0861027,0861105,生產中,24基本金屬製造業  ,241鋼鐵  ,11508.csv
承鋒鑄造工業股份有限公司,99640860,06510006100063,臺中市豐原區南村里水源路三四三巷六之一號,臺中市豐原區南村里,林炎煌,55837778,股份有限公司,0650813,0650813,生產中,24基本金屬製造業  ,249其他基本金屬、241鋼鐵  ,11508.csv
承鋒鑄造工業股份有限公司苗栗二廠,05000295,,苗栗縣苑裡鎮水坡里五鄰水坡四七之五號,苗栗縣苑裡鎮水坡里,林炎煌,55837778,股份有限公司,,1050406,生產中,24基本金屬製造業  ,241鋼鐵  ,11508.csv
新寶元鋼鐵股份有限公司一廠,99620981,,宜蘭縣冬山鄉東城村香中路三一０號,宜蘭縣冬山鄉東城村,陳國賢,80471489,股份有限公司,,0931103,生產中,24基本金屬製造業  ,241鋼鐵  ,11508.csv
盈璨企業股份有限公司,99633708,07610006152255,臺中市后里區后里里三豐路四段130巷15號,臺中市后里區后里里,蔡秋林,56662776,股份有限公司,0760921,0780408,生產中,24基本金屬製造業  ,241鋼鐵、243銅  ,11508.csv
益興鋼鐵有限公司,99687220,,桃園市中壢區龍德里龍興路四二三號,桃園市中壢區龍德里,莊育霈,80111725,有限公司,,0921001,生產中,24基本金屬製造業、25金屬製品製造業  ,241鋼鐵、242鋁、243銅、252金屬結構及建築組件、259其他金屬製品  ,11508.csv
祥曉企業股份有限公司,99657236,06210000106507,臺南市仁德區保安里保安路1段90號,臺南市仁德區保安里,陳健一　　　,22416050,股份有限公司,0620815,0641118,生產中,18化學材料及肥料製造業、24基本金屬製造業  ,241鋼鐵、181化學原材料  ,11508.csv
祥曉企業股份有限公司中洲二廠,S6700684,,臺南市仁德區中洲里中洲八街190號,臺南市仁德區中洲里,陳健一,22416050,股份有限公司,,1091118,生產中,24基本金屬製造業  ,241鋼鐵  ,11508.csv
恩盈企業股份有限公司屏東廠,99665707,08010013123042,屏東縣萬巒鄉佳和村佳興路83號,屏東縣萬巒鄉佳和村,郭啓恩,23498282,股份有限公司,0801008,0810115,生產中,24基本金屬製造業、29機械設備製造業  ,241鋼鐵、293通用機械設備  ,11508.csv
慶昱金屬工業股份有限公司,99683045,08910000903634,臺南市永康區王行里環工路45號,臺南市永康區王行里,吳陳麗月,23796563,股份有限公司,0890616,0890804,生產中,24基本金屬製造業  ,241鋼鐵  ,11508.csv
承錠股份有限公司神岡廠,99641907,08210006138045,臺中市神岡區新庄里和睦路一段611號,臺中市神岡區新庄里,鄭百合,84212921,股份有限公司,0820702,0820710,生產中,24基本金屬製造業  ,241鋼鐵  ,11508.csv
新東興工業股份有限公司二廠,99650748,07410000027180,彰化縣埤頭鄉和豊村新生路一八二號,彰化縣埤頭鄉和豊村,鄭飛虎,58026133,股份有限公司,0740205,0740415,生產中,24基本金屬製造業  ,241鋼鐵  ,11508.csv
新東輝金屬工廠股份有限公司,99650404,07010000077622,彰化縣花壇鄉灣東村灣東路五一巷二０號,彰化縣花壇鄉灣東村,江煌修　,22138319,股份有限公司,0700420,0781110,生產中,24基本金屬製造業  ,241鋼鐵  ,11508.csv
盛餘股份有限公司,64003817,7364038894,高雄市小港區山明里中林路11號,高雄市小港區山明里,樽宮浩一,79837539,股份有限公司,0731105,0740324,生產中,24基本金屬製造業、25金屬製品製造業  ,241鋼鐵、254金屬加工處理  ,11508.csv
慶欣欣鋼鐵股份有限公司,99645200,08110000076861,彰化縣伸港鄉溪底村工西二路２號,彰化縣伸港鄉溪底村,顏慶利,80354671,股份有限公司,0811202,0820701,生產中,24基本金屬製造業、25金屬製品製造業  ,241鋼鐵、252金屬結構及建築組件、254金屬加工處理  ,11508.csv
成友工業有限公司,99610744,07310001274809,新北市新莊區建安里建國一路288巷56號,新北市新莊區建安里,陳維崙,36307617,有限公司,0731027,0731027,生產中,24基本金屬製造業、25金屬製品製造業  ,241鋼鐵、254金屬加工處理  ,11508.csv
成台股份有限公司,99614985,,新北市林口區工九路33號,新北市林口區,林月霞,31276050,股份有限公司,,0890728,生產中,25金屬製品製造業、29機械設備製造業、24基本金屬製造業  ,252金屬結構及建築組件、254金屬加工處理、259其他金屬製品、293通用機械設備、241鋼鐵  ,11508.csv
承鴻國際實業股份有限公司,99658253,07410000285513,臺南市佳里區海澄里萊芊寮17之3號,臺南市佳里區海澄里,陳俞任,16184911,股份有限公司,0740910,0750325,生產中,24基本金屬製造業、33其他製造業  ,241鋼鐵、331育樂用品  ,11508.csv
新川王五金實業股份有限公司二廠,S0701076,,彰化縣鹿港鎮頭南里頭庄巷1-13號、1-15號,彰化縣鹿港鎮頭南里,王福勝,86980123,股份有限公司,,1090805,生產中,24基本金屬製造業、25金屬製品製造業、28電力設備及配備製造業  ,241鋼鐵、252金屬結構及建築組件、285家用電器  ,11508.csv
旺瑲股份有限公司南投廠,99705164,,南投縣南投市永豐里工業北路31號,南投縣南投市永豐里,王堅信,80221271,有限公司,,0941202,生產中,25金屬製品製造業、24基本金屬製造業  ,241鋼鐵、259其他金屬製品  ,11508.csv
易昇鋼鐵股份有限公司,99656558,06010000108394,臺南市永康區尚頂里正南一街200號,臺南市永康區尚頂里,顏慶利　,28098406,股份有限公司,0601122,0610509,生產中,24基本金屬製造業  ,241鋼鐵、249其他基本金屬  ,11508.csv
易昇鋼鐵股份有限公司永康廠,99656606,07910000170662,臺南市永康區王行里經中路11號,臺南市永康區王行里,顏慶利,28098406,股份有限公司,0790215,0800424,生產中,24基本金屬製造業  ,241鋼鐵、249其他基本金屬  ,11508.csv
皇華機械工業股份有限公司,99695256,,新北市新店區雙坑里北宜路三段三二０號,新北市新店區雙坑里,林知世,33804866,股份有限公司,,0950315,生產中,29機械設備製造業、28電力設備及配備製造業、30汽車及其零件製造業、31其他運輸工具及其零件製造業、24基本金屬製造業、25金屬製品製造業  ,292其他專用機械設備、281發電、輸電及配電機械、283電線及配線器材、289其他電力設備及配備、303汽車零件、312機車及其零件、313自行車及其零件、241鋼鐵、243銅、254金屬加工處理  ,11508.csv
盟傑工業股份有限公司,S6601718,,臺中市后里區墩南里公安路一段31號,臺中市后里區墩南里,張廖秀李,22294205,股份有限公司,,1100713,生產中,24基本金屬製造業  ,241鋼鐵  ,11508.csv
德士精科股份有限公司,99623166,,桃園市龜山區兔坑里茶專一街８８號,桃園市龜山區兔坑里,蔡宛諺,23706845,股份有限公司,,0910131,生產中,24基本金屬製造業、25金屬製品製造業、29機械設備製造業  ,241鋼鐵、251金屬刀具、手工具及模具、291金屬加工用機械設備  ,11508.csv
志祥精密工業股份有限公司桃園廠,99627291,07610000322932,桃園市龍潭區三和里店湖一路一二六號,桃園市龍潭區三和里,林賢平　　　,04786431,股份有限公司,0761231,0781220,生產中,24基本金屬製造業  ,241鋼鐵  ,11508.csv
振華興鐵工廠有限公司,99606656,08410001389620,新北市汐止區保安里大同路三段三三三號,新北市汐止區保安里,蔡明芳,89663570,有限公司,0841104,0841120,生產中,24基本金屬製造業、25金屬製品製造業、29機械設備製造業  ,241鋼鐵、254金屬加工處理、259其他金屬製品、293通用機械設備、251金屬刀具、手工具及模具  ,11508.csv
政昌企業有限公司,99700078,,新竹縣竹北市泰和里沿河街６８號,新竹縣竹北市泰和里,鄧鎮泉,16219236,有限公司,,0921120,生產中,24基本金屬製造業  ,241鋼鐵、249其他基本金屬  ,11508.csv
政昌鑄造股份有限公司,99642062,07610006000006,臺中市大雅區員林里大林路65巷11號,臺中市大雅區員林里,林慧娟,22670025,股份有限公司,0761106,0760907,生產中,24基本金屬製造業、29機械設備製造業、30汽車及其零件製造業  ,241鋼鐵、293通用機械設備、303汽車零件  ,11508.csv
新勝隆五金廠,99627916,07410003118680,桃園市大溪區永福里４鄰信義路６５０巷３３號,桃園市大溪區永福里,王星火　　　,02706480,獨資,0740919,0741109,生產中,24基本金屬製造業  ,241鋼鐵、243銅  ,11508.csv
新桐芳鑄造股份有限公司,99638926,07610006152309,臺中市豐原區翁明里水源路680巷7號,臺中市豐原區翁明里,張海桐,22584555,股份有限公司,0760921,0761109,生產中,24基本金屬製造業  ,241鋼鐵  ,11508.csv
新桐芳鑄造股份有限公司彰濱廠,07005358,,彰化縣線西鄉寓埔村彰濱西四路37號,彰化縣線西鄉寓埔村,張海桐,22584555,股份有限公司,,1121116,生產中,24基本金屬製造業  ,241鋼鐵  ,11508.csv
昌久金屬科技有限公司桃園楊梅廠,03000331,,桃園市楊梅區高上里高獅路863巷2弄12號,桃園市楊梅區高上里,劉世翔,04741462,有限公司,,1000329,生產中,24基本金屬製造業、25金屬製品製造業、28電力設備及配備製造業、29機械設備製造業  ,241鋼鐵、242鋁、243銅、249其他基本金屬、252金屬結構及建築組件、259其他金屬製品、281發電、輸電及配電機械、292其他專用機械設備  ,11508.csv
昌葆企業有限公司,99605401,08410001134214,新北市新莊區福營里福營路一二五巷三二號,新北市新莊區福營里,鍾昭源,23149497,有限公司,0840505,0840517,生產中,24基本金屬製造業、25金屬製品製造業  ,241鋼鐵、254金屬加工處理、242鋁、243銅  ,11508.csv
春星工業股份有限公司,99661267,06510012037323,高雄市梓官區同安里大舍北路300號,高雄市梓官區同安里,高志文,85718932,股份有限公司,0791231,0791231,生產中,24基本金屬製造業  ,241鋼鐵  ,11508.csv
春星工業股份有限公司八德二廠,S6400874,,高雄市梓官區梓平里八德路360號,高雄市梓官區梓平里,高志文,85718932,股份有限公司,,1091023,生產中,24基本金屬製造業  ,241鋼鐵  ,11508.csv
春星工業股份有限公司八德廠,64007159,,高雄市梓官區大舍里八德路355號,高雄市梓官區大舍里,高志文,85718932,股份有限公司,,1031113,生產中,24基本金屬製造業  ,241鋼鐵  ,11508.csv
春星工業股份有限公司和平廠,64008463,,高雄市梓官區梓平里和平路1號,高雄市梓官區梓平里,高志文,85718932,股份有限公司,,1080715,生產中,24基本金屬製造業  ,241鋼鐵  ,11508.csv
春星工業股份有限公司永安廠,99704716,,高雄市永安區維新里永工二路１１號,高雄市永安區維新里,高志文,85718932,股份有限公司,,0940506,生產中,24基本金屬製造業、25金屬製品製造業  ,241鋼鐵、254金屬加工處理  ,11508.csv
登極鐵工廠,99704015,,臺中市烏日區前竹里中山路一段和平巷１５０弄９號,臺中市烏日區前竹里,陳巧玲,13431283,獨資,,0951213,生產中,24基本金屬製造業、25金屬製品製造業  ,241鋼鐵、243銅、252金屬結構及建築組件  ,11508.csv
益昌行,99650840,07710007055901,彰化縣田尾鄉饒平村建平路二段７７號,彰化縣田尾鄉饒平村,詹錫霖　,59142498,獨資,0780117,0780214,生產中,24基本金屬製造業  ,241鋼鐵  ,11508.csv
得恩機電工業股份有限公司,99664737,00010012040240,高雄市燕巢區安招里安北路１３２號,高雄市燕巢區安招里,蘇雅各,82017303,股份有限公司,0791231,0791231,生產中,25金屬製品製造業、29機械設備製造業、24基本金屬製造業  ,241鋼鐵、242鋁、252金屬結構及建築組件、243銅、253金屬容器、259其他金屬製品、291金屬加工用機械設備  ,11508.csv
志聯工業股份有限公司新屋一廠,99624709,08710003264149,桃園市新屋區埔頂里中興路四八０號,桃園市新屋區埔頂里,潘仲良,43633504,股份有限公司,0870227,0870529,生產中,24基本金屬製造業  ,241鋼鐵  ,11508.csv
志聯工業股份有限公司新屋二廠,99624708,08710003264030,桃園市新屋區埔頂里中興路四八０之一號,桃園市新屋區埔頂里,潘仲良,43633504,股份有限公司,0870221,0880304,生產中,24基本金屬製造業  ,241鋼鐵  ,11508.csv
惠順工業股份有限公司,99645149,06110000126326,彰化縣員林市中央里中央路430之1、450號,彰化縣員林市中央里,江文卿　,59050053,股份有限公司,0580101,0620521,生產中,24基本金屬製造業、25金屬製品製造業、31其他運輸工具及其零件製造業  ,241鋼鐵、254金屬加工處理、312機車及其零件  ,11508.csv
旋元實業有限公司,99662123,07510012093951,高雄市大寮區潮寮里田單四街９號,高雄市大寮區潮寮里,古妙玲,07926596,有限公司,0791231,0791231,生產中,24基本金屬製造業  ,241鋼鐵  ,11508.csv
昇佑鋼鐵股份有限公司,99602132,08010000323885,新北市五股區興珍里五權七路四三號,新北市五股區興珍里,楊秋興,23276417,股份有限公司,0801212,0810902,生產中,24基本金屬製造業、25金屬製品製造業  ,241鋼鐵、254金屬加工處理  ,11508.csv
昌冠企業有限公司,99662129,07710012096684,高雄市大寮區潮寮里田單四街３０號,高雄市大寮區潮寮里,蘇萬基,81485763,有限公司,0791231,0791231,生產中,24基本金屬製造業  ,241鋼鐵  ,11508.csv
昌冠企業有限公司大發二廠,99662127,07410012092406,高雄市大寮區潮寮里華東路9號,高雄市大寮區潮寮里,蘇棋村,81485763,有限公司,0791231,0791231,生產中,19其他化學製品製造業、22塑膠製品製造業、23非金屬礦物製品製造業、24基本金屬製造業、25金屬製品製造業  ,199未分類其他化學製品、220塑膠製品、231玻璃及其製品、241鋼鐵、243銅、249其他基本金屬、254金屬加工處理  ,11508.csv
昌謚工業股份有限公司,99645107,08710000901583,彰化縣線西鄉溝內村彰濱東三路１２號,彰化縣線西鄉溝內村,林慶安　,84371455,股份有限公司,0870226,0880601,生產中,24基本金屬製造業  ,241鋼鐵  ,11508.csv
易泉企業有限公司,99663072,07610012095574,高雄市大寮區潮寮里田單五街２０號,高雄市大寮區潮寮里,顏清發,86219202,有限公司,0791231,0791231,生產中,24基本金屬製造業  ,241鋼鐵  ,11508.csv
甲聖工業股份有限公司,99652084,08810000923175,南投縣南投市永豐里成功三路一七二、一七二之一號,南投縣南投市永豐里,林聖竹,89234500,股份有限公司,0880608,0890726,生產中,24基本金屬製造業  ,241鋼鐵  ,11508.csv
甲隆鋼鐵股份有限公司,99642210,07110006077286,臺中市大甲區江南里東西八路一段89號,臺中市大甲區江南里,王毓琳,56633689,股份有限公司,0710101,0710607,生產中,24基本金屬製造業  ,241鋼鐵  ,11508.csv
登煌金屬股份有限公司工廠,S6700773,,臺南市安南區東和里長和路一段2巷98號,臺南市安南區東和里,葉信宏,23091973,股份有限公司,,1110617,生產中,24基本金屬製造業  ,241鋼鐵  ,11508.csv
登煬精密企業有限公司,66011973,,臺中市大肚區社腳里沙田路一段854巷50-73弄56號,臺中市大肚區社腳里,林國棟,28577588,有限公司,,1140822,生產中,24基本金屬製造業  ,241鋼鐵  ,11508.csv
登田工業社,99646670,08810007035707,彰化縣和美鎮糖友里東萊路１２５號,彰化縣和美鎮糖友里,陳金存　,76872379,獨資,0880304,0880311,生產中,24基本金屬製造業  ,241鋼鐵  ,11508.csv
益有機械股份有限公司,99633414,08010006236706,臺中市大甲區日南里幼三路6號,臺中市大甲區日南里,劉耿佑,23073449,股份有限公司,0801224,0860526,生產中,24基本金屬製造業、25金屬製品製造業、29機械設備製造業  ,241鋼鐵、254金屬加工處理、259其他金屬製品、292其他專用機械設備、293通用機械設備  ,11508.csv
益通鋼鐵有限公司,S0701440,,彰化縣和美鎮鐵山里線東路四段150巷19號,彰化縣和美鎮鐵山里,謝佳利,28347658,有限公司,,1100112,生產中,24基本金屬製造業  ,241鋼鐵  ,11508.csv
睿伸股份有限公司觀音廠,68003964,,桃園市觀音區大潭里快速路九段2276巷21號(1樓),桃園市觀音區大潭里,李建銘,54941417,股份有限公司,,1100305,生產中,24基本金屬製造業  ,241鋼鐵  ,11508.csv
磬鈺股份有限公司,99640772,08910006000993,臺中市太平區太平里永豐路289巷26號,臺中市太平區太平里,陳桂蘭,70726173,股份有限公司,0890420,0890427,生產中,29機械設備製造業、25金屬製品製造業、24基本金屬製造業  ,293通用機械設備、291金屬加工用機械設備、241鋼鐵、254金屬加工處理、252金屬結構及建築組件  ,11508.csv
神誠有限公司,99631262,08610004200087,新竹縣竹東鎮雞林里１鄰大明路３５１號,新竹縣竹東鎮雞林里,黃秀龍　　　,97332379,有限公司,0860313,0860626,生產中,24基本金屬製造業、25金屬製品製造業  ,241鋼鐵、242鋁  ,11508.csv
德益行,99647783,06610000003687,彰化縣和美鎮鐵山里彰美路３段８４號,彰化縣和美鎮鐵山里,謝施櫻菊,59208815,獨資,0580101,0670713,生產中,24基本金屬製造業  ,241鋼鐵  ,11508.csv
意原企業社,S6400939,,高雄市湖內區民族街396號,高雄市湖內區,曾祥瑞,88669273,獨資,,1091211,生產中,24基本金屬製造業  ,241鋼鐵  ,11508.csv
捷楠鋼鐵有限公司,99670601,08210019002152,臺中市南區樹義里樹義六巷６之１號,臺中市南區樹義里,楊茂楠,84373192,有限公司,0821012,0830623,生產中,24基本金屬製造業、25金屬製品製造業  ,241鋼鐵、254金屬加工處理  ,11508.csv
斗南鐵工廠,99653460,06910000088840,雲林縣斗南鎮北銘里文昌路一二二號,雲林縣斗南鎮北銘里,鄭志傑,63035203,獨資,0690306,0690306,生產中,24基本金屬製造業  ,241鋼鐵  ,11508.csv
春源鋼鐵工業股份有限公司,64003974,7464037302,高雄市小港區山明里世全路5號,高雄市小港區山明里,楊祥生,11529802,股份有限公司,0740902,0750404,生產中,24基本金屬製造業、25金屬製品製造業  ,241鋼鐵、254金屬加工處理  ,11508.csv
生發不銹鋼工業股份有限公司,99684805,,臺南市永康區三民里和平路206巷22、26號,臺南市永康區三民里,歐陽富齡,23388047,股份有限公司,,0940811,生產中,24基本金屬製造業  ,241鋼鐵  ,11508.csv
祥瑞實業社,99705935,,臺南市安南區安富里府安路5段157巷22弄54號,臺南市安南區安富里,許瑞錦,10464056,獨資,,0970526,生產中,24基本金屬製造業  ,241鋼鐵  ,11508.csv
志誠鑄造廠股份有限公司,99633552,06610006067272,臺中市太平區中興里太平路658號,臺中市太平區中興里,蔡明孝,55874695,股份有限公司,0660601,,生產中,24基本金屬製造業  ,241鋼鐵  ,11508.csv
志誠鑄造廠股份有限公司全興廠,07000701,,彰化縣伸港鄉溪底村興工路32號,彰化縣伸港鄉溪底村,蔡明孝,55874695,股份有限公司,,1011219,生產中,24基本金屬製造業  ,241鋼鐵  ,11508.csv
恆鉅工業有限公司,99662326,07710012097946,高雄市大寮區大寮里裕民街１７號,高雄市大寮區大寮里,郭錦城,28584005,有限公司,0791231,0791231,生產中,24基本金屬製造業  ,241鋼鐵  ,11508.csv
意鑫合金工業股份有限公司後龍分公司,99677569,,苗栗縣後龍鎮溪洲里八鄰勝利路二九六號,苗栗縣後龍鎮溪洲里,范傳銘,27327508,股份有限公司,,0951005,生產中,24基本金屬製造業  ,241鋼鐵  ,11508.csv
成川鋼管股份有限公司,99650458,07510007055570,彰化縣花壇鄉長沙村鳥松巷七號,彰化縣花壇鄉長沙村,周明龍,22082130,股份有限公司,0750628,0761230,生產中,24基本金屬製造業  ,241鋼鐵  ,11508.csv
成川鋼管股份有限公司第二廠,99650492,08010007073334,彰化縣花壇鄉長沙村鳥松巷九號,彰化縣花壇鄉長沙村,周明龍,22082130,股份有限公司,0800708,0810706,生產中,24基本金屬製造業  ,241鋼鐵  ,11508.csv
捷流閥業股份有限公司(桃園廠),68001595,,桃園市觀音區樹林里經建四路2-36號,桃園市觀音區樹林里,楊大中,15877936,股份有限公司,,1061107,生產中,24基本金屬製造業  ,241鋼鐵  ,11508.csv
政錩特殊鋼鐵股份有限公司,65001124,,新北市樹林區圳生里三俊街199巷7號,新北市樹林區圳生里,廖邱文,01356393,股份有限公司,,1010220,生產中,24基本金屬製造業  ,241鋼鐵  ,11508.csv
斯特樂科技有限公司線材廠,64006870,,高雄市燕巢區深水里大成路95號,高雄市燕巢區深水里,劉清良,16713004,有限公司,,1020901,生產中,24基本金屬製造業  ,241鋼鐵  ,11508.csv
新樺鋼鐵工業股份有限公司,10000396,,嘉義縣水上鄉大崙村20鄰大崙162號,嘉義縣水上鄉大崙村,曾明山,82956663,股份有限公司,,1081105,生產中,24基本金屬製造業、25金屬製品製造業  ,241鋼鐵、252金屬結構及建築組件、253金屬容器  ,11508.csv
新欣鋼鐵股份有限公司,99612416,08610001228294,新北市三重區五谷里光復路1段15巷11號,新北市三重區五谷里,呂萬得,16034300,股份有限公司,0860709,0860719,生產中,24基本金屬製造業  ,241鋼鐵  ,11508.csv
日昇船舶科技有限公司,99662524,07410012092862,高雄市大寮區潮寮里建民街４３號,高雄市大寮區潮寮里,張富貴,76470425,有限公司,0791231,0791231,生產中,24基本金屬製造業  ,241鋼鐵  ,11508.csv
旭崇企業股份有限公司,99624437,08710003266396,桃園市大溪區美華里１４鄰美山路一段180號,桃園市大溪區美華里,陳宏坤,23702432,股份有限公司,0870618,0870713,生產中,24基本金屬製造業  ,241鋼鐵  ,11508.csv
昇億財企業有限公司,99663946,07610012095228,高雄市大寮區潮寮里田單六街３２號,高雄市大寮區潮寮里,林巧馨,85124050,有限公司,0791231,0791231,生產中,21橡膠製品製造業、22塑膠製品製造業、24基本金屬製造業  ,210橡膠製品、220塑膠製品、241鋼鐵  ,11508.csv
春源鋼鐵工業股份有限公司新竹廠,99667864,07110000128513,新竹市香山區樹下里牛埔南路374巷5號,新竹市香山區樹下里,楊祥生,11529802,股份有限公司,0710818,0720516,生產中,24基本金屬製造業、25金屬製品製造業  ,241鋼鐵、254金屬加工處理  ,11508.csv
春源鋼鐵工業股份有限公司土城一廠,99602994,07810000284781,新北市土城區沛陂里自由街三號,新北市土城區沛陂里,楊祥生,11529802,股份有限公司,0781012,0820515,生產中,24基本金屬製造業、25金屬製品製造業  ,241鋼鐵、254金屬加工處理、249其他基本金屬  ,11508.csv
春源鋼鐵工業股份有限公司土城廠,99616169,07210000198448,新北市土城區日新里日新街51號,新北市土城區日新里,敖國義,11529802,股份有限公司,0721208,0851216,生產中,24基本金屬製造業、25金屬製品製造業  ,241鋼鐵、254金屬加工處理  ,11508.csv
春源鋼鐵工業股份有限公司汐止廠,99616357,06910000031946,新北市汐止區保安里大同路3段565號,新北市汐止區保安里,張緯祥,11529802,股份有限公司,0580101,0851021,生產中,24基本金屬製造業、25金屬製品製造業、29機械設備製造業  ,241鋼鐵、254金屬加工處理、259其他金屬製品、293通用機械設備、291金屬加工用機械設備、251金屬刀具、手工具及模具  ,11508.csv
璋釔鋼鐵廠股份有限公司,99650603,07710007062263,彰化縣伸港鄉新港村新港路６０－２號,彰化縣伸港鄉新港村,雲宏裕,59315006,股份有限公司,0771128,0790305,生產中,24基本金屬製造業  ,241鋼鐵  ,11508.csv
申伍鑄造股份有限公司三廠,66002960,,臺中市神岡區溪洲里神洲路852巷56號,臺中市神岡區溪洲里,陳秀美,86568926,股份有限公司,,1030811,生產中,24基本金屬製造業、29機械設備製造業  ,241鋼鐵、249其他基本金屬、293通用機械設備  ,11508.csv
登豐工業有限公司,99610535,07510001105027,新北市新莊區化成里化成路四三巷八二號一、二樓,新北市新莊區化成里,江震皇,22116096,有限公司,0750418,0750617,生產中,25金屬製品製造業、24基本金屬製造業、27電腦、電子產品及光學製品製造業  ,241鋼鐵、254金屬加工處理、274資料儲存媒體  ,11508.csv
研達科技有限公司,99621989,,桃園市蘆竹區長興里南崁路二段228巷266弄28號,桃園市蘆竹區長興里,王崇仁,16986243,有限公司,,0900920,生產中,24基本金屬製造業  ,241鋼鐵  ,11508.csv
祈茂實業有限公司,99601652,07610001224349,新北市汐止區環河里福德一路四０五巷一一號,新北市汐止區環河里,許意盛,22181906,有限公司,0760811,0760918,生產中,29機械設備製造業、25金屬製品製造業、28電力設備及配備製造業、24基本金屬製造業  ,259其他金屬製品、283電線及配線器材、293通用機械設備、241鋼鐵  ,11508.csv
祥益材料科技股份有限公司,99704593,,臺中市龍井區龍津里臨港路一段886巷111號,臺中市龍井區龍津里,陳名賢,89923267,股份有限公司,,0961212,生產中,18化學材料及肥料製造業、24基本金屬製造業  ,181化學原材料、183肥料及氮化合物、241鋼鐵  ,11508.csv
彰源企業股份有限公司,99653213,07310000257496,雲林縣斗六市榴中里工業路一二二號,雲林縣斗六市榴中里,張炳耀,60330130,股份有限公司,0731120,0750128,生產中,24基本金屬製造業  ,241鋼鐵  ,11508.csv
彰源企業股份有限公司員林工廠,99645789,08710000906282,彰化縣員林市中央里中央路480號,彰化縣員林市中央里,張炳耀　,60330130,股份有限公司,0870713,0881116,生產中,24基本金屬製造業  ,241鋼鐵  ,11508.csv
志一企業股份有限公司,64004827,8064035341,高雄市小港區小港里光和路37號,高雄市小港區小港里,黃侯玉花,83405610,股份有限公司,0800711,0820517,生產中,24基本金屬製造業  ,241鋼鐵  ,11508.csv
房記企業社,99629410,08310003213357,桃園市中壢區龍德里龍興路401巷30、30之1號,桃園市中壢區龍德里,房家豪,02666939,獨資,0831222,0840120,生產中,25金屬製品製造業、29機械設備製造業、24基本金屬製造業  ,252金屬結構及建築組件、241鋼鐵、293通用機械設備  ,11508.csv
振通股份有限公司,99644880,,臺中市豐原區南村里水源路395巷45弄9號,臺中市豐原區南村里,羅東明,55957490,股份有限公司,,0920801,生產中,24基本金屬製造業  ,241鋼鐵  ,11508.csv
昌靖興業股份有限公司,99645426,,彰化縣鹿港鎮海埔里鹿工南二路２７號,彰化縣鹿港鎮海埔里,吳佳興,70586194,股份有限公司,,0900731,生產中,24基本金屬製造業  ,241鋼鐵  ,11508.csv
昌靖興業股份有限公司二廠,99645589,08910000904386,彰化縣鹿港鎮海埔里鹿工北二路６號,彰化縣鹿港鎮海埔里,吳佳興,70586194,股份有限公司,0890719,0890825,生產中,24基本金屬製造業  ,241鋼鐵  ,11508.csv
瑞鋒國際有限公司,99665492,,高雄市鳥松區仁美里美山路６８號,高雄市鳥松區仁美里,宋瑞文,13170528,有限公司,,0911001,生產中,24基本金屬製造業  ,241鋼鐵  ,11508.csv
申成興業股份有限公司,99655273,07310000241165,嘉義縣太保市過溝里嘉太工業區光復路１１號,嘉義縣太保市過溝里,郭黃美玉,66654775,股份有限公司,0730827,0740422,生產中,24基本金屬製造業  ,241鋼鐵  ,11508.csv
皆達國際股份有限公司燕巢廠,99662816,08110012148192,高雄市燕巢區安招里中民路７９３巷４號,高雄市燕巢區安招里,尹純綢,22480637,股份有限公司,0811015,0811028,生產中,24基本金屬製造業、29機械設備製造業、30汽車及其零件製造業、31其他運輸工具及其零件製造業  ,241鋼鐵、292其他專用機械設備、312機車及其零件、303汽車零件  ,11508.csv
益利達資源科技股份有限公司,99704738,,高雄市仁武區仁武里工業二路２５號,高雄市仁武區仁武里,陳文盛,80366000,股份有限公司,,0940617,生產中,18化學材料及肥料製造業、23非金屬礦物製品製造業、24基本金屬製造業  ,184塑膠及合成橡膠原料、231玻璃及其製品、241鋼鐵、242鋁、243銅、249其他基本金屬  ,11508.csv
益泰鋼纜有限公司,99632682,06310005141422,苗栗縣通霄鎮新埔里四鄰二三之二號,苗栗縣通霄鎮新埔里,黃文生,49668374,有限公司,0631008,0640417,生產中,24基本金屬製造業  ,241鋼鐵  ,11508.csv
盛真企業有限公司大發廠,99663289,08810000063866,高雄市大寮區大寮里華東路８６號,高雄市大寮區大寮里,洪石瓶,96906735,有限公司,0880517,0881018,生產中,24基本金屬製造業  ,241鋼鐵  ,11508.csv
目鏡自動化有限公司,99611595,06910000084295,新北市鶯歌區南靖里文化路三二四巷一一號,新北市鶯歌區南靖里,詹金龍,34294757,有限公司,0580101,0690313,生產中,29機械設備製造業、25金屬製品製造業、24基本金屬製造業  ,241鋼鐵、254金屬加工處理、292其他專用機械設備  ,11508.csv
揚鋼鑄造股份有限公司彰濱廠,07004347,,彰化縣線西鄉塭仔村慶安南三路13號,彰化縣線西鄉塭仔村,陳定國,22806206,股份有限公司,,1100705,生產中,24基本金屬製造業  ,241鋼鐵  ,11508.csv
政裕鋼鐵股份有限公司,99630600,08110004027927,新竹縣竹東鎮雞林里大明路228號,新竹縣竹東鎮雞林里,傅建榮,48400125,股份有限公司,0811124,0820803,生產中,24基本金屬製造業  ,241鋼鐵  ,11508.csv
文來金屬工業股份有限公司,99617741,06210000090473,新北市三重區中興里中興北街四二巷四一號,新北市三重區中興里,黃葉寶鳳,04445477,股份有限公司,0580101,0650219,生產中,24基本金屬製造業、28電力設備及配備製造業  ,241鋼鐵、283電線及配線器材、289其他電力設備及配備  ,11508.csv
日信鑄造有限公司大豐廠,S6601697,,臺中市潭子區大豐里潭富路二段298號,臺中市潭子區大豐里,林火茂,22699965,有限公司,,1100407,生產中,24基本金屬製造業  ,241鋼鐵  ,11508.csv
旻泰企業行,S1300282,,屏東縣新園鄉瓦磘村環東路60號,屏東縣新園鄉瓦磘村,許嘉富,08047226,獨資,,1100114,生產中,24基本金屬製造業  ,241鋼鐵  ,11508.csv
明捷鋼鐵有限公司竹南廠,S0500281,,苗栗縣竹南鎮大厝里13鄰獅山200號,苗栗縣竹南鎮大厝里,陳玉慧,27919904,有限公司,,1141001,生產中,24基本金屬製造業  ,241鋼鐵  ,11508.csv
申成興業股份有限公司三廠,10000225,,嘉義縣太保市過溝里嘉太工業區光復路37號,嘉義縣太保市過溝里,郭黃美玉,66654775,股份有限公司,,1050810,生產中,24基本金屬製造業、25金屬製品製造業  ,241鋼鐵、259其他金屬製品  ,11508.csv
申成興業股份有限公司二廠,99676101,,嘉義縣太保市過溝里嘉太工業區光復路16號之1,嘉義縣太保市過溝里,郭黃美玉,66654775,股份有限公司,,0990402,生產中,24基本金屬製造業  ,241鋼鐵  ,11508.csv
百朝股份有限公司南投廠,99652567,08310008001678,南投縣名間鄉新街村彰南路二五三之一號,南投縣名間鄉新街村,陳珍郎,12272651,股份有限公司,0831127,0831127,生產中,29機械設備製造業  ,241鋼鐵  ,11508.csv
益陽工業股份有限公司全興廠,99650235,08110000071122,彰化縣伸港鄉溪底村興工路四０之一號,彰化縣伸港鄉溪底村,方清本　,59335951,股份有限公司,0810313,0830726,生產中,24基本金屬製造業、25金屬製品製造業  ,241鋼鐵、254金屬加工處理  ,11508.csv
盛祥鋼業有限公司,99613364,07410001111183,新北市樹林區圳生里俊安街53巷20號,新北市樹林區圳生里,李瑤璋,34078532,有限公司,0740419,0751220,生產中,24基本金屬製造業、25金屬製品製造業、29機械設備製造業  ,241鋼鐵、259其他金屬製品、293通用機械設備  ,11508.csv
碁旺精密工業有限公司大發廠,99663973,07510012093690,高雄市大寮區潮寮里田單六街３１號,高雄市大寮區潮寮里,黃中興,22539428,股份有限公司,0791231,0791231,生產中,24基本金屬製造業  ,241鋼鐵  ,11508.csv
祐慶企業有限公司,99663959,07510012093757,高雄市大寮區潮寮里田單五街７號,高雄市大寮區潮寮里,楊聰霖,16822988,有限公司,0791231,0791231,生產中,24基本金屬製造業、21橡膠製品製造業、22塑膠製品製造業  ,241鋼鐵、242鋁、243銅、210橡膠製品、220塑膠製品  ,11508.csv
祐慶企業有限公司大發廠,99661878,07510012093695,高雄市大寮區潮寮里田單六街２１號,高雄市大寮區潮寮里,楊聰霖,16822988,有限公司,0791231,0791231,生產中,24基本金屬製造業、22塑膠製品製造業、21橡膠製品製造業  ,241鋼鐵、220塑膠製品、210橡膠製品  ,11508.csv
德彰金屬有限公司,99623228,,桃園市平鎮區建安里平東路六七九巷一五號一樓,桃園市平鎮區建安里,孫世忠,86793450,有限公司,,0910207,生產中,24基本金屬製造業  ,241鋼鐵、242鋁、243銅  ,11508.csv
恒峰工業股份有限公司,99665820,08510013067590,屏東縣屏東市清溪里建國路332巷37號,屏東縣屏東市清溪里,董嘏蘭,22834202,股份有限公司,0850506,0870421,生產中,24基本金屬製造業  ,241鋼鐵  ,11508.csv
恒強鋼鐵股份有限公司,15000201,,花蓮縣花蓮市民心里美工六街1號,花蓮縣花蓮市民心里,紀榮吉,60327894,股份有限公司,,1130919,生產中,24基本金屬製造業、24基本金屬製造業  ,241鋼鐵  ,11508.csv
慶聲鋼鐵有限公司,99613262,08710001555135,新北市樹林區金寮里保安街二段四五巷二九之四號,新北市樹林區金寮里,高林森,34592643,有限公司,0870812,0870909,生產中,24基本金屬製造業、25金屬製品製造業  ,241鋼鐵、254金屬加工處理  ,11508.csv
新鋼工業股份有限公司新莊廠,99602848,06310000015665,新北市新莊區西盛里大安路八號,新北市新莊區西盛里,蕭世明,34008635,股份有限公司,0580101,0851008,生產中,32家具製造業、28電力設備及配備製造業、24基本金屬製造業、25金屬製品製造業、29機械設備製造業  ,320家具、285家用電器、241鋼鐵、254金屬加工處理、249其他基本金屬、259其他金屬製品、293通用機械設備  ,11508.csv
新鋼工業股份有限公司大園廠,99622551,08110000071030,桃園市大園區內海里民生路119號,桃園市大園區內海里,沈成業,34008635,股份有限公司,0810306,0821027,生產中,32家具製造業、24基本金屬製造業、25金屬製品製造業  ,320家具、241鋼鐵、252金屬結構及建築組件、259其他金屬製品  ,11508.csv
璟瑞企業股份有限公司,64009922,,高雄市岡山區華崗里嘉新東路二段92-1號,高雄市岡山區華崗里,楊文瑞,80127509,股份有限公司,,1130826,生產中,24基本金屬製造業  ,241鋼鐵  ,11508.csv
發蘭機械股份有限公司,99661972,08810012014143,高雄市大寮區三隆里光華路４７０巷１９２號,高雄市大寮區三隆里,林志遠,43668236,股份有限公司,0880203,0880927,生產中,24基本金屬製造業、25金屬製品製造業、29機械設備製造業  ,241鋼鐵、259其他金屬製品、293通用機械設備  ,11508.csv
發順緣企業有限公司,67003604,,臺南市佳里區海澄里萊芉寮17之50號,臺南市佳里區海澄里,黃麗夙,54562409,有限公司,,1120629,生產中,24基本金屬製造業  ,241鋼鐵  ,11508.csv
益發工業股份有限公司,99620177,08110000071689,宜蘭縣蘇澳鎮龍德里龍祥五路五號,宜蘭縣蘇澳鎮龍德里,陳光隆,80125447,股份有限公司,0810414,0840915,生產中,24基本金屬製造業、29機械設備製造業  ,241鋼鐵、242鋁、243銅、293通用機械設備  ,11508.csv
益順泰實業有限公司,09001001,,雲林縣林內鄉九芎村大同路7號,雲林縣林內鄉九芎村,邱瀞緯,53068865,有限公司,,1090623,生產中,24基本金屬製造業、25金屬製品製造業  ,241鋼鐵、251金屬刀具、手工具及模具、254金屬加工處理、259其他金屬製品  ,11508.csv
碧志企業有限公司,99662104,07410012092900,高雄市大寮區潮寮里田單三街１９、２１號建民街７、９號,高雄市大寮區潮寮里,歐惠珍,79838869,有限公司,0791231,0791231,生產中,21橡膠製品製造業、22塑膠製品製造業、24基本金屬製造業、25金屬製品製造業  ,210橡膠製品、220塑膠製品、241鋼鐵、242鋁、243銅、249其他基本金屬、254金屬加工處理  ,11508.csv
碧志企業有限公司二廠,99663949,07410012092885,高雄市大寮區潮寮里田單三街２３號,高雄市大寮區潮寮里,歐惠珍,79838869,有限公司,0791231,0791231,生產中,24基本金屬製造業、25金屬製品製造業  ,241鋼鐵、254金屬加工處理  ,11508.csv
得翊精機工業有限公司,99628041,,桃園市蘆竹區五福里五福一路五０巷八號,桃園市蘆竹區五福里,吳瑞蘭,80241939,有限公司,,0911115,生產中,24基本金屬製造業、25金屬製品製造業、30汽車及其零件製造業、31其他運輸工具及其零件製造業  ,241鋼鐵、259其他金屬製品、303汽車零件、312機車及其零件  ,11508.csv
成泰企業股份有限公司一廠,13000459,,屏東縣屏東市清溪里建國路332巷19號,屏東縣屏東市清溪里,李秋憶,83377728,股份有限公司,,1061108,生產中,24基本金屬製造業  ,241鋼鐵  ,11508.csv
成泰企業股份有限公司,99666001,06210099116471,屏東縣屏東市清溪里建國路332巷39號,屏東縣屏東市清溪里,李秋憶,83377728,股份有限公司,0580101,0630328,生產中,24基本金屬製造業  ,241鋼鐵  ,11508.csv
新湧元鐵材有限公司,99648782,05810000009668,彰化縣彰化市東芳里彰鹿路９１號,彰化縣彰化市東芳里,楊　復　元　,23941911,有限公司,0580101,0610627,生產中,24基本金屬製造業  ,241鋼鐵、254金屬加工處理  ,11508.csv
新鎰企業股份有限公司,99680812,,彰化縣線西鄉頂庄村彰濱西五路１號,彰化縣線西鄉頂庄村,陳茂盛,16424996,股份有限公司,,0971104,生產中,24基本金屬製造業  ,241鋼鐵  ,11508.csv
昌成工業有限公司芳苑廠,07001326,10310007800302,彰化縣芳苑鄉三成村上林路路上段279巷99號,彰化縣芳苑鄉三成村,吳明哲,28516226,有限公司,1030924,1031014,生產中,24基本金屬製造業、25金屬製品製造業  ,241鋼鐵、259其他金屬製品  ,11508.csv
瑞隆鑄造工業股份有限公司,99628409,07610000196728,桃園市蘆竹區坑口里圳岸街355號,桃園市蘆竹區坑口里,林暐翔　　　,35976505,股份有限公司,0760608,0780523,生產中,24基本金屬製造業  ,241鋼鐵  ,11508.csv
皇嘉金屬鑄造有限公司,10000080,,嘉義縣大林鎮中坑里大埔美園區十八路2號,嘉義縣大林鎮中坑里,陳富美,25193898,有限公司,,1010725,生產中,24基本金屬製造業  ,241鋼鐵  ,11508.csv
盈勝鑄造股份有限公司,99633945,05810000010209,臺中市烏日區九德里中山路一段652號,臺中市烏日區九德里,陳柏菘,23240592,股份有限公司,0580101,0611102,生產中,24基本金屬製造業  ,241鋼鐵  ,11508.csv
德裕興業有限公司,99633167,08310006600014,臺中市大甲區日南里東二街27號,臺中市大甲區日南里,蔡庭菖,22750575,有限公司,0830803,0830803,生產中,24基本金屬製造業  ,241鋼鐵  ,11508.csv
惠台鋼鐵有限公司蘆竹二廠,99688874,,桃園市蘆竹區內厝里內新路１９號,桃園市蘆竹區內厝里,張景堯,35964629,有限公司,,0950313,生產中,24基本金屬製造業  ,241鋼鐵  ,11508.csv
慶宏信金屬有限公司,99627969,,桃園市平鎮區建安里平東路六七九巷一五號二樓,桃園市平鎮區建安里,孫范瑞萍,89719949,有限公司,,0911111,生產中,24基本金屬製造業  ,241鋼鐵、242鋁、243銅  ,11508.csv
懋新鋼鐵有限公司,S0400117,,新竹縣新豐鄉重興村永寧街40巷35弄67-1號臨,新竹縣新豐鄉重興村,方國昇,16039255,有限公司,,1141008,生產中,24基本金屬製造業  ,241鋼鐵  ,11508.csv
新源鑫工業股份有限公司,S1000194,,嘉義縣太保市春珠里春珠85-6號,嘉義縣太保市春珠里,高登貴,90525674,股份有限公司,,1130410,生產中,24基本金屬製造業  ,241鋼鐵  ,11508.csv
日進鑄造有限公司,99653784,07710009054262,雲林縣斗六市湖山里湖山路五三號,雲林縣斗六市湖山里,吳仲安,97391186,有限公司,0770613,0771012,生產中,24基本金屬製造業  ,241鋼鐵  ,11508.csv
日銪股份有限公司,99636992,08210006266699,臺中市豐原區翁子里豐勢路一段414號1樓,臺中市豐原區翁子里,張賜真,84620763,股份有限公司,0821209,0821215,生產中,24基本金屬製造業、25金屬製品製造業、29機械設備製造業  ,241鋼鐵、259其他金屬製品、293通用機械設備  ,11508.csv
昇延鋼鐵有限公司芳苑廠,99649810,07510000130816,彰化縣芳苑鄉後寮村工區九路１號,彰化縣芳苑鄉後寮村,陳漢洲　　　,55882457,有限公司,0750516,0891206,生產中,24基本金屬製造業、25金屬製品製造業、29機械設備製造業  ,241鋼鐵、259其他金屬製品、293通用機械設備  ,11508.csv
昌旺汽材工業股份有限公司,66001464,,臺中市龍井區忠和里海尾路278巷31弄6號,臺中市龍井區忠和里,王綻宏,53973896,股份有限公司,,1011108,生產中,25金屬製品製造業、29機械設備製造業、30汽車及其零件製造業、31其他運輸工具及其零件製造業、21橡膠製品製造業、24基本金屬製造業  ,259其他金屬製品、251金屬刀具、手工具及模具、254金屬加工處理、293通用機械設備、303汽車零件、312機車及其零件、313自行車及其零件、210橡膠製品、241鋼鐵  ,11508.csv
昕威實業有限公司台東廠,99666330,07210014018988,臺東縣臺東市豐樂里大業路七十五號,臺東縣臺東市豐樂里,黃崑茂,28602186,有限公司,0720325,0730924,生產中,24基本金屬製造業、29機械設備製造業、25金屬製品製造業  ,241鋼鐵、291金屬加工用機械設備、293通用機械設備  ,11508.csv
星鑽工業股份有限公司,13000072,,屏東縣長治鄉繁昌村中山路150-9號,屏東縣長治鄉繁昌村,董鎧銘,84429935,股份有限公司,,1001021,生產中,24基本金屬製造業、25金屬製品製造業  ,241鋼鐵、249其他基本金屬、254金屬加工處理  ,11508.csv
祥興鋼鐵工業股份有限公司屏東廠,99665608,07710099178008,屏東縣新園鄉仙吉村仙吉路418號,屏東縣新園鄉仙吉村,張吳月掛,35836619,股份有限公司,0770505,0780408,生產中,24基本金屬製造業  ,241鋼鐵  ,11508.csv
懋銓鋼鐵有限公司大發廠,99664901,07410012092450,高雄市大寮區大寮里興業路３１號,高雄市大寮區大寮里,王俊傑,89408282,有限公司,0791231,0791231,生產中,24基本金屬製造業  ,241鋼鐵  ,11508.csv
捲圓機械有限公司林內廠,09001018,,雲林縣林內鄉九芎村大同路7之6號,雲林縣林內鄉九芎村,何宴綺,86083514,有限公司,,1090723,生產中,24基本金屬製造業、25金屬製品製造業  ,241鋼鐵、251金屬刀具、手工具及模具、254金屬加工處理、259其他金屬製品  ,11508.csv
擇昌實業有限公司仁武二廠,99663499,08410012058362,高雄市仁武區竹後里鳳仁路３１３之２號,高雄市仁武區竹後里,陳天棟,22527915,有限公司,0840418,0860222,生產中,24基本金屬製造業  ,241鋼鐵  ,11508.csv
日和鋼鐵企業股份有限公司,64000511,,高雄市小港區港口里同利路１２號,高雄市小港區港口里,李培杰,75077705,股份有限公司,,0671215,生產中,24基本金屬製造業  ,241鋼鐵  ,11508.csv
日嘉工業股份有限公司,99662287,06910012061313,高雄市永安區維新里永工七路６號,高雄市永安區維新里,林良壹,75939437,股份有限公司,0791231,0690718,生產中,24基本金屬製造業  ,241鋼鐵  ,11508.csv
旭鼎工業股份有限公司龍井廠,66006297,,臺中市龍井區三德里蚵寮路255巷54弄30號,臺中市龍井區三德里,劉軒助,89215308,股份有限公司,,1070322,生產中,24基本金屬製造業  ,241鋼鐵  ,11508.csv
昇錩實業股份有限公司大林廠,10000465,,嘉義縣大林鎮大美里大埔美園區五路26號,嘉義縣大林鎮大美里,呂瑞興,36096818,股份有限公司,,1091109,生產中,24基本金屬製造業  ,241鋼鐵  ,11508.csv
易利泰鉄筋股份有限公司,10000482,,嘉義縣東石鄉蔦松村湖底500號,嘉義縣東石鄉蔦松村,陳宜佐,00055872,股份有限公司,,1100120,生產中,24基本金屬製造業、24基本金屬製造業、25金屬製品製造業  ,241鋼鐵、254金屬加工處理  ,11508.csv
瓏翔鋼鐵材料股份有限公司大有廠,99609227,08410001178144,新北市三重區大有里中正北路五六０巷二七號,新北市三重區大有里,沈榮峰,36093072,股份有限公司,0840613,0840622,生產中,24基本金屬製造業、25金屬製品製造業、29機械設備製造業  ,241鋼鐵、291金屬加工用機械設備、293通用機械設備、251金屬刀具、手工具及模具  ,11508.csv
栓緯企業有限公司,99659788,08610011300746,臺南市永康區尚頂里塩信街142號,臺南市永康區尚頂里,林嘉億　　　,97270900,有限公司,0860131,0870611,生產中,24基本金屬製造業  ,241鋼鐵  ,11508.csv
正鋒鑄造工業股份有限公司,99635355,06710006114593,臺中市神岡區神洲里大明路41號,臺中市神岡區神洲里,游慶男,55963535,股份有限公司,0670901,0740112,生產中,24基本金屬製造業  ,241鋼鐵  ,11508.csv
正鋒鑄造工業股份有限公司二廠,S6601158,,臺中市神岡區神洲里大明路41號,臺中市神岡區神洲里,游慶男,55963535,股份有限公司,,1100826,生產中,24基本金屬製造業  ,241鋼鐵  ,11508.csv
永佲鋼鐵股份有限公司,99648136,07510000265228,彰化縣員林市南東里員草路８５５巷１７６號,彰化縣員林市南東里,江煌輝　,22200235,股份有限公司,0750825,0760613,生產中,24基本金屬製造業  ,241鋼鐵  ,11508.csv
昱茂特殊鋼有限公司,99663859,08310012027317,高雄市仁武區後安里永宏巷１２弄１２號,高雄市仁武區後安里,吳童娥,84435057,有限公司,0830301,0830310,生產中,24基本金屬製造業、25金屬製品製造業、30汽車及其零件製造業  ,241鋼鐵、259其他金屬製品、303汽車零件  ,11508.csv
晉椿工業股份有限公司鹿港二廠,99679995,,彰化縣鹿港鎮東石里鹿工南三路１號,彰化縣鹿港鎮東石里,陳譽,30826319,股份有限公司,,0950307,生產中,24基本金屬製造業  ,241鋼鐵  ,11508.csv
晉椿工業股份有限公司鹿港廠,99645145,08610000812095,彰化縣鹿港鎮海埔里彰濱工業區鹿工路２４號,彰化縣鹿港鎮海埔里,陳譽　,30826319,股份有限公司,0861229,0870203,生產中,24基本金屬製造業  ,241鋼鐵  ,11508.csv
博威特實業股份有限公司仁林廠,64008322,,高雄市仁武區烏林里仁林路234號1樓,高雄市仁武區烏林里,黃福進,16725373,股份有限公司,,1080219,生產中,22塑膠製品製造業、23非金屬礦物製品製造業、24基本金屬製造業  ,220塑膠製品、231玻璃及其製品、241鋼鐵、242鋁、243銅  ,11508.csv
友育冷凍機械工業有限公司,99608709,08810001265947,新北市三重區永發里中正北路三一五巷一六弄二號,新北市三重區永發里,張清隆,16933345,有限公司,0880820,0880903,生產中,24基本金屬製造業、25金屬製品製造業、29機械設備製造業  ,241鋼鐵、243銅、259其他金屬製品、293通用機械設備  ,11508.csv
台灣特殊金屬股份有限公司,99629200,07610003137163,桃園市蘆竹區內厝里內溪路49號,桃園市蘆竹區內厝里,谷口広,22663050,股份有限公司,0761214,0771110,生產中,24基本金屬製造業  ,241鋼鐵  ,11508.csv
晶鼎鋼鐵有限公司新店廠,99695016,,新北市新店區安和里安業街一二號,新北市新店區安和里,葉順生,16901081,有限公司,,0950103,生產中,24基本金屬製造業、25金屬製品製造業、29機械設備製造業  ,241鋼鐵、254金屬加工處理、252金屬結構及建築組件、293通用機械設備、251金屬刀具、手工具及模具  ,11508.csv
智億精機有限公司,65000256,,新北市新莊區西盛里新樹路244巷26號1.2樓,新北市新莊區西盛里,廖文光,86939552,有限公司,,1000408,生產中,24基本金屬製造業、25金屬製品製造業、29機械設備製造業  ,241鋼鐵、252金屬結構及建築組件、291金屬加工用機械設備  ,11508.csv
有馳股份有限公司善化廠,99683059,08810011305350,臺南市善化區小新里小新營519之2號,臺南市善化區小新里,李宛庭,70418649,股份有限公司,0880607,0890118,生產中,24基本金屬製造業  ,241鋼鐵  ,11508.csv
期發塑膠企業股份有限公司,99665039,07410012093063,高雄市大寮區潮寮里華東路１３之１號,高雄市大寮區潮寮里,鄭克昌,22947557,股份有限公司,0791231,0791231,生產中,24基本金屬製造業、22塑膠製品製造業  ,241鋼鐵、220塑膠製品  ,11508.csv
東發鑄造企業有限公司,99626045,06810000109065,桃園市八德區廣興里新興路一九○巷二三號,桃園市八德區廣興里,何美鳳,80074756,有限公司,0580101,0701021,生產中,29機械設備製造業、30汽車及其零件製造業、24基本金屬製造業  ,292其他專用機械設備、303汽車零件、302車體、312機車及其零件、241鋼鐵  ,11508.csv
欣冠鑄造股份有限公司新屋廠,99626998,07710000170662,桃園市新屋區永安里12鄰永福路380號,桃園市新屋區永安里,王振宇　　,22648740,股份有限公司,0770111,0780705,生產中,24基本金屬製造業、25金屬製品製造業、29機械設備製造業  ,241鋼鐵、259其他金屬製品、293通用機械設備  ,11508.csv
欣陞工業有限公司,99609217,07710001214584,新北市新莊區營盤里中正路五七六巷一九號,新北市新莊區營盤里,陳春謹,23488398,有限公司,0770721,0781009,生產中,24基本金屬製造業、25金屬製品製造業、29機械設備製造業、30汽車及其零件製造業、31其他運輸工具及其零件製造業  ,241鋼鐵、254金屬加工處理、259其他金屬製品、293通用機械設備、251金屬刀具、手工具及模具、303汽車零件、312機車及其零件  ,11508.csv
正鑫鋼鐵股份有限公司,99601936,07610000269353,新北市五股區興珍里五權六路四號,新北市五股區興珍里,林新華,22652602,股份有限公司,0761012,0791123,生產中,24基本金屬製造業、25金屬製品製造業  ,241鋼鐵、254金屬加工處理  ,11508.csv
民賢鋼鐵五金有限公司,63021279,08163000020130,臺北市南港區玉成里南港路三段一三０巷五弄十七號一樓,臺北市南港區玉成里,魏子賢,86034654,有限公司,0810908,0811216,生產中,24基本金屬製造業  ,241鋼鐵  ,11508.csv
永佳機械有限公司,99616991,07510001360007,新北市中和區平河里建康路九五號,新北市中和區平河里,沈永雄,34173114,有限公司,0751125,0771130,生產中,29機械設備製造業、25金屬製品製造業、24基本金屬製造業  ,292其他專用機械設備、241鋼鐵、254金屬加工處理  ,11508.csv
景銘開發有限公司,99655581,07510000123286,嘉義縣六腳鄉雙涵村５３之１６號,嘉義縣六腳鄉雙涵村,黃綉,70735455,有限公司,0750411,0750411,生產中,24基本金屬製造業  ,241鋼鐵  ,11508.csv
有鴻工業有限公司,07003899,,彰化縣線西鄉線西村彰濱西四路26號,彰化縣線西鄉線西村,張素真,84209670,有限公司,,1091015,生產中,24基本金屬製造業  ,241鋼鐵  ,11508.csv
木本聯合鋼鐵股份有限公司,99652338,07510000000588,南投縣南投市福興里南崗三路二九○號,南投縣南投市福興里,李聖泰,61911374,股份有限公司,0750523,0750523,生產中,24基本金屬製造業  ,241鋼鐵  ,11508.csv
東盟開發實業股份有限公司學甲廠,99656369,08010000320531,臺南市學甲區秀昌里5鄰一秀155號,臺南市學甲區秀昌里,林富祥,88121697,股份有限公司,0800826,0830917,生產中,24基本金屬製造業  ,241鋼鐵  ,11508.csv
梧濟工業股份有限公司,99669497,07710000283525,臺中市南屯區寶山里工業區二十路1號,臺中市南屯區寶山里,張和明,22977236,股份有限公司,0771116,0780131,生產中,24基本金屬製造業  ,241鋼鐵、249其他基本金屬  ,11508.csv
榮洽股份有限公司,99701144,,臺中市龍井區忠和里臨港路二段10號,臺中市龍井區忠和里,陳俊哲,56719594,股份有限公司,,0921003,生產中,24基本金屬製造業  ,241鋼鐵  ,11508.csv
瑞昌企業社,99632952,07410000008838,苗栗縣竹南鎮佳興里一鄰勝利街二三五號,苗栗縣竹南鎮佳興里,彭宗聖,50548047,獨資,0740214,0740319,生產中,22塑膠製品製造業、24基本金屬製造業  ,220塑膠製品、241鋼鐵  ,11508.csv
昱鋐實業股份有限公司,99699724,,屏東縣枋寮鄉東海村臨海路2段112號,屏東縣枋寮鄉東海村,吳偉廷,13059524,股份有限公司,,0951206,生產中,25金屬製品製造業、24基本金屬製造業、29機械設備製造業  ,254金屬加工處理、241鋼鐵、291金屬加工用機械設備  ,11508.csv
景順實業股份有限公司,99634041,08310006601548,臺中市大甲區日南里幼獅路65號,臺中市大甲區日南里,余武倉,56654163,股份有限公司,0681206,,生產中,24基本金屬製造業、32家具製造業  ,241鋼鐵、320家具  ,11508.csv
東弘機械股份有限公司三廠,64006319,,高雄市路竹區社西里大仁路６２３巷１１５號,高雄市路竹區社西里,許清鐘,27658838,股份有限公司,,1000707,生產中,24基本金屬製造業  ,241鋼鐵  ,11508.csv
東染機械有限公司龜山廠,99621361,,桃園市龜山區龍壽里東萬壽路六三九號,桃園市龜山區龍壽里,蔡福欽,22774324,有限公司,,0900705,生產中,29機械設備製造業、24基本金屬製造業  ,292其他專用機械設備、241鋼鐵  ,11508.csv
正盛工業股份有限公司,64007470,,高雄市大寮區中庄里光明路三段1253號,高雄市大寮區中庄里,邱偉成,54216528,股份有限公司,,1050202,生產中,24基本金屬製造業、29機械設備製造業  ,241鋼鐵、293通用機械設備  ,11508.csv
毅展企業有限公司,99685407,,高雄市大寮區潮寮里田單三街１５號,高雄市大寮區潮寮里,林春香,75928071,有限公司,,0921106,生產中,24基本金屬製造業  ,241鋼鐵、242鋁、243銅  ,11508.csv
春源鋼鐵工業股份有限公司鋼構高雄廠,64005964,,高雄市小港區山明里世全路5號,高雄市小港區山明里,孔秉豐,11529802,股份有限公司,,0941221,生產中,24基本金屬製造業、25金屬製品製造業  ,241鋼鐵、252金屬結構及建築組件  ,11508.csv
春源鋼鐵工業股份有限公司龍潭一廠,99627670,06810000050147,桃園市龍潭區八德里聖亭路八德段236號,桃園市龍潭區八德里,孔秉豐,11529802,股份有限公司,0680105,0700528,生產中,24基本金屬製造業、29機械設備製造業、25金屬製品製造業、32家具製造業  ,241鋼鐵、293通用機械設備、252金屬結構及建築組件、259其他金屬製品、254金屬加工處理、320家具  ,11508.csv
台中精機廠股份有限公司后里鑄造廠,99636127,07410006109164,臺中市后里區廣福里內東路萬聖巷一三號,臺中市后里區廣福里,黃明和,51817603,股份有限公司,0740628,0750106,生產中,24基本金屬製造業、25金屬製品製造業  ,241鋼鐵、259其他金屬製品  ,11508.csv
台安特殊鋼鐵股份有限公司,99601402,08010000091299,新北市五股區興珍里五權八路一五號,新北市五股區興珍里,陳建維,35009673,股份有限公司,0800312,0810317,生產中,24基本金屬製造業、25金屬製品製造業、29機械設備製造業  ,241鋼鐵、249其他基本金屬、251金屬刀具、手工具及模具、252金屬結構及建築組件、259其他金屬製品、293通用機械設備  ,11508.csv
台灣鋼帶企業股份有限公司路竹廠,64008718,,高雄市路竹區後鄉里順安路351巷16、18號,高雄市路竹區後鄉里,張碧琴,86060771,股份有限公司,,1090610,生產中,24基本金屬製造業  ,241鋼鐵  ,11508.csv
晴天精線有限公司,68004597,,桃園市觀音區大潭里快速路九段2276巷21號2樓,桃園市觀音區大潭里,李建新,90478573,有限公司,,1101203,生產中,24基本金屬製造業  ,241鋼鐵  ,11508.csv
本原企業股份有限公司,99663090,06810012032965,高雄市大社區保社里旗楠路１１３號,高雄市大社區保社里,陳聖仁,85908975,股份有限公司,0791231,0791231,生產中,32家具製造業、24基本金屬製造業、25金屬製品製造業、29機械設備製造業  ,320家具、241鋼鐵、254金屬加工處理、259其他金屬製品、293通用機械設備、291金屬加工用機械設備  ,11508.csv
東協鑄造工業股份有限公司,99636630,07410006211338,臺中市潭子區大豐里潭富路二段81巷9弄3號,臺中市潭子區大豐里,劉錦洲,55975440,股份有限公司,0741127,0750106,生產中,24基本金屬製造業、25金屬製品製造業、29機械設備製造業  ,241鋼鐵、251金屬刀具、手工具及模具、259其他金屬製品、293通用機械設備  ,11508.csv
東徽企業股份有限公司岡山廠,99705112,,高雄市岡山區程香里岡燕路３８７號,高雄市岡山區程香里,蔡琮翔,88663329,股份有限公司,,0950915,生產中,25金屬製品製造業、24基本金屬製造業  ,259其他金屬製品、241鋼鐵  ,11508.csv
松和工業股份有限公司,99652224,06510000205696,南投縣南投市永豐里南崗三路六一號,南投縣南投市永豐里,林廷芳,85611896,股份有限公司,0580101,0580101,生產中,24基本金屬製造業、25金屬製品製造業、29機械設備製造業  ,241鋼鐵、249其他基本金屬、254金屬加工處理、259其他金屬製品、291金屬加工用機械設備、293通用機械設備  ,11508.csv
松和工業股份有限公司三廠,08000228,,南投縣南投市永豐里中華路321號,南投縣南投市永豐里,林廷芳,85611896,股份有限公司,,1060419,生產中,24基本金屬製造業、25金屬製品製造業、29機械設備製造業  ,241鋼鐵、254金屬加工處理、291金屬加工用機械設備、293通用機械設備  ,11508.csv
榮剛材料科技股份有限公司新營廠,99656514,07710000172247,臺南市新營區嘉芳里新中路35號,臺南市新營區嘉芳里,康永昌,84252697,股份有限公司,0770208,0790404,生產中,24基本金屬製造業、25金屬製品製造業  ,241鋼鐵、254金屬加工處理  ,11508.csv
榮剛材料科技股份有限公司柳營廠,67000084,,臺南市柳營區大農里環園西路二段2、6號及脚腿仔大道13號,臺南市柳營區大農里,康永昌,84252697,股份有限公司,,1000510,生產中,24基本金屬製造業、25金屬製品製造業  ,241鋼鐵、254金屬加工處理  ,11508.csv
正純鋼鐵有限公司樹林廠,99602713,08910001000244,新北市樹林區彭厝里八德街三三０號,新北市樹林區彭厝里,林世昌,23174875,有限公司,0890111,0891221,生產中,24基本金屬製造業、25金屬製品製造業  ,241鋼鐵、254金屬加工處理  ,11508.csv
永傳企業股份有限公司新化廠,S6700704,,臺南市新化區山脚里頂山腳54之2號,臺南市新化區山脚里,白洪元,69833582,股份有限公司,,1100129,生產中,24基本金屬製造業、25金屬製品製造業  ,252金屬結構及建築組件、259其他金屬製品、241鋼鐵、249其他基本金屬  ,11508.csv
永協隆有限公司,99650103,08510007081450,彰化縣福興鄉福興村龍舟路四十五號,彰化縣福興鄉福興村,林順謄,96916115,有限公司,0850520,0850528,生產中,24基本金屬製造業  ,241鋼鐵  ,11508.csv
晁雍有限公司,07003888,,彰化縣線西鄉線西村彰濱東十路18號,彰化縣線西鄉線西村,柯金山,97029257,有限公司,,1091012,生產中,24基本金屬製造業  ,241鋼鐵  ,11508.csv
原億陞鋼鐵有限公司,99712147,,高雄市大寮區大寮里光華路１４號,高雄市大寮區大寮里,羅勳榮,16240245,有限公司,,0970317,生產中,24基本金屬製造業、25金屬製品製造業  ,241鋼鐵、254金屬加工處理  ,11508.csv
原光立金屬工業股份有限公司,99636843,07610006190811,臺中市潭子區栗林里弘智街265巷2弄6號,臺中市潭子區栗林里,董能珠,22063112,股份有限公司,0761203,0780425,生產中,24基本金屬製造業、25金屬製品製造業  ,241鋼鐵、254金屬加工處理  ,11508.csv
智承有限公司,99704791,,高雄市林園區中門里中門路３３９巷２６弄３１號,高雄市林園區中門里,莊勝義,27684337,有限公司,,0940906,生產中,24基本金屬製造業、29機械設備製造業  ,241鋼鐵、293通用機械設備  ,11508.csv
東南油壓股份有限公司八里廠,99600273,08610001000265,新北市八里區頂罟里中山路2段96號,新北市八里區頂罟里,賴正棋,01990120,股份有限公司,0860110,0870618,生產中,25金屬製品製造業、29機械設備製造業、28電力設備及配備製造業、30汽車及其零件製造業、24基本金屬製造業  ,259其他金屬製品、293通用機械設備、251金屬刀具、手工具及模具、289其他電力設備及配備、285家用電器、284照明設備及配備、303汽車零件、241鋼鐵  ,11508.csv
東權企業有限公司清水分廠,66012563,,臺中市清水區東山里神清路13-8號,臺中市清水區東山里,江淑蓉,97333953,有限公司,,1150804,生產中,24基本金屬製造業  ,241鋼鐵  ,11508.csv
樂金股份有限公司工廠,06000015,,臺中市大肚區王田里王福街750巷35號,臺中市大肚區王田里,蔡幸樺,24287433,股份有限公司,,0991012,生產中,24基本金屬製造業、25金屬製品製造業  ,241鋼鐵、259其他金屬製品  ,11508.csv
正揚雷射切割有限公司（八里廠）,99696211,,新北市八里區大崁里忠孝路四三０號一樓,新北市八里區大崁里,杜阿吉,84378210,有限公司,,0951214,生產中,24基本金屬製造業、25金屬製品製造業、14木竹製品製造業  ,241鋼鐵、254金屬加工處理、242鋁、243銅、140木竹製品  ,11508.csv
毅龍工業股份有限公司,99661681,07910012075236,高雄市橋頭區西林里西林路１３２號,高雄市橋頭區西林里,謝春梅,23231828,股份有限公司,0791231,0791231,生產中,24基本金屬製造業  ,241鋼鐵  ,11508.csv
毅龍工業股份有限公司一廠,64007676,,高雄市橋頭區西林里林北路36號,高雄市橋頭區西林里,謝春梅,23231828,股份有限公司,,1051115,生產中,24基本金屬製造業  ,241鋼鐵  ,11508.csv
永家鐵線工業社,99646883,08510007050491,彰化縣鹿港鎮溝墘里溝墘巷八十七之十號,彰化縣鹿港鎮溝墘里,蔡振園　,77778437,獨資,0850405,0850424,生產中,24基本金屬製造業  ,241鋼鐵  ,11508.csv
永棋廢棄物處理有限公司,99704821,,高雄市大寮區潮寮里田單五街１１號,高雄市大寮區潮寮里,謝欣樺,89849703,有限公司,,0941004,生產中,21橡膠製品製造業、22塑膠製品製造業、24基本金屬製造業  ,210橡膠製品、220塑膠製品、241鋼鐵  ,11508.csv
永棋廢棄物處理有限公司分廠,99712023,,高雄市大寮區潮寮里田單三街4號,高雄市大寮區潮寮里,謝欣樺,89849703,有限公司,,0961004,生產中,21橡膠製品製造業、22塑膠製品製造業、24基本金屬製造業  ,210橡膠製品、220塑膠製品、241鋼鐵、242鋁、243銅  ,11508.csv
永棧鑄造工業股份有限公司,S6601692,,臺中市烏日區螺潭里溪南路二段516巷150弄1號,臺中市烏日區螺潭里,賴炎照,23548305,股份有限公司,,1100406,生產中,24基本金屬製造業  ,241鋼鐵  ,11508.csv
瑞記興業有限公司,99665659,06210099170636,屏東縣新園鄉興龍村臥龍路548號,屏東縣新園鄉興龍村,洪楊世玉,29013102,有限公司,0580101,0660207,生產中,24基本金屬製造業、25金屬製品製造業  ,241鋼鐵、252金屬結構及建築組件  ,11508.csv
友騰工業股份有限公司新屋廠,99628506,08210003075983,桃園市新屋區永安里12鄰永福路260號,桃園市新屋區永安里,陳宏哲,84444295,股份有限公司,0820720,0831104,生產中,24基本金屬製造業、25金屬製品製造業、29機械設備製造業  ,241鋼鐵、259其他金屬製品、293通用機械設備  ,11508.csv
台展鋼鐵有限公司,99612197,07810001298554,新北市三重區中興里光復路一段一二二號一、二樓,新北市三重區中興里,陳宣華,04446644,有限公司,0781020,0781114,生產中,24基本金屬製造業  ,241鋼鐵  ,11508.csv
本業股份有限公司,99661997,08010012032913,高雄市仁武區竹後里竹工一巷２號,高雄市仁武區竹後里,陳憲富,75985059,股份有限公司,0800326,0800725,生產中,24基本金屬製造業、25金屬製品製造業、30汽車及其零件製造業、31其他運輸工具及其零件製造業  ,241鋼鐵、259其他金屬製品、303汽車零件、312機車及其零件  ,11508.csv
東周鋼鐵廠股份有限公司,99626734,05810000005829,桃園市平鎮區廣仁里大昌路三號,桃園市平鎮區廣仁里,周世能　,44508835,股份有限公司,0580101,0590801,生產中,29機械設備製造業、24基本金屬製造業  ,293通用機械設備、241鋼鐵  ,11508.csv
松賀企業有限公司,99616795,07510001390534,新北市新店區江陵里民權路一四三之一號一樓,新北市新店區江陵里,高金女,34302406,有限公司,0751217,0760127,生產中,24基本金屬製造業、25金屬製品製造業  ,242鋁、241鋼鐵、254金屬加工處理  ,11508.csv
榮喬振動機械股份有限公司樹林廠,99719105,,新北市樹林區東山里東順街57巷38號,新北市樹林區東山里,張旭文,22299686,股份有限公司,,0980303,生產中,25金屬製品製造業、29機械設備製造業、24基本金屬製造業  ,251金屬刀具、手工具及模具、293通用機械設備、241鋼鐵  ,11508.csv
正利和科技金屬有限公司,99712052,,高雄市燕巢區安招里安北路５７９號,高雄市燕巢區安招里,許宜欣,28660657,股份有限公司,,0961114,生產中,24基本金屬製造業  ,241鋼鐵  ,11508.csv
永揚鋼鐵有限公司三重廠,65001108,,新北市三重區大有里中正北路560巷27號,新北市三重區大有里,沈智全,53181260,有限公司,,1010209,生產中,24基本金屬製造業、25金屬製品製造業  ,241鋼鐵、249其他基本金屬、254金屬加工處理、259其他金屬製品  ,11508.csv
永發曜金屬工業有限公司,68007156,,桃園市楊梅區永平里新農街二段209巷62弄73號(1樓),桃園市楊梅區永平里,王萬壽,84182285,有限公司,,1141113,生產中,24基本金屬製造業  ,241鋼鐵  ,11508.csv
永進矽鋼股份有限公司土城廠,99695607,,新北市土城區沛陂里自由街一號,新北市土城區沛陂里,簡進來,23400627,股份有限公司,,0950620,生產中,24基本金屬製造業、25金屬製品製造業  ,241鋼鐵、254金屬加工處理  ,11508.csv
台灣林吉金屬股份有限公司三廠,99625285,08910003323160,桃園市龜山區龍壽里龍校街七二號,桃園市龜山區龍壽里,徐德盛,34362620,股份有限公司,0890328,0890406,生產中,24基本金屬製造業  ,241鋼鐵  ,11508.csv
台灣林吉金屬股份有限公司桃園廠,99625438,07910003086914,桃園市龜山區龍壽里龍校街一一七號,桃園市龜山區龍壽里,徐德盛　　　,34362620,股份有限公司,0790725,0800307,生產中,24基本金屬製造業  ,241鋼鐵、243銅、249其他基本金屬  ,11508.csv
東義企業有限公司,14000038,,臺東縣臺東市豐樂里大業路132巷7號,臺東縣臺東市豐樂里,許富森,42762819,有限公司,,1090519,生產中,24基本金屬製造業、24基本金屬製造業  ,241鋼鐵  ,11508.csv
東鋼機械廠,99680161,,彰化縣員林市大峰里大峰巷１７弄８８號,彰化縣員林市大峯里,張瓊琪,45202473,獨資,,0950824,生產中,29機械設備製造業、24基本金屬製造業  ,291金屬加工用機械設備、293通用機械設備、241鋼鐵  ,11508.csv
永全機械工程行,99654699,,雲林縣斗南鎮北銘里永安路２號,雲林縣斗南鎮北銘里,沈景生,14166332,獨資,,0950821,生產中,24基本金屬製造業  ,241鋼鐵  ,11508.csv
永發鑄造工廠芬園廠,S0701563,,彰化縣芬園鄉嘉興村嘉東街399巷39弄32號,彰化縣芬園鄉嘉興村,楊榮發,51201000,獨資,,1101130,生產中,24基本金屬製造業  ,241鋼鐵  ,11508.csv
友助鑄造有限公司,99606342,07310000129433,新北市淡水區興仁里牛埔子一之六號,新北市淡水區興仁里,林國寶,86591721,有限公司,0730630,0750516,生產中,24基本金屬製造業、25金屬製品製造業  ,241鋼鐵、254金屬加工處理、242鋁、243銅  ,11508.csv
友勝工業股份有限公司,99639546,06610006156870,臺中市烏日區光明里五光路501號,臺中市烏日區光明里,潘文良,55762729,股份有限公司,0660101,0661125,生產中,24基本金屬製造業、25金屬製品製造業  ,241鋼鐵、254金屬加工處理  ,11508.csv
台康實業社,99628772,08910003322843,桃園市八德區茄苳里國聯街六一號,桃園市八德區茄苳里,王瑞德,87709972,獨資,0890301,0890307,生產中,24基本金屬製造業  ,241鋼鐵  ,11508.csv
台灣彎管工業有限公司,99664624,07410012044004,高雄市橋頭區仕豐里仕豐路溝尾巷３０號,高雄市橋頭區仕豐里,王麗珠,88683015,有限公司,0791231,0791231,生產中,24基本金屬製造業、25金屬製品製造業、29機械設備製造業  ,241鋼鐵、252金屬結構及建築組件、259其他金屬製品、292其他專用機械設備  ,11508.csv
欣建工業股份有限公司,99664623,07210012064983,高雄市橋頭區芋寮里芋林路３０１號,高雄市橋頭區芋寮里,李永清,28042430,股份有限公司,0791231,0720201,生產中,24基本金屬製造業  ,241鋼鐵  ,11508.csv
欣彤欣實業股份有限公司,99631312,08910004307362,新竹縣湖口鄉波羅村華豐街3號,新竹縣湖口鄉波羅村,劉秋蘭,86663344,股份有限公司,0890615,0890622,生產中,24基本金屬製造業、25金屬製品製造業、28電力設備及配備製造業  ,241鋼鐵、249其他基本金屬、254金屬加工處理、259其他金屬製品、283電線及配線器材  ,11508.csv
正合興重工業股份有限公司路竹二廠,99664622,08110012126299,高雄市路竹區竹南里中山路１９００巷１９８號,高雄市路竹區竹南里,陳莊美本,86464062,股份有限公司,0810901,0830503,生產中,24基本金屬製造業、25金屬製品製造業、29機械設備製造業  ,241鋼鐵、252金屬結構及建築組件、293通用機械設備、291金屬加工用機械設備、292其他專用機械設備  ,11508.csv
正合興重工業股份有限公司路竹廠,99664742,08110012126298,高雄市路竹區竹南里中山路１９００巷１９６號,高雄市路竹區竹南里,陳莊美本,86464062,股份有限公司,0810902,0830207,生產中,24基本金屬製造業、25金屬製品製造業、29機械設備製造業  ,241鋼鐵、252金屬結構及建築組件、293通用機械設備、291金屬加工用機械設備、292其他專用機械設備  ,11508.csv
正昇企業社,99631708,07410000025859,苗栗縣竹南鎮崎頂里一五鄰和誠街三五號,苗栗縣竹南鎮崎頂里,蔡榮寶,49712147,獨資,0740217,0760316,生產中,24基本金屬製造業  ,241鋼鐵  ,11508.csv
永固金屬建材有限公司,99702305,,臺中市南區樹德里大慶街二段４９之３５號,臺中市南區樹德里,洪麗玲,23257185,有限公司,,0950904,生產中,24基本金屬製造業、25金屬製品製造業  ,241鋼鐵、254金屬加工處理、252金屬結構及建築組件  ,11508.csv
王石鑫實業股份有限公司,99662697,07410012093456,高雄市大寮區潮寮里田單七街24號,高雄市大寮區潮寮里,黃博雅,81272945,股份有限公司,0791231,0791231,生產中,24基本金屬製造業  ,241鋼鐵  ,11508.csv
春雨工廠股份有限公司,99663679,07610012124692,高雄市岡山區岡山里大寶街１００號,高雄市岡山區岡山里,翁重鈞,88187108,股份有限公司,0791231,0791231,生產中,24基本金屬製造業、25金屬製品製造業  ,241鋼鐵、254金屬加工處理  ,11508.csv
曜伸實業有限公司,64010489,,高雄市岡山區本洲里本工六路106號,高雄市岡山區本洲里,吳遵智,89571495,有限公司,,1150814,生產中,24基本金屬製造業  ,241鋼鐵  ,11508.csv
朝山企業股份有限公司,99668706,00010018015612,新竹市香山區朝山里新竹市朝山里大湖路７號,新竹市香山區朝山里,鄭曾好　　　,46401844,股份有限公司,0610102,0601201,生產中,24基本金屬製造業、25金屬製品製造業  ,241鋼鐵、254金屬加工處理  ,11508.csv
東和鋼鐵企業股份有限公司大業廠,64006807,,高雄市小港區山明里大業南路54號,高雄市小港區山明里,曾榮墘,75280209,股份有限公司,,1020614,生產中,24基本金屬製造業、25金屬製品製造業  ,241鋼鐵、254金屬加工處理  ,11508.csv
東和鋼鐵企業股份有限公司桃園廠,99722433,,桃園市觀音區保障里8鄰草漯116號,桃園市觀音區保障里,蔡增祿,75280209,股份有限公司,,0990420,生產中,24基本金屬製造業  ,241鋼鐵  ,11508.csv
東和鋼鐵企業股份有限公司苗栗廠,99632045,08010005090367,苗栗縣西湖鄉二湖村坪頂二二號,苗栗縣西湖鄉二湖村,蕭耀楹,84707108,股份有限公司,0800119,0821129,生產中,24基本金屬製造業、25金屬製品製造業  ,241鋼鐵、254金屬加工處理  ,11508.csv
東和鋼鐵企業股份有限公司高雄廠,64000452,626486963,高雄市小港區店鎮里嘉興街８號,高雄市小港區店鎮里,曾榮墘,75280209,股份有限公司,0620705,0671006,生產中,24基本金屬製造業、25金屬製品製造業  ,241鋼鐵、252金屬結構及建築組件、254金屬加工處理  ,11508.csv
楠成鐵工廠有限公司,99663267,06710012054915,高雄市仁武區竹後里鳳仁路３７８號,高雄市仁武區竹後里,蔣乙成,85813823,有限公司,0791231,0791231,生產中,24基本金屬製造業、25金屬製品製造業  ,241鋼鐵、252金屬結構及建築組件  ,11508.csv
榮展精密企業有限公司,99612005,07510001128748,新北市三重區仁華里仁華街八０巷八弄五號,新北市三重區仁華里,陳榮嘉,22921304,有限公司,0750512,0770625,生產中,25金屬製品製造業、29機械設備製造業、24基本金屬製造業  ,259其他金屬製品、293通用機械設備、243銅、241鋼鐵  ,11508.csv
正芯實業有限公司,99610955,07310001065991,新北市新莊區西盛里民安東路一三九巷九號,新北市新莊區西盛里,陳瑞春,36260866,有限公司,0730402,0730418,生產中,24基本金屬製造業、25金屬製品製造業  ,241鋼鐵、254金屬加工處理  ,11508.csv
永帥企業有限公司新營廠,99684957,,臺南市鹽水區橋南里五福路146號,臺南市鹽水區橋南里,葉育睿,30920709,有限公司,,0950125,生產中,22塑膠製品製造業、24基本金屬製造業  ,220塑膠製品、241鋼鐵  ,11508.csv
春雨工廠股份有限公司岡山二廠,99663471,07910012151124,高雄市岡山區岡山里大寶街100-1號,高雄市岡山區岡山里,翁重鈞,88187108,股份有限公司,0791231,0791231,生產中,24基本金屬製造業、25金屬製品製造業  ,241鋼鐵、254金屬加工處理、259其他金屬製品  ,11508.csv
春雨工廠股份有限公司嘉興廠,99663678,00010012007683,高雄市岡山區嘉興里嘉華路279號,高雄市岡山區嘉興里,翁重鈞,88187108,股份有限公司,0791231,0791231,生產中,24基本金屬製造業、25金屬製品製造業、29機械設備製造業  ,241鋼鐵、259其他金屬製品、291金屬加工用機械設備  ,11508.csv
春雨工廠股份有限公司岡山一廠,99663527,07610012102898,高雄市岡山區岡山里大寶街７７、１００號,高雄市岡山區岡山里,翁重鈞,88187108,股份有限公司,0791231,0791231,生產中,24基本金屬製造業  ,241鋼鐵  ,11508.csv
春雨工廠股份有限公司岡山五廠,64006329,,高雄市岡山區岡山里新樂街191號,高雄市岡山區岡山里,翁重鈞,88187108,股份有限公司,,1000721,生產中,24基本金屬製造業  ,241鋼鐵  ,11508.csv
東亞鑄造股份有限公司,99662540,07110012049080,高雄市岡山區前峰里前峰路２４４號,高雄市岡山區前峰里,蔡元鐘,85752425,股份有限公司,0791231,0791231,生產中,23非金屬礦物製品製造業、24基本金屬製造業、25金屬製品製造業  ,239其他非金屬礦物製品、241鋼鐵、259其他金屬製品  ,11508.csv
松鼎工業股份有限公司,17000039,,基隆市安樂區內寮里武訓街96號,基隆市安樂區內寮里,葉長松,86526047,股份有限公司,,1020703,生產中,24基本金屬製造業、25金屬製品製造業、29機械設備製造業  ,241鋼鐵、251金屬刀具、手工具及模具、293通用機械設備  ,11508.csv
桃一電機工業有限公司,99706661,,桃園市蘆竹區長興里南崁路２段６６之１１號１樓,桃園市蘆竹區長興里,楊登日,43801662,有限公司,,0951025,生產中,25金屬製品製造業、24基本金屬製造業  ,252金屬結構及建築組件、242鋁、241鋼鐵  ,11508.csv
森岳企業有限公司,12000006,,高雄市大寮區大寮里裕民街１２之１號,高雄市大寮區大寮里,蔣岳峰,86917375,有限公司,,0991006,生產中,24基本金屬製造業、25金屬製品製造業  ,241鋼鐵、242鋁、243銅、254金屬加工處理  ,11508.csv
樹林機械工業社,99619085,07510001167572,新北市樹林區樹南里中山路一段三八八號一樓,新北市樹林區樹南里,王鳳嬌,33419630,獨資,0750606,0750627,生產中,24基本金屬製造業、25金屬製品製造業、29機械設備製造業  ,293通用機械設備、251金屬刀具、手工具及模具、241鋼鐵、254金屬加工處理  ,11508.csv
玖鈺資本投資股份有限公司,08000434,,南投縣竹山鎮延和里鹿山路167號,南投縣竹山鎮延和里,白祥廷,54981347,股份有限公司,,1110418,生產中,24基本金屬製造業  ,241鋼鐵  ,11508.csv
理威鋼鐵股份有限公司,07002006,,彰化縣鹿港鎮東石里鹿工南五路10號,彰化縣鹿港鎮東石里,翁存義,89433780,股份有限公司,,1060105,生產中,25金屬製品製造業、32家具製造業、24基本金屬製造業  ,254金屬加工處理、320家具、241鋼鐵  ,11508.csv
晉鼎股份有限公司汐止廠,99690902,07910000174256,新北市汐止區白雲里水源路二段二一七之一號,新北市汐止區白雲里,黃玉慧,14093161,股份有限公司,0790907,0790925,生產中,24基本金屬製造業、25金屬製品製造業、23非金屬礦物製品製造業、33其他製造業  ,241鋼鐵、254金屬加工處理、232耐火、黏土建材及其他陶瓷製品、239其他非金屬礦物製品、339未分類其他製品  ,11508.csv
普利士工業有限公司,99631580,08010005324204,苗栗縣銅鑼鄉銅鑼村二三鄰民有路五號,苗栗縣銅鑼鄉銅鑼村,邱義勝,80404594,有限公司,0801226,0821012,生產中,24基本金屬製造業  ,241鋼鐵  ,11508.csv
有澤金屬股份有限公司,68002997,,桃園市平鎮區新安里太平東路2之8號,桃園市平鎮區新安里,李寶順,16664474,股份有限公司,,1081021,生產中,24基本金屬製造業  ,241鋼鐵  ,11508.csv
榮豐特殊厚管有限公司新莊二廠,65000404,,新北市新莊區化成里化成路83巷48號1樓及夾層,新北市新莊區化成里,劉震飛,04468294,有限公司,,1000516,生產中,24基本金屬製造業、25金屬製品製造業  ,241鋼鐵、249其他基本金屬、252金屬結構及建築組件、254金屬加工處理  ,11508.csv
榮豐特殊厚管有限公司樹林廠,65000092,,新北市樹林區圳民里中正路248巷3之1號1樓,新北市樹林區圳民里,劉震飛,04468294,有限公司,,1000125,生產中,24基本金屬製造業、25金屬製品製造業  ,241鋼鐵、249其他基本金屬、252金屬結構及建築組件、254金屬加工處理  ,11508.csv
樹欣企業股份有限公司高雄廠,99661927,08810000813108,高雄市大寮區過溪里華中路２１號,高雄市大寮區過溪里,黃文福,34585853,股份有限公司,0881224,0881227,生產中,24基本金屬製造業  ,241鋼鐵  ,11508.csv
櫻豐工業股份有限公司,99640049,06610006000000,臺中市神岡區溪洲里豐洲路1208號,臺中市神岡區溪洲里,劉醇裕,55904945,股份有限公司,0660301,0660301,生產中,24基本金屬製造業、29機械設備製造業  ,241鋼鐵、292其他專用機械設備、293通用機械設備  ,11508.csv
欣新揚企業股份有限公司,20000029,,嘉義市東區後湖里保忠三街３８號,嘉義市東區後湖里,藍陳定,16693008,股份有限公司,,1020515,生產中,24基本金屬製造業  ,241鋼鐵  ,11508.csv
永裕興剪鐵工廠有限公司烏日廠,99712833,,臺中市烏日區三和里學田路２４５號,臺中市烏日區三和里,郭李麗卿,86365648,有限公司,,0970702,生產中,24基本金屬製造業、25金屬製品製造業、29機械設備製造業  ,241鋼鐵、259其他金屬製品、293通用機械設備  ,11508.csv
永裕鋼鐵工程股份有限公司龜山廠,99622715,07010000165892,桃園市龜山區大華里頂湖路三號,桃園市龜山區大華里,陳秋江　　,35004734,股份有限公司,0580101,0701111,生產中,24基本金屬製造業、25金屬製品製造業、29機械設備製造業  ,241鋼鐵、252金屬結構及建築組件、253金屬容器、293通用機械設備  ,11508.csv
江益鋼管有限公司,99650125,07210000055854,彰化縣花壇鄉長沙村中正東街２９號,彰化縣花壇鄉長沙村,劉江益　　,60322119,有限公司,0720517,0730320,生產中,24基本金屬製造業  ,241鋼鐵  ,11508.csv
江華股份有限公司,99602147,06610000085368,新北市土城區沛陂里中山路七九號,新北市土城區沛陂里,陳天機,34224346,股份有限公司,0580101,0671220,生產中,24基本金屬製造業、25金屬製品製造業、32家具製造業、28電力設備及配備製造業  ,241鋼鐵、254金屬加工處理、320家具、285家用電器  ,11508.csv
台日精密鋼板材料科技股份有限公司,67001672,,臺南市永康區三民里民東路35號A棟,臺南市永康區三民里,鄭佳勇,45896559,股份有限公司,,1051208,生產中,24基本金屬製造業  ,241鋼鐵  ,11508.csv
台灣振亞金屬股份有限公司,99667932,06410000063271,新竹市香山區埔前里牛埔東路568巷20號,新竹市香山區埔前里,卓政男　　　,47129554,股份有限公司,0640519,0650517,生產中,24基本金屬製造業、25金屬製品製造業  ,241鋼鐵、254金屬加工處理  ,11508.csv
曜總企業有限公司,65000467,,新北市土城區清化里青雲路669之3號1樓,新北市土城區清化里,洪燦淙,16913988,有限公司,,1000609,生產中,25金屬製品製造業、29機械設備製造業、24基本金屬製造業  ,254金屬加工處理、293通用機械設備、241鋼鐵、242鋁、243銅  ,11508.csv
李進企業股份有限公司,99704802,,高雄市林園區溪州里工業二路２５０巷３６號,高雄市林園區溪州里,李義芳,86948932,股份有限公司,,0940919,生產中,24基本金屬製造業、21橡膠製品製造業、22塑膠製品製造業、25金屬製品製造業  ,241鋼鐵、210橡膠製品、220塑膠製品、242鋁、243銅、254金屬加工處理  ,11508.csv
李進企業股份有限司科技廠,99709812,,高雄市林園區潭頭里工業二路２５０巷３２號,高雄市林園區潭頭里,李義芳,86948932,股份有限公司,,0951201,生產中,24基本金屬製造業、25金屬製品製造業  ,241鋼鐵、254金屬加工處理  ,11508.csv
東奕工業股份有限公司,99646108,07510000209104,彰化縣和美鎮詔安里彰和路２段２２６巷１４弄１１號,彰化縣和美鎮詔安里,陳燈楠　　,22579482,股份有限公司,0750730,0750730,生產中,24基本金屬製造業  ,241鋼鐵  ,11508.csv
東隆國際股份有限公司龍德廠,99620873,,宜蘭縣冬山鄉大興村德興九路1之1號,宜蘭縣冬山鄉大興村,楊維圖　　,86201322,股份有限公司,,0841212,生產中,24基本金屬製造業  ,241鋼鐵、249其他基本金屬  ,11508.csv
桐德鋼鐵股份有限公司,99607799,06210000131810,新北市汐止區東勢里同德巷一號,新北市汐止區東勢里,李永桐,31243024,股份有限公司,0580101,0630906,生產中,24基本金屬製造業  ,241鋼鐵  ,11508.csv
樺一工業股份有限公司,99652291,08110000071658,南投縣南投市平山里自強二路八號,南投縣南投市平山里,胡立威,61959670,股份有限公司,0810411,0810504,生產中,24基本金屬製造業  ,241鋼鐵  ,11508.csv
權利鐵材行,99668335,07710018120744,新竹市埔前里浸水街１４號,新竹市香山區埔前里,彭明權　　　,66868045,合夥,0770822,0781013,生產中,24基本金屬製造業  ,241鋼鐵  ,11508.csv
正豐工業有限公司彰濱廠,07005003,,彰化縣線西鄉溝內村線平路19號,彰化縣線西鄉溝內村,黃美媛,53783066,有限公司,,1111215,生產中,24基本金屬製造業  ,241鋼鐵  ,11508.csv
永鎰銅鋁五金材料行,99610021,08910001299782,新北市新莊區化成里化成路一六二之一號,新北市新莊區化成里,林淑惠,18083642,獨資,0890829,0890921,生產中,24基本金屬製造業、25金屬製品製造業  ,241鋼鐵、254金屬加工處理、242鋁、243銅  ,11508.csv
永鵬鋼鐵企業有限公司,99664125,08410012141523,高雄市鳳山區鎮北里鳳仁路１０２之２６、２７、２９號,高雄市鳳山區鎮北里,林志隆,84864774,有限公司,0840724,0840729,生產中,24基本金屬製造業  ,241鋼鐵  ,11508.csv
召翊有限公司,99717576,,桃園市蘆竹區長興里南崁路２段２２６巷１５號,桃園市蘆竹區長興里,吳德修,89338049,有限公司,,0980227,生產中,24基本金屬製造業  ,241鋼鐵、243銅  ,11508.csv
晶英鋼鐵有限公司,99664768,07110012086494,高雄市大寮區中庄里鳳屏一路８號,高雄市大寮區中庄里,朱立模,28393266,有限公司,0791231,0791231,生產中,24基本金屬製造業  ,241鋼鐵  ,11508.csv
東源金屬工業股份有限公司,99663434,06610012043927,高雄市仁武區烏林里仁心路２５２號,高雄市仁武區烏林里,陳源東,85909377,股份有限公司,0791231,0791231,生產中,24基本金屬製造業、28電力設備及配備製造業  ,241鋼鐵、243銅、283電線及配線器材  ,11508.csv
榮達鑄造有限公司,99605319,06310000105229,新北市三峽區二鬮里中正路三段176號,新北市三峽區二鬮里,李慧如,34125280,有限公司,0580101,0630831,生產中,24基本金屬製造業、25金屬製品製造業、29機械設備製造業  ,241鋼鐵、259其他金屬製品、293通用機械設備  ,11508.csv
欣明鑄造股份有限公司,99625545,06910000141568,桃園市蘆竹區中福里福興一街268號,桃園市蘆竹區中福里,楊茂聰　　　,43875349,股份有限公司,0690627,0710429,生產中,29機械設備製造業、24基本金屬製造業  ,293通用機械設備、241鋼鐵  ,11508.csv
正泰特殊金屬股份有限公司台中廠,99669131,07610000265822,臺中市西屯區協和里工業區八路１３號,臺中市西屯區協和里,張向主,04343324,股份有限公司,0760821,0780825,生產中,24基本金屬製造業  ,241鋼鐵  ,11508.csv
正輝五金有限公司,65002865,,新北市板橋區廣福里信義路89號,新北市板橋區廣福里,詹孟傑,27601759,有限公司,,1030224,生產中,24基本金屬製造業、25金屬製品製造業、28電力設備及配備製造業、29機械設備製造業、30汽車及其零件製造業  ,241鋼鐵、259其他金屬製品、285家用電器、292其他專用機械設備、303汽車零件  ,11508.csv
永誠亞太有限公司觀音廠,03000907,,桃園市觀音區草漯里成功路一段502號,桃園市觀音區草漯里,張賢銘,29111743,有限公司,,1010118,生產中,24基本金屬製造業  ,241鋼鐵、242鋁  ,11508.csv
永誠興業股份有限公司,99664968,06810012056693,高雄市仁武區烏林里仁林路３１１號,高雄市仁武區烏林里,駱和裕,85909144,股份有限公司,0791231,0791231,生產中,23非金屬礦物製品製造業、24基本金屬製造業  ,239其他非金屬礦物製品、241鋼鐵  ,11508.csv
瑋欣鋼纜工業有限公司,99632878,08710005007968,苗栗縣通霄鎮坪頂里一四鄰一三三之八號,苗栗縣通霄鎮坪頂里,林金蘭,16390460,有限公司,0870331,0870701,生產中,24基本金屬製造業  ,241鋼鐵  ,11508.csv
晉得益精密鑄造股份有限公司二廠,66005886,,臺中市太平區宜欣里宜昌東路15號,臺中市太平區宜欣里,石傑,70650006,股份有限公司,,1060922,生產中,24基本金屬製造業、25金屬製品製造業、29機械設備製造業  ,241鋼鐵、259其他金屬製品、293通用機械設備  ,11508.csv
原裕股份有限公司,99662688,07410000026327,高雄市大寮區潮寮里富民街１號,高雄市大寮區潮寮里,吳賢銘,22827379,股份有限公司,0740125,0791217,生產中,24基本金屬製造業  ,241鋼鐵  ,11508.csv
台灣精品鑄造股份有限公司,99677801,,苗栗縣竹南鎮大厝里二三鄰獅山七０之一七號,苗栗縣竹南鎮大厝里,林裕森,24404024,股份有限公司,,0990430,生產中,24基本金屬製造業  ,241鋼鐵  ,11508.csv
東昕機器鑄造股份有限公司,99713511,,臺中市太平區太平里永成路１３４號,臺中市太平區太平里,賴東裕,23104061,股份有限公司,,0981231,生產中,24基本金屬製造業  ,241鋼鐵  ,11508.csv
榮晟工業社,99631100,08710004200146,新竹縣竹北市泰和里中和街62巷17弄11號,新竹縣竹北市泰和里,彭淑枝,19654681,獨資,0870417,0871119,生產中,24基本金屬製造業  ,241鋼鐵  ,11508.csv
瑞峰鐵材股份有限公司,99678156,06710000083179,彰化縣彰化市莿桐里彰秀路５６號,彰化縣彰化市莿桐里,戴子鈞,59240033,股份有限公司,0670522,0680510,生產中,24基本金屬製造業  ,241鋼鐵  ,11508.csv
瑞慶鋼業有限公司,99616544,07810001216747,新北市土城區大安里承天路七一巷四弄八號,新北市土城區大安里,陳仁弘,34387122,有限公司,0780810,0780904,生產中,24基本金屬製造業、25金屬製品製造業  ,241鋼鐵、254金屬加工處理  ,11508.csv
昭群不銹鋼有限公司,S0702748,,彰化縣田中鎮大崙里興酪路二段645號,彰化縣田中鎮大崙里,卓家詳,89291071,有限公司,,1131218,生產中,24基本金屬製造業  ,241鋼鐵  ,11508.csv
卯利企業有限公司,99663279,07610012095118,高雄市大寮區潮寮里田單六街１６號,高雄市大寮區潮寮里,陳褔生,22145418,有限公司,0791231,0791231,生產中,24基本金屬製造業  ,241鋼鐵  ,11508.csv
森立鋼索廠股份有限公司,99652863,08210000084332,南投縣南投市平山里自強二路15號,南投縣南投市平山里,張坤林,97751082,股份有限公司,0821016,0830801,生產中,24基本金屬製造業、25金屬製品製造業  ,241鋼鐵  ,11508.csv
樺智有限公司,64007521,,高雄市大寮區潮寮里富民街2-1號,高雄市大寮區潮寮里,吳順智,80376984,有限公司,,1050414,生產中,22塑膠製品製造業、24基本金屬製造業、25金屬製品製造業  ,220塑膠製品、241鋼鐵、242鋁、243銅、249其他基本金屬、254金屬加工處理  ,11508.csv
欣佳泰鋼鐵材有限公司,99650924,08610007222093,彰化縣埤頭鄉永豐村東西路７４９巷２１號,彰化縣埤頭鄉永豐村,薛淑品　,89529434,有限公司,0861205,0871026,生產中,24基本金屬製造業  ,241鋼鐵  ,11508.csv
正遠工程企業有限公司大發廠,99662499,07410012092582,高雄市大寮區潮寮里富民街１４號,高雄市大寮區潮寮里,黃月琴,23667646,有限公司,0791231,0791231,生產中,24基本金屬製造業  ,241鋼鐵  ,11508.csv
晟宏鑄造廠股份有限公司,99671451,06910000130121,臺中市西屯區港尾里同志巷６３號,臺中市西屯區港尾里,廖志岳,52820731,股份有限公司,0690502,0690502,生產中,24基本金屬製造業  ,241鋼鐵  ,11508.csv
晟寶鑄造股份有限公司二廠,S6601677,,臺中市神岡區庄後里大圳路31號,臺中市神岡區庄後里,周志昇,23402625,股份有限公司,,1100201,生產中,24基本金屬製造業  ,241鋼鐵  ,11508.csv
印隆興業股份有限公司,99685240,07510012094251,高雄市大寮區潮寮里田單七街１０號,高雄市大寮區潮寮里,戴月照,75959453,股份有限公司,0791231,0791231,生產中,24基本金屬製造業  ,241鋼鐵  ,11508.csv
原陽實業股份有限公司,99632759,07510005083545,苗栗縣通霄鎮坪頂里14鄰坪頂133之9號,苗栗縣通霄鎮坪頂里,黃文平,22203438,股份有限公司,0750912,0750912,生產中,24基本金屬製造業  ,241鋼鐵、242鋁、249其他基本金屬  ,11508.csv
東晉鋼鐵實業股份有限公司台中廠,99669108,07610000195679,臺中市西屯區協和里工業區八路２５號,臺中市西屯區協和里,陳价裕,12502669,股份有限公司,0760527,0771104,生產中,24基本金屬製造業  ,241鋼鐵  ,11508.csv
光政鋼纜工業股份有限公司南投廠,99652267,07710000000421,南投縣南投市永豐里成功三路一三四號,南投縣南投市,林淑嬌,22559280,股份有限公司,0770512,0770512,生產中,24基本金屬製造業、25金屬製品製造業  ,241鋼鐵、254金屬加工處理  ,11508.csv
六和機械股份有限公司,99626632,06010000082264,桃園市中壢區水尾里新生路二段334號,桃園市中壢區水尾里,宗緒順　　　,44528635,股份有限公司,0580101,0610607,生產中,32家具製造業、24基本金屬製造業、29機械設備製造業、30汽車及其零件製造業、31其他運輸工具及其零件製造業  ,320家具、241鋼鐵、292其他專用機械設備、293通用機械設備、303汽車零件、319未分類其他運輸工具及其零件  ,11508.csv
共輪金屬工業股份有限公司,99654831,07710000266108,嘉義縣民雄鄉北斗村成功街３６號,嘉義縣民雄鄉北斗村,邱聰安,22950742,股份有限公司,0770809,0780707,生產中,24基本金屬製造業  ,241鋼鐵  ,11508.csv
光明鑄造工廠,99640370,06410006042905,臺中市烏日區光明里五光路六九七號,臺中市烏日區光明里,黃金木,55729335,獨資,0580101,0891218,生產中,29機械設備製造業、31其他運輸工具及其零件製造業、24基本金屬製造業  ,292其他專用機械設備、312機車及其零件、241鋼鐵  ,11508.csv
光明鑄造工廠一廠,S6601693,,臺中市烏日區光明里五光路復光一巷55號,臺中市烏日區光明里,黃金木,55729335,獨資,,1100406,生產中,24基本金屬製造業、29機械設備製造業  ,241鋼鐵、293通用機械設備  ,11508.csv
光陽工業股份有限公司第二廠,64000379,6464034317,高雄市三民區灣興里灣興街６１號,高雄市三民區灣興里,柯俊斌,75195800,股份有限公司,0640423,0661116,生產中,31其他運輸工具及其零件製造業、24基本金屬製造業、25金屬製品製造業  ,241鋼鐵、254金屬加工處理、242鋁、312機車及其零件、251金屬刀具、手工具及模具  ,11508.csv
全威鋼鐵工業股份有限公司,99649942,07510007056954,彰化縣埔心鄉埔心村員鹿路３段１５６號,彰化縣埔心鄉埔心村,陳陸訓,23952851,股份有限公司,0750808,0780320,生產中,24基本金屬製造業  ,241鋼鐵  ,11508.csv
全威鋼鐵工業股份有限公司二廠,S0701886,,彰化縣埔心鄉二重村柳橋西路773號及770號,彰化縣埔心鄉二重村,陳陸訓,23952851,股份有限公司,,1120213,生產中,24基本金屬製造業  ,241鋼鐵  ,11508.csv
元山五金工業股份有限公司,99603911,06410000163502,新北市土城區頂埔里中央路4段29號,新北市土城區頂埔里,吳錡洋,33031525,股份有限公司,0580101,0660716,生產中,24基本金屬製造業、25金屬製品製造業、29機械設備製造業  ,249其他基本金屬、259其他金屬製品、293通用機械設備、241鋼鐵  ,11508.csv
光隆股份有限公司,99633605,06110006080709,臺中市大雅區西寶里雅潭路三段472號,臺中市大雅區西寶里,張武隆,51234115,股份有限公司,0610816,0610816,生產中,24基本金屬製造業  ,241鋼鐵  ,11508.csv
六成功五金科技股份有限公司八里廠,99695025,,新北市八里區埤頭里忠孝路四九六號一、二樓,新北市八里區埤頭里,邱子烈,36226018,股份有限公司,,0950104,生產中,24基本金屬製造業、25金屬製品製造業、29機械設備製造業  ,241鋼鐵、254金屬加工處理、259其他金屬製品、293通用機械設備、251金屬刀具、手工具及模具  ,11508.csv
六造企業有限公司,99685451,,高雄市岡山區本洲里本洲路９３巷１號,高雄市岡山區本洲里,洪三奇,81254290,有限公司,,0930115,生產中,24基本金屬製造業、29機械設備製造業  ,241鋼鐵、293通用機械設備  ,11508.csv
凃三泰有限公司,99692489,,新北市新莊區瓊林里瓊林南路75之16號1樓,新北市新莊區瓊林里,凃泓宇,70525606,有限公司,,0930504,生產中,24基本金屬製造業、25金屬製品製造業  ,241鋼鐵、254金屬加工處理  ,11508.csv
元能股份有限公司,99676955,,臺南市安南區鹽田里科技三路36號,臺南市安南區,魏子夏,89565917,股份有限公司,,0940518,生產中,24基本金屬製造業  ,241鋼鐵  ,11508.csv
先金有限公司,05000735,,苗栗縣竹南鎮大厝里13鄰獅山81之5號,苗栗縣竹南鎮大厝里,陳谷祥,90026993,有限公司,,1120104,生產中,25金屬製品製造業、24基本金屬製造業  ,254金屬加工處理、259其他金屬製品、241鋼鐵  ,11508.csv
冠群鋼鐵有限公司,S0702556,,彰化縣田中鎮大崙里興酪路二段臨689號,彰化縣田中鎮大崙里,卓銀墩,53866782,有限公司,,1130903,生產中,24基本金屬製造業  ,241鋼鐵  ,11508.csv
允升工業股份有限公司,99663165,07210012035223,高雄市橋頭區芋寮里芋林路９７號,高雄市橋頭區芋寮里,陸平皆,85745993,股份有限公司,0791231,0720501,生產中,22塑膠製品製造業、24基本金屬製造業、29機械設備製造業  ,220塑膠製品、241鋼鐵、292其他專用機械設備、293通用機械設備  ,11508.csv
元利鋼纜股份有限公司,99630943,06910000199140,新竹縣新豐鄉鳳坑村坑子口６６９之１號,新竹縣新豐鄉鳳坑村,邱忠義　　　,47096701,股份有限公司,0691127,0721011,生產中,24基本金屬製造業  ,241鋼鐵  ,11508.csv
光南鋼鐵股份有限公司,99662854,08310012060373,高雄市路竹區後鄉里順安路２７５巷１７２、１７４號,高雄市路竹區後鄉里,林豪池,84723705,股份有限公司,0830420,0850205,生產中,24基本金屬製造業、25金屬製品製造業  ,241鋼鐵、254金屬加工處理  ,11508.csv
允強實業股份有限公司(埔心廠),99646023,06210000015568,彰化縣埔心鄉舊舘村員鹿路４段３３號,彰化縣埔心鄉舊舘村,王川銘,59068700,股份有限公司,0580101,0630626,生產中,24基本金屬製造業、25金屬製品製造業、29機械設備製造業、31其他運輸工具及其零件製造業  ,241鋼鐵、254金屬加工處理、291金屬加工用機械設備、293通用機械設備、312機車及其零件、313自行車及其零件  ,11508.csv
允強實業股份有限公司(溪州廠),99646018,08910007300243,彰化縣溪州鄉舊眉村中山路４段２７０號,彰化縣溪州鄉舊眉村,王川銘,59068700,股份有限公司,0890222,0891113,生產中,24基本金屬製造業  ,241鋼鐵  ,11508.csv
允強實業股份有限公司斗六一廠,99709432,,雲林縣斗六市長安里科加路29號,雲林縣斗六市長安里,王川銘,59068700,股份有限公司,,0970201,生產中,24基本金屬製造業、25金屬製品製造業  ,241鋼鐵、254金屬加工處理  ,11508.csv
元勝工業股份有限公司神岡廠,S6601701,,臺中市神岡區山皮里和平路34-10號,臺中市神岡區山皮里,林益成,56806632,股份有限公司,,1100512,生產中,24基本金屬製造業  ,241鋼鐵  ,11508.csv
再聯企業股份有限公司二廠,99665698,07010099168613,屏東縣屏東市橋南里工業路12號,屏東縣屏東市橋南里,鄭仁浩,90767089,股份有限公司,0580101,0710619,生產中,24基本金屬製造業  ,241鋼鐵  ,11508.csv
全昌股份有限公司,99634766,08210006086524,臺中市大甲區日南里幼獅路73號,臺中市大甲區日南里,王碩熙,55698500,股份有限公司,0821209,0710604,生產中,24基本金屬製造業  ,241鋼鐵  ,11508.csv
全維工業股份有限公司,99649889,07110000128611,彰化縣員林市崙雅里員水路１段５８０巷１０７號,彰化縣員林市崙雅里,鄭維裕　,59077736,股份有限公司,0710821,0720811,生產中,24基本金屬製造業、25金屬製品製造業、30汽車及其零件製造業、31其他運輸工具及其零件製造業  ,241鋼鐵、251金屬刀具、手工具及模具、303汽車零件、312機車及其零件、313自行車及其零件  ,11508.csv
冠億精密鑄造工業股份有限公司,66003855,,臺中市大甲區日南里幼三路3號,臺中市大甲區日南里,鄭郁陵,24579017,股份有限公司,,1040804,生產中,24基本金屬製造業、25金屬製品製造業  ,241鋼鐵、259其他金屬製品  ,11508.csv
元焜有限公司彰濱廠,07001351,,彰化縣線西鄉線西村線安路115號,彰化縣線西鄉線西村,許丁元,24280044,有限公司,,1031105,生產中,24基本金屬製造業  ,241鋼鐵  ,11508.csv
全勝鋼鐵有限公司,99634627,08410006203371,臺中市太平區中興里永義路45號,臺中市太平區中興里,黃以杰,28014672,有限公司,0840815,0851017,生產中,24基本金屬製造業、25金屬製品製造業  ,241鋼鐵、254金屬加工處理  ,11508.csv
冠昇金屬股份有限公司,99656986,06810000113885,臺南市柳營區士林里長榮路六段527號,臺南市柳營區士林里,涂志詠,72164712,股份有限公司,0680410,0681107,生產中,24基本金屬製造業  ,241鋼鐵  ,11508.csv
冠東鋼鐵股份有限公司,64000594,6464188458,高雄市三民區灣興里自由一路２２５號,高雄市三民區灣興里,黃志成,75925335,股份有限公司,0641210,0660823,生產中,24基本金屬製造業  ,241鋼鐵  ,11508.csv
全協工業股份有限公司,99656747,08810000922634,臺南市佳里區海澄里萊芊寮12之17號,臺南市佳里區海澄里,馬永銘　　　,16731473,股份有限公司,0880303,0881014,生產中,24基本金屬製造業、25金屬製品製造業、29機械設備製造業  ,241鋼鐵、259其他金屬製品、293通用機械設備  ,11508.csv
冠煜企業有限公司,13000500,,屏東縣里港鄉鐵店村里港路387-2號,屏東縣里港鄉鐵店村,侯明賢,23348279,有限公司,,1070813,生產中,24基本金屬製造業、25金屬製品製造業、29機械設備製造業  ,241鋼鐵、252金屬結構及建築組件、253金屬容器、293通用機械設備  ,11508.csv
冠鋒鋼品股份有限公司,99644960,,臺中市大里區仁德里仁化路337號,臺中市大里區仁德里,蔡源承,13065820,股份有限公司,,0870227,生產中,25金屬製品製造業、24基本金屬製造業  ,252金屬結構及建築組件、259其他金屬製品、241鋼鐵  ,11508.csv
冶釗鑄造有限公司,99656849,07310011021684,臺南市永康區尚頂里塩信街146巷46號,臺南市永康區尚頂里,張勝翔　　　,73716538,有限公司,0730312,0730827,生產中,24基本金屬製造業  ,241鋼鐵  ,11508.csv
伯鎔鑄造股份有限公司,99654754,07710000172858,嘉義縣太保市南新里仁愛路６號,嘉義縣太保市南新里,游林金蓮,86413769,股份有限公司,0770209,0770209,生產中,24基本金屬製造業  ,241鋼鐵  ,11508.csv
伯鎔鑄造股份有限公司二廠,S1000144,,嘉義縣太保市南新里仁愛路6號,嘉義縣太保市南新里,游林金蓮,86413769,股份有限公司,,1091116,生產中,24基本金屬製造業  ,241鋼鐵  ,11508.csv
亨利工廠股份有限公司,99623887,08410003008195,桃園市龍潭區烏林里工一路１３４號,桃園市龍潭區烏林里,黃伯霞　　,33126108,股份有限公司,0840113,0851205,生產中,25金屬製品製造業、29機械設備製造業、24基本金屬製造業  ,259其他金屬製品、293通用機械設備、241鋼鐵、254金屬加工處理、251金屬刀具、手工具及模具  ,11508.csv
亨鑫鋼纜股份有限公司,99631614,08910000902398,苗栗縣銅鑼鄉銅鑼村民治路二七號,苗栗縣銅鑼鄉銅鑼村,洪美娥,70679973,股份有限公司,0890425,0890707,生產中,24基本金屬製造業  ,241鋼鐵  ,11508.csv
今騰工業股份有限公司鹿港廠,07002356,,彰化縣鹿港鎮海埔里工業東四路10號,彰化縣鹿港鎮海埔里,游讚福,36091481,股份有限公司,,1061031,生產中,24基本金屬製造業  ,241鋼鐵  ,11508.csv
仕樺鑄造廠股份有限公司,99664179,07210012047740,高雄市岡山區竹圍里新庄路７０號,高雄市岡山區竹圍里,吳琦鍟,85747845,股份有限公司,0791231,0791231,生產中,24基本金屬製造業、29機械設備製造業  ,241鋼鐵、293通用機械設備  ,11508.csv
仲興企業有限公司,64005543,8464125221,高雄市前鎮區仁愛里新都路２７號,高雄市前鎮區仁愛里,林煊舜,22379800,有限公司,0840504,0880118,生產中,24基本金屬製造業  ,241鋼鐵  ,11508.csv
伸隆成鑄造股份有限公司,99636554,06310006122092,臺中市潭子區大豐里潭富路二段16號,臺中市潭子區大豐里,陳德全,89883315,股份有限公司,0630902,0630902,生產中,24基本金屬製造業  ,241鋼鐵  ,11508.csv
九兆金屬工業股份有限公司二廠,68001195,,桃園市龍潭區烏林里中豐路533巷160號,桃園市龍潭區烏林里,陳裕宣,22563691,股份有限公司,,1060413,生產中,24基本金屬製造業  ,241鋼鐵  ,11508.csv
乾佑工業股份有限公司嘉義二廠,99655936,07710000284388,嘉義縣民雄鄉興南村工業三路７號,嘉義縣民雄鄉興南村,李明達,66376800,股份有限公司,0771128,0780308,生產中,24基本金屬製造業、25金屬製品製造業、29機械設備製造業、30汽車及其零件製造業、31其他運輸工具及其零件製造業  ,241鋼鐵、254金屬加工處理、253金屬容器、292其他專用機械設備、293通用機械設備、251金屬刀具、手工具及模具、301汽車、302車體、303汽車零件、319未分類其他運輸工具及其零件  ,11508.csv
乾煇企業有限公司,99625319,08610003302676,桃園市蘆竹區中福里龍壽街一段九五巷二弄一七號一樓,桃園市蘆竹區中福里,彭桂英　　　,86969274,其他,0860407,0860421,生產中,24基本金屬製造業  ,241鋼鐵  ,11508.csv
于大鋼鐵工業股份有限公司,99605581,06710000018092,新北市三重區大有里中正北路530巷12之1號,新北市三重區大有里,楊璨豪,35932583,股份有限公司,0670201,0671123,生產中,24基本金屬製造業  ,241鋼鐵  ,11508.csv
亞太隆剛鋼鐵股份有限公司,64000264,6164023510,高雄市前鎮區鎮北里鎮港路７號,高雄市前鎮區鎮北里,顏惠珍,16083218,股份有限公司,0610316,0610627,生產中,24基本金屬製造業、25金屬製品製造業、31其他運輸工具及其零件製造業  ,241鋼鐵、254金屬加工處理、259其他金屬製品、319未分類其他運輸工具及其零件、311船舶及浮動設施、249其他基本金屬  ,11508.csv
亞璋工業股份有限公司,99655402,08010000092184,嘉義縣朴子市竹村里橫一街11號,嘉義縣朴子市竹村里,呂金順,22136620,股份有限公司,0800429,0810320,生產中,24基本金屬製造業、25金屬製品製造業、29機械設備製造業、30汽車及其零件製造業、31其他運輸工具及其零件製造業  ,241鋼鐵、251金屬刀具、手工具及模具、291金屬加工用機械設備、303汽車零件、319未分類其他運輸工具及其零件  ,11508.csv
亨友實業有限公司,S0500016,,苗栗縣後龍鎮南港里六鄰南北坑四八之一０號,苗栗縣後龍鎮南港里,洪美娥,22915204,有限公司,,1090512,生產中,24基本金屬製造業  ,241鋼鐵  ,11508.csv
亨諭實業股份有限公司,99632689,07310005008806,苗栗縣通霄鎮白東里二一鄰白東一三七之一、一三七之五號,苗栗縣通霄鎮白東里,詹秀英,49804758,股份有限公司,0730124,0730511,生產中,24基本金屬製造業  ,241鋼鐵、243銅  ,11508.csv
亦辰企業有限公司,99706596,,桃園市蘆竹區上竹里大竹路２８８巷１２號,桃園市蘆竹區上竹里,李來榮,16391284,有限公司,,0950918,生產中,24基本金屬製造業、25金屬製品製造業、29機械設備製造業  ,241鋼鐵、254金屬加工處理、242鋁、243銅、252金屬結構及建築組件、291金屬加工用機械設備  ,11508.csv
伍冠興業有限公司,99722355,,桃園市觀音區保障里12鄰保障二路645號,桃園市觀音區保障里,鄧家祥,12988620,有限公司,,0990211,生產中,24基本金屬製造業、25金屬製品製造業  ,241鋼鐵、259其他金屬製品  ,11508.csv
仲申砂心有限公司蘆竹廠,99622444,08410000652694,桃園市蘆竹區海湖里海山東街一五號,桃園市蘆竹區海湖里,蔡興旺　　　,22467450,有限公司,0841002,0890313,生產中,24基本金屬製造業、25金屬製品製造業  ,241鋼鐵、259其他金屬製品  ,11508.csv
伍錦企業股份有限公司,99662136,07410012092445,高雄市大寮區潮寮里田單三街１３號,高雄市大寮區潮寮里,黃雅慧,81231993,有限公司,0791231,0791231,生產中,24基本金屬製造業  ,241鋼鐵  ,11508.csv
伸協興製網股份有限公司三廠,07004966,,彰化縣線西鄉線西村彰濱東十路8號,彰化縣線西鄉線西村,柯結義,89700879,股份有限公司,,1111115,生產中,24基本金屬製造業、25金屬製品製造業  ,241鋼鐵、254金屬加工處理  ,11508.csv
伸坪鋼鐵股份有限公司,99704032,,臺中市大肚區王田里沙田路一段320巷35之6號,臺中市大肚區王田里,陳琨淇,22120444,股份有限公司,,0951226,生產中,24基本金屬製造業、25金屬製品製造業、30汽車及其零件製造業、31其他運輸工具及其零件製造業  ,241鋼鐵、251金屬刀具、手工具及模具、303汽車零件、312機車及其零件  ,11508.csv
九德鋼索工業股份有限公司,99664932,06910012057584,高雄市大社區大社里大社路３５１號,高雄市大社區大社里,李宏仁,85909355,股份有限公司,0791231,0791231,生產中,24基本金屬製造業、25金屬製品製造業  ,241鋼鐵、254金屬加工處理  ,11508.csv
九春工業股份有限公司,99663321,07910012151102,高雄市大寮區中庄里四維路３８１號,高雄市大寮區中庄里,邱明傑,81228857,股份有限公司,0791231,0791231,生產中,29機械設備製造業、24基本金屬製造業  ,241鋼鐵、293通用機械設備  ,11508.csv
乾達工業社,S6601759,,臺中市霧峰區丁台里丁台路478號,臺中市霧峰區丁台里,魏存應,21853052,獨資,,1110224,生產中,24基本金屬製造業  ,241鋼鐵  ,11508.csv
亞景企業有限公司,99685216,08210000072940,高雄市鳳山區武漢里輜汽南路３號,高雄市鳳山區武漢里,陳劉福蓮,85829276,有限公司,0820422,0820508,生產中,24基本金屬製造業  ,241鋼鐵、242鋁  ,11508.csv
亞立森實業股份有限公司,99711823,,臺南市永康區三民里和平東路159、161號,臺南市永康區三民里,陳育婕,28025426,股份有限公司,,0980930,生產中,24基本金屬製造業  ,241鋼鐵  ,11508.csv
交盛螺絲有限公司岡山廠,99662195,08910012800938,高雄市岡山區台上里成功路４６０巷１０之１號,高雄市岡山區台上里,朱月鳳,23337786,有限公司,0890824,0890911,生產中,24基本金屬製造業、25金屬製品製造業  ,241鋼鐵、259其他金屬製品  ,11508.csv
億瑞工業股份有限公司燕巢廠,99685415,08110012162812,高雄市燕巢區橫山里大仁路８３號,高雄市燕巢區橫山里,林明隆,83449080,股份有限公司,0811110,0820312,生產中,22塑膠製品製造業、24基本金屬製造業  ,220塑膠製品、241鋼鐵  ,11508.csv
億瑞工業股份有限公司高雄廠,99665085,06510012046847,高雄市仁武區烏林里仁心路２６２號,高雄市仁武區烏林里,林明隆,83449080,股份有限公司,0791231,0791231,生產中,24基本金屬製造業、28電力設備及配備製造業  ,241鋼鐵、243銅、283電線及配線器材  ,11508.csv
允信工業有限公司,63020325,06663000011312,臺北市士林區永倫里延平北路六段四七二號,臺北市士林區永倫里,李重信,31235283,有限公司,0660311,0670428,生產中,25金屬製品製造業、29機械設備製造業、24基本金屬製造業  ,252金屬結構及建築組件、291金屬加工用機械設備、241鋼鐵  ,11508.csv
凰瑋金屬工業股份有限公司,07000342,,彰化縣田中鎮沙崙里新工三路53號,彰化縣田中鎮沙崙里,莊景源,24297404,股份有限公司,,1001102,生產中,24基本金屬製造業  ,241鋼鐵  ,11508.csv
凱上鋼鐵股份有限公司,99717673,,桃園市大園區五權里17鄰五青路183巷51號,桃園市大園區五權里,簡金潭,89777187,股份有限公司,,0980511,生產中,24基本金屬製造業  ,241鋼鐵  ,11508.csv
勵螢企業有限公司,99663305,07610012960063,高雄市大寮區潮寮里田單五街３號,高雄市大寮區潮寮里,蘇秀媚,22072837,有限公司,0791231,0791231,生產中,24基本金屬製造業  ,241鋼鐵  ,11508.csv
佶興工業有限公司,99702806,,臺中市大雅區四德里中清路三段800號,臺中市大雅區四德里,廖本為,27612926,有限公司,,0940223,生產中,24基本金屬製造業、25金屬製品製造業  ,241鋼鐵、252金屬結構及建築組件  ,11508.csv
俊來金屬股份有限公司台中廠,99669949,07610000318666,臺中市南屯區寶山里工業區二十五路26號,臺中市南屯區寶山里,潘仲良,36156131,股份有限公司,0761029,0800408,生產中,24基本金屬製造業  ,241鋼鐵  ,11508.csv
保發鋼鐵股份有限公司,08000466,,南投縣竹山鎮延和里大和街389號,南投縣竹山鎮延和里,黃柏榮,90719714,股份有限公司,,1111207,生產中,24基本金屬製造業、25金屬製品製造業  ,241鋼鐵、254金屬加工處理  ,11508.csv
信孚壓鑄企業股份有限公司基隆廠,99667244,07510000265674,基隆市安樂區中崙里武訓街１０號,基隆市安樂區中崙里,陳吉輝,45097824,股份有限公司,0750901,0751204,生產中,25金屬製品製造業、24基本金屬製造業  ,254金屬加工處理、259其他金屬製品、241鋼鐵、242鋁、243銅、249其他基本金屬、251金屬刀具、手工具及模具、252金屬結構及建築組件、253金屬容器  ,11508.csv
傳裕企業股份有限公司,99644647,06710006017825,臺中市龍井區忠和里工業路177巷18號,臺中市龍井區忠和里,楊錦明,56625576,股份有限公司,0670210,0671205,生產中,24基本金屬製造業  ,241鋼鐵  ,11508.csv
億築企業股份有限公司,99662204,07110012066841,高雄市永安區維新里永工一路１６號,高雄市永安區維新里,林煊舜,69643979,股份有限公司,0791231,0791231,生產中,24基本金屬製造業  ,241鋼鐵  ,11508.csv
凱耀工業股份有限公司,99628753,07710000252502,桃園市大園區南港里環區西路266巷23號,桃園市大園區南港里,黃哲男,22925907,股份有限公司,0770629,0781114,生產中,25金屬製品製造業、24基本金屬製造業  ,259其他金屬製品、249其他基本金屬、241鋼鐵  ,11508.csv
加泓鋼鐵股份有限公司,99673257,06710000097392,臺南市南區彰南里新平路5號,臺南市南區彰南里,林永昌,69571406,股份有限公司,0670614,0680829,生產中,24基本金屬製造業、25金屬製品製造業  ,241鋼鐵、252金屬結構及建築組件  ,11508.csv
勁群工業股份有限公司,99600494,07710001337891,新北市汐止區八連里八連路一段五三Ｏ巷四號,新北市汐止區八連里,闕河仁,22637716,股份有限公司,0770204,0780724,生產中,24基本金屬製造業、25金屬製品製造業  ,241鋼鐵、254金屬加工處理  ,11508.csv
傳豐機械電器工業股份有限公司,99673045,06610000117639,臺南市南區彰南里新信路28號,臺南市南區彰南里,王隆機,69600471,股份有限公司,0660723,0690310,生產中,29機械設備製造業、24基本金屬製造業、28電力設備及配備製造業  ,241鋼鐵、292其他專用機械設備、289其他電力設備及配備  ,11508.csv
力巨特殊金屬股份有限公司,99600668,07110000127854,新北市林口區東林里工二工業區工二路五號,新北市林口區東林里,林程興,20826487,股份有限公司,0710818,0740924,生產中,25金屬製品製造業、24基本金屬製造業  ,241鋼鐵、259其他金屬製品  ,11508.csv
勝申機械有限公司,99617518,06310000083600,新北市汐止區環河里環河街一五七號,新北市汐止區環河里,王三華,04768715,有限公司,0630622,0640822,生產中,25金屬製品製造業、29機械設備製造業、30汽車及其零件製造業、24基本金屬製造業  ,259其他金屬製品、292其他專用機械設備、303汽車零件、251金屬刀具、手工具及模具、241鋼鐵  ,11508.csv
勤仲企業有限公司,99662096,07410012092440,高雄市大寮區潮寮里田單二街３號、田單三街５號,高雄市大寮區潮寮里,馬毓翔,23683300,有限公司,0791231,0791231,生產中,21橡膠製品製造業、22塑膠製品製造業、24基本金屬製造業、25金屬製品製造業  ,249其他基本金屬、254金屬加工處理、210橡膠製品、220塑膠製品、241鋼鐵、242鋁、243銅  ,11508.csv
佳東鋼鐵有限公司,99605594,08210001002942,新北市五股區興珍里中興路一段一六０號,新北市五股區興珍里,賴璜璋,36162767,有限公司,0820428,0820512,生產中,24基本金屬製造業、25金屬製品製造業  ,241鋼鐵、254金屬加工處理  ,11508.csv
佳東鋼鐵有限公司台中廠,66005400,,臺中市大肚區王田里王福街750巷6號,臺中市大肚區王田里,賴璜璋,36162767,有限公司,,1060426,生產中,24基本金屬製造業、25金屬製品製造業  ,241鋼鐵、254金屬加工處理  ,11508.csv
佺承科技企業有限公司,99713078,,臺中市梧棲區永寧里永興路一段４０２巷９１號,臺中市梧棲區永寧里,鄭百合,29122214,有限公司,,0971209,生產中,24基本金屬製造業、25金屬製品製造業  ,241鋼鐵、252金屬結構及建築組件、259其他金屬製品  ,11508.csv
力常鋼鐵股份有限公司觀音廠,99621907,07610000102593,桃園市觀音區草漯里榮工北路一五號,桃園市觀音區草漯里,黃煥傑　　,22335986,股份有限公司,0760110,0770407,生產中,24基本金屬製造業  ,241鋼鐵  ,11508.csv
勝皇五金企業有限公司,99612142,08910001159129,新北市三重區中興里光復路1段130巷8號,新北市三重區中興里,葉榮富,23435702,有限公司,0890530,0890622,生產中,24基本金屬製造業  ,241鋼鐵  ,11508.csv
南展金屬工業股份有限公司,99658282,06910000133801,臺南市下營區賀建里洲仔55號,臺南市下營區賀建里,劉尚堯,72175133,股份有限公司,0690522,0700804,生產中,24基本金屬製造業  ,241鋼鐵  ,11508.csv
佳豐鋼鐵股份有限公司全興廠,99679145,,彰化縣伸港鄉溪底村工西二路6號,彰化縣伸港鄉溪底村,許漢庚,22521476,股份有限公司,,0920808,生產中,24基本金屬製造業、25金屬製品製造業  ,241鋼鐵、242鋁、254金屬加工處理、259其他金屬製品  ,11508.csv
偉晟企業社,13000529,,屏東縣長治鄉繁昌村中山路156號,屏東縣長治鄉繁昌村,蘇晋瑩,40799797,獨資,,1071217,生產中,24基本金屬製造業  ,241鋼鐵  ,11508.csv
偉晟工業股份有限公司,99641924,06510006119913,臺中市大甲區頂店里中山路一段1630-2號,臺中市大甲區頂店里,黃俊龍,22921402,股份有限公司,0650920,0650920,生產中,24基本金屬製造業  ,241鋼鐵  ,11508.csv
健冠精密有限公司中壢廠,99627636,,桃園市中壢區忠義里中華路二段一八九巷一八五號一樓,桃園市中壢區忠義里,溫吉強,89385534,有限公司,,0911017,生產中,25金屬製品製造業、29機械設備製造業、24基本金屬製造業  ,241鋼鐵、293通用機械設備、259其他金屬製品  ,11508.csv
力鋼工業股份有限公司平鎮廠,99622125,06910000146736,桃園市平鎮區東勢里快速路一段２４６巷１５８號,桃園市平鎮區東勢里,陳葉春江,31235657,股份有限公司,0580101,0710302,生產中,25金屬製品製造業、29機械設備製造業、24基本金屬製造業、28電力設備及配備製造業、30汽車及其零件製造業、31其他運輸工具及其零件製造業  ,241鋼鐵、254金屬加工處理、253金屬容器、259其他金屬製品、293通用機械設備、291金屬加工用機械設備、292其他專用機械設備、289其他電力設備及配備、319未分類其他運輸工具及其零件、303汽車零件  ,11508.csv
佑達國際鋼管股份有限公司二廠,07000262,,彰化縣鹿港鎮東石里鹿工南三路8號,彰化縣鹿港鎮東石里,馬詩婷,12898732,股份有限公司,,1000811,生產中,24基本金屬製造業  ,241鋼鐵  ,11508.csv
倡盟工業股份有限公司,99663861,07810012122222,高雄市仁武區竹後里竹工二巷２號,高雄市仁武區竹後里,邱金長,84679996,股份有限公司,0780927,0790723,生產中,24基本金屬製造業、25金屬製品製造業、29機械設備製造業  ,241鋼鐵、259其他金屬製品、293通用機械設備  ,11508.csv
僑柏精密鑄造工業股份有限公司,99669880,07910000173640,臺中市西屯區協和里工業區一路132號,臺中市西屯區協和里,林水材,23809151,股份有限公司,0790809,0791018,生產中,24基本金屬製造業、29機械設備製造業  ,241鋼鐵、293通用機械設備  ,11508.csv
億得企業有限公司,99663278,07710012096739,高雄市大寮區潮寮里田單六街５號,高雄市大寮區潮寮里,劉緯承,22704209,有限公司,0791231,0791231,生產中,24基本金屬製造業  ,241鋼鐵  ,11508.csv
加資有限公司水上廠,99655729,07510000267347,嘉義縣水上鄉寬士村崎子頭６０１號,嘉義縣水上鄉寬士村,余淑珍,22245303,有限公司,0750923,0750923,生產中,24基本金屬製造業、25金屬製品製造業  ,241鋼鐵、254金屬加工處理  ,11508.csv
加郁企業有限公司大發廠,99663971,07410012093144,高雄市大寮區潮寮里富民街１７號,高雄市大寮區潮寮里,張文煌,97159315,有限公司,0791231,0791231,生產中,21橡膠製品製造業、22塑膠製品製造業、24基本金屬製造業、25金屬製品製造業  ,254金屬加工處理、210橡膠製品、220塑膠製品、241鋼鐵、242鋁、243銅、249其他基本金屬  ,11508.csv
千倍機械股份有限公司八里廠,99601270,08510001285790,新北市八里區頂罟里中山路二段一０二號,新北市八里區頂罟里,陳錦洋,22771240,股份有限公司,0850826,0870421,生產中,24基本金屬製造業、25金屬製品製造業、29機械設備製造業  ,241鋼鐵、251金屬刀具、手工具及模具、259其他金屬製品、293通用機械設備  ,11508.csv
南隆鋼鐵股份有限公司高雄廠,99662565,00010012011132,高雄市燕巢區安招里中安路３４４號,高雄市燕巢區安招里,李英造,24052702,股份有限公司,0791231,0791231,生產中,24基本金屬製造業、25金屬製品製造業  ,241鋼鐵、254金屬加工處理、259其他金屬製品  ,11508.csv
佑佶工業有限公司,99699718,,屏東縣萬丹鄉四維村萬丹路227巷18號,屏東縣萬丹鄉四維村,陳淑玲,28160864,有限公司,,0951013,生產中,24基本金屬製造業、25金屬製品製造業  ,241鋼鐵、252金屬結構及建築組件  ,11508.csv
佳進實業股份有限公司,99709978,,高雄市大寮區琉球里農場路１８２號,高雄市大寮區琉球里,郭國龍,85640338,股份有限公司,,0960730,生產中,24基本金屬製造業、25金屬製品製造業  ,241鋼鐵、251金屬刀具、手工具及模具  ,11508.csv
利隆特殊鋼鐵材行,99646026,08910007301176,彰化縣和美鎮糖友里東萊路１６５號,彰化縣和美鎮糖友里,趙崇永,98619652,獨資,0890811,0901206,生產中,24基本金屬製造業  ,241鋼鐵  ,11508.csv
力高工業股份有限公司二廠,99685131,,高雄市大寮區大寮里興業路１９號,高雄市大寮區大寮里,洪居明,22773303,股份有限公司,,0920410,生產中,24基本金屬製造業、25金屬製品製造業  ,241鋼鐵、254金屬加工處理  ,11508.csv
千易鋼鐵興業有限公司,99679911,,彰化縣花壇鄉中庄村中山路１段１８之３號１樓,彰化縣花壇鄉中庄村,張文卿,23973498,有限公司,,0941124,生產中,25金屬製品製造業、24基本金屬製造業  ,241鋼鐵、252金屬結構及建築組件、253金屬容器  ,11508.csv
南俠企業有限公司,99662495,07410012093149,高雄市大寮區潮寮里華東路７號,高雄市大寮區潮寮里,王文總,79381209,有限公司,0791231,0791231,生產中,24基本金屬製造業  ,241鋼鐵  ,11508.csv
協崎企業股份有限公司高雄廠,99663243,08710012145994,高雄市鳳山區鎮北里鳳仁路１００之９０號,高雄市鳳山區鎮北里,蔡招源,23657773,股份有限公司,0870819,0880515,生產中,24基本金屬製造業、25金屬製品製造業、29機械設備製造業  ,241鋼鐵、252金屬結構及建築組件、259其他金屬製品、293通用機械設備  ,11508.csv
佳埼鋼品有限公司,64007028,,高雄市路竹區社西里大仁路719號,高雄市路竹區社西里,蘇茂璿,84427155,有限公司,,1030505,生產中,24基本金屬製造業  ,241鋼鐵  ,11508.csv
億揚金屬工業有限公司桃園廠,99622463,08210003208059,桃園市平鎮區東勢里太平西路二○七巷三七弄三、五號,桃園市平鎮區東勢里,余騵騰,34254278,有限公司,0821020,0840327,生產中,24基本金屬製造業、25金屬製品製造業  ,241鋼鐵、259其他金屬製品  ,11508.csv
力春實業股份有限公司,03000458,,桃園市中壢區復興里自強一路7號,桃園市中壢區復興里,郭江城,04327669,股份有限公司,,1000613,生產中,24基本金屬製造業、24基本金屬製造業  ,241鋼鐵  ,11508.csv
加龍鋼業股份有限公司,99611698,07010000061952,新北市新莊區頭前里化成路六六Ｏ巷二二號,新北市新莊區頭前里,羅仕淼,36085930,股份有限公司,0580101,0701222,生產中,24基本金屬製造業、25金屬製品製造業、29機械設備製造業  ,241鋼鐵、254金屬加工處理、252金屬結構及建築組件、253金屬容器、259其他金屬製品、293通用機械設備、291金屬加工用機械設備  ,11508.csv
協新鋼鐵股份有限公司,99627714,06310000170912,桃園市平鎮區鎮興里中興路五一八號,桃園市平鎮區鎮興里,劉讚輝　　　,44950582,股份有限公司,0580101,0650806,生產中,24基本金屬製造業、29機械設備製造業  ,241鋼鐵、293通用機械設備  ,11508.csv
佳大世界股份有限公司,99660476,06210000171520,臺南市永康區蔦松里永運五路2號,臺南市永康區蔦松里,吳大和,72072615,股份有限公司,0621219,0631212,生產中,24基本金屬製造業、29機械設備製造業  ,293通用機械設備、241鋼鐵  ,11508.csv
佳大世界股份有限公司林園廠,99663293,06810012038518,高雄市林園區溪州里溪州一路２２３巷８５號,高雄市林園區溪州里,吳大和,07864677,股份有限公司,0791231,0791231,生產中,24基本金屬製造業  ,241鋼鐵  ,11508.csv
佳大世界股份有限公司永康二廠,99660474,08410011307537,臺南市永康區三民里中正北路965號,臺南市永康區三民里,吳大和,72072615,股份有限公司,0840720,0850619,生產中,24基本金屬製造業  ,241鋼鐵  ,11508.csv
佳燁精密鑄造工業股份有限公司,99631589,07910005173017,苗栗縣銅鑼鄉中平村一八鄰愛興街四號,苗栗縣銅鑼鄉中平村,黃明輝,84628408,股份有限公司,0790705,0810302,生產中,24基本金屬製造業  ,241鋼鐵  ,11508.csv
來群實業股份有限公司,99612145,07110000211631,新北市三重區永發里中正北路315巷6弄8-1號及8-2號(1樓),新北市三重區永發里,黃明輝,36000454,股份有限公司,0711116,0730831,生產中,25金屬製品製造業、29機械設備製造業、30汽車及其零件製造業、24基本金屬製造業  ,259其他金屬製品、293通用機械設備、303汽車零件、241鋼鐵、243銅  ,11508.csv
僑隆實業股份有限公司,99645106,06210000071268,彰化縣員林市中央里中央路458號,彰化縣員林市中央里,郭炳墩,60244016,股份有限公司,0580101,0650311,生產中,24基本金屬製造業、25金屬製品製造業  ,241鋼鐵、259其他金屬製品  ,11508.csv
僑隆實業股份有限公司二廠,07002416,,彰化縣員林市中央里中央路505號,彰化縣員林市中央里,郭炳墩,60244016,股份有限公司,,1061228,生產中,24基本金屬製造業  ,241鋼鐵  ,11508.csv
億量企業股份有限公司,99645076,06710000300788,彰化縣彰化市福田里福田一路31號,彰化縣彰化市福田里,張民亭　,22928209,股份有限公司,0580101,0691016,生產中,24基本金屬製造業  ,241鋼鐵  ,11508.csv
利龍工業有限公司,03002242,,桃園市蘆竹區海湖里中圳街18巷7弄33號,桃園市蘆竹區海湖里,許文愷,86813316,有限公司,,1030417,生產中,24基本金屬製造業  ,241鋼鐵  ,11508.csv
功勝凡而工業股份有限公司台中廠,66001820,,臺中市大甲區日南里幼獅路68號,臺中市大甲區日南里,陳昭勝,33782785,股份有限公司,,1020507,生產中,24基本金屬製造業  ,241鋼鐵  ,11508.csv
勇欣鋼索有限公司,S0200089,,宜蘭縣冬山鄉永美村永興路一段7號,宜蘭縣冬山鄉永美村,許博翔,12914923,有限公司,,1140410,生產中,24基本金屬製造業  ,241鋼鐵  ,11508.csv
協進建材行,S0800086,,南投縣南投市嘉興里大庄路52巷9號,南投縣南投市嘉興里,蕭東宜,12058694,獨資,,1121221,生產中,24基本金屬製造業  ,241鋼鐵  ,11508.csv
佑宸金屬工業有限公司工廠,07002284,,彰化縣線西鄉線西村線工路16號,彰化縣線西鄉線西村,施教源,24606577,有限公司,,1060829,生產中,24基本金屬製造業  ,241鋼鐵  ,11508.csv
僑雄實業股份有限公司,65007275,,新北市樹林區西圳街1段117號,新北市樹林區,朱耿鋒,84602272,股份有限公司,,1071018,生產中,24基本金屬製造業  ,241鋼鐵、242鋁  ,11508.csv
僑雄實業股份有限公司二廠,65008803,,新北市樹林區彭厝里八德街372號1、2、3、4樓,新北市樹林區彭厝里,朱耿鋒,84602272,股份有限公司,,1090812,生產中,24基本金屬製造業  ,241鋼鐵、242鋁  ,11508.csv
前安實業股份有限公司,99669967,07810019001646,臺中市南屯區鎮平里鎮平巷11號,臺中市南屯區鎮平里,朱家民,52612656,股份有限公司,0781009,0781204,生產中,24基本金屬製造業、29機械設備製造業、28電力設備及配備製造業  ,241鋼鐵、293通用機械設備、281發電、輸電及配電機械、289其他電力設備及配備  ,11508.csv
勇盛技研股份有限公司,10000238,,嘉義縣大林鎮中坑里大埔美園區三路22號,嘉義縣大林鎮中坑里,孫永良,80741499,股份有限公司,,1051222,生產中,24基本金屬製造業、25金屬製品製造業、29機械設備製造業  ,241鋼鐵、254金屬加工處理、293通用機械設備  ,11508.csv
勝蜂企業有限公司仁武廠,99662724,08210012179434,高雄市仁武區竹後里鳳仁路３２９之１９號,高雄市仁武區竹後里,王裕仁,23329337,有限公司,0821020,0840327,生產中,24基本金屬製造業  ,241鋼鐵  ,11508.csv
南誠企業股份有限公司,99660100,08310011119572,臺南市永康區正強里四維街89號壹樓,臺南市永康區正強里,陳義雄　　　,22386767,股份有限公司,0830723,0830730,生產中,24基本金屬製造業、21橡膠製品製造業、22塑膠製品製造業  ,241鋼鐵、210橡膠製品、220塑膠製品  ,11508.csv
千益不銹鋼有限公司,99686320,08110003059374,桃園市蘆竹區瓦窯里南山路一段一三四號,桃園市蘆竹區瓦窯里,曾淵明　　,23408711,有限公司,0810523,0810716,生產中,24基本金屬製造業、25金屬製品製造業  ,241鋼鐵、259其他金屬製品  ,11508.csv
千興不銹鋼股份有限公司一貫作業廠,99657956,07510000280898,臺南市麻豆區小埤里工業路222號,臺南市麻豆區小埤里,魏福全,70005915,股份有限公司,0751114,0801022,生產中,24基本金屬製造業、28電力設備及配備製造業、31其他運輸工具及其零件製造業  ,241鋼鐵、282電池、312機車及其零件、313自行車及其零件  ,11508.csv
侑廷鐵管股份有限公司一廠,07006398,11510007800101,彰化縣和美鎮柑井里美寮路一段232號,彰化縣和美鎮柑井里,蔡盈鑫,59325335,股份有限公司,1150417,1150423,生產中,24基本金屬製造業  ,241鋼鐵  ,11508.csv
信春股份有限公司岡山廠,99664205,07910012151106,高雄市燕巢區安招里安招路４５３號,高雄市燕巢區安招里,李玉柱,22096009,股份有限公司,0791231,0791231,生產中,24基本金屬製造業  ,241鋼鐵  ,11508.csv
勤美股份有限公司,99630116,06210000171577,新竹縣新豐鄉上坑村488號,新竹縣新豐鄉上坑村,林廷芳　,03474311,股份有限公司,0580101,0640823,生產中,24基本金屬製造業、25金屬製品製造業  ,241鋼鐵、259其他金屬製品  ,11508.csv
千鈺實業股份有限公司,99690414,07410001174983,新北市三芝區後厝里番社后20號,新北市三芝區後厝里,王國隆,37547278,股份有限公司,0740711,0740729,生產中,24基本金屬製造業、25金屬製品製造業、29機械設備製造業、31其他運輸工具及其零件製造業  ,241鋼鐵、259其他金屬製品、293通用機械設備、311船舶及浮動設施  ,11508.csv
千鋼科技股份有限公司,99612764,08910001013387,新北市三重區中興里光復路一段六八巷二四弄九號三樓,新北市三重區中興里,許國峰,22179084,股份有限公司,0890219,0890301,生產中,24基本金屬製造業、25金屬製品製造業、29機械設備製造業  ,241鋼鐵、259其他金屬製品、292其他專用機械設備  ,11508.csv
千鐘工業股份有限公司,99644248,08410006047794,臺中市外埔區水美里水美路285巷11號,臺中市外埔區水美里,紀和成,55705679,股份有限公司,0641204,,生產中,24基本金屬製造業  ,241鋼鐵  ,11508.csv
千附實業股份有限公司桃園廠,99686899,07710000177799,桃園市大園區南港里長發一路200號,桃園市大園區南港里,張瓊如　,12378253,股份有限公司,0770428,0771202,生產中,25金屬製品製造業、24基本金屬製造業  ,259其他金屬製品、241鋼鐵  ,11508.csv
侑廷鐵管股份有限公司二廠,S0700354,,彰化縣和美鎮柑井里美寮路一段210巷19、21、23號,彰化縣和美鎮柑井里,蔡盈鑫,59325335,股份有限公司,,1090522,生產中,24基本金屬製造業  ,241鋼鐵  ,11508.csv
千集鋼鐵股份有限公司仁武廠,99662388,08910000905069,高雄市仁武區仁武里工業一路３號,高雄市仁武區仁武里,黃明源,23334866,股份有限公司,0890814,0890916,生產中,24基本金屬製造業  ,241鋼鐵  ,11508.csv
升揚實業有限公司,99615666,08310001456465,新北市樹林區北園里西圳街一段一六五巷一九號四樓,新北市樹林區北園里,李永源,23550857,有限公司,0840111,0840121,生產中,24基本金屬製造業、25金屬製品製造業  ,241鋼鐵、254金屬加工處理、243銅  ,11508.csv
升揚實業有限公司,S6500007,,新北市樹林區北園里西圳街1段165巷41號,新北市樹林區北園里,李永源,23550857,有限公司,,1090422,生產中,24基本金屬製造業  ,241鋼鐵  ,11508.csv
升揚實業有限公司新廠,99719938,,新北市樹林區東園里柑園街1段7之2號、1之11號、1之51號、1之52號、1之53號、1之55號、1之56號、1之57號、1之60號、1之61號、1之62號、1之63號,新北市樹林區東園里,李永源,23550857,有限公司,,0990205,生產中,24基本金屬製造業  ,241鋼鐵、243銅  ,11508.csv
佳峻股份有限公司,99610343,08510001212210,新北市新莊區化成路375巷41號,新北市新莊區,余中和,12211796,股份有限公司,0850625,0850712,生產中,24基本金屬製造業、25金屬製品製造業  ,241鋼鐵、254金屬加工處理、243銅  ,11508.csv
保僑工業有限公司,99713539,,臺中市后里區墩南里舊社路３－１０號,臺中市后里區墩南里,鄭木柱,23095801,有限公司,,0990128,生產中,24基本金屬製造業  ,241鋼鐵  ,11508.csv
保僑工業有限公司分廠,S6601729,,臺中市后里區墩南里舊社路3之8號,臺中市后里區墩南里,鄭木柱,23095801,有限公司,,1101015,生產中,24基本金屬製造業  ,241鋼鐵  ,11508.csv
億鴻鑄造股份有限公司二廠,10000019,,嘉義縣民雄鄉北斗村中正路58之2號,嘉義縣民雄鄉北斗村,盧泰元,80710469,股份有限公司,,1000318,生產中,24基本金屬製造業  ,241鋼鐵  ,11508.csv
升育鋼鐵股份有限公司,99705043,,高雄市岡山區本洲里本工西路３６號,高雄市岡山區本洲里,蔡添吉,16495801,股份有限公司,,0950616,生產中,24基本金屬製造業  ,241鋼鐵  ,11508.csv
卓揚五金股份有限公司大安廠,01000219,,新北市新莊區西盛里大安路9號1、2樓,新北市新莊區西盛里,鄭順吉,22887039,股份有限公司,,0991209,生產中,24基本金屬製造業、25金屬製品製造業、29機械設備製造業  ,241鋼鐵、243銅、254金屬加工處理、242鋁、291金屬加工用機械設備、293通用機械設備  ,11508.csv
協俐鑄造股份有限公司山上廠,99684981,,臺南市山上區明和里北勢洲21之8號,臺南市山上區明和里,陳信全,84845926,股份有限公司,,0950310,生產中,24基本金屬製造業  ,241鋼鐵  ,11508.csv
佑春企業股份有限公司伸線廠,64010272,,高雄市路竹區社西里大仁路735號,高雄市路竹區社西里,王文春,89829805,股份有限公司,,1141105,生產中,24基本金屬製造業  ,241鋼鐵  ,11508.csv
佑晏企業股份有限公司,99685258,07510012094913,高雄市大寮區潮寮里田單三街２５號,高雄市大寮區潮寮里,陳煌松,79833359,股份有限公司,0791231,0791231,生產中,24基本金屬製造業  ,241鋼鐵  ,11508.csv
佳德建材股份有限公司南科廠,99676915,,臺南市安南區鹽田里本田路2段381號,臺南市安南區,曾金水,22835413,股份有限公司,,0940128,生產中,24基本金屬製造業、25金屬製品製造業  ,241鋼鐵、252金屬結構及建築組件、259其他金屬製品  ,11508.csv
儒峰鑄造工業股份有限公司,99643982,06410006128935,臺中市烏日區前竹里光明路349號,臺中市烏日區前竹里,蔡孟峯,52354691,股份有限公司,0641105,0641105,生產中,24基本金屬製造業、29機械設備製造業  ,241鋼鐵、293通用機械設備  ,11508.csv
勝邦鋼鐵股份有限公司,65011920,,新北市樹林區三多里三俊街132號(1~4樓),新北市樹林區三多里,盤謹彰,22414969,股份有限公司,,1130614,生產中,24基本金屬製造業、25金屬製品製造業、29機械設備製造業  ,241鋼鐵、249其他基本金屬、259其他金屬製品、291金屬加工用機械設備、292其他專用機械設備  ,11508.csv
協勝發鋼鐵廠股份有限公司,64003169,6864112603,高雄市小港區店鎮里光陽街７、９號,高雄市小港區店鎮里,黃煌璋,79254702,股份有限公司,0681223,0690606,生產中,24基本金屬製造業  ,241鋼鐵  ,11508.csv
協泰順鋼鐵有限公司,99619774,06410000062995,新北市三重區光復路2段30號(1樓),新北市三重區,尤宏源,47073159,有限公司,0580101,0661210,生產中,24基本金屬製造業、25金屬製品製造業  ,241鋼鐵、254金屬加工處理  ,11508.csv
偉宏興工業股份有限公司,64006410,,高雄市梓官區赤崁里赤崁北路１４４號,高雄市梓官區赤崁里,蔣佶叡,16695574,股份有限公司,,1001116,生產中,24基本金屬製造業  ,241鋼鐵  ,11508.csv
力穎事業有限公司,08000069,,南投縣南投市平山里自強一路7號,南投縣南投市平山里,吳偉在,24368815,有限公司,,1011004,生產中,25金屬製品製造業、24基本金屬製造業  ,259其他金屬製品、241鋼鐵  ,11508.csv
協發端板股份有限公司,99629679,07010000064632,桃園市龜山區嶺頂里茶專路二五號,桃園市龜山區嶺頂里,蘇健原　　　,34429208,股份有限公司,0580101,0700321,生產中,24基本金屬製造業、29機械設備製造業  ,241鋼鐵、292其他專用機械設備  ,11508.csv
協益鋼鐵科技股份有限公司,99703409,,臺中市烏日區光明里五光路931巷26號,臺中市烏日區光明里,黃昱安,70655683,股份有限公司,,0950127,生產中,24基本金屬製造業  ,241鋼鐵  ,11508.csv
協錩工業股份有限公司,99626967,07510000334562,桃園市大園區南港里長發路238之1號,桃園市大園區南港里,陳美華,22574064,股份有限公司,0751219,0770321,生產中,24基本金屬製造業、25金屬製品製造業  ,259其他金屬製品、241鋼鐵  ,11508.csv
信基工業股份有限公司,99604381,07310000031346,新北市林口區東林里工二工業區工五路六之一號,新北市林口區東林里,陳美雲,33924980,股份有限公司,0730312,0730409,生產中,24基本金屬製造業、25金屬製品製造業、29機械設備製造業  ,241鋼鐵、249其他基本金屬、259其他金屬製品、291金屬加工用機械設備  ,11508.csv
信堅精工股份有限公司,10000210,,嘉義縣水上鄉中華路199巷31號,嘉義縣水上鄉,簡肇良,22118307,股份有限公司,,1050426,生產中,24基本金屬製造業  ,249其他基本金屬、241鋼鐵  ,11508.csv
偉鉅金屬股份有限公司,18000175,,新竹市香山區埔前里埔前路180號,新竹市香山區埔前里,林秀貞,89499430,股份有限公司,,1030612,生產中,24基本金屬製造業、24基本金屬製造業、25金屬製品製造業  ,241鋼鐵、254金屬加工處理  ,11508.csv
億源鐵工廠有限公司,99692879,,新北市土城區裕生里中華路一段七０巷一六號,新北市土城區裕生里,嚴聰欽,33980672,有限公司,,0930804,生產中,29機械設備製造業、25金屬製品製造業、24基本金屬製造業、30汽車及其零件製造業  ,291金屬加工用機械設備、293通用機械設備、259其他金屬製品、241鋼鐵、254金屬加工處理、303汽車零件  ,11508.csv
利茂鐵線廠有限公司,99659038,07810000280377,臺南市安定區中沙里中崙160號,臺南市安定區中沙里,吳權益　　,23216517,有限公司,0780626,0790125,生產中,24基本金屬製造業、18化學材料及肥料製造業  ,241鋼鐵、181化學原材料  ,11508.csv
力群鐵線股份有限公司,99645127,07410007057191,彰化縣花壇鄉長沙村中正東街１０巷８７號,彰化縣花壇鄉長沙村,郭秀霞,22082552,股份有限公司,0741030,0750401,生產中,24基本金屬製造業  ,241鋼鐵  ,11508.csv
加富鋼鐵股份有限公司,99626071,08110003220514,桃園市八德區大湳里和平路七○四巷二號,桃園市八德區大湳里,胡杰金　　　,22787502,股份有限公司,0811214,0821224,生產中,24基本金屬製造業  ,241鋼鐵  ,11508.csv
佳昂工業股份有限公司,66001682,,臺中市大雅區四德里龍善三街16號,臺中市大雅區四德里,張旭嘉,53646438,股份有限公司,,1020226,生產中,24基本金屬製造業、24基本金屬製造業  ,241鋼鐵  ,11508.csv
久峻金屬工業股份有限公司,99657547,08410000655678,臺南市永康區王行里環工路24號,臺南市永康區王行里,陳嘉祐　　　,89648993,股份有限公司,0841207,0850105,生產中,25金屬製品製造業、24基本金屬製造業  ,259其他金屬製品、241鋼鐵  ,11508.csv
久鋒國際企業股份有限公司屏東廠,S1300474,,屏東縣長治鄉榮華村和平二巷26號,屏東縣長治鄉榮華村,吳碧珍,16454554,股份有限公司,,1150829,生產中,24基本金屬製造業  ,241鋼鐵  ,11508.csv
三義鋼鐵股份有限公司,99627724,06510000008092,桃園市龍潭區九龍里中興路九龍段一號及三巷一三號,桃園市龍潭區九龍里,郭清榮　　,44945977,股份有限公司,0650124,0660913,生產中,24基本金屬製造業、25金屬製品製造業、29機械設備製造業  ,241鋼鐵、259其他金屬製品、293通用機械設備、251金屬刀具、手工具及模具  ,11508.csv
三義鋼鐵股份有限公司八里廠,99689341,08810001329899,新北市八里區埤頭里博物館路29號,新北市八里區埤頭里,郭清榮,44945977,股份有限公司,0880921,0900130,生產中,24基本金屬製造業  ,241鋼鐵  ,11508.csv
上冠品有限公司路竹廠,64007863,,高雄市路竹區竹西里中山路88巷36號,高雄市路竹區竹西里,吳祥,27464571,有限公司,,1060626,生產中,24基本金屬製造業  ,241鋼鐵  ,11508.csv
上展金屬工業股份有限公司桃園二廠,99707512,,桃園市龜山區山頂里興邦路３７之１號,桃園市龜山區山頂里,張世穎,22361371,股份有限公司,,0970321,生產中,24基本金屬製造業  ,241鋼鐵  ,11508.csv
上展金屬工業股份有限公司桃園廠,99623379,07610000119681,桃園市桃園區大林里興邦路三九號,桃園市桃園區大林里,張世穎,22361371,股份有限公司,0760408,0760529,生產中,24基本金屬製造業  ,241鋼鐵  ,11508.csv
上霆特殊金屬有限公司,99612782,08610001000354,新北市樹林區東山里東興街六巷二一號,新北市樹林區東山里,宋克強,36281335,有限公司,0860113,0860204,生產中,25金屬製品製造業、24基本金屬製造業  ,259其他金屬製品、241鋼鐵、254金屬加工處理  ,11508.csv
世家機械有限公司,99688741,,桃園市八德區茄苳里華康街２７２號,桃園市八德區茄苳里,黃琦傑,28040691,有限公司,,0941216,生產中,24基本金屬製造業、25金屬製品製造業  ,241鋼鐵、252金屬結構及建築組件  ,11508.csv
丞轟企業股份有限公司土城廠,65010701,,新北市土城區頂埔里大暖路118號(1樓),新北市土城區頂埔里,顏進益,89840506,股份有限公司,,1111014,生產中,24基本金屬製造業、25金屬製品製造業、29機械設備製造業  ,241鋼鐵、242鋁、251金屬刀具、手工具及模具、291金屬加工用機械設備、293通用機械設備  ,11508.csv
世華金屬科技股份有限公司,99662795,08610000806256,高雄市大寮區大寮里華東路５７號,高雄市大寮區大寮里,葉陳英貴,97383600,股份有限公司,0860726,0870114,生產中,24基本金屬製造業  ,241鋼鐵  ,11508.csv
世行機械有限公司,99688739,,桃園市八德區茄苳里華康街２７２號,桃園市八德區茄苳里,許桓瑄,28039836,有限公司,,0941216,生產中,24基本金屬製造業、25金屬製品製造業  ,241鋼鐵、252金屬結構及建築組件  ,11508.csv
世行鋼構有限公司,99688740,,桃園市八德區茄苳里華康街２７２號,桃園市八德區茄苳里,吳建富,28039499,有限公司,,0941216,生產中,24基本金屬製造業、25金屬製品製造業  ,241鋼鐵、252金屬結構及建築組件  ,11508.csv
世裕金屬股份有限公司,99685342,,高雄市林園區西溪里西溪路195號,高雄市林園區西溪里,洪健章,24437453,股份有限公司,,0920821,生產中,24基本金屬製造業  ,241鋼鐵、242鋁、243銅  ,11508.csv
丞祐興業有限公司彰濱廠,07005483,,彰化縣鹿港鎮山崙里經建九路8號,彰化縣鹿港鎮山崙里,黃祥銘,53497325,有限公司,,1130313,生產中,24基本金屬製造業  ,241鋼鐵  ,11508.csv
中聯資源股份有限公司長泰廠,64006115,,高雄市小港區山明里長泰街46號,高雄市小港區山明里,孫繼增,86119908,股份有限公司,,0970901,生產中,22塑膠製品製造業、24基本金屬製造業  ,220塑膠製品、241鋼鐵、242鋁、243銅  ,11508.csv
中鋼機械股份有限公司,64000376,6264014827,高雄市小港區鳳宮里台機路3號,高雄市小港區鳳宮里,黃斌碩,70818455,股份有限公司,0621009,0651201,生產中,29機械設備製造業、25金屬製品製造業、31其他運輸工具及其零件製造業、24基本金屬製造業  ,259其他金屬製品、293通用機械設備、253金屬容器、311船舶及浮動設施、292其他專用機械設備、241鋼鐵  ,11508.csv
中科鋼鐵股份有限公司,99702942,,臺中市大里區仁化里仁美路１５９巷１６號,臺中市大里區仁化里,陸永旭,27280320,股份有限公司,,0940509,生產中,25金屬製品製造業、24基本金屬製造業  ,251金屬刀具、手工具及模具、241鋼鐵、259其他金屬製品  ,11508.csv
中科鋼鐵股份有限公司路竹廠,99662026,08010012156069,高雄市路竹區社西里大仁路７９１號,高雄市路竹區社西里,陸永旭,27280320,股份有限公司,0791231,0800515,生產中,24基本金屬製造業  ,241鋼鐵  ,11508.csv
三民鑄造股份有限公司大社廠,64006217,,高雄市大社區保社里旗楠路１０３巷１５號,高雄市大社區保社里,王同盈,22523039,股份有限公司,,1000412,生產中,24基本金屬製造業  ,241鋼鐵  ,11508.csv
乘群股份有限公司一廠,65002068,,新北市樹林區彭厝里八德街216號1樓,新北市樹林區彭厝里,王錦龍,16070092,股份有限公司,,1020312,生產中,24基本金屬製造業、25金屬製品製造業、29機械設備製造業  ,241鋼鐵、242鋁、243銅、251金屬刀具、手工具及模具、252金屬結構及建築組件、293通用機械設備  ,11508.csv
三和鋁業有限公司,13000112,,屏東縣東港鎮船頭里大順路180號,屏東縣東港鎮船頭里,林秀華,86962379,有限公司,,1010703,生產中,24基本金屬製造業、25金屬製品製造業  ,241鋼鐵、242鋁、243銅、249其他基本金屬、252金屬結構及建築組件  ,11508.csv
三恒金屬股份有限公司,99656749,08110011000828,臺南市佳里區海澄里萊芊寮12之14號,臺南市佳里區海澄里,吳文淑,86422090,股份有限公司,0810123,0811012,生產中,24基本金屬製造業、25金屬製品製造業、29機械設備製造業  ,241鋼鐵、259其他金屬製品、293通用機械設備  ,11508.csv
三恒金屬股份有限公司第二廠,67001521,,臺南市佳里區海澄里萊芉寮12之36號,臺南市佳里區海澄里,吳文淑,86422090,股份有限公司,,1050614,生產中,24基本金屬製造業  ,241鋼鐵  ,11508.csv
三永鐵工廠股份有限公司,99623526,07910000338870,桃園市龍潭區烏樹林里中豐路５６０號,桃園市龍潭區烏樹林里,周秀芳　　　,03013508,股份有限公司,0791210,0800103,生產中,32家具製造業、28電力設備及配備製造業、24基本金屬製造業、25金屬製品製造業、29機械設備製造業、30汽車及其零件製造業  ,320家具、285家用電器、241鋼鐵、252金屬結構及建築組件、253金屬容器、259其他金屬製品、293通用機械設備、292其他專用機械設備、303汽車零件  ,11508.csv
三珈企業股份有限公司萬丹廠,99699617,,屏東縣萬丹鄉社中村萬丹路3段290號,屏東縣萬丹鄉社中村,汪輝,22923598,股份有限公司,,0931101,生產中,24基本金屬製造業、22塑膠製品製造業  ,241鋼鐵、242鋁、243銅、220塑膠製品  ,11508.csv
三能工業社,99666408,,臺東縣臺東市大同里中正路一八二號,臺東縣臺東市大同里,吳瑞玲,93014508,獨資,,0751120,生產中,24基本金屬製造業、29機械設備製造業  ,241鋼鐵、292其他專用機械設備  ,11508.csv
一原金屬工業股份有限公司彰濱二廠,07000713,,彰化縣鹿港鎮海埔里鹿工北一路11號,彰化縣鹿港鎮海埔里,林國村,05255261,股份有限公司,,1020109,生產中,24基本金屬製造業、29機械設備製造業  ,241鋼鐵、293通用機械設備  ,11508.csv
三有建有限公司第一廠,99696650,,新北市新莊區西盛里新樹路三三三巷一六號,新北市新莊區西盛里,陳清松,22586961,有限公司,,0960529,生產中,24基本金屬製造業、29機械設備製造業  ,241鋼鐵、242鋁、243銅、249其他基本金屬、291金屬加工用機械設備  ,11508.csv
三千金屬工業股份有限公司,90C00052,,臺中市梧棲區草湳里經三路7號,臺中市梧棲區草湳里,姚信字,27332045,股份有限公司,,1010117,生產中,25金屬製品製造業、24基本金屬製造業  ,259其他金屬製品、241鋼鐵  ,11508.csv
上城鐵工廠有限公司,99615531,08110001170766,新北市土城區員仁里亞洲路142號,新北市土城區員仁里,藍雅鈴,86667545,有限公司,0810610,0851120,生產中,24基本金屬製造業、25金屬製品製造業、29機械設備製造業  ,241鋼鐵、254金屬加工處理、249其他基本金屬、259其他金屬製品、293通用機械設備  ,11508.csv
一旨股份有限公司,99687190,,桃園市大園區北港里工六路五號,桃園市大園區北港里,施錦,27602173,股份有限公司,,0920917,生產中,24基本金屬製造業、18化學材料及肥料製造業  ,241鋼鐵、181化學原材料  ,11508.csv
上鎧鋼鐵股份有限公司,99685264,07710012096582,高雄市大寮區過溪里莒光二街１６號,高雄市大寮區過溪里,林宗志,22840979,股份有限公司,0791231,0791231,生產中,24基本金屬製造業、25金屬製品製造業  ,241鋼鐵、259其他金屬製品  ,11508.csv
世豐精密金屬股份有限公司,99639996,08210006266933,臺中市太平區宜欣里富宜路７５號,臺中市太平區宜欣里,黃昭多,23959714,有限公司,0821218,0830126,生產中,24基本金屬製造業  ,241鋼鐵  ,11508.csv
七鋼鋼鐵股份有限公司,99601696,07510001374949,新北市新莊區建安里建國二路七０號,新北市新莊區建安里,許義,35050188,股份有限公司,0751215,0751224,生產中,24基本金屬製造業、25金屬製品製造業  ,241鋼鐵、254金屬加工處理  ,11508.csv
七鋼鋼鐵股份有限公司二廠,99601770,07510001284842,新北市新莊區建安里建國二路七０號,新北市新莊區建安里,許義,35050188,股份有限公司,0750919,0800905,生產中,24基本金屬製造業、25金屬製品製造業  ,241鋼鐵、254金屬加工處理  ,11508.csv
三友鋼管工業股份有限公司屏東廠,99699633,,屏東縣里港鄉三廍村三和路119之79號,屏東縣里港鄉三廍村,船曳英行,80521489,股份有限公司,,0940120,生產中,24基本金屬製造業、25金屬製品製造業  ,241鋼鐵、254金屬加工處理  ,11508.csv
中國鋼鐵股份有限公司,64000249,6164131091,高雄市小港區鳳宮里中鋼路１號、高雄市小港區山明里東林路17號、高雄市小港區山明里大業南路３８號、高雄市小港區鳳鳴里沿海三路５６號,高雄市小港區鳳宮里,黃建智,30414175,股份有限公司,0611212,0670717,生產中,24基本金屬製造業、14木竹製品製造業、17石油及煤製品製造業、18化學材料及肥料製造業、19其他化學製品製造業、21橡膠製品製造業、23非金屬礦物製品製造業、25金屬製品製造業、28電力設備及配備製造業、29機械設備製造業、30汽車及其零件製造業、31其他運輸工具及其零件製造業、33其他製造業  ,241鋼鐵、242鋁、243銅、249其他基本金屬、140木竹製品、170石油及煤製品、181化學原材料、199未分類其他化學製品、210橡膠製品、232耐火、黏土建材及其他陶瓷製品、239其他非金屬礦物製品、251金屬刀具、手工具及模具、252金屬結構及建築組件、253金屬容器、254金屬加工處理、281發電、輸電及配電機械、283電線及配線器材、289其他電力設備及配備、291金屬加工用機械設備、292其他專用機械設備、293通用機械設備、301汽車、302車體、303汽車零件、319未分類其他運輸工具及其零件、339未分類其他製品  ,11508.csv
中國鋼鐵股份有限公司第三冷軋廠,64006324,,高雄市小港區店鎮里嘉興街２號,高雄市小港區店鎮里,李三奇,30414175,股份有限公司,,1000712,生產中,24基本金屬製造業、25金屬製品製造業  ,241鋼鐵、254金屬加工處理  ,11508.csv
中德固勞機械工業股份有限公司,99605680,08610001331188,新北市土城區大安里承天路71巷11號,新北市土城區大安里,蔡耀華,97488750,股份有限公司,0860919,0860927,生產中,24基本金屬製造業、25金屬製品製造業、29機械設備製造業  ,241鋼鐵、259其他金屬製品、291金屬加工用機械設備  ,11508.csv
中鴻鋼鐵股份有限公司熱軋廠,99662513,08410000203132,高雄市岡山區嘉興里興隆街576、-1、-2、-3、-5號,高雄市岡山區嘉興里,朱敏,07838854,股份有限公司,0840315,0860917,生產中,24基本金屬製造業  ,241鋼鐵  ,11508.csv
中鴻鋼鐵股份有限公司冷軋廠,99662452,07810012098140,高雄市橋頭區芋寮里芋寮路317號,高雄市橋頭區芋寮里,朱敏,07838854,股份有限公司,0791231,0791231,生產中,24基本金屬製造業  ,241鋼鐵  ,11508.csv
中鴻鋼鐵股份有限公司酸鍍廠,64005385,8564126465,高雄市小港區山明里沿海三路２４號( 廠址內包含門牌20-3號、24號、24-1號建物，以24號為代表號),高雄市小港區山明里,朱敏,07838854,股份有限公司,0850402,0870207,生產中,24基本金屬製造業、18化學材料及肥料製造業  ,181化學原材料、241鋼鐵  ,11508.csv
中鴻鋼鐵股份有限公司鋼管廠,99662529,07610012095409,高雄市大寮區大寮里華中路１８號、興業路３０號,高雄市大寮區大寮里,朱敏,07838854,股份有限公司,0791231,0791231,生產中,24基本金屬製造業  ,241鋼鐵  ,11508.csv
中鴻鋼鐵股份有限公司鋼管廠鹿港分廠,07000977,,彰化縣鹿港鎮海埔里鹿工路42號,彰化縣鹿港鎮海埔里,朱敏,07838854,股份有限公司,,1020930,生產中,24基本金屬製造業  ,241鋼鐵  ,11508.csv
中龍鋼鐵股份有限公司,99635822,08410006280076,臺中市龍井區麗水里龍昌路100號，中南一路一段7、9號,臺中市龍井區麗水里,梁乃文,84613756,股份有限公司,0841109,0870331,生產中,24基本金屬製造業、23非金屬礦物製品製造業、25金屬製品製造業、33其他製造業、17石油及煤製品製造業、18化學材料及肥料製造業  ,241鋼鐵、239其他非金屬礦物製品、249其他基本金屬、170石油及煤製品、259其他金屬製品、339未分類其他製品、181化學原材料  ,11508.csv
主格實業股份有限公司,99663345,08910012800650,高雄市大寮區過溪里濃公路２５６巷３９號,高雄市大寮區過溪里,謝宗憲,85901332,股份有限公司,0890615,0890630,生產中,24基本金屬製造業  ,241鋼鐵  ,11508.csv
久泰精業股份有限公司,99653424,08110000075022,雲林縣斗六市榴中里民有街32、34、36號,雲林縣斗六市榴中里,劉良義,23961964,股份有限公司,0810903,0811003,生產中,25金屬製品製造業、24基本金屬製造業  ,252金屬結構及建築組件、254金屬加工處理、241鋼鐵  ,11508.csv
久發環保工程股份有限公司,99661850,07510012093500,高雄市大寮區潮寮里華東路１５之１號,高雄市大寮區潮寮里,劉晋安,22926912,股份有限公司,0791231,0791231,生產中,24基本金屬製造業、22塑膠製品製造業  ,241鋼鐵、242鋁、243銅、220塑膠製品  ,11508.csv
久發環保工程股份有限公司二廠,99685276,,高雄市大寮區大寮里興業路21號,高雄市大寮區大寮里,劉晋安,22926912,股份有限公司,,0920521,生產中,24基本金屬製造業  ,241鋼鐵、243銅  ,11508.csv
三崙實業股份有限公司,S6500516,,新北市新莊區西盛里環漢路3段527號(1、2樓),新北市新莊區西盛里,黃柏舜,22300473,股份有限公司,,1100930,生產中,24基本金屬製造業、25金屬製品製造業  ,241鋼鐵、242鋁、243銅、252金屬結構及建築組件  ,11508.csv
三嶸企業有限公司,99662758,07410012111608,高雄市大寮區中庄里立德路１８３號,高雄市大寮區中庄里,鄭啟英,85980770,有限公司,0791231,0791231,生產中,24基本金屬製造業、29機械設備製造業、30汽車及其零件製造業  ,241鋼鐵、293通用機械設備、303汽車零件、259其他金屬製品  ,11508.csv
三木工程股份有限公司大發廠,99663309,07710012096542,高雄市大寮區過溪里華中路３０號,高雄市大寮區過溪里,陳世昌,04609111,股份有限公司,0791231,0791231,生產中,24基本金屬製造業、23非金屬礦物製品製造業  ,241鋼鐵、233水泥及其製品  ,11508.csv
三大鋼鐵工業股份有限公司平鎮廠,99621491,08610000807225,桃園市平鎮區湧光里工業十二路１號,桃園市平鎮區湧光里,李俊秋　　　,04934664,股份有限公司,0860815,0870727,生產中,25金屬製品製造業、24基本金屬製造業  ,241鋼鐵、259其他金屬製品  ,11508.csv
三太造機廠股份有限公司嘉義廠,99672942,07510020035165,嘉義市東區後湖里保忠三街２８號,嘉義市東區後湖里,陳泰州,65010305,股份有限公司,0750616,0760615,生產中,29機械設備製造業、25金屬製品製造業、24基本金屬製造業  ,293通用機械設備、259其他金屬製品、241鋼鐵、243銅、249其他基本金屬  ,11508.csv
上允鐵線有限公司,99679808,,彰化縣福興鄉福興村龍舟路１１０巷７５號,彰化縣福興鄉福興村,邱志豪,22281258,有限公司,,0940915,生產中,24基本金屬製造業  ,241鋼鐵  ,11508.csv
上冠品有限公司,99705978,,臺南市安南區四草里北汕尾一路296號1樓,臺南市安南區四草里,吳祥,27464571,有限公司,,0971001,生產中,24基本金屬製造業  ,241鋼鐵  ,11508.csv
上吉炘企業有限公司,99627043,08310003140441,桃園市大園區埔心里五鄰埔心街一二九號,桃園市大園區埔心里,吳建發,80049899,有限公司,0830730,0830908,生產中,24基本金屬製造業  ,241鋼鐵、243銅  ,11508.csv
